frame,host_monotonic_ns,t_s,t_unix_s,n_ref,green_x_m,green_y_m,red_x_m,red_y_m,x_m,y_m,heading_deg,vx_m_s,vy_m_s,u_m_s,v_port_m_s,v_starboard_m_s,r_deg_s,r_rad_s,scale,ref_world_rms_m,ref_range_rms_m,color_spacing_m,motion_reset,homography_state,reference_method,calibration_debug_schema_version,frame_width_px,frame_height_px,ref_tag_size_m,visible_ref_ids,candidate_available,candidate_accepted,candidate_reject_reason,candidate_method,candidate_world_rms_m,candidate_pnp_baseline_error_m,pnp_baseline_tag_a,pnp_baseline_tag_b,pnp_baseline_measured_m,pnp_baseline_expected_m,accepted_calibration_samples,max_ref_world_error_m,max_ref_range_error_m,max_ref_pose_reproj_error_px,geometry_distortion_mode,camera_K_00,camera_K_01,camera_K_02,camera_K_10,camera_K_11,camera_K_12,camera_K_20,camera_K_21,camera_K_22,camera_dist_0,camera_dist_1,camera_dist_2,camera_dist_3,camera_dist_4,geometry_dist_0,geometry_dist_1,geometry_dist_2,geometry_dist_3,geometry_dist_4,ref_101_detected,ref_101_target_x_m,ref_101_target_y_m,ref_101_center_px_x,ref_101_center_px_y,ref_101_pnp_pose_valid,ref_101_pnp_reproj_rms_px,ref_101_pnp_center_px_x,ref_101_pnp_center_px_y,ref_101_corner0_px_x,ref_101_corner0_px_y,ref_101_corner1_px_x,ref_101_corner1_px_y,ref_101_corner2_px_x,ref_101_corner2_px_y,ref_101_corner3_px_x,ref_101_corner3_px_y,ref_101_cam_x_m,ref_101_cam_y_m,ref_101_cam_z_m,ref_101_range_m,ref_101_map_x_m,ref_101_map_y_m,ref_102_detected,ref_102_target_x_m,ref_102_target_y_m,ref_102_center_px_x,ref_102_center_px_y,ref_102_pnp_pose_valid,ref_102_pnp_reproj_rms_px,ref_102_pnp_center_px_x,ref_102_pnp_center_px_y,ref_102_corner0_px_x,ref_102_corner0_px_y,ref_102_corner1_px_x,ref_102_corner1_px_y,ref_102_corner2_px_x,ref_102_corner2_px_y,ref_102_corner3_px_x,ref_102_corner3_px_y,ref_102_cam_x_m,ref_102_cam_y_m,ref_102_cam_z_m,ref_102_range_m,ref_102_map_x_m,ref_102_map_y_m,candidate_H_00,candidate_H_01,candidate_H_02,candidate_H_10,candidate_H_11,candidate_H_12,candidate_H_20,candidate_H_21,candidate_H_22,active_map_H_00,active_map_H_01,active_map_H_02,active_map_H_10,active_map_H_11,active_map_H_12,active_map_H_20,active_map_H_21,active_map_H_22
0,34086090274445,0.2782,1785360855.441,2,,,,,,,,,,,,,,,,,,,0,acquiring:1/30,none,2,1920,1200,0.200000,101;102,1,1,,2-tag corner homography,0.011964,0.521214,101,102,4.781214,4.260000,1,0.050000,0.600000,5.000000,raw-zero-distortion,590.9628888758,0.0000000000,1007.8592059077,0.0000000000,592.3761043005,547.7101609771,0.0000000000,0.0000000000,1.0000000000,-0.0359937509,0.0291287486,0.0062609452,0.0003552766,-0.0208418310,0.0000000000,0.0000000000,0.0000000000,0.0000000000,0.0000000000,1,0.000000,0.000000,72.955,750.900,1,0.695,72.259,751.963,65.330,791.354,8.447,780.290,79.443,716.482,132.000,724.000,-2.873546,0.625834,1.815047,3.455912,-0.001404,0.003130,1,4.260000,0.000000,1773.200,886.876,1,1.316,1772.227,886.838,1843.707,934.811,1760.908,935.763,1704.716,840.318,1784.064,843.665,1.889898,0.836493,1.461154,2.531088,4.262709,-0.000012,0.0115258279,0.0113605697,-9.3772895850,0.0009006780,-0.0113570184,8.4751297642,0.0001716759,0.0041199305,1.0000000000,,,,,,,,,
1,34086603721667,0.7916,1785360855.959,2,,,,,,,,,,,,,,,,,,,0,acquiring:2/30,none,2,1920,1200,0.200000,101;102,1,1,,2-tag corner homography,0.011591,0.499461,101,102,4.759461,4.260000,2,0.050000,0.600000,5.000000,raw-zero-distortion,590.9628888758,0.0000000000,1007.8592059077,0.0000000000,592.3761043005,547.7101609771,0.0000000000,0.0000000000,1.0000000000,-0.0359937509,0.0291287486,0.0062609452,0.0003552766,-0.0208418310,0.0000000000,0.0000000000,0.0000000000,0.0000000000,0.0000000000,1,0.000000,0.000000,73.025,751.102,1,0.768,73.112,751.607,65.238,791.044,8.735,780.276,79.795,716.377,134.627,723.147,-2.845994,0.619317,1.799286,3.423546,-0.002086,0.001444,1,4.260000,0.000000,1773.363,886.856,1,1.505,1772.240,886.784,1843.414,934.544,1760.911,935.548,1704.802,840.183,1784.316,844.028,1.896709,0.839360,1.466396,2.540147,4.262984,-0.000111,0.0118052772,0.0119098065,-9.8163984639,0.0009281372,-0.0116743003,8.7069347655,0.0001546168,0.0042979532,1.0000000000,,,,,,,,,
2,34086806512531,0.9944,1785360856.105,2,,,,,,,,,,,,,,,,,,,0,acquiring:3/30,none,2,1920,1200,0.200000,101;102,1,1,,2-tag corner homography,0.011836,0.498248,101,102,4.758248,4.260000,3,0.050000,0.600000,5.000000,raw-zero-distortion,590.9628888758,0.0000000000,1007.8592059077,0.0000000000,592.3761043005,547.7101609771,0.0000000000,0.0000000000,1.0000000000,-0.0359937509,0.0291287486,0.0062609452,0.0003552766,-0.0208418310,0.0000000000,0.0000000000,0.0000000000,0.0000000000,0.0000000000,1,0.000000,0.000000,73.120,750.888,1,0.872,72.924,751.769,65.461,791.417,8.678,780.222,79.594,716.631,133.976,723.187,-2.851706,0.620928,1.802534,3.430292,-0.002329,0.002535,1,4.260000,0.000000,1773.177,886.368,1,1.286,1772.281,886.508,1843.450,934.521,1760.661,935.413,1705.262,839.829,1784.136,843.423,1.889397,0.835398,1.460664,2.530069,4.262783,0.000331,0.0115243997,0.0115289089,-9.5092125147,0.0008999737,-0.0113584888,8.4736265476,0.0001560587,0.0041557517,1.0000000000,,,,,,,,,
3,34086964996746,1.1529,1785360856.279,2,,,,,,,,,,,,,,,,,,,0,acquiring:4/30,none,2,1920,1200,0.200000,101;102,1,1,,2-tag corner homography,0.011686,0.503601,101,102,4.763601,4.260000,4,0.050000,0.600000,5.000000,raw-zero-distortion,590.9628888758,0.0000000000,1007.8592059077,0.0000000000,592.3761043005,547.7101609771,0.0000000000,0.0000000000,1.0000000000,-0.0359937509,0.0291287486,0.0062609452,0.0003552766,-0.0208418310,0.0000000000,0.0000000000,0.0000000000,0.0000000000,0.0000000000,1,0.000000,0.000000,73.086,750.861,1,0.862,72.995,751.629,65.312,791.196,8.750,779.964,79.706,716.518,134.198,723.217,-2.856268,0.621542,1.805554,3.435784,-0.002305,0.002211,1,4.260000,0.000000,1773.273,886.765,1,1.201,1772.397,886.773,1843.661,934.956,1760.777,935.504,1705.233,840.182,1784.335,843.620,1.889997,0.836191,1.460906,2.530919,4.262563,0.000021,0.0116587247,0.0117162397,-9.6589930604,0.0009145694,-0.0115086413,8.5837892792,0.0001579976,0.0042191270,1.0000000000,,,,,,,,,
4,34087134027743,1.3220,1785360856.409,2,,,,,,,,,,,,,,,,,,,0,acquiring:5/30,none,2,1920,1200,0.200000,101;102,1,1,,2-tag corner homography,0.011571,0.510770,101,102,4.770770,4.260000,5,0.050000,0.600000,5.000000,raw-zero-distortion,590.9628888758,0.0000000000,1007.8592059077,0.0000000000,592.3761043005,547.7101609771,0.0000000000,0.0000000000,1.0000000000,-0.0359937509,0.0291287486,0.0062609452,0.0003552766,-0.0208418310,0.0000000000,0.0000000000,0.0000000000,0.0000000000,0.0000000000,1,0.000000,0.000000,73.348,750.571,1,0.898,73.121,751.496,65.477,791.204,8.629,779.642,79.976,716.353,134.361,723.164,-2.856155,0.621194,1.805726,3.435717,-0.002339,0.002688,1,4.260000,0.000000,1773.367,886.623,1,1.380,1772.381,886.714,1843.349,934.347,1760.786,935.598,1705.383,840.262,1784.384,843.734,1.897554,0.839404,1.466777,2.541013,4.262880,0.000218,0.0114840584,0.0115371520,-9.5114413473,0.0009042702,-0.0113728289,8.4808852308,0.0001484991,0.0041532867,1.0000000000,,,,,,,,,
5,34087249699402,1.4376,1785360856.547,2,,,,,,,,,,,,,,,,,,,0,acquiring:6/30,none,2,1920,1200,0.200000,101;102,1,1,,2-tag corner homography,0.012026,0.504349,101,102,4.764349,4.260000,6,0.050000,0.600000,5.000000,raw-zero-distortion,590.9628888758,0.0000000000,1007.8592059077,0.0000000000,592.3761043005,547.7101609771,0.0000000000,0.0000000000,1.0000000000,-0.0359937509,0.0291287486,0.0062609452,0.0003552766,-0.0208418310,0.0000000000,0.0000000000,0.0000000000,0.0000000000,0.0000000000,1,0.000000,0.000000,73.202,751.006,1,0.774,73.081,751.739,65.636,791.237,9.050,780.316,79.684,716.540,134.001,723.229,-2.853138,0.621253,1.803742,3.432177,-0.002116,0.002150,1,4.260000,0.000000,1773.558,886.712,1,1.428,1772.510,886.696,1843.432,934.539,1761.075,935.556,1705.385,840.050,1784.533,843.770,1.894142,0.837711,1.463895,2.536242,4.262920,-0.000072,0.0117166519,0.0115712976,-9.5566773880,0.0009163311,-0.0115504976,8.6164398657,0.0001583064,0.0042391971,1.0000000000,,,,,,,,,
6,34087405941943,1.5939,1785360856.720,2,,,,,,,,,,,,,,,,,,,0,acquiring:7/30,none,2,1920,1200,0.200000,101;102,1,1,,2-tag corner homography,0.011034,0.481399,101,102,4.741399,4.260000,7,0.050000,0.600000,5.000000,raw-zero-distortion,590.9628888758,0.0000000000,1007.8592059077,0.0000000000,592.3761043005,547.7101609771,0.0000000000,0.0000000000,1.0000000000,-0.0359937509,0.0291287486,0.0062609452,0.0003552766,-0.0208418310,0.0000000000,0.0000000000,0.0000000000,0.0000000000,0.0000000000,1,0.000000,0.000000,73.215,750.658,1,1.349,73.674,751.200,65.463,791.171,8.775,779.539,79.797,716.261,136.449,722.318,-2.830455,0.615075,1.790538,3.405264,-0.003161,0.001485,1,4.260000,0.000000,1773.328,886.633,1,1.374,1772.331,886.673,1843.362,934.576,1760.596,935.433,1705.251,840.030,1784.511,843.771,1.894464,0.837992,1.464485,2.536916,4.262832,0.000074,0.0116063297,0.0118277151,-9.7416083044,0.0009155096,-0.0114898536,8.5641593772,0.0001325198,0.0042498149,1.0000000000,,,,,,,,,
7,34087571869027,1.7598,1785360856.853,2,,,,,,,,,,,,,,,,,,,0,acquiring:8/30,none,2,1920,1200,0.200000,101;102,1,1,,2-tag corner homography,0.011571,0.525192,101,102,4.785192,4.260000,8,0.050000,0.600000,5.000000,raw-zero-distortion,590.9628888758,0.0000000000,1007.8592059077,0.0000000000,592.3761043005,547.7101609771,0.0000000000,0.0000000000,1.0000000000,-0.0359937509,0.0291287486,0.0062609452,0.0003552766,-0.0208418310,0.0000000000,0.0000000000,0.0000000000,0.0000000000,0.0000000000,1,0.000000,0.000000,72.958,750.820,1,0.946,72.909,751.617,65.382,791.266,8.802,779.494,79.380,716.530,134.085,723.499,-2.871719,0.624810,1.815155,3.454265,-0.002443,0.002295,1,4.260000,0.000000,1773.375,886.896,1,1.381,1772.350,886.845,1843.079,934.655,1760.779,935.641,1705.385,840.310,1784.498,843.855,1.895875,0.839021,1.465539,2.538918,4.262804,-0.000091,0.0113283433,0.0113233976,-9.3382710360,0.0008933695,-0.0112355506,8.3800412683,0.0001467031,0.0040791768,1.0000000000,,,,,,,,,
8,34087701210397,1.8891,1785360856.981,2,,,,,,,,,,,,,,,,,,,0,acquiring:9/30,none,2,1920,1200,0.200000,101;102,1,1,,2-tag corner homography,0.011486,0.511112,101,102,4.771112,4.260000,9,0.050000,0.600000,5.000000,raw-zero-distortion,590.9628888758,0.0000000000,1007.8592059077,0.0000000000,592.3761043005,547.7101609771,0.0000000000,0.0000000000,1.0000000000,-0.0359937509,0.0291287486,0.0062609452,0.0003552766,-0.0208418310,0.0000000000,0.0000000000,0.0000000000,0.0000000000,0.0000000000,1,0.000000,0.000000,73.171,750.743,1,0.909,73.111,751.515,65.279,791.231,8.692,779.482,79.879,716.326,134.543,723.389,-2.861178,0.622341,1.808883,3.441759,-0.002360,0.002222,1,4.260000,0.000000,1773.292,886.495,1,1.369,1772.323,886.603,1843.378,934.542,1760.670,935.423,1705.300,839.883,1784.332,843.703,1.892537,0.836975,1.463012,2.534291,4.262883,0.000262,0.0115245713,0.0115961148,-9.5587566842,0.0009068647,-0.0114156797,8.5131052298,0.0001463878,0.0041778229,1.0000000000,,,,,,,,,
9,34087835710974,2.0236,1785360857.128,2,,,,,,,,,,,,,,,,,,,0,acquiring:10/30,none,2,1920,1200,0.200000,101;102,1,1,,2-tag corner homography,0.011876,0.519694,101,102,4.779694,4.260000,10,0.050000,0.600000,5.000000,raw-zero-distortion,590.9628888758,0.0000000000,1007.8592059077,0.0000000000,592.3761043005,547.7101609771,0.0000000000,0.0000000000,1.0000000000,-0.0359937509,0.0291287486,0.0062609452,0.0003552766,-0.0208418310,0.0000000000,0.0000000000,0.0000000000,0.0000000000,0.0000000000,1,0.000000,0.000000,73.120,750.527,1,0.997,72.924,751.500,65.154,791.313,8.734,779.391,79.781,716.424,134.023,723.225,-2.863569,0.622688,1.810032,3.444414,-0.002558,0.002797,1,4.260000,0.000000,1773.468,886.628,1,1.494,1772.396,886.696,1843.352,934.413,1760.977,935.408,1705.313,840.025,1784.365,844.076,1.898903,0.839942,1.467793,2.542784,4.263068,0.000212,0.0115497379,0.0115729443,-9.5409549336,0.0009110223,-0.0114592870,8.5455088853,0.0001470498,0.0041876287,1.0000000000,,,,,,,,,
10,34087965658803,2.1536,1785360857.297,2,,,,,,,,,,,,,,,,,,,0,acquiring:11/30,none,2,1920,1200,0.200000,101;102,1,1,,2-tag corner homography,0.011571,0.507628,101,102,4.767628,4.260000,11,0.050000,0.600000,5.000000,raw-zero-distortion,590.9628888758,0.0000000000,1007.8592059077,0.0000000000,592.3761043005,547.7101609771,0.0000000000,0.0000000000,1.0000000000,-0.0359937509,0.0291287486,0.0062609452,0.0003552766,-0.0208418310,0.0000000000,0.0000000000,0.0000000000,0.0000000000,0.0000000000,1,0.000000,0.000000,72.910,751.228,1,0.844,73.015,751.780,65.330,791.268,8.708,780.195,79.464,716.607,134.519,723.431,-2.855574,0.621864,1.805154,3.435055,-0.002226,0.001573,1,4.260000,0.000000,1773.658,886.803,1,1.667,1772.418,886.738,1843.313,934.455,1761.045,935.660,1705.064,839.879,1784.680,844.109,1.894955,0.838274,1.464698,2.537498,4.263255,-0.000080,0.0116175932,0.0116780355,-9.6292102218,0.0009124972,-0.0114984296,8.5779869904,0.0001499717,0.0042149339,1.0000000000,,,,,,,,,
11,34088148245583,2.3362,1785360857.458,2,,,,,,,,,,,,,,,,,,,0,acquiring:12/30,none,2,1920,1200,0.200000,101;102,1,1,,2-tag corner homography,0.011658,0.501597,101,102,4.761597,4.260000,12,0.050000,0.600000,5.000000,raw-zero-distortion,590.9628888758,0.0000000000,1007.8592059077,0.0000000000,592.3761043005,547.7101609771,0.0000000000,0.0000000000,1.0000000000,-0.0359937509,0.0291287486,0.0062609452,0.0003552766,-0.0208418310,0.0000000000,0.0000000000,0.0000000000,0.0000000000,0.0000000000,1,0.000000,0.000000,73.260,750.429,1,1.098,73.169,751.383,65.490,791.265,8.696,779.515,79.734,716.403,134.697,722.752,-2.850456,0.619644,1.802216,3.428855,-0.002802,0.002724,1,4.260000,0.000000,1773.538,886.766,1,1.412,1772.488,886.697,1843.432,934.546,1761.199,935.547,1705.295,840.115,1784.425,843.723,1.894098,0.837717,1.463901,2.536214,4.262844,-0.000126,0.0115108344,0.0115697025,-9.5371352946,0.0009063090,-0.0113901418,8.4923855795,0.0001434886,0.0041770142,1.0000000000,,,,,,,,,
12,34088324798365,2.5127,1785360857.633,2,,,,,,,,,,,,,,,,,,,0,acquiring:13/30,none,2,1920,1200,0.200000,101;102,1,1,,2-tag corner homography,0.011586,0.523464,101,102,4.783464,4.260000,13,0.050000,0.600000,5.000000,raw-zero-distortion,590.9628888758,0.0000000000,1007.8592059077,0.0000000000,592.3761043005,547.7101609771,0.0000000000,0.0000000000,1.0000000000,-0.0359937509,0.0291287486,0.0062609452,0.0003552766,-0.0208418310,0.0000000000,0.0000000000,0.0000000000,0.0000000000,0.0000000000,1,0.000000,0.000000,73.239,750.635,1,0.993,73.117,751.537,65.468,791.237,9.108,779.332,79.768,716.519,134.146,723.381,-2.871994,0.624763,1.815733,3.454789,-0.002543,0.002603,1,4.260000,0.000000,1773.387,886.603,1,1.285,1772.460,886.659,1843.564,934.577,1760.704,935.462,1705.402,840.128,1784.555,843.578,1.893752,0.837500,1.463688,2.535762,4.262710,0.000137,0.0114787159,0.0114780375,-9.4669669805,0.0009028490,-0.0113630343,8.4740746313,0.0001564949,0.0041330004,1.0000000000,,,,,,,,,
13,34088493254091,2.6812,1785360857.794,2,,,,,,,,,,,,,,,,,,,0,acquiring:14/30,none,2,1920,1200,0.200000,101;102,1,1,,2-tag corner homography,0.011644,0.505868,101,102,4.765868,4.260000,14,0.050000,0.600000,5.000000,raw-zero-distortion,590.9628888758,0.0000000000,1007.8592059077,0.0000000000,592.3761043005,547.7101609771,0.0000000000,0.0000000000,1.0000000000,-0.0359937509,0.0291287486,0.0062609452,0.0003552766,-0.0208418310,0.0000000000,0.0000000000,0.0000000000,0.0000000000,0.0000000000,1,0.000000,0.000000,73.042,751.030,1,0.684,72.907,751.700,65.284,791.142,8.368,780.197,79.740,716.402,134.194,723.452,-2.853518,0.621102,1.803646,3.432415,-0.001908,0.001957,1,4.260000,0.000000,1773.132,886.628,1,1.309,1772.204,886.723,1843.196,934.551,1760.657,935.503,1705.265,840.207,1784.077,843.749,1.895353,0.838649,1.465416,2.538333,4.262786,0.000222,0.0115756477,0.0116550826,-9.6067667851,0.0009097478,-0.0114581258,8.5470944286,0.0001487013,0.0041977376,1.0000000000,,,,,,,,,
14,34088680849413,2.8688,1785360857.964,2,,,,,,,,,,,,,,,,,,,0,acquiring:15/30,none,2,1920,1200,0.200000,101;102,1,1,,2-tag corner homography,0.011461,0.509923,101,102,4.769923,4.260000,15,0.050000,0.600000,5.000000,raw-zero-distortion,590.9628888758,0.0000000000,1007.8592059077,0.0000000000,592.3761043005,547.7101609771,0.0000000000,0.0000000000,1.0000000000,-0.0359937509,0.0291287486,0.0062609452,0.0003552766,-0.0208418310,0.0000000000,0.0000000000,0.0000000000,0.0000000000,0.0000000000,1,0.000000,0.000000,72.985,750.790,1,1.086,73.112,751.504,65.169,791.209,8.731,779.579,79.606,716.552,134.859,723.068,-2.856969,0.621391,1.806225,3.436692,-0.002734,0.002037,1,4.260000,0.000000,1773.374,886.761,1,1.351,1772.390,886.787,1843.353,934.577,1760.740,935.612,1705.351,840.283,1784.491,843.772,1.895791,0.838797,1.465398,2.538700,4.262795,0.000054,0.0115822032,0.0116990586,-9.6402572628,0.0009127355,-0.0114746271,8.5569074219,0.0001485435,0.0042030509,1.0000000000,,,,,,,,,
15,34088803445533,2.9914,1785360858.071,2,,,,,,,,,,,,,,,,,,,0,acquiring:16/30,none,2,1920,1200,0.200000,101;102,1,1,,2-tag corner homography,0.011858,0.498285,101,102,4.758285,4.260000,16,0.050000,0.600000,5.000000,raw-zero-distortion,590.9628888758,0.0000000000,1007.8592059077,0.0000000000,592.3761043005,547.7101609771,0.0000000000,0.0000000000,1.0000000000,-0.0359937509,0.0291287486,0.0062609452,0.0003552766,-0.0208418310,0.0000000000,0.0000000000,0.0000000000,0.0000000000,0.0000000000,1,0.000000,0.000000,73.062,750.874,1,0.840,72.960,751.634,65.213,791.267,8.742,780.135,79.754,716.438,134.127,723.095,-2.848340,0.619810,1.800476,3.426210,-0.002282,0.002172,1,4.260000,0.000000,1773.287,886.480,1,1.236,1772.423,886.614,1843.567,934.653,1760.664,935.326,1705.482,840.002,1784.367,843.608,1.892999,0.837096,1.463177,2.534770,4.262701,0.000308,0.0116511234,0.0117376504,-9.6742991074,0.0009125849,-0.0114975862,8.5756443491,0.0001564418,0.0042199759,1.0000000000,,,,,,,,,
16,34088917220561,3.1051,1785360858.217,2,,,,,,,,,,,,,,,,,,,0,acquiring:17/30,none,2,1920,1200,0.200000,101;102,1,1,,2-tag corner homography,0.011476,0.501914,101,102,4.761914,4.260000,17,0.050000,0.600000,5.000000,raw-zero-distortion,590.9628888758,0.0000000000,1007.8592059077,0.0000000000,592.3761043005,547.7101609771,0.0000000000,0.0000000000,1.0000000000,-0.0359937509,0.0291287486,0.0062609452,0.0003552766,-0.0208418310,0.0000000000,0.0000000000,0.0000000000,0.0000000000,0.0000000000,1,0.000000,0.000000,73.300,750.512,1,1.193,73.393,751.348,65.444,791.341,9.110,779.310,79.875,716.342,135.086,722.793,-2.851013,0.619806,1.803000,3.429758,-0.002969,0.002362,1,4.260000,0.000000,1773.254,886.546,1,1.303,1772.325,886.631,1843.451,934.556,1760.685,935.399,1705.274,840.053,1784.290,843.648,1.893823,0.837610,1.464003,2.536032,4.262758,0.000203,0.0114808299,0.0115332531,-9.5096586421,0.0009037332,-0.0113578809,8.4677384615,0.0001442274,0.0041598346,1.0000000000,,,,,,,,,
17,34089081428538,3.2694,1785360858.373,2,,,,,,,,,,,,,,,,,,,0,acquiring:18/30,none,2,1920,1200,0.200000,101;102,1,1,,2-tag corner homography,0.011489,0.488630,101,102,4.748630,4.260000,18,0.050000,0.600000,5.000000,raw-zero-distortion,590.9628888758,0.0000000000,1007.8592059077,0.0000000000,592.3761043005,547.7101609771,0.0000000000,0.0000000000,1.0000000000,-0.0359937509,0.0291287486,0.0062609452,0.0003552766,-0.0208418310,0.0000000000,0.0000000000,0.0000000000,0.0000000000,0.0000000000,1,0.000000,0.000000,73.369,750.824,1,0.942,73.363,751.573,65.799,791.344,8.717,780.147,79.801,716.391,135.064,722.842,-2.837916,0.617620,1.794660,3.414092,-0.002475,0.002138,1,4.260000,0.000000,1773.334,886.567,1,1.388,1772.347,886.664,1843.256,934.502,1760.705,935.516,1705.406,839.999,1784.381,843.750,1.894080,0.837783,1.464158,2.536371,4.262911,0.000234,0.0113941631,0.0114501887,-9.4432135571,0.0008941181,-0.0112535800,8.3926358495,0.0001402204,0.0041252747,1.0000000000,,,,,,,,,
18,34089214330928,3.4023,1785360858.489,2,,,,,,,,,,,,,,,,,,,0,acquiring:19/30,none,2,1920,1200,0.200000,101;102,1,1,,2-tag corner homography,0.011601,0.508468,101,102,4.768468,4.260000,19,0.050000,0.600000,5.000000,raw-zero-distortion,590.9628888758,0.0000000000,1007.8592059077,0.0000000000,592.3761043005,547.7101609771,0.0000000000,0.0000000000,1.0000000000,-0.0359937509,0.0291287486,0.0062609452,0.0003552766,-0.0208418310,0.0000000000,0.0000000000,0.0000000000,0.0000000000,0.0000000000,1,0.000000,0.000000,73.119,751.025,1,0.817,72.939,751.847,65.449,791.437,8.578,780.251,79.643,716.656,134.080,723.421,-2.854353,0.621751,1.804236,3.433537,-0.002193,0.002380,1,4.260000,0.000000,1773.397,886.744,1,1.255,1772.482,886.766,1843.595,934.709,1760.767,935.369,1705.426,840.301,1784.552,843.800,1.897148,0.839244,1.466270,2.540364,4.262647,0.000063,0.0115209262,0.0115378626,-9.5167014276,0.0009039947,-0.0113954590,8.5020267077,0.0001520287,0.0041624954,1.0000000000,,,,,,,,,
19,34089329937277,3.5179,1785360858.622,2,,,,,,,,,,,,,,,,,,,0,acquiring:20/30,none,2,1920,1200,0.200000,101;102,1,1,,2-tag corner homography,0.011614,0.495786,101,102,4.755786,4.260000,20,0.050000,0.600000,5.000000,raw-zero-distortion,590.9628888758,0.0000000000,1007.8592059077,0.0000000000,592.3761043005,547.7101609771,0.0000000000,0.0000000000,1.0000000000,-0.0359937509,0.0291287486,0.0062609452,0.0003552766,-0.0208418310,0.0000000000,0.0000000000,0.0000000000,0.0000000000,0.0000000000,1,0.000000,0.000000,73.471,750.752,1,0.770,73.112,751.684,65.432,791.450,8.558,780.092,80.279,716.279,134.163,723.320,-2.845109,0.619359,1.798726,3.422524,-0.002018,0.002718,1,4.260000,0.000000,1773.263,886.475,1,1.259,1772.367,886.565,1843.534,934.487,1760.675,935.339,1705.324,840.057,1784.333,843.502,1.893865,0.837420,1.463954,2.535973,4.262695,0.000210,0.0115039807,0.0115260691,-9.5067615445,0.0009004222,-0.0113519133,8.4675447985,0.0001518046,0.0041548470,1.0000000000,,,,,,,,,
20,34089486067887,3.6740,1785360858.816,2,,,,,,,,,,,,,,,,,,,0,acquiring:21/30,none,2,1920,1200,0.200000,101;102,1,1,,2-tag corner homography,0.011887,0.501471,101,102,4.761471,4.260000,21,0.050000,0.600000,5.000000,raw-zero-distortion,590.9628888758,0.0000000000,1007.8592059077,0.0000000000,592.3761043005,547.7101609771,0.0000000000,0.0000000000,1.0000000000,-0.0359937509,0.0291287486,0.0062609452,0.0003552766,-0.0208418310,0.0000000000,0.0000000000,0.0000000000,0.0000000000,0.0000000000,1,0.000000,0.000000,73.034,751.024,1,0.803,72.937,751.749,65.158,791.254,8.679,780.255,79.773,716.604,134.118,723.279,-2.852100,0.620962,1.802808,3.430771,-0.002195,0.002101,1,4.260000,0.000000,1773.237,886.356,1,1.283,1772.347,886.512,1843.440,934.402,1760.679,935.398,1705.410,839.936,1784.227,843.434,1.892316,0.836626,1.462796,2.533885,4.262785,0.000348,0.0116586673,0.0117350871,-9.6739879203,0.0009115500,-0.0115040067,8.5819921452,0.0001598858,0.0042160540,1.0000000000,,,,,,,,,
21,34089705916620,3.8938,1785360859.036,2,,,,,,,,,,,,,,,,,,,0,acquiring:22/30,none,2,1920,1200,0.200000,101;102,1,1,,2-tag corner homography,0.011738,0.507995,101,102,4.767995,4.260000,22,0.050000,0.600000,5.000000,raw-zero-distortion,590.9628888758,0.0000000000,1007.8592059077,0.0000000000,592.3761043005,547.7101609771,0.0000000000,0.0000000000,1.0000000000,-0.0359937509,0.0291287486,0.0062609452,0.0003552766,-0.0208418310,0.0000000000,0.0000000000,0.0000000000,0.0000000000,0.0000000000,1,0.000000,0.000000,73.493,750.446,1,0.892,73.158,751.455,65.273,791.345,8.733,779.435,80.385,716.156,134.222,723.262,-2.854655,0.620768,1.804850,3.433932,-0.002281,0.002926,1,4.260000,0.000000,1773.263,886.583,1,1.373,1772.296,886.704,1843.367,934.452,1760.823,935.523,1705.267,840.154,1784.133,843.819,1.896275,0.838908,1.465953,2.539418,4.262898,0.000303,0.0115200288,0.0115514814,-9.5248575484,0.0009071592,-0.0114045978,8.5039902536,0.0001472250,0.0041722681,1.0000000000,,,,,,,,,
22,34089906259112,4.0942,1785360859.218,2,,,,,,,,,,,,,,,,,,,0,acquiring:23/30,none,2,1920,1200,0.200000,101;102,1,1,,2-tag corner homography,0.011708,0.503796,101,102,4.763796,4.260000,23,0.050000,0.600000,5.000000,raw-zero-distortion,590.9628888758,0.0000000000,1007.8592059077,0.0000000000,592.3761043005,547.7101609771,0.0000000000,0.0000000000,1.0000000000,-0.0359937509,0.0291287486,0.0062609452,0.0003552766,-0.0208418310,0.0000000000,0.0000000000,0.0000000000,0.0000000000,0.0000000000,1,0.000000,0.000000,73.229,750.813,1,0.848,72.997,751.706,65.485,791.400,8.766,780.069,79.778,716.488,133.980,723.242,-2.852761,0.621015,1.803341,3.431610,-0.002254,0.002581,1,4.260000,0.000000,1773.231,886.559,1,1.322,1772.267,886.577,1843.285,934.479,1760.572,935.348,1705.206,840.026,1784.387,843.566,1.894012,0.837626,1.464260,2.536327,4.262759,0.000060,0.0114846729,0.0114810315,-9.4704051504,0.0008991209,-0.0113361865,8.4561450110,0.0001548624,0.0041384156,1.0000000000,,,,,,,,,
23,34090074361603,4.2623,1785360859.382,2,,,,,,,,,,,,,,,,,,,0,acquiring:24/30,none,2,1920,1200,0.200000,101;102,1,1,,2-tag corner homography,0.011648,0.499773,101,102,4.759773,4.260000,24,0.050000,0.600000,5.000000,raw-zero-distortion,590.9628888758,0.0000000000,1007.8592059077,0.0000000000,592.3761043005,547.7101609771,0.0000000000,0.0000000000,1.0000000000,-0.0359937509,0.0291287486,0.0062609452,0.0003552766,-0.0208418310,0.0000000000,0.0000000000,0.0000000000,0.0000000000,0.0000000000,1,0.000000,0.000000,73.174,751.086,1,0.719,73.115,751.710,65.424,791.269,8.692,780.361,79.874,716.350,134.444,723.269,-2.844015,0.619201,1.798040,3.421225,-0.002029,0.001742,1,4.260000,0.000000,1773.312,886.570,1,1.342,1772.350,886.653,1843.273,934.353,1760.589,935.375,1705.433,840.208,1784.476,843.746,1.899171,0.840003,1.468087,2.543174,4.262821,0.000245,0.0115658009,0.0118120157,-9.7266034853,0.0009086320,-0.0114466526,8.5381892277,0.0001497491,0.0041966969,1.0000000000,,,,,,,,,
24,34090232554292,4.4205,1785360859.515,2,,,,,,,,,,,,,,,,,,,0,acquiring:25/30,none,2,1920,1200,0.200000,101;102,1,1,,2-tag corner homography,0.011697,0.523202,101,102,4.783202,4.260000,25,0.050000,0.600000,5.000000,raw-zero-distortion,590.9628888758,0.0000000000,1007.8592059077,0.0000000000,592.3761043005,547.7101609771,0.0000000000,0.0000000000,1.0000000000,-0.0359937509,0.0291287486,0.0062609452,0.0003552766,-0.0208418310,0.0000000000,0.0000000000,0.0000000000,0.0000000000,0.0000000000,1,0.000000,0.000000,73.306,750.639,1,1.007,73.222,751.518,65.701,791.211,9.206,779.474,79.702,716.521,134.306,723.198,-2.866979,0.623685,1.812767,3.448866,-0.002593,0.002523,1,4.260000,0.000000,1773.680,886.922,1,1.483,1772.563,886.813,1843.385,934.631,1761.003,935.457,1705.396,840.185,1784.869,844.086,1.898832,0.840017,1.467418,2.542540,4.262928,-0.000194,0.0114455918,0.0114263043,-9.4267143942,0.0009029056,-0.0113484181,8.4627433830,0.0001500096,0.0041289762,1.0000000000,,,,,,,,,
25,34090355479423,4.5434,1785360859.651,2,,,,,,,,,,,,,,,,,,,0,acquiring:26/30,none,2,1920,1200,0.200000,101;102,1,1,,2-tag corner homography,0.011648,0.511189,101,102,4.771189,4.260000,26,0.050000,0.600000,5.000000,raw-zero-distortion,590.9628888758,0.0000000000,1007.8592059077,0.0000000000,592.3761043005,547.7101609771,0.0000000000,0.0000000000,1.0000000000,-0.0359937509,0.0291287486,0.0062609452,0.0003552766,-0.0208418310,0.0000000000,0.0000000000,0.0000000000,0.0000000000,0.0000000000,1,0.000000,0.000000,73.166,750.635,1,1.019,73.023,751.576,65.328,791.351,8.795,779.506,79.726,716.558,134.228,723.247,-2.863512,0.622977,1.810188,3.444501,-0.002610,0.002709,1,4.260000,0.000000,1773.268,886.458,1,1.399,1772.275,886.562,1843.419,934.501,1760.626,935.502,1705.140,839.799,1784.317,843.597,1.890136,0.835863,1.461246,2.531111,4.262929,0.000258,0.0115579000,0.0115895479,-9.5559855997,0.0009067956,-0.0114236332,8.5198617931,0.0001542789,0.0041768022,1.0000000000,,,,,,,,,
26,34090538648512,4.7266,1785360859.842,2,,,,,,,,,,,,,,,,,,,0,acquiring:27/30,none,2,1920,1200,0.200000,101;102,1,1,,2-tag corner homography,0.011683,0.509129,101,102,4.769129,4.260000,27,0.050000,0.600000,5.000000,raw-zero-distortion,590.9628888758,0.0000000000,1007.8592059077,0.0000000000,592.3761043005,547.7101609771,0.0000000000,0.0000000000,1.0000000000,-0.0359937509,0.0291287486,0.0062609452,0.0003552766,-0.0208418310,0.0000000000,0.0000000000,0.0000000000,0.0000000000,0.0000000000,1,0.000000,0.000000,73.216,750.971,1,0.900,73.181,751.714,65.491,791.378,9.231,779.947,79.798,716.548,134.241,723.336,-2.858079,0.622318,1.807059,3.438220,-0.002379,0.002129,1,4.260000,0.000000,1773.230,886.538,1,1.237,1772.351,886.633,1843.453,934.547,1760.578,935.424,1705.382,840.154,1784.366,843.511,1.893818,0.837585,1.463947,2.535988,4.262664,0.000224,0.0114547522,0.0114465311,-9.4444529340,0.0008973393,-0.0113089312,8.4357169108,0.0001577288,0.0041175704,1.0000000000,,,,,,,,,
27,34090681224363,4.8691,1785360859.960,2,,,,,,,,,,,,,,,,,,,0,acquiring:28/30,none,2,1920,1200,0.200000,101;102,1,1,,2-tag corner homography,0.011700,0.502932,101,102,4.762932,4.260000,28,0.050000,0.600000,5.000000,raw-zero-distortion,590.9628888758,0.0000000000,1007.8592059077,0.0000000000,592.3761043005,547.7101609771,0.0000000000,0.0000000000,1.0000000000,-0.0359937509,0.0291287486,0.0062609452,0.0003552766,-0.0208418310,0.0000000000,0.0000000000,0.0000000000,0.0000000000,0.0000000000,1,0.000000,0.000000,73.052,751.039,1,0.795,72.945,751.768,65.161,791.396,8.702,780.163,79.807,716.492,134.106,723.407,-2.852019,0.621007,1.802773,3.430693,-0.002157,0.002105,1,4.260000,0.000000,1773.319,886.615,1,1.339,1772.354,886.673,1843.436,934.582,1760.681,935.462,1705.278,840.068,1784.420,843.708,1.893905,0.837720,1.464009,2.536133,4.262812,0.000155,0.0115605160,0.0115982011,-9.5641675302,0.0009055117,-0.0114148435,8.5155749366,0.0001556974,0.0041750993,1.0000000000,,,,,,,,,
28,34090808449995,4.9964,1785360860.139,2,,,,,,,,,,,,,,,,,,,0,acquiring:29/30,none,2,1920,1200,0.200000,101;102,1,1,,2-tag corner homography,0.011820,0.520858,101,102,4.780858,4.260000,29,0.050000,0.600000,5.000000,raw-zero-distortion,590.9628888758,0.0000000000,1007.8592059077,0.0000000000,592.3761043005,547.7101609771,0.0000000000,0.0000000000,1.0000000000,-0.0359937509,0.0291287486,0.0062609452,0.0003552766,-0.0208418310,0.0000000000,0.0000000000,0.0000000000,0.0000000000,0.0000000000,1,0.000000,0.000000,73.123,750.704,1,0.922,72.930,751.618,65.355,791.261,8.821,779.654,79.663,716.559,133.901,723.340,-2.866203,0.623628,1.811710,3.447655,-0.002409,0.002639,1,4.260000,0.000000,1773.503,886.676,1,1.518,1772.399,886.713,1843.284,934.487,1760.718,935.459,1705.320,839.960,1784.673,844.058,1.897300,0.839271,1.466547,2.540646,4.263086,0.000128,0.0115743237,0.0115947718,-9.5605949237,0.0009108308,-0.0114661498,8.5520406318,0.0001540220,0.0041851390,1.0000000000,,,,,,,,,
29,34090985147301,5.1731,1785360860.332,2,1.9921,0.9212,1.8033,0.7910,1.8977,0.8561,124.59,,,,,,,,1.0000,0.0036,0.5051,0.2293,0,frozen,2-tag corner homography,2,1920,1200,0.200000,101;102,1,1,,2-tag corner homography,0.011743,0.505149,101,102,4.765149,4.260000,30,0.050000,0.600000,5.000000,raw-zero-distortion,590.9628888758,0.0000000000,1007.8592059077,0.0000000000,592.3761043005,547.7101609771,0.0000000000,0.0000000000,1.0000000000,-0.0359937509,0.0291287486,0.0062609452,0.0003552766,-0.0208418310,0.0000000000,0.0000000000,0.0000000000,0.0000000000,0.0000000000,1,0.000000,0.000000,73.295,750.924,1,0.814,73.065,751.788,65.582,791.433,8.833,780.122,79.841,716.546,134.027,723.416,-2.855435,0.621891,1.805163,3.434949,-0.001384,0.001727,1,4.260000,0.000000,1773.203,886.474,1,1.202,1772.363,886.603,1843.496,934.659,1760.604,935.316,1705.452,840.031,1784.279,843.538,1.892541,0.836933,1.462937,2.534237,4.255353,0.000328,0.0114519977,0.0114277889,-9.4296895294,0.0008963183,-0.0113057194,8.4343279734,0.0001534835,0.0041243418,1.0000000000,0.0115251996,0.0115705001,-9.5390451141,0.0009065523,-0.0114097207,8.5085477417,0.0001519167,0.0041759508,1.0000000000
30,34091185617432,5.3735,1785360860.492,2,1.9913,0.9208,1.8041,0.7908,1.8977,0.8558,124.79,,,,,,,,1.0000,0.0036,0.5051,0.2279,0,frozen,2-tag corner homography,2,1920,1200,0.200000,101;102,1,1,,2-tag corner homography,0.011605,0.495436,101,102,4.755436,4.260000,30,0.050000,0.600000,5.000000,raw-zero-distortion,590.9628888758,0.0000000000,1007.8592059077,0.0000000000,592.3761043005,547.7101609771,0.0000000000,0.0000000000,1.0000000000,-0.0359937509,0.0291287486,0.0062609452,0.0003552766,-0.0208418310,0.0000000000,0.0000000000,0.0000000000,0.0000000000,0.0000000000,1,0.000000,0.000000,72.928,751.090,1,0.979,73.078,751.695,65.293,791.230,8.498,780.375,79.465,716.720,134.948,722.900,-2.841787,0.618645,1.796559,3.418494,-0.001942,0.001190,1,4.260000,0.000000,1773.264,886.545,1,1.295,1772.358,886.686,1843.341,934.412,1760.639,935.502,1705.488,840.249,1784.323,843.661,1.897050,0.839139,1.466433,2.540350,4.255396,0.000175,0.0117332195,0.0120022741,-9.8812526841,0.0009216444,-0.0116100782,8.6601368076,0.0001493042,0.0042798115,1.0000000000,0.0115251996,0.0115705001,-9.5390451141,0.0009065523,-0.0114097207,8.5085477417,0.0001519167,0.0041759508,1.0000000000
31,34091336424083,5.5243,1785360860.651,2,1.9931,0.9215,1.8034,0.7909,1.8982,0.8562,124.53,,,,,,,,1.0000,0.0039,0.5051,0.2304,0,frozen,2-tag corner homography,2,1920,1200,0.200000,101;102,1,1,,2-tag corner homography,0.011487,0.521048,101,102,4.781048,4.260000,30,0.050000,0.600000,5.000000,raw-zero-distortion,590.9628888758,0.0000000000,1007.8592059077,0.0000000000,592.3761043005,547.7101609771,0.0000000000,0.0000000000,1.0000000000,-0.0359937509,0.0291287486,0.0062609452,0.0003552766,-0.0208418310,0.0000000000,0.0000000000,0.0000000000,0.0000000000,0.0000000000,1,0.000000,0.000000,73.307,750.662,1,1.057,73.301,751.505,65.825,791.167,9.099,779.504,79.600,716.595,134.663,723.101,-2.865041,0.623276,1.811694,3.446617,-0.002082,0.002452,1,4.260000,0.000000,1773.391,886.688,1,1.354,1772.421,886.771,1843.343,934.450,1760.684,935.560,1705.486,840.322,1784.537,843.821,1.898679,0.840001,1.467571,2.542508,4.255497,-0.000129,0.0114033612,0.0114189980,-9.4188087522,0.0008995103,-0.0113081070,8.4325515668,0.0001477276,0.0041137892,1.0000000000,0.0115251996,0.0115705001,-9.5390451141,0.0009065523,-0.0114097207,8.5085477417,0.0001519167,0.0041759508,1.0000000000
32,34091525575493,5.7135,1785360860.830,2,1.9913,0.9211,1.8033,0.7912,1.8973,0.8562,124.65,-0.0014,0.0011,0.0017,0.0005,-0.0005,-0.38,-0.006606,1.0000,0.0041,0.5051,0.2286,0,frozen,2-tag corner homography,2,1920,1200,0.200000,101;102,1,1,,2-tag corner homography,0.011598,0.518918,101,102,4.778918,4.260000,30,0.050000,0.600000,5.000000,raw-zero-distortion,590.9628888758,0.0000000000,1007.8592059077,0.0000000000,592.3761043005,547.7101609771,0.0000000000,0.0000000000,1.0000000000,-0.0359937509,0.0291287486,0.0062609452,0.0003552766,-0.0208418310,0.0000000000,0.0000000000,0.0000000000,0.0000000000,0.0000000000,1,0.000000,0.000000,73.136,750.567,1,1.123,72.960,751.630,65.537,791.413,8.667,779.449,79.422,716.786,134.194,723.214,-2.868921,0.624275,1.813485,3.450965,-0.002821,0.002674,1,4.260000,0.000000,1773.396,886.467,1,1.405,1772.397,886.572,1843.473,934.464,1760.663,935.459,1705.319,839.840,1784.523,843.655,1.892370,0.836744,1.462741,2.533933,4.255783,0.000379,0.0114812339,0.0115051288,-9.4867307685,0.0009019481,-0.0113676199,8.4787978098,0.0001508105,0.0041466343,1.0000000000,0.0115251996,0.0115705001,-9.5390451141,0.0009065523,-0.0114097207,8.5085477417,0.0001519167,0.0041759508,1.0000000000
33,34091687911235,5.8758,1785360860.995,2,1.9920,0.9210,1.8040,0.7910,1.8980,0.8560,124.69,,,,,,,,1.0000,0.0036,0.5051,0.2286,0,frozen,2-tag corner homography,2,1920,1200,0.200000,101;102,1,1,,2-tag corner homography,0.011431,0.510559,101,102,4.770559,4.260000,30,0.050000,0.600000,5.000000,raw-zero-distortion,590.9628888758,0.0000000000,1007.8592059077,0.0000000000,592.3761043005,547.7101609771,0.0000000000,0.0000000000,1.0000000000,-0.0359937509,0.0291287486,0.0062609452,0.0003552766,-0.0208418310,0.0000000000,0.0000000000,0.0000000000,0.0000000000,0.0000000000,1,0.000000,0.000000,73.142,750.877,1,0.976,73.168,751.620,65.535,791.268,8.773,779.763,79.603,716.573,134.707,723.250,-2.858750,0.622168,1.807457,3.438960,-0.001940,0.001823,1,4.260000,0.000000,1773.349,886.540,1,1.430,1772.304,886.551,1843.332,934.376,1760.764,935.365,1705.137,839.913,1784.395,843.681,1.894588,0.837773,1.464632,2.537021,4.255589,0.000204,0.0115452527,0.0116116065,-9.5737859259,0.0009075604,-0.0114370450,8.5302481271,0.0001470304,0.0041859474,1.0000000000,0.0115251996,0.0115705001,-9.5390451141,0.0009065523,-0.0114097207,8.5085477417,0.0001519167,0.0041759508,1.0000000000
34,34091850632546,6.0386,1785360861.179,2,1.9903,0.9212,1.8032,0.7910,1.8968,0.8561,124.83,-0.0016,-0.0002,0.0008,0.0014,-0.0014,0.52,0.009078,1.0000,0.0035,0.5051,0.2279,0,frozen,2-tag corner homography,2,1920,1200,0.200000,101;102,1,1,,2-tag corner homography,0.011653,0.499540,101,102,4.759540,4.260000,30,0.050000,0.600000,5.000000,raw-zero-distortion,590.9628888758,0.0000000000,1007.8592059077,0.0000000000,592.3761043005,547.7101609771,0.0000000000,0.0000000000,1.0000000000,-0.0359937509,0.0291287486,0.0062609452,0.0003552766,-0.0208418310,0.0000000000,0.0000000000,0.0000000000,0.0000000000,0.0000000000,1,0.000000,0.000000,73.121,751.047,1,0.775,73.060,751.717,65.408,791.254,8.783,780.248,79.753,716.470,134.288,723.285,-2.850341,0.620562,1.801933,3.428776,-0.001526,0.001351,1,4.260000,0.000000,1773.400,886.746,1,1.330,1772.439,886.789,1843.595,934.787,1760.801,935.599,1705.290,840.131,1784.479,843.786,1.892136,0.837130,1.462479,2.533734,4.255444,-0.000260,0.0116070805,0.0116461928,-9.6043846557,0.0009096789,-0.0114531151,8.5433485299,0.0001558888,0.0041972317,1.0000000000,0.0115251996,0.0115705001,-9.5390451141,0.0009065523,-0.0114097207,8.5085477417,0.0001519167,0.0041759508,1.0000000000
35,34092052295734,6.2402,1785360861.363,1,1.9917,0.9210,1.8034,0.7906,1.8975,0.8558,124.71,,,,,,,,1.0000,0.0046,0.5051,0.2291,0,frozen,2-tag corner homography,2,1920,1200,0.200000,102,0,0,insufficient,insufficient,,,,,,,30,0.050000,0.600000,5.000000,raw-zero-distortion,590.9628888758,0.0000000000,1007.8592059077,0.0000000000,592.3761043005,547.7101609771,0.0000000000,0.0000000000,1.0000000000,-0.0359937509,0.0291287486,0.0062609452,0.0003552766,-0.0208418310,0.0000000000,0.0000000000,0.0000000000,0.0000000000,0.0000000000,0,0.000000,0.000000,,,,,,,,,,,,,,,,,,,,,1,4.260000,0.000000,1773.321,886.644,1,1.256,1772.419,886.713,1843.616,934.689,1760.650,935.366,1705.347,840.187,1784.479,843.740,1.895396,0.838408,1.465038,2.538068,4.255397,-0.000042,,,,,,,,,,0.0115251996,0.0115705001,-9.5390451141,0.0009065523,-0.0114097207,8.5085477417,0.0001519167,0.0041759508,1.0000000000
36,34092220539591,6.4085,1785360861.521,2,1.9927,0.9214,1.8036,0.7910,1.8981,0.8562,124.60,,,,,,,,1.0000,0.0036,0.5051,0.2297,0,frozen,2-tag corner homography,2,1920,1200,0.200000,101;102,1,1,,2-tag corner homography,0.011959,0.506956,101,102,4.766956,4.260000,30,0.050000,0.600000,5.000000,raw-zero-distortion,590.9628888758,0.0000000000,1007.8592059077,0.0000000000,592.3761043005,547.7101609771,0.0000000000,0.0000000000,1.0000000000,-0.0359937509,0.0291287486,0.0062609452,0.0003552766,-0.0208418310,0.0000000000,0.0000000000,0.0000000000,0.0000000000,0.0000000000,1,0.000000,0.000000,72.961,751.033,1,0.784,72.851,751.757,65.132,791.244,8.770,780.280,79.665,716.595,133.853,723.289,-2.854054,0.621354,1.803877,3.433027,-0.002007,0.001352,1,4.260000,0.000000,1773.305,886.562,1,1.336,1772.363,886.687,1843.418,934.480,1760.680,935.492,1705.387,840.144,1784.353,843.741,1.895913,0.838633,1.465545,2.538821,4.255465,0.000144,0.0114808155,0.0114759854,-9.4653459464,0.0008990680,-0.0113323263,8.4540370072,0.0001605602,0.0041254492,1.0000000000,0.0115251996,0.0115705001,-9.5390451141,0.0009065523,-0.0114097207,8.5085477417,0.0001519167,0.0041759508,1.0000000000
37,34092374344833,6.5623,1785360861.716,2,1.9918,0.9207,1.8043,0.7906,1.8980,0.8557,124.75,0.0015,-0.0004,-0.0012,-0.0010,0.0010,0.14,0.002508,1.0000,0.0037,0.5051,0.2282,0,frozen,2-tag corner homography,2,1920,1200,0.200000,101;102,1,1,,2-tag corner homography,0.011344,0.516000,101,102,4.776000,4.260000,30,0.050000,0.600000,5.000000,raw-zero-distortion,590.9628888758,0.0000000000,1007.8592059077,0.0000000000,592.3761043005,547.7101609771,0.0000000000,0.0000000000,1.0000000000,-0.0359937509,0.0291287486,0.0062609452,0.0003552766,-0.0208418310,0.0000000000,0.0000000000,0.0000000000,0.0000000000,0.0000000000,1,0.000000,0.000000,73.023,750.946,1,1.160,73.270,751.588,65.292,791.276,8.850,779.451,79.589,716.694,135.238,723.310,-2.863714,0.623221,1.810794,3.445031,-0.002079,0.001606,1,4.260000,0.000000,1773.348,886.679,1,1.321,1772.403,886.767,1843.573,934.743,1760.601,935.447,1705.324,840.122,1784.532,843.887,1.894868,0.838323,1.464660,2.537427,4.255412,-0.000117,0.0121874074,0.0123249948,-10.1577886985,0.0009610875,-0.0120945654,9.0201532954,0.0001478692,0.0044983393,1.0000000000,0.0115251996,0.0115705001,-9.5390451141,0.0009065523,-0.0114097207,8.5085477417,0.0001519167,0.0041759508,1.0000000000
38,34092579627336,6.7675,1785360861.882,2,1.9911,0.9215,1.8034,0.7908,1.8972,0.8562,124.85,,,,,,,,1.0000,0.0039,0.5051,0.2287,0,frozen,2-tag corner homography,2,1920,1200,0.200000,101;102,1,1,,2-tag corner homography,0.011951,0.518982,101,102,4.778982,4.260000,30,0.050000,0.600000,5.000000,raw-zero-distortion,590.9628888758,0.0000000000,1007.8592059077,0.0000000000,592.3761043005,547.7101609771,0.0000000000,0.0000000000,1.0000000000,-0.0359937509,0.0291287486,0.0062609452,0.0003552766,-0.0208418310,0.0000000000,0.0000000000,0.0000000000,0.0000000000,0.0000000000,1,0.000000,0.000000,73.157,750.646,1,1.011,73.063,751.527,65.128,791.292,9.343,779.405,79.905,716.486,133.930,723.258,-2.867227,0.623661,1.812615,3.448987,-0.002543,0.002462,1,4.260000,0.000000,1773.394,886.542,1,1.399,1772.389,886.622,1843.429,934.532,1760.594,935.391,1705.332,839.904,1784.597,843.782,1.894229,0.837697,1.464192,2.536473,4.255684,0.000207,0.0115696722,0.0115604390,-9.5349954761,0.0009082727,-0.0114328412,8.5260402442,0.0001629107,0.0041640114,1.0000000000,0.0115251996,0.0115705001,-9.5390451141,0.0009065523,-0.0114097207,8.5085477417,0.0001519167,0.0041759508,1.0000000000
39,34092722055924,6.9100,1785360862.053,2,1.9946,0.9208,1.8035,0.7909,1.8990,0.8559,124.21,0.0024,0.0007,-0.0008,-0.0024,0.0024,-1.37,-0.023967,1.0000,0.0043,0.5051,0.2311,0,frozen,2-tag corner homography,2,1920,1200,0.200000,101;102,1,1,,2-tag corner homography,0.011551,0.499987,101,102,4.759987,4.260000,30,0.050000,0.600000,5.000000,raw-zero-distortion,590.9628888758,0.0000000000,1007.8592059077,0.0000000000,592.3761043005,547.7101609771,0.0000000000,0.0000000000,1.0000000000,-0.0359937509,0.0291287486,0.0062609452,0.0003552766,-0.0208418310,0.0000000000,0.0000000000,0.0000000000,0.0000000000,0.0000000000,1,0.000000,0.000000,73.290,750.501,1,0.995,73.098,751.470,65.404,791.320,8.493,779.639,79.883,716.371,134.547,722.955,-2.849697,0.619696,1.801600,3.427909,-0.002580,0.002891,1,4.260000,0.000000,1773.176,886.500,1,1.231,1772.321,886.649,1843.549,934.674,1760.599,935.349,1705.338,840.060,1784.207,843.660,1.893278,0.837419,1.463588,2.535323,4.255261,0.000264,0.0115411953,0.0116111456,-9.5706800417,0.0009074004,-0.0114146629,8.5117918558,0.0001453294,0.0041880314,1.0000000000,0.0115251996,0.0115705001,-9.5390451141,0.0009065523,-0.0114097207,8.5085477417,0.0001519167,0.0041759508,1.0000000000
40,34092914309996,7.1022,1785360862.212,2,1.9929,0.9208,1.8039,0.7913,1.8984,0.8560,124.43,0.0030,-0.0002,-0.0018,-0.0023,0.0023,-1.18,-0.020625,1.0000,0.0042,0.5051,0.2291,0,frozen,2-tag corner homography,2,1920,1200,0.200000,101;102,1,1,,2-tag corner homography,0.011476,0.514790,101,102,4.774790,4.260000,30,0.050000,0.600000,5.000000,raw-zero-distortion,590.9628888758,0.0000000000,1007.8592059077,0.0000000000,592.3761043005,547.7101609771,0.0000000000,0.0000000000,1.0000000000,-0.0359937509,0.0291287486,0.0062609452,0.0003552766,-0.0208418310,0.0000000000,0.0000000000,0.0000000000,0.0000000000,0.0000000000,1,0.000000,0.000000,73.097,750.629,1,1.015,73.008,751.517,65.371,791.303,8.541,779.535,79.587,716.465,134.481,723.143,-2.858654,0.621730,1.807088,3.438607,-0.002757,0.002496,1,4.260000,0.000000,1773.337,886.662,1,1.263,1772.448,886.790,1843.363,934.577,1760.621,935.456,1705.662,840.356,1784.498,843.836,1.899055,0.840183,1.467809,2.542986,4.255411,-0.000080,0.0113738418,0.0114277047,-9.4200226152,0.0008973913,-0.0112830718,8.4142911211,0.0001419128,0.0041133280,1.0000000000,0.0115251996,0.0115705001,-9.5390451141,0.0009065523,-0.0114097207,8.5085477417,0.0001519167,0.0041759508,1.0000000000
41,34093060071374,7.2480,1785360862.345,2,1.9914,0.9205,1.8037,0.7908,1.8976,0.8557,124.64,-0.0025,-0.0004,0.0011,0.0023,-0.0023,0.66,0.011494,1.0000,0.0038,0.5051,0.2282,0,frozen,2-tag corner homography,2,1920,1200,0.200000,101;102,1,1,,2-tag corner homography,0.011630,0.504354,101,102,4.764354,4.260000,30,0.050000,0.600000,5.000000,raw-zero-distortion,590.9628888758,0.0000000000,1007.8592059077,0.0000000000,592.3761043005,547.7101609771,0.0000000000,0.0000000000,1.0000000000,-0.0359937509,0.0291287486,0.0062609452,0.0003552766,-0.0208418310,0.0000000000,0.0000000000,0.0000000000,0.0000000000,0.0000000000,1,0.000000,0.000000,72.788,750.938,1,0.922,72.898,751.537,64.784,791.105,8.375,779.805,79.662,716.443,134.663,723.209,-2.853437,0.620581,1.803578,3.432218,-0.002753,0.001577,1,4.260000,0.000000,1773.427,886.685,1,1.312,1772.469,886.682,1843.506,934.625,1761.066,935.451,1705.372,840.129,1784.332,843.668,1.893824,0.837579,1.463726,2.535863,4.255580,-0.000116,0.0117679559,0.0119360306,-9.8299199024,0.0009262022,-0.0116576090,8.6939979958,0.0001490174,0.0042950355,1.0000000000,0.0115251996,0.0115705001,-9.5390451141,0.0009065523,-0.0114097207,8.5085477417,0.0001519167,0.0041759508,1.0000000000
42,34093200691863,7.3886,1785360862.498,2,1.9916,0.9206,1.8041,0.7913,1.8978,0.8559,124.60,-0.0021,-0.0004,0.0009,0.0019,-0.0019,0.63,0.010971,1.0000,0.0041,0.5051,0.2277,0,frozen,2-tag corner homography,2,1920,1200,0.200000,101;102,1,1,,2-tag corner homography,0.011750,0.501010,101,102,4.761010,4.260000,30,0.050000,0.600000,5.000000,raw-zero-distortion,590.9628888758,0.0000000000,1007.8592059077,0.0000000000,592.3761043005,547.7101609771,0.0000000000,0.0000000000,1.0000000000,-0.0359937509,0.0291287486,0.0062609452,0.0003552766,-0.0208418310,0.0000000000,0.0000000000,0.0000000000,0.0000000000,0.0000000000,1,0.000000,0.000000,72.916,750.598,1,1.111,73.037,751.325,64.691,791.158,8.695,779.517,79.865,716.327,134.801,722.731,-2.846283,0.618474,1.799324,3.423653,-0.003348,0.002540,1,4.260000,0.000000,1773.691,886.763,1,1.629,1772.480,886.722,1843.218,934.432,1760.725,935.503,1705.333,839.895,1785.029,844.144,1.897962,0.839496,1.466903,2.541420,4.256060,-0.000247,0.0117007676,0.0118623028,-9.7687915024,0.0009215259,-0.0115764712,8.6307854229,0.0001523842,0.0042556507,1.0000000000,0.0115251996,0.0115705001,-9.5390451141,0.0009065523,-0.0114097207,8.5085477417,0.0001519167,0.0041759508,1.0000000000
43,34093357841700,7.5458,1785360862.681,2,1.9934,0.9206,1.8043,0.7913,1.8989,0.8560,124.35,0.0029,0.0006,-0.0011,-0.0027,0.0027,-0.62,-0.010738,1.0000,0.0044,0.5051,0.2290,0,frozen,2-tag corner homography,2,1920,1200,0.200000,101;102,1,1,,2-tag corner homography,0.012153,0.504674,101,102,4.764674,4.260000,30,0.050000,0.600000,5.000000,raw-zero-distortion,590.9628888758,0.0000000000,1007.8592059077,0.0000000000,592.3761043005,547.7101609771,0.0000000000,0.0000000000,1.0000000000,-0.0359937509,0.0291287486,0.0062609452,0.0003552766,-0.0208418310,0.0000000000,0.0000000000,0.0000000000,0.0000000000,0.0000000000,1,0.000000,0.000000,72.362,750.877,1,1.078,72.734,751.278,63.901,790.699,8.747,779.620,79.683,716.424,134.500,722.801,-2.854022,0.619813,1.803631,3.432593,-0.004108,0.001653,1,4.260000,0.000000,1773.351,886.523,1,1.412,1772.341,886.605,1843.414,934.439,1760.738,935.481,1705.229,839.934,1784.383,843.700,1.893530,0.837400,1.463745,2.535596,4.255614,0.000242,0.0121759575,0.0124668007,-10.2536365108,0.0009573274,-0.0120341846,8.9718141428,0.0001720643,0.0044525180,1.0000000000,0.0115251996,0.0115705001,-9.5390451141,0.0009065523,-0.0114097207,8.5085477417,0.0001519167,0.0041759508,1.0000000000
44,34093540994631,7.7289,1785360862.870,2,1.9917,0.9215,1.8044,0.7906,1.8980,0.8561,124.96,0.0009,0.0004,-0.0002,-0.0009,0.0009,0.80,0.014027,1.0000,0.0041,0.5051,0.2286,0,frozen,2-tag corner homography,2,1920,1200,0.200000,101;102,1,1,,2-tag corner homography,0.011614,0.511238,101,102,4.771238,4.260000,30,0.050000,0.600000,5.000000,raw-zero-distortion,590.9628888758,0.0000000000,1007.8592059077,0.0000000000,592.3761043005,547.7101609771,0.0000000000,0.0000000000,1.0000000000,-0.0359937509,0.0291287486,0.0062609452,0.0003552766,-0.0208418310,0.0000000000,0.0000000000,0.0000000000,0.0000000000,0.0000000000,1,0.000000,0.000000,73.459,750.546,1,0.953,73.272,751.473,65.410,791.348,9.130,779.362,80.222,716.261,134.334,723.277,-2.860027,0.622068,1.808466,3.440533,-0.001985,0.002804,1,4.260000,0.000000,1773.285,886.667,1,1.276,1772.367,886.728,1843.499,934.678,1760.678,935.485,1705.307,840.187,1784.383,843.690,1.893864,0.837823,1.463952,2.536104,4.255289,-0.000102,0.0114719642,0.0114702855,-9.4617730402,0.0009023293,-0.0113432184,8.4583343489,0.0001525119,0.0041369650,1.0000000000,0.0115251996,0.0115705001,-9.5390451141,0.0009065523,-0.0114097207,8.5085477417,0.0001519167,0.0041759508,1.0000000000
45,34093745730819,7.9337,1785360863.072,2,1.9926,0.9211,1.8036,0.7906,1.8981,0.8559,124.63,,,,,,,,1.0000,0.0035,0.5051,0.2296,0,frozen,2-tag corner homography,2,1920,1200,0.200000,101;102,1,1,,2-tag corner homography,0.011841,0.499766,101,102,4.759766,4.260000,30,0.050000,0.600000,5.000000,raw-zero-distortion,590.9628888758,0.0000000000,1007.8592059077,0.0000000000,592.3761043005,547.7101609771,0.0000000000,0.0000000000,1.0000000000,-0.0359937509,0.0291287486,0.0062609452,0.0003552766,-0.0208418310,0.0000000000,0.0000000000,0.0000000000,0.0000000000,0.0000000000,1,0.000000,0.000000,73.149,750.962,1,0.856,73.036,751.748,65.460,791.390,8.837,780.154,79.690,716.563,134.167,723.264,-2.852547,0.621123,1.803282,3.431421,-0.001686,0.001591,1,4.260000,0.000000,1773.358,886.462,1,1.448,1772.335,886.578,1843.331,934.493,1760.760,935.559,1705.287,839.738,1784.337,843.675,1.890044,0.835799,1.461061,2.530914,4.255705,0.000382,0.0115031290,0.0115094937,-9.4941038264,0.0008994798,-0.0113443087,8.4626730835,0.0001540758,0.0041492173,1.0000000000,0.0115251996,0.0115705001,-9.5390451141,0.0009065523,-0.0114097207,8.5085477417,0.0001519167,0.0041759508,1.0000000000
46,34093920913591,8.1088,1785360863.286,2,1.9866,0.9219,1.8039,0.7911,1.8952,0.8565,125.60,,,,,,,,1.0000,0.0034,0.5051,0.2247,0,frozen,2-tag corner homography,2,1920,1200,0.200000,101;102,1,1,,2-tag corner homography,0.011566,0.486332,101,102,4.746332,4.260000,30,0.050000,0.600000,5.000000,raw-zero-distortion,590.9628888758,0.0000000000,1007.8592059077,0.0000000000,592.3761043005,547.7101609771,0.0000000000,0.0000000000,1.0000000000,-0.0359937509,0.0291287486,0.0062609452,0.0003552766,-0.0208418310,0.0000000000,0.0000000000,0.0000000000,0.0000000000,0.0000000000,1,0.000000,0.000000,73.366,750.983,1,0.769,73.301,751.651,65.597,791.249,8.662,780.371,80.047,716.356,134.832,723.066,-2.838061,0.617849,1.794633,3.414241,-0.001023,0.001580,1,4.260000,0.000000,1773.373,886.532,1,1.405,1772.367,886.606,1843.457,934.540,1760.756,935.488,1705.239,839.860,1784.416,843.684,1.891561,0.836502,1.462173,2.532921,4.255652,0.000225,0.0115924188,0.0116712465,-9.6241961616,0.0009072605,-0.0114311218,8.5260627350,0.0001497282,0.0042034009,1.0000000000,0.0115251996,0.0115705001,-9.5390451141,0.0009065523,-0.0114097207,8.5085477417,0.0001519167,0.0041759508,1.0000000000
47,34094143498955,8.3314,1785360863.432,1,1.9615,0.9124,1.8037,0.7909,1.8826,0.8516,127.61,,,,,,,,1.0000,0.0014,0.5051,0.1991,0,frozen,2-tag corner homography,2,1920,1200,0.200000,101,0,0,insufficient,insufficient,,,,,,,30,0.050000,0.600000,5.000000,raw-zero-distortion,590.9628888758,0.0000000000,1007.8592059077,0.0000000000,592.3761043005,547.7101609771,0.0000000000,0.0000000000,1.0000000000,-0.0359937509,0.0291287486,0.0062609452,0.0003552766,-0.0208418310,0.0000000000,0.0000000000,0.0000000000,0.0000000000,0.0000000000,1,0.000000,0.000000,73.111,751.222,1,0.760,73.093,751.838,65.435,791.466,8.664,780.425,79.741,716.463,134.506,723.403,-2.844487,0.619677,1.798296,3.421838,-0.001062,0.000865,0,4.260000,0.000000,,,,,,,,,,,,,,,,,,,,,,,,,,,,,,0.0115251996,0.0115705001,-9.5390451141,0.0009065523,-0.0114097207,8.5085477417,0.0001519167,0.0041759508,1.0000000000
48,34094298330512,8.4863,1785360863.611,2,1.9898,0.9184,1.8033,0.7887,1.8966,0.8535,124.84,,,,,,,,1.0000,0.0046,0.5051,0.2271,0,frozen,2-tag corner homography,2,1920,1200,0.200000,101;102,1,1,,2-tag corner homography,0.011824,0.522065,101,102,4.782065,4.260000,30,0.050000,0.600000,5.000000,raw-zero-distortion,590.9628888758,0.0000000000,1007.8592059077,0.0000000000,592.3761043005,547.7101609771,0.0000000000,0.0000000000,1.0000000000,-0.0359937509,0.0291287486,0.0062609452,0.0003552766,-0.0208418310,0.0000000000,0.0000000000,0.0000000000,0.0000000000,0.0000000000,1,0.000000,0.000000,73.282,750.290,1,1.017,72.938,751.410,65.260,791.152,8.663,779.281,79.922,716.466,133.895,723.097,-2.866657,0.623096,1.812012,3.448095,-0.003190,0.003469,1,4.260000,0.000000,1773.326,886.566,1,1.214,1772.448,886.615,1843.513,934.571,1760.621,935.142,1705.505,840.178,1784.547,843.664,1.898045,0.839303,1.467029,2.541491,4.255507,0.000140,0.0115889794,0.0116433203,-9.5958170073,0.0009132356,-0.0114880275,8.5659749779,0.0001550657,0.0041923095,1.0000000000,0.0115251996,0.0115705001,-9.5390451141,0.0009065523,-0.0114097207,8.5085477417,0.0001519167,0.0041759508,1.0000000000
49,34094458097867,8.6460,1785360863.752,2,1.9619,0.9132,1.8038,0.7915,1.8828,0.8523,127.58,0.0004,0.0022,0.0015,-0.0017,0.0017,-0.03,-0.000529,1.0000,0.0033,0.5051,0.1996,0,frozen,2-tag corner homography,2,1920,1200,0.200000,101;102,1,1,,2-tag corner homography,0.015729,0.493072,101,102,4.753072,4.260000,30,0.050000,0.600000,5.000000,raw-zero-distortion,590.9628888758,0.0000000000,1007.8592059077,0.0000000000,592.3761043005,547.7101609771,0.0000000000,0.0000000000,1.0000000000,-0.0359937509,0.0291287486,0.0062609452,0.0003552766,-0.0208418310,0.0000000000,0.0000000000,0.0000000000,0.0000000000,0.0000000000,1,0.000000,0.000000,72.998,751.246,1,0.859,73.153,751.752,65.306,791.425,8.735,780.209,79.667,716.411,134.848,723.369,-2.845671,0.619714,1.799159,3.423282,-0.001311,0.000777,1,4.260000,0.000000,1773.234,886.242,1,1.227,1772.443,886.566,1843.921,934.556,1760.489,935.472,1705.466,839.922,1784.310,843.462,1.890440,0.835824,1.461161,2.531276,4.255710,0.000866,0.0157094480,0.0186579430,-15.1772449860,0.0012451553,-0.0156765604,11.6901508522,0.0001262585,0.0063522921,1.0000000000,0.0115251996,0.0115705001,-9.5390451141,0.0009065523,-0.0114097207,8.5085477417,0.0001519167,0.0041759508,1.0000000000
50,34094626169390,8.8141,1785360863.936,2,1.9616,0.9133,1.8039,0.7910,1.8827,0.8522,127.79,-0.0332,-0.0029,0.0180,0.0280,-0.0280,7.09,0.123824,1.0000,0.0036,0.5051,0.1995,0,frozen,2-tag corner homography,2,1920,1200,0.200000,101;102,1,1,,2-tag corner homography,0.011444,0.491981,101,102,4.751981,4.260000,30,0.050000,0.600000,5.000000,raw-zero-distortion,590.9628888758,0.0000000000,1007.8592059077,0.0000000000,592.3761043005,547.7101609771,0.0000000000,0.0000000000,1.0000000000,-0.0359937509,0.0291287486,0.0062609452,0.0003552766,-0.0208418310,0.0000000000,0.0000000000,0.0000000000,0.0000000000,0.0000000000,1,0.000000,0.000000,72.958,751.255,1,0.854,73.077,751.794,65.210,791.461,8.784,780.296,79.660,716.478,134.624,723.348,-2.845490,0.619754,1.798900,3.423003,-0.001398,0.000743,1,4.260000,0.000000,1773.097,886.426,1,1.124,1772.336,886.620,1843.687,934.675,1760.531,935.501,1705.373,840.137,1784.138,843.307,1.889516,0.835668,1.460651,2.530240,4.255179,0.000418,0.0118181706,0.0120395081,-9.9165928496,0.0009245431,-0.0116595631,8.6981283658,0.0001544728,0.0043087596,1.0000000000,0.0115251996,0.0115705001,-9.5390451141,0.0009065523,-0.0114097207,8.5085477417,0.0001519167,0.0041759508,1.0000000000
51,34094786885608,8.9748,1785360864.085,2,1.9885,0.9194,1.8033,0.7861,1.8959,0.8528,125.74,0.0235,0.0004,-0.0134,-0.0193,0.0193,-2.75,-0.048071,1.0000,0.0042,0.5051,0.2282,0,frozen,2-tag corner homography,2,1920,1200,0.200000,101;102,1,1,,2-tag corner homography,0.011869,0.523062,101,102,4.783062,4.260000,30,0.050000,0.600000,5.000000,raw-zero-distortion,590.9628888758,0.0000000000,1007.8592059077,0.0000000000,592.3761043005,547.7101609771,0.0000000000,0.0000000000,1.0000000000,-0.0359937509,0.0291287486,0.0062609452,0.0003552766,-0.0208418310,0.0000000000,0.0000000000,0.0000000000,0.0000000000,0.0000000000,1,0.000000,0.000000,73.316,750.492,1,0.992,72.988,751.582,65.469,791.149,8.583,779.618,79.828,716.753,134.036,723.171,-2.866915,0.623710,1.812272,3.448557,-0.002533,0.002922,1,4.260000,0.000000,1773.317,886.550,1,1.236,1772.435,886.632,1843.393,934.376,1760.764,935.339,1705.570,840.313,1784.375,843.571,1.898824,0.839705,1.467656,2.542568,4.255506,0.000175,0.0116305239,0.0117268318,-9.6642089925,0.0009158817,-0.0115349253,8.6029941798,0.0001554143,0.0042125300,1.0000000000,0.0115251996,0.0115705001,-9.5390451141,0.0009065523,-0.0114097207,8.5085477417,0.0001519167,0.0041759508,1.0000000000
52,34094933234305,9.1212,1785360864.209,2,1.9616,0.9123,1.8033,0.7913,1.8824,0.8518,127.41,0.0062,-0.0007,-0.0043,-0.0045,0.0045,-1.76,-0.030761,1.0000,0.0036,0.5051,0.1992,0,frozen,2-tag corner homography,2,1920,1200,0.200000,101;102,1,1,,2-tag corner homography,0.011267,0.478778,101,102,4.738778,4.260000,30,0.050000,0.600000,5.000000,raw-zero-distortion,590.9628888758,0.0000000000,1007.8592059077,0.0000000000,592.3761043005,547.7101609771,0.0000000000,0.0000000000,1.0000000000,-0.0359937509,0.0291287486,0.0062609452,0.0003552766,-0.0208418310,0.0000000000,0.0000000000,0.0000000000,0.0000000000,0.0000000000,1,0.000000,0.000000,73.035,751.314,1,0.806,73.182,751.782,65.196,791.463,8.701,780.420,79.860,716.358,134.908,723.321,-2.837840,0.618119,1.794265,3.413912,-0.001019,0.000598,1,4.260000,0.000000,1772.992,886.267,1,1.057,1772.288,886.472,1843.765,934.567,1760.609,935.595,1705.257,840.039,1783.893,842.846,1.884001,0.832917,1.456480,2.522805,4.255149,0.000765,0.0115301758,0.0116037347,-9.5689553415,0.0008976562,-0.0113331914,8.4547670795,0.0001544281,0.0041635710,1.0000000000,0.0115251996,0.0115705001,-9.5390451141,0.0009065523,-0.0114097207,8.5085477417,0.0001519167,0.0041759508,1.0000000000
53,34095067655508,9.2556,1785360864.392,2,1.9615,0.9128,1.8033,0.7912,1.8824,0.8520,127.56,-0.0333,-0.0022,0.0186,0.0278,-0.0278,4.21,0.073427,1.0000,0.0033,0.5051,0.1995,0,frozen,2-tag corner homography,2,1920,1200,0.200000,101;102,1,1,,2-tag corner homography,0.011254,0.496345,101,102,4.756345,4.260000,30,0.050000,0.600000,5.000000,raw-zero-distortion,590.9628888758,0.0000000000,1007.8592059077,0.0000000000,592.3761043005,547.7101609771,0.0000000000,0.0000000000,1.0000000000,-0.0359937509,0.0291287486,0.0062609452,0.0003552766,-0.0208418310,0.0000000000,0.0000000000,0.0000000000,0.0000000000,0.0000000000,1,0.000000,0.000000,73.022,751.137,1,0.972,73.142,751.771,65.369,791.499,8.781,780.216,79.569,716.607,134.801,723.173,-2.845335,0.619692,1.798927,3.422877,-0.001548,0.001080,1,4.260000,0.000000,1773.378,886.473,1,1.216,1772.546,886.671,1843.974,934.536,1760.673,935.523,1705.456,840.231,1784.504,843.515,1.894186,0.837628,1.463859,2.536226,4.255735,0.000361,0.0115170095,0.0115463085,-9.5241737961,0.0009014496,-0.0113651446,8.4784409990,0.0001524749,0.0041601400,1.0000000000,0.0115251996,0.0115705001,-9.5390451141,0.0009065523,-0.0114097207,8.5085477417,0.0001519167,0.0041759508,1.0000000000
54,34095242738022,9.4307,1785360864.556,2,1.9897,0.9176,1.8040,0.7847,1.8968,0.8512,125.59,0.0326,-0.0022,-0.0208,-0.0252,0.0252,-4.15,-0.072406,1.0000,0.0043,0.5051,0.2284,0,frozen,2-tag corner homography,2,1920,1200,0.200000,101;102,1,1,,2-tag corner homography,0.011637,0.512498,101,102,4.772498,4.260000,30,0.050000,0.600000,5.000000,raw-zero-distortion,590.9628888758,0.0000000000,1007.8592059077,0.0000000000,592.3761043005,547.7101609771,0.0000000000,0.0000000000,1.0000000000,-0.0359937509,0.0291287486,0.0062609452,0.0003552766,-0.0208418310,0.0000000000,0.0000000000,0.0000000000,0.0000000000,0.0000000000,1,0.000000,0.000000,73.346,750.499,1,1.061,73.113,751.564,65.716,791.229,8.726,779.765,79.667,716.756,134.312,722.888,-2.858406,0.621889,1.807135,3.438454,-0.002430,0.002909,1,4.260000,0.000000,1773.276,886.615,1,1.205,1772.404,886.668,1843.657,934.643,1760.549,935.234,1705.322,840.244,1784.518,843.668,1.896949,0.838999,1.466266,2.540132,4.255335,0.000016,0.0116310023,0.0116920573,-9.6393441374,0.0009144417,-0.0115102123,8.5841696122,0.0001557243,0.0042104304,1.0000000000,0.0115251996,0.0115705001,-9.5390451141,0.0009065523,-0.0114097207,8.5085477417,0.0001519167,0.0041759508,1.0000000000
55,34095405267383,9.5932,1785360864.729,2,1.9612,0.9121,1.8038,0.7914,1.8825,0.8518,127.48,0.0081,-0.0011,-0.0058,-0.0058,0.0058,-1.20,-0.020908,1.0000,0.0032,0.5051,0.1984,0,frozen,2-tag corner homography,2,1920,1200,0.200000,101;102,1,1,,2-tag corner homography,0.011153,0.497035,101,102,4.757035,4.260000,30,0.050000,0.600000,5.000000,raw-zero-distortion,590.9628888758,0.0000000000,1007.8592059077,0.0000000000,592.3761043005,547.7101609771,0.0000000000,0.0000000000,1.0000000000,-0.0359937509,0.0291287486,0.0062609452,0.0003552766,-0.0208418310,0.0000000000,0.0000000000,0.0000000000,0.0000000000,0.0000000000,1,0.000000,0.000000,72.831,751.461,1,1.017,73.160,751.890,65.274,791.467,8.812,780.360,79.380,716.791,135.094,723.355,-2.848490,0.620753,1.800955,3.426758,-0.001175,0.000148,1,4.260000,0.000000,1773.263,886.250,1,1.262,1772.423,886.512,1844.053,934.376,1760.661,935.475,1705.204,839.981,1784.238,843.384,1.891565,0.836212,1.462069,2.532769,4.255763,0.000852,0.0117002810,0.0118084299,-9.7362198814,0.0009146065,-0.0115533378,8.6202854511,0.0001546304,0.0042471201,1.0000000000,0.0115251996,0.0115705001,-9.5390451141,0.0009065523,-0.0114097207,8.5085477417,0.0001519167,0.0041759508,1.0000000000
56,34095577642250,9.7656,1785360864.922,2,1.9940,0.9218,1.8034,0.7911,1.8987,0.8565,124.44,0.0069,0.0126,0.0065,-0.0128,0.0128,-3.10,-0.054191,1.0000,0.0040,0.5051,0.2311,0,frozen,2-tag corner homography,2,1920,1200,0.200000,101;102,1,1,,2-tag corner homography,0.011766,0.504142,101,102,4.764142,4.260000,30,0.050000,0.600000,5.000000,raw-zero-distortion,590.9628888758,0.0000000000,1007.8592059077,0.0000000000,592.3761043005,547.7101609771,0.0000000000,0.0000000000,1.0000000000,-0.0359937509,0.0291287486,0.0062609452,0.0003552766,-0.0208418310,0.0000000000,0.0000000000,0.0000000000,0.0000000000,0.0000000000,1,0.000000,0.000000,73.418,750.522,1,0.897,73.132,751.493,65.248,791.267,8.810,779.585,80.279,716.309,134.176,723.191,-2.855454,0.621041,1.805305,3.434885,-0.002164,0.002861,1,4.260000,0.000000,1773.373,886.529,1,1.321,1772.427,886.602,1843.579,934.570,1760.761,935.469,1705.316,839.959,1784.450,843.549,1.891418,0.836363,1.461947,2.532637,4.255655,0.000232,0.0116234235,0.0116759604,-9.6261406636,0.0009115908,-0.0114740394,8.5563399820,0.0001579764,0.0042022285,1.0000000000,0.0115251996,0.0115705001,-9.5390451141,0.0009065523,-0.0114097207,8.5085477417,0.0001519167,0.0041759508,1.0000000000
57,34095774303578,9.9622,1785360865.090,2,1.9894,0.9180,1.8045,0.7878,1.8970,0.8529,125.16,,,,,,,,1.0000,0.0045,0.5051,0.2262,0,frozen,2-tag corner homography,2,1920,1200,0.200000,101;102,1,1,,2-tag corner homography,0.011971,0.513600,101,102,4.773600,4.260000,30,0.050000,0.600000,5.000000,raw-zero-distortion,590.9628888758,0.0000000000,1007.8592059077,0.0000000000,592.3761043005,547.7101609771,0.0000000000,0.0000000000,1.0000000000,-0.0359937509,0.0291287486,0.0062609452,0.0003552766,-0.0208418310,0.0000000000,0.0000000000,0.0000000000,0.0000000000,0.0000000000,1,0.000000,0.000000,73.475,750.343,1,0.917,73.009,751.478,65.192,791.180,8.605,779.545,80.359,716.408,133.858,723.162,-2.859228,0.621735,1.807453,3.439277,-0.002505,0.003366,1,4.260000,0.000000,1773.294,886.718,1,1.121,1772.486,886.772,1843.485,934.773,1760.609,935.323,1705.671,840.422,1784.535,843.645,1.897194,0.839273,1.466298,2.540424,4.255246,-0.000216,0.0116313113,0.0117171880,-9.6561500989,0.0009153905,-0.0115081440,8.5816786333,0.0001586889,0.0042061286,1.0000000000,0.0115251996,0.0115705001,-9.5390451141,0.0009065523,-0.0114097207,8.5085477417,0.0001519167,0.0041759508,1.0000000000
58,34095958426388,10.1464,1785360865.278,2,1.9615,0.9126,1.8039,0.7912,1.8827,0.8519,127.59,,,,,,,,1.0000,0.0035,0.5051,0.1990,0,frozen,2-tag corner homography,2,1920,1200,0.200000,101;102,1,1,,2-tag corner homography,0.011246,0.489715,101,102,4.749715,4.260000,30,0.050000,0.600000,5.000000,raw-zero-distortion,590.9628888758,0.0000000000,1007.8592059077,0.0000000000,592.3761043005,547.7101609771,0.0000000000,0.0000000000,1.0000000000,-0.0359937509,0.0291287486,0.0062609452,0.0003552766,-0.0208418310,0.0000000000,0.0000000000,0.0000000000,0.0000000000,0.0000000000,1,0.000000,0.000000,73.039,751.220,1,0.889,73.133,751.819,65.415,791.500,8.591,780.324,79.597,716.567,134.859,723.303,-2.844089,0.619560,1.798121,3.421394,-0.001270,0.000855,1,4.260000,0.000000,1773.098,886.363,1,1.155,1772.322,886.576,1843.746,934.591,1760.595,935.536,1705.286,840.072,1784.059,843.257,1.888667,0.835198,1.460022,2.529088,4.255260,0.000562,0.0114998573,0.0114952862,-9.4849793584,0.0008980515,-0.0113341538,8.4560141402,0.0001490713,0.0041567827,1.0000000000,0.0115251996,0.0115705001,-9.5390451141,0.0009065523,-0.0114097207,8.5085477417,0.0001519167,0.0041759508,1.0000000000
59,34096131844833,10.3198,1785360865.439,2,1.9870,0.9177,1.8023,0.7864,1.8947,0.8520,125.42,,,,,,,,1.0000,0.0045,0.5051,0.2267,0,frozen,2-tag corner homography,2,1920,1200,0.200000,101;102,1,1,,2-tag corner homography,0.011835,0.518601,101,102,4.778601,4.260000,30,0.050000,0.600000,5.000000,raw-zero-distortion,590.9628888758,0.0000000000,1007.8592059077,0.0000000000,592.3761043005,547.7101609771,0.0000000000,0.0000000000,1.0000000000,-0.0359937509,0.0291287486,0.0062609452,0.0003552766,-0.0208418310,0.0000000000,0.0000000000,0.0000000000,0.0000000000,0.0000000000,1,0.000000,0.000000,73.426,750.264,1,1.048,73.107,751.390,65.473,791.190,8.793,779.282,79.998,716.445,134.146,723.003,-2.863360,0.622429,1.810254,3.444310,-0.002862,0.003574,1,4.260000,0.000000,1773.339,886.485,1,1.187,1772.511,886.624,1843.492,934.484,1760.700,935.272,1705.748,840.239,1784.456,843.577,1.897952,0.839216,1.466836,2.541282,4.255636,0.000327,0.0114733263,0.0115162882,-9.4936124508,0.0009040647,-0.0113698708,8.4774921419,0.0001507631,0.0041440460,1.0000000000,0.0115251996,0.0115705001,-9.5390451141,0.0009065523,-0.0114097207,8.5085477417,0.0001519167,0.0041759508,1.0000000000
60,34096278390844,10.4663,1785360865.562,2,1.9881,0.9213,1.8034,0.7902,1.8958,0.8558,125.37,0.0416,0.0118,-0.0144,-0.0408,0.0408,-7.12,-0.124212,1.0000,0.0036,0.5051,0.2265,0,frozen,2-tag corner homography,2,1920,1200,0.200000,101;102,1,1,,2-tag corner homography,0.011661,0.499829,101,102,4.759829,4.260000,30,0.050000,0.600000,5.000000,raw-zero-distortion,590.9628888758,0.0000000000,1007.8592059077,0.0000000000,592.3761043005,547.7101609771,0.0000000000,0.0000000000,1.0000000000,-0.0359937509,0.0291287486,0.0062609452,0.0003552766,-0.0208418310,0.0000000000,0.0000000000,0.0000000000,0.0000000000,0.0000000000,1,0.000000,0.000000,73.011,751.041,1,0.859,72.941,751.783,65.108,791.430,8.627,780.099,79.752,716.589,134.247,723.404,-2.853307,0.621329,1.803578,3.432245,-0.001847,0.001342,1,4.260000,0.000000,1773.252,886.416,1,1.328,1772.308,886.509,1843.510,934.551,1760.651,935.389,1705.177,839.776,1784.300,843.483,1.889320,0.835337,1.460553,2.529927,4.255532,0.000470,0.0116447688,0.0117076249,-9.6526608607,0.0009101553,-0.0114887801,8.5710126953,0.0001568140,0.0042147810,1.0000000000,0.0115251996,0.0115705001,-9.5390451141,0.0009065523,-0.0114097207,8.5085477417,0.0001519167,0.0041759508,1.0000000000
61,34096416217181,10.6041,1785360865.691,2,1.9605,0.9127,1.8035,0.7910,1.8820,0.8518,127.77,-0.0207,0.0028,0.0149,0.0146,-0.0146,4.01,0.070053,1.0000,0.0032,0.5051,0.1987,0,frozen,2-tag corner homography,2,1920,1200,0.200000,101;102,1,1,,2-tag corner homography,0.011259,0.489654,101,102,4.749654,4.260000,30,0.050000,0.600000,5.000000,raw-zero-distortion,590.9628888758,0.0000000000,1007.8592059077,0.0000000000,592.3761043005,547.7101609771,0.0000000000,0.0000000000,1.0000000000,-0.0359937509,0.0291287486,0.0062609452,0.0003552766,-0.0208418310,0.0000000000,0.0000000000,0.0000000000,0.0000000000,0.0000000000,1,0.000000,0.000000,73.116,751.108,1,0.858,73.138,751.756,65.297,791.500,8.656,780.306,79.827,716.440,134.718,723.204,-2.840061,0.618494,1.795584,3.416520,-0.001368,0.001183,1,4.260000,0.000000,1773.338,886.309,1,1.260,1772.500,886.581,1844.128,934.486,1760.621,935.445,1705.315,840.016,1784.407,843.538,1.892894,0.836884,1.462948,2.534490,4.255852,0.000730,0.0115509668,0.0115875064,-9.5574477825,0.0009027371,-0.0113863590,8.4940894765,0.0001536030,0.0041746949,1.0000000000,0.0115251996,0.0115705001,-9.5390451141,0.0009065523,-0.0114097207,8.5085477417,0.0001519167,0.0041759508,1.0000000000
62,34096535860097,10.7238,1785360865.819,2,1.9864,0.9190,1.8021,0.7876,1.8943,0.8533,125.49,-0.0122,-0.0059,0.0023,0.0134,-0.0134,1.91,0.033341,1.0000,0.0044,0.5051,0.2263,0,frozen,2-tag corner homography,2,1920,1200,0.200000,101;102,1,1,,2-tag corner homography,0.011827,0.538125,101,102,4.798125,4.260000,30,0.050000,0.600000,5.000000,raw-zero-distortion,590.9628888758,0.0000000000,1007.8592059077,0.0000000000,592.3761043005,547.7101609771,0.0000000000,0.0000000000,1.0000000000,-0.0359937509,0.0291287486,0.0062609452,0.0003552766,-0.0208418310,0.0000000000,0.0000000000,0.0000000000,0.0000000000,0.0000000000,1,0.000000,0.000000,73.265,750.435,1,1.165,73.144,751.473,65.550,791.033,9.199,779.054,79.641,716.886,134.182,723.224,-2.884840,0.627378,1.823908,3.470237,-0.002831,0.003066,1,4.260000,0.000000,1773.330,886.612,1,1.264,1772.410,886.634,1843.509,934.541,1760.764,935.361,1705.341,840.177,1784.424,843.572,1.895191,0.838130,1.464896,2.537741,4.255458,0.000035,0.0117096732,0.0117845658,-9.7137809052,0.0009238061,-0.0116234005,8.6674831447,0.0001616699,0.0042375135,1.0000000000,0.0115251996,0.0115705001,-9.5390451141,0.0009065523,-0.0114097207,8.5085477417,0.0001519167,0.0041759508,1.0000000000
63,34096666292991,10.8542,1785360865.955,2,1.9891,0.9189,1.8054,0.7865,1.8973,0.8527,125.79,0.0393,0.0006,-0.0225,-0.0322,0.0322,-4.94,-0.086257,1.0000,0.0042,0.5051,0.2264,0,frozen,2-tag corner homography,2,1920,1200,0.200000,101;102,1,1,,2-tag corner homography,0.012016,0.522568,101,102,4.782568,4.260000,30,0.050000,0.600000,5.000000,raw-zero-distortion,590.9628888758,0.0000000000,1007.8592059077,0.0000000000,592.3761043005,547.7101609771,0.0000000000,0.0000000000,1.0000000000,-0.0359937509,0.0291287486,0.0062609452,0.0003552766,-0.0208418310,0.0000000000,0.0000000000,0.0000000000,0.0000000000,0.0000000000,1,0.000000,0.000000,73.078,750.548,1,1.010,72.853,751.559,65.196,791.104,8.598,779.673,79.643,716.773,133.943,723.056,-2.865358,0.623211,1.811025,3.446517,-0.003037,0.002715,1,4.260000,0.000000,1773.376,886.448,1,1.144,1772.587,886.617,1843.417,934.435,1760.574,935.214,1706.021,840.303,1784.640,843.541,1.899982,0.840012,1.468259,2.543882,4.255762,0.000418,0.0115814261,0.0116884455,-9.6300071008,0.0009112752,-0.0114790063,8.5611942240,0.0001579387,0.0041849426,1.0000000000,0.0115251996,0.0115705001,-9.5390451141,0.0009065523,-0.0114097207,8.5085477417,0.0001519167,0.0041759508,1.0000000000
64,34096796292998,10.9842,1785360866.079,2,1.9613,0.9128,1.8034,0.7907,1.8824,0.8517,127.70,-0.0207,-0.0041,0.0094,0.0188,-0.0188,4.55,0.079377,1.0000,0.0034,0.5051,0.1996,0,frozen,2-tag corner homography,2,1920,1200,0.200000,101;102,1,1,,2-tag corner homography,0.011573,0.483464,101,102,4.743464,4.260000,30,0.050000,0.600000,5.000000,raw-zero-distortion,590.9628888758,0.0000000000,1007.8592059077,0.0000000000,592.3761043005,547.7101609771,0.0000000000,0.0000000000,1.0000000000,-0.0359937509,0.0291287486,0.0062609452,0.0003552766,-0.0208418310,0.0000000000,0.0000000000,0.0000000000,0.0000000000,0.0000000000,1,0.000000,0.000000,72.959,751.222,1,0.945,73.079,751.832,65.208,791.602,8.707,780.411,79.606,716.593,134.745,723.153,-2.839050,0.618467,1.794832,3.415279,-0.001486,0.000833,1,4.260000,0.000000,1773.190,886.357,1,1.184,1772.391,886.559,1843.688,934.618,1760.781,935.539,1705.417,839.960,1784.060,843.280,1.887574,0.834596,1.459044,2.527508,4.255470,0.000594,0.0115747498,0.0116310386,-9.5921992961,0.0009027243,-0.0113950693,8.5015418723,0.0001507058,0.0041923231,1.0000000000,0.0115251996,0.0115705001,-9.5390451141,0.0009065523,-0.0114097207,8.5085477417,0.0001519167,0.0041759508,1.0000000000
65,34096929597372,11.1175,1785360866.234,2,1.9610,0.9120,1.8035,0.7909,1.8823,0.8515,127.55,-0.0465,-0.0044,0.0248,0.0395,-0.0395,6.06,0.105807,1.0000,0.0029,0.5051,0.1986,0,frozen,2-tag corner homography,2,1920,1200,0.200000,101;102,1,1,,2-tag corner homography,0.011157,0.500824,101,102,4.760824,4.260000,30,0.050000,0.600000,5.000000,raw-zero-distortion,590.9628888758,0.0000000000,1007.8592059077,0.0000000000,592.3761043005,547.7101609771,0.0000000000,0.0000000000,1.0000000000,-0.0359937509,0.0291287486,0.0062609452,0.0003552766,-0.0208418310,0.0000000000,0.0000000000,0.0000000000,0.0000000000,0.0000000000,1,0.000000,0.000000,72.998,751.278,1,0.905,73.129,751.849,65.411,791.453,8.763,780.289,79.534,716.669,134.758,723.384,-2.850050,0.620948,1.801882,3.428577,-0.001222,0.000688,1,4.260000,0.000000,1773.756,886.846,1,1.439,1772.691,886.835,1843.980,934.769,1760.771,935.658,1705.290,840.123,1785.174,843.923,1.893767,0.837690,1.463258,2.535587,4.256097,-0.000425,0.0116081654,0.0117687042,-9.6987514170,0.0009101715,-0.0114663081,8.5545928772,0.0001561392,0.0042017395,1.0000000000,0.0115251996,0.0115705001,-9.5390451141,0.0009065523,-0.0114097207,8.5085477417,0.0001519167,0.0041759508,1.0000000000
66,34097098556831,11.2865,1785360866.390,2,1.9863,0.9198,1.8039,0.7841,1.8951,0.8519,126.64,0.0253,-0.0004,-0.0154,-0.0201,0.0201,-1.62,-0.028329,1.0000,0.0035,0.5051,0.2274,0,frozen,2-tag corner homography,2,1920,1200,0.200000,101;102,1,1,,2-tag corner homography,0.013776,0.525797,101,102,4.785797,4.260000,30,0.050000,0.600000,5.000000,raw-zero-distortion,590.9628888758,0.0000000000,1007.8592059077,0.0000000000,592.3761043005,547.7101609771,0.0000000000,0.0000000000,1.0000000000,-0.0359937509,0.0291287486,0.0062609452,0.0003552766,-0.0208418310,0.0000000000,0.0000000000,0.0000000000,0.0000000000,0.0000000000,1,0.000000,0.000000,73.142,751.878,1,1.387,74.198,751.596,65.370,791.083,14.000,780.000,80.170,716.431,133.743,723.063,-2.868833,0.624979,1.815834,3.452254,0.000853,-0.000931,1,4.260000,0.000000,1773.233,886.580,1,1.200,1772.380,886.669,1843.267,934.429,1760.659,935.323,1705.615,840.381,1784.321,843.601,1.899473,0.840144,1.468264,2.543549,4.255286,0.000090,0.0113979453,0.0109916852,-9.1094082077,0.0008862726,-0.0111458182,8.3114516839,0.0002077077,0.0039728286,1.0000000000,0.0115251996,0.0115705001,-9.5390451141,0.0009065523,-0.0114097207,8.5085477417,0.0001519167,0.0041759508,1.0000000000
67,34097228741942,11.4167,1785360866.513,2,1.9604,0.9129,1.8035,0.7912,1.8820,0.8521,127.82,0.0093,0.0014,-0.0046,-0.0082,0.0082,-0.06,-0.001126,1.0000,0.0033,0.5051,0.1986,0,frozen,2-tag corner homography,2,1920,1200,0.200000,101;102,1,1,,2-tag corner homography,0.011253,0.487199,101,102,4.747199,4.260000,30,0.050000,0.600000,5.000000,raw-zero-distortion,590.9628888758,0.0000000000,1007.8592059077,0.0000000000,592.3761043005,547.7101609771,0.0000000000,0.0000000000,1.0000000000,-0.0359937509,0.0291287486,0.0062609452,0.0003552766,-0.0208418310,0.0000000000,0.0000000000,0.0000000000,0.0000000000,0.0000000000,1,0.000000,0.000000,72.915,751.345,1,0.948,73.147,751.834,65.319,791.433,8.712,780.436,79.485,716.675,134.994,723.217,-2.843121,0.619403,1.797535,3.420253,-0.001263,0.000484,1,4.260000,0.000000,1773.159,886.115,1,1.088,1772.464,886.410,1844.015,934.330,1760.669,935.565,1705.461,840.049,1784.091,842.831,1.887097,0.833941,1.458537,2.526642,4.255703,0.001144,0.0117912980,0.0120652634,-9.9352233275,0.0009196326,-0.0116199966,8.6691946085,0.0001573998,0.0042921525,1.0000000000,0.0115251996,0.0115705001,-9.5390451141,0.0009065523,-0.0114097207,8.5085477417,0.0001519167,0.0041759508,1.0000000000
68,34097366242736,11.5542,1785360866.657,2,1.9609,0.9125,1.8032,0.7911,1.8821,0.8518,127.59,-0.0326,0.0001,0.0199,0.0258,-0.0258,2.51,0.043799,1.0000,0.0032,0.5051,0.1991,0,frozen,2-tag corner homography,2,1920,1200,0.200000,101;102,1,1,,2-tag corner homography,0.011399,0.487746,101,102,4.747746,4.260000,30,0.050000,0.600000,5.000000,raw-zero-distortion,590.9628888758,0.0000000000,1007.8592059077,0.0000000000,592.3761043005,547.7101609771,0.0000000000,0.0000000000,1.0000000000,-0.0359937509,0.0291287486,0.0062609452,0.0003552766,-0.0208418310,0.0000000000,0.0000000000,0.0000000000,0.0000000000,0.0000000000,1,0.000000,0.000000,73.269,751.269,1,0.731,73.307,751.800,65.440,791.441,8.980,780.428,80.076,716.342,134.712,723.401,-2.841058,0.618957,1.796539,3.417934,-0.000493,0.000771,1,4.260000,0.000000,1773.234,886.380,1,1.166,1772.437,886.558,1843.821,934.473,1760.765,935.571,1705.371,840.143,1784.184,843.180,1.889840,0.835547,1.460709,2.530475,4.255537,0.000549,0.0114188479,0.0114583544,-9.4531676267,0.0008908793,-0.0112404522,8.3855835143,0.0001555273,0.0041059657,1.0000000000,0.0115251996,0.0115705001,-9.5390451141,0.0009065523,-0.0114097207,8.5085477417,0.0001519167,0.0041759508,1.0000000000
69,34097501335280,11.6893,1785360866.800,2,1.9884,0.9185,1.8028,0.7839,1.8956,0.8512,125.94,0.0269,-0.0023,-0.0176,-0.0205,0.0205,-4.26,-0.074398,1.0000,0.0047,0.5051,0.2292,0,frozen,2-tag corner homography,2,1920,1200,0.200000,101;102,1,1,,2-tag corner homography,0.012402,0.539832,101,102,4.799832,4.260000,30,0.050000,0.600000,5.000000,raw-zero-distortion,590.9628888758,0.0000000000,1007.8592059077,0.0000000000,592.3761043005,547.7101609771,0.0000000000,0.0000000000,1.0000000000,-0.0359937509,0.0291287486,0.0062609452,0.0003552766,-0.0208418310,0.0000000000,0.0000000000,0.0000000000,0.0000000000,0.0000000000,1,0.000000,0.000000,73.198,750.602,1,1.052,73.030,751.596,65.522,790.994,9.314,779.464,79.587,716.979,133.741,723.249,-2.883061,0.627295,1.822559,3.468034,-0.002553,0.002592,1,4.260000,0.000000,1772.669,886.226,1,0.940,1772.129,886.618,1843.377,934.611,1760.396,935.025,1705.710,840.407,1783.404,843.543,1.898952,0.840063,1.468343,2.543178,4.254492,0.000799,0.0117280111,0.0117756463,-9.7087725544,0.0009253132,-0.0116520396,8.6903723290,0.0001606151,0.0042465996,1.0000000000,0.0115251996,0.0115705001,-9.5390451141,0.0009065523,-0.0114097207,8.5085477417,0.0001519167,0.0041759508,1.0000000000
70,34097658993749,11.8469,1785360866.934,2,1.9925,0.9205,1.8033,0.7907,1.8979,0.8556,124.47,0.0471,0.0099,-0.0185,-0.0445,0.0445,-9.18,-0.160249,1.0000,0.0035,0.5051,0.2294,0,frozen,2-tag corner homography,2,1920,1200,0.200000,101;102,1,1,,2-tag corner homography,0.011460,0.501397,101,102,4.761397,4.260000,30,0.050000,0.600000,5.000000,raw-zero-distortion,590.9628888758,0.0000000000,1007.8592059077,0.0000000000,592.3761043005,547.7101609771,0.0000000000,0.0000000000,1.0000000000,-0.0359937509,0.0291287486,0.0062609452,0.0003552766,-0.0208418310,0.0000000000,0.0000000000,0.0000000000,0.0000000000,0.0000000000,1,0.000000,0.000000,73.319,751.040,1,0.791,73.225,751.759,65.688,791.420,8.738,780.172,79.860,716.430,134.588,723.403,-2.849255,0.620564,1.801565,3.427680,-0.000992,0.001412,1,4.260000,0.000000,1773.188,886.444,1,1.048,1772.489,886.655,1843.457,934.581,1760.587,935.387,1705.924,840.366,1784.286,843.339,1.895231,0.838112,1.464775,2.537695,4.255357,0.000393,0.0112612606,0.0112780320,-9.3045639023,0.0008829967,-0.0111321602,8.3044195581,0.0001436663,0.0040527440,1.0000000000,0.0115251996,0.0115705001,-9.5390451141,0.0009065523,-0.0114097207,8.5085477417,0.0001519167,0.0041759508,1.0000000000
71,34097773181582,11.9611,1785360867.030,2,1.9608,0.9117,1.8029,0.7911,1.8818,0.8514,127.36,-0.0148,0.0050,0.0129,0.0087,-0.0087,-0.27,-0.004707,1.0000,0.0033,0.5051,0.1987,0,frozen,2-tag corner homography,2,1920,1200,0.200000,101;102,1,1,,2-tag corner homography,0.013849,0.488620,101,102,4.748620,4.260000,30,0.050000,0.600000,5.000000,raw-zero-distortion,590.9628888758,0.0000000000,1007.8592059077,0.0000000000,592.3761043005,547.7101609771,0.0000000000,0.0000000000,1.0000000000,-0.0359937509,0.0291287486,0.0062609452,0.0003552766,-0.0208418310,0.0000000000,0.0000000000,0.0000000000,0.0000000000,0.0000000000,1,0.000000,0.000000,72.952,751.364,1,0.812,73.096,751.842,65.136,791.559,8.797,780.414,79.753,716.391,134.668,723.417,-2.840768,0.618880,1.795950,3.417369,-0.001110,0.000442,1,4.260000,0.000000,1773.152,886.276,1,1.075,1772.452,886.539,1843.866,934.410,1760.594,935.536,1705.547,840.258,1784.171,843.054,1.891089,0.836035,1.461645,2.532110,4.255487,0.000773,0.0116666328,0.0106836341,-8.8867730724,0.0008986186,-0.0113705198,8.4849315131,0.0001562336,0.0041890771,1.0000000000,0.0115251996,0.0115705001,-9.5390451141,0.0009065523,-0.0114097207,8.5085477417,0.0001519167,0.0041759508,1.0000000000
72,34097871040944,12.0590,1785360867.130,2,1.9933,0.9204,1.8032,0.7905,1.8982,0.8554,124.34,-0.0073,0.0009,0.0049,0.0055,-0.0055,-0.04,-0.000653,1.0000,0.0035,0.5051,0.2303,0,frozen,2-tag corner homography,2,1920,1200,0.200000,101;102,1,1,,2-tag corner homography,0.011621,0.499201,101,102,4.759201,4.260000,30,0.050000,0.600000,5.000000,raw-zero-distortion,590.9628888758,0.0000000000,1007.8592059077,0.0000000000,592.3761043005,547.7101609771,0.0000000000,0.0000000000,1.0000000000,-0.0359937509,0.0291287486,0.0062609452,0.0003552766,-0.0208418310,0.0000000000,0.0000000000,0.0000000000,0.0000000000,0.0000000000,1,0.000000,0.000000,73.179,751.020,1,0.812,73.027,751.808,65.434,791.396,8.604,780.300,79.778,716.614,134.267,723.321,-2.849865,0.620716,1.801569,3.428217,-0.001439,0.001437,1,4.260000,0.000000,1773.240,886.450,1,1.275,1772.341,886.566,1843.496,934.491,1760.616,935.416,1705.318,840.005,1784.320,843.474,1.892346,0.836778,1.462829,2.533977,4.255463,0.000389,0.0115656246,0.0116193601,-9.5818396424,0.0009043730,-0.0114129773,8.5146688772,0.0001552512,0.0041788186,1.0000000000,0.0115251996,0.0115705001,-9.5390451141,0.0009065523,-0.0114097207,8.5085477417,0.0001519167,0.0041759508,1.0000000000
73,34097975506401,12.1634,1785360867.243,2,1.9876,0.9191,1.8033,0.7845,1.8954,0.8518,126.16,0.0016,-0.0043,-0.0044,0.0012,-0.0012,1.38,0.024110,1.0000,0.0048,0.5051,0.2282,0,frozen,2-tag corner homography,2,1920,1200,0.200000,101;102,1,1,,2-tag corner homography,0.011991,0.526327,101,102,4.786327,4.260000,30,0.050000,0.600000,5.000000,raw-zero-distortion,590.9628888758,0.0000000000,1007.8592059077,0.0000000000,592.3761043005,547.7101609771,0.0000000000,0.0000000000,1.0000000000,-0.0359937509,0.0291287486,0.0062609452,0.0003552766,-0.0208418310,0.0000000000,0.0000000000,0.0000000000,0.0000000000,0.0000000000,1,0.000000,0.000000,73.209,750.253,1,1.183,73.040,751.344,65.222,791.108,9.198,779.082,79.781,716.636,133.975,722.886,-2.872060,0.624135,1.815624,3.454673,-0.003497,0.003555,1,4.260000,0.000000,1773.314,886.670,1,1.271,1772.379,886.667,1843.407,934.548,1760.637,935.340,1705.337,840.238,1784.524,843.633,1.896654,0.838891,1.466085,2.539772,4.255350,-0.000103,0.0116466383,0.0116901244,-9.6356297513,0.0009175326,-0.0115309831,8.5970868075,0.0001636721,0.0042023099,1.0000000000,0.0115251996,0.0115705001,-9.5390451141,0.0009065523,-0.0114097207,8.5085477417,0.0001519167,0.0041759508,1.0000000000
74,34098117502623,12.3054,1785360867.448,2,1.9932,0.9210,1.8029,0.7908,1.8981,0.8559,124.39,0.0286,0.0054,-0.0117,-0.0267,0.0267,-4.18,-0.072894,1.0000,0.0037,0.5051,0.2305,0,frozen,2-tag corner homography,2,1920,1200,0.200000,101;102,1,1,,2-tag corner homography,0.011595,0.513117,101,102,4.773117,4.260000,30,0.050000,0.600000,5.000000,raw-zero-distortion,590.9628888758,0.0000000000,1007.8592059077,0.0000000000,592.3761043005,547.7101609771,0.0000000000,0.0000000000,1.0000000000,-0.0359937509,0.0291287486,0.0062609452,0.0003552766,-0.0208418310,0.0000000000,0.0000000000,0.0000000000,0.0000000000,0.0000000000,1,0.000000,0.000000,73.250,750.768,1,1.014,73.228,751.587,65.495,791.368,9.131,779.562,79.794,716.504,134.491,723.265,-2.861434,0.622692,1.809271,3.442240,-0.001946,0.002147,1,4.260000,0.000000,1773.308,886.441,1,1.388,1772.311,886.512,1843.346,934.384,1760.630,935.294,1705.250,839.852,1784.414,843.643,1.894358,0.837570,1.464442,2.536673,4.255623,0.000424,0.0114731158,0.0114795521,-9.4695949651,0.0009009280,-0.0113531776,8.4672472006,0.0001506991,0.0041414253,1.0000000000,0.0115251996,0.0115705001,-9.5390451141,0.0009065523,-0.0114097207,8.5085477417,0.0001519167,0.0041759508,1.0000000000
75,34098334903217,12.5228,1785360867.619,2,1.9604,0.9120,1.8033,0.7913,1.8819,0.8517,127.53,,,,,,,,1.0000,0.0036,0.5051,0.1981,0,frozen,2-tag corner homography,2,1920,1200,0.200000,101;102,1,1,,2-tag corner homography,0.010853,0.486542,101,102,4.746542,4.260000,30,0.050000,0.600000,5.000000,raw-zero-distortion,590.9628888758,0.0000000000,1007.8592059077,0.0000000000,592.3761043005,547.7101609771,0.0000000000,0.0000000000,1.0000000000,-0.0359937509,0.0291287486,0.0062609452,0.0003552766,-0.0208418310,0.0000000000,0.0000000000,0.0000000000,0.0000000000,0.0000000000,1,0.000000,0.000000,72.981,751.376,1,0.998,73.313,751.791,65.504,791.477,8.714,780.285,79.475,716.556,135.453,723.275,-2.842212,0.619186,1.797280,3.419324,-0.000993,0.000414,1,4.260000,0.000000,1772.989,886.348,1,0.926,1772.377,886.549,1843.913,934.680,1760.489,935.472,1705.425,840.306,1784.054,842.864,1.887356,0.834492,1.458903,2.527229,4.255041,0.000577,0.0114376899,0.0115377314,-9.5139673011,0.0008937589,-0.0112784254,8.4138980613,0.0001463322,0.0041356051,1.0000000000,0.0115251996,0.0115705001,-9.5390451141,0.0009065523,-0.0114097207,8.5085477417,0.0001519167,0.0041759508,1.0000000000
76,34098474801116,12.6627,1785360867.812,2,1.9871,0.9192,1.8031,0.7842,1.8951,0.8517,126.27,,,,,,,,1.0000,0.0042,0.5051,0.2282,0,frozen,2-tag corner homography,2,1920,1200,0.200000,101;102,1,1,,2-tag corner homography,0.013810,0.516088,101,102,4.776088,4.260000,30,0.050000,0.600000,5.000000,raw-zero-distortion,590.9628888758,0.0000000000,1007.8592059077,0.0000000000,592.3761043005,547.7101609771,0.0000000000,0.0000000000,1.0000000000,-0.0359937509,0.0291287486,0.0062609452,0.0003552766,-0.0208418310,0.0000000000,0.0000000000,0.0000000000,0.0000000000,0.0000000000,1,0.000000,0.000000,72.855,752.615,1,1.414,74.149,751.964,65.571,791.102,14.000,781.000,79.637,716.783,133.881,723.184,-2.860885,0.624340,1.810708,3.442837,0.002110,-0.003018,1,4.260000,0.000000,1773.313,886.666,1,1.203,1772.439,886.700,1843.479,934.601,1760.686,935.296,1705.495,840.335,1784.480,843.656,1.897957,0.839485,1.466978,2.541457,4.255353,-0.000093,0.0114671434,0.0110501094,-9.1620367906,0.0008874491,-0.0111888307,8.3478336671,0.0002114929,0.0039976275,1.0000000000,0.0115251996,0.0115705001,-9.5390451141,0.0009065523,-0.0114097207,8.5085477417,0.0001519167,0.0041759508,1.0000000000
77,34098694494398,12.8824,1785360868.029,2,1.9606,0.9121,1.8029,0.7909,1.8818,0.8515,127.54,,,,,,,,1.0000,0.0034,0.5051,0.1988,0,frozen,2-tag corner homography,2,1920,1200,0.200000,101;102,1,1,,2-tag corner homography,0.011496,0.487730,101,102,4.747730,4.260000,30,0.050000,0.600000,5.000000,raw-zero-distortion,590.9628888758,0.0000000000,1007.8592059077,0.0000000000,592.3761043005,547.7101609771,0.0000000000,0.0000000000,1.0000000000,-0.0359937509,0.0291287486,0.0062609452,0.0003552766,-0.0208418310,0.0000000000,0.0000000000,0.0000000000,0.0000000000,0.0000000000,1,0.000000,0.000000,73.099,751.194,1,0.817,73.140,751.791,65.362,791.471,8.853,780.331,79.775,716.441,134.553,723.323,-2.844247,0.619513,1.798234,3.421576,-0.001175,0.000941,1,4.260000,0.000000,1773.195,886.329,1,1.170,1772.419,886.569,1843.837,934.667,1760.688,935.579,1705.407,839.944,1784.134,843.255,1.886420,0.834082,1.458099,2.525931,4.255515,0.000658,0.0115114592,0.0115283448,-9.5105374677,0.0008976960,-0.0113265051,8.4498299466,0.0001548480,0.0041519295,1.0000000000,0.0115251996,0.0115705001,-9.5390451141,0.0009065523,-0.0114097207,8.5085477417,0.0001519167,0.0041759508,1.0000000000
78,34098884482849,13.0724,1785360868.190,2,1.9936,0.9208,1.8026,0.7901,1.8981,0.8554,124.39,,,,,,,,1.0000,0.0039,0.5051,0.2315,0,frozen,2-tag corner homography,2,1920,1200,0.200000,101;102,1,1,,2-tag corner homography,0.011483,0.515616,101,102,4.775616,4.260000,30,0.050000,0.600000,5.000000,raw-zero-distortion,590.9628888758,0.0000000000,1007.8592059077,0.0000000000,592.3761043005,547.7101609771,0.0000000000,0.0000000000,1.0000000000,-0.0359937509,0.0291287486,0.0062609452,0.0003552766,-0.0208418310,0.0000000000,0.0000000000,0.0000000000,0.0000000000,0.0000000000,1,0.000000,0.000000,73.320,750.609,1,0.969,73.119,751.565,65.363,791.394,8.784,779.400,79.990,716.422,134.315,723.399,-2.863523,0.623008,1.810380,3.444616,-0.002192,0.002599,1,4.260000,0.000000,1773.385,886.590,1,1.233,1772.496,886.646,1843.511,934.575,1760.675,935.394,1705.557,840.176,1784.600,843.525,1.894693,0.837844,1.464346,2.536957,4.255606,0.000095,0.0114152192,0.0114433206,-9.4365668701,0.0008976456,-0.0113018939,8.4288551085,0.0001498376,0.0041165476,1.0000000000,0.0115251996,0.0115705001,-9.5390451141,0.0009065523,-0.0114097207,8.5085477417,0.0001519167,0.0041759508,1.0000000000
79,34099040546599,13.2285,1785360868.319,2,1.9924,0.9208,1.8032,0.7907,1.8978,0.8557,124.53,0.0478,0.0125,-0.0168,-0.0465,0.0465,-8.98,-0.156705,1.0000,0.0034,0.5051,0.2296,0,frozen,2-tag corner homography,2,1920,1200,0.200000,101;102,1,1,,2-tag corner homography,0.011513,0.495103,101,102,4.755103,4.260000,30,0.050000,0.600000,5.000000,raw-zero-distortion,590.9628888758,0.0000000000,1007.8592059077,0.0000000000,592.3761043005,547.7101609771,0.0000000000,0.0000000000,1.0000000000,-0.0359937509,0.0291287486,0.0062609452,0.0003552766,-0.0208418310,0.0000000000,0.0000000000,0.0000000000,0.0000000000,0.0000000000,1,0.000000,0.000000,73.087,751.091,1,0.870,73.080,751.781,65.389,791.358,8.541,780.332,79.671,716.653,134.651,723.202,-2.846293,0.619890,1.799413,3.423965,-0.001495,0.001220,1,4.260000,0.000000,1773.309,886.507,1,1.276,1772.400,886.596,1843.504,934.606,1760.578,935.393,1705.394,839.970,1784.501,843.535,1.891897,0.836591,1.462370,2.533315,4.255543,0.000270,0.0116243327,0.0117303999,-9.6698917276,0.0009095165,-0.0114738044,8.5596914944,0.0001527640,0.0042142139,1.0000000000,0.0115251996,0.0115705001,-9.5390451141,0.0009065523,-0.0114097207,8.5085477417,0.0001519167,0.0041759508,1.0000000000
80,34099159374082,13.3473,1785360868.431,2,1.9607,0.9120,1.8027,0.7911,1.8817,0.8515,127.42,-0.0228,-0.0050,0.0099,0.0211,-0.0211,4.15,0.072351,1.0000,0.0035,0.5051,0.1989,0,frozen,2-tag corner homography,2,1920,1200,0.200000,101;102,1,1,,2-tag corner homography,0.011261,0.476168,101,102,4.736168,4.260000,30,0.050000,0.600000,5.000000,raw-zero-distortion,590.9628888758,0.0000000000,1007.8592059077,0.0000000000,592.3761043005,547.7101609771,0.0000000000,0.0000000000,1.0000000000,-0.0359937509,0.0291287486,0.0062609452,0.0003552766,-0.0208418310,0.0000000000,0.0000000000,0.0000000000,0.0000000000,0.0000000000,1,0.000000,0.000000,73.085,751.106,1,1.101,73.354,751.670,65.369,791.505,8.712,780.355,79.683,716.564,135.529,722.734,-2.829093,0.615989,1.789064,3.403521,-0.001460,0.001180,1,4.260000,0.000000,1773.236,886.460,1,1.181,1772.432,886.655,1843.831,934.698,1760.581,935.503,1705.393,840.102,1784.331,843.464,1.890590,0.836124,1.461298,2.531565,4.255442,0.000366,0.0115976436,0.0117381993,-9.6756886228,0.0009070149,-0.0114259210,8.5223558600,0.0001469342,0.0042136581,1.0000000000,0.0115251996,0.0115705001,-9.5390451141,0.0009065523,-0.0114097207,8.5085477417,0.0001519167,0.0041759508,1.0000000000
81,34099275328933,13.4633,1785360868.571,2,1.9931,0.9203,1.8026,0.7905,1.8979,0.8554,124.26,-0.0079,-0.0027,0.0022,0.0081,-0.0081,0.71,0.012325,1.0000,0.0038,0.5051,0.2305,0,frozen,2-tag corner homography,2,1920,1200,0.200000,101;102,1,1,,2-tag corner homography,0.011796,0.511071,101,102,4.771071,4.260000,30,0.050000,0.600000,5.000000,raw-zero-distortion,590.9628888758,0.0000000000,1007.8592059077,0.0000000000,592.3761043005,547.7101609771,0.0000000000,0.0000000000,1.0000000000,-0.0359937509,0.0291287486,0.0062609452,0.0003552766,-0.0208418310,0.0000000000,0.0000000000,0.0000000000,0.0000000000,0.0000000000,1,0.000000,0.000000,73.224,750.715,1,0.906,73.065,751.580,65.254,791.287,9.030,779.590,79.960,716.430,134.037,723.362,-2.863320,0.622974,1.810148,3.444319,-0.002164,0.002286,1,4.260000,0.000000,1773.385,886.544,1,1.349,1772.403,886.553,1843.574,934.532,1760.966,935.462,1705.168,839.904,1784.317,843.484,1.890203,0.835734,1.461055,2.531007,4.255663,0.000200,0.0116162068,0.0116189940,-9.5830021702,0.0009105161,-0.0114715863,8.5556055171,0.0001593093,0.0041942236,1.0000000000,0.0115251996,0.0115705001,-9.5390451141,0.0009065523,-0.0114097207,8.5085477417,0.0001519167,0.0041759508,1.0000000000
82,34099459839065,13.6478,1785360868.775,2,1.9900,0.9195,1.8009,0.7871,1.8955,0.8533,125.00,0.0320,0.0030,-0.0158,-0.0279,0.0279,-5.59,-0.097610,1.0000,0.0043,0.5051,0.2309,0,frozen,2-tag corner homography,2,1920,1200,0.200000,101;102,1,1,,2-tag corner homography,0.011885,0.514870,101,102,4.774870,4.260000,30,0.050000,0.600000,5.000000,raw-zero-distortion,590.9628888758,0.0000000000,1007.8592059077,0.0000000000,592.3761043005,547.7101609771,0.0000000000,0.0000000000,1.0000000000,-0.0359937509,0.0291287486,0.0062609452,0.0003552766,-0.0208418310,0.0000000000,0.0000000000,0.0000000000,0.0000000000,0.0000000000,1,0.000000,0.000000,73.491,750.396,1,1.015,73.179,751.492,65.646,791.122,8.861,779.562,79.991,716.647,134.195,723.002,-2.863321,0.622780,1.810369,3.444401,-0.002313,0.003223,1,4.260000,0.000000,1773.268,886.495,1,1.219,1772.393,886.553,1843.506,934.534,1760.714,935.254,1705.394,840.073,1784.345,843.473,1.894135,0.837483,1.464113,2.536288,4.255468,0.000291,0.0116677118,0.0117396248,-9.6777301086,0.0009168604,-0.0115441057,8.6085750248,0.0001581212,0.0042239835,1.0000000000,0.0115251996,0.0115705001,-9.5390451141,0.0009065523,-0.0114097207,8.5085477417,0.0001519167,0.0041759508,1.0000000000
83,34099632895804,13.8208,1785360868.915,2,1.9607,0.9121,1.8030,0.7911,1.8818,0.8516,127.50,,,,,,,,1.0000,0.0034,0.5051,0.1988,0,frozen,2-tag corner homography,2,1920,1200,0.200000,101;102,1,1,,2-tag corner homography,0.011161,0.487830,101,102,4.747830,4.260000,30,0.050000,0.600000,5.000000,raw-zero-distortion,590.9628888758,0.0000000000,1007.8592059077,0.0000000000,592.3761043005,547.7101609771,0.0000000000,0.0000000000,1.0000000000,-0.0359937509,0.0291287486,0.0062609452,0.0003552766,-0.0208418310,0.0000000000,0.0000000000,0.0000000000,0.0000000000,0.0000000000,1,0.000000,0.000000,73.277,751.195,1,0.817,73.297,751.818,65.666,791.549,8.782,780.311,79.835,716.426,134.865,723.391,-2.843134,0.619457,1.797833,3.420429,-0.000678,0.000977,1,4.260000,0.000000,1773.123,886.278,1,1.060,1772.437,886.547,1843.917,934.622,1760.582,935.515,1705.505,840.104,1784.123,843.087,1.887706,0.834575,1.459059,2.527608,4.255421,0.000763,0.0113905377,0.0114400221,-9.4372615752,0.0008891580,-0.0112216223,8.3717452089,0.0001486917,0.0041062873,1.0000000000,0.0115251996,0.0115705001,-9.5390451141,0.0009065523,-0.0114097207,8.5085477417,0.0001519167,0.0041759508,1.0000000000
84,34099755251666,13.9432,1785360869.012,2,1.9929,0.9201,1.8026,0.7906,1.8977,0.8554,124.23,0.0039,0.0057,0.0026,-0.0064,0.0064,-1.74,-0.030380,1.0000,0.0033,0.5051,0.2301,0,frozen,2-tag corner homography,2,1920,1200,0.200000,101;102,1,1,,2-tag corner homography,0.011603,0.496205,101,102,4.756205,4.260000,30,0.050000,0.600000,5.000000,raw-zero-distortion,590.9628888758,0.0000000000,1007.8592059077,0.0000000000,592.3761043005,547.7101609771,0.0000000000,0.0000000000,1.0000000000,-0.0359937509,0.0291287486,0.0062609452,0.0003552766,-0.0208418310,0.0000000000,0.0000000000,0.0000000000,0.0000000000,0.0000000000,1,0.000000,0.000000,73.057,751.292,1,0.866,73.177,751.843,65.453,791.353,8.732,780.448,79.625,716.696,134.834,723.292,-2.846640,0.620219,1.799819,3.424526,-0.001017,0.000662,1,4.260000,0.000000,1773.301,886.501,1,1.402,1772.296,886.571,1843.251,934.434,1760.725,935.457,1705.270,839.884,1784.312,843.638,1.892681,0.836990,1.463174,2.534496,4.255532,0.000283,0.0116226641,0.0117180658,-9.6623740868,0.0009096646,-0.0114815041,8.5660836781,0.0001497028,0.0042183716,1.0000000000,0.0115251996,0.0115705001,-9.5390451141,0.0009065523,-0.0114097207,8.5085477417,0.0001519167,0.0041759508,1.0000000000
85,34099858887737,14.0468,1785360869.158,2,1.9867,0.9181,1.8024,0.7851,1.8946,0.8516,125.82,0.0380,0.0025,-0.0202,-0.0323,0.0323,-5.64,-0.098375,1.0000,0.0047,0.5051,0.2272,0,frozen,2-tag corner homography,2,1920,1200,0.200000,101;102,1,1,,2-tag corner homography,0.011789,0.526123,101,102,4.786123,4.260000,30,0.050000,0.600000,5.000000,raw-zero-distortion,590.9628888758,0.0000000000,1007.8592059077,0.0000000000,592.3761043005,547.7101609771,0.0000000000,0.0000000000,1.0000000000,-0.0359937509,0.0291287486,0.0062609452,0.0003552766,-0.0208418310,0.0000000000,0.0000000000,0.0000000000,0.0000000000,0.0000000000,1,0.000000,0.000000,73.568,750.085,1,1.138,73.154,751.374,65.968,791.117,8.713,779.205,79.765,716.635,134.151,722.883,-2.869534,0.623754,1.814250,3.451782,-0.002968,0.004099,1,4.260000,0.000000,1773.260,886.347,1,1.264,1772.379,886.503,1843.273,934.245,1760.510,935.179,1705.643,840.087,1784.433,843.555,1.899167,0.839598,1.468029,2.543004,4.255635,0.000630,0.0114002198,0.0114313065,-9.4246594239,0.0008990924,-0.0113151280,8.4365147072,0.0001477024,0.0041140074,1.0000000000,0.0115251996,0.0115705001,-9.5390451141,0.0009065523,-0.0114097207,8.5085477417,0.0001519167,0.0041759508,1.0000000000
86,34100011436606,14.1994,1785360869.323,2,1.9933,0.9211,1.8028,0.7907,1.8981,0.8559,124.38,0.0112,0.0037,-0.0033,-0.0114,0.0114,-1.48,-0.025839,1.0000,0.0034,0.5051,0.2309,0,frozen,2-tag corner homography,2,1920,1200,0.200000,101;102,1,1,,2-tag corner homography,0.011662,0.502291,101,102,4.762291,4.260000,30,0.050000,0.600000,5.000000,raw-zero-distortion,590.9628888758,0.0000000000,1007.8592059077,0.0000000000,592.3761043005,547.7101609771,0.0000000000,0.0000000000,1.0000000000,-0.0359937509,0.0291287486,0.0062609452,0.0003552766,-0.0208418310,0.0000000000,0.0000000000,0.0000000000,0.0000000000,0.0000000000,1,0.000000,0.000000,73.043,751.198,1,0.784,73.052,751.801,65.227,791.335,8.828,780.303,79.791,716.546,134.344,723.414,-2.850819,0.620919,1.802219,3.429389,-0.001319,0.000917,1,4.260000,0.000000,1773.247,886.415,1,1.237,1772.385,886.563,1843.493,934.465,1760.560,935.328,1705.480,840.060,1784.378,843.501,1.894529,0.837690,1.464433,2.536834,4.255522,0.000471,0.0115669180,0.0116121655,-9.5767630103,0.0009049225,-0.0114200377,8.5198571506,0.0001566148,0.0041764823,1.0000000000,0.0115251996,0.0115705001,-9.5390451141,0.0009065523,-0.0114097207,8.5085477417,0.0001519167,0.0041759508,1.0000000000
87,34100186728476,14.3747,1785360869.508,2,1.9608,0.9120,1.8028,0.7910,1.8818,0.8515,127.45,-0.0304,0.0001,0.0186,0.0241,-0.0241,3.97,0.069350,1.0000,0.0032,0.5051,0.1990,0,frozen,2-tag corner homography,2,1920,1200,0.200000,101;102,1,1,,2-tag corner homography,0.011152,0.493004,101,102,4.753004,4.260000,30,0.050000,0.600000,5.000000,raw-zero-distortion,590.9628888758,0.0000000000,1007.8592059077,0.0000000000,592.3761043005,547.7101609771,0.0000000000,0.0000000000,1.0000000000,-0.0359937509,0.0291287486,0.0062609452,0.0003552766,-0.0208418310,0.0000000000,0.0000000000,0.0000000000,0.0000000000,0.0000000000,1,0.000000,0.000000,73.215,751.140,1,0.709,73.161,751.747,65.224,791.410,8.607,780.274,80.133,716.277,134.624,723.448,-2.842282,0.618966,1.797032,3.419212,-0.001004,0.001115,1,4.260000,0.000000,1773.318,886.400,1,1.238,1772.482,886.636,1844.134,934.521,1760.547,935.464,1705.254,840.150,1784.470,843.558,1.893989,0.837524,1.463829,2.536028,4.255696,0.000517,0.0116464071,0.0117234089,-9.6667522671,0.0009112806,-0.0114884684,8.5700827634,0.0001563333,0.0042168515,1.0000000000,0.0115251996,0.0115705001,-9.5390451141,0.0009065523,-0.0114097207,8.5085477417,0.0001519167,0.0041759508,1.0000000000
88,34100382201896,14.5701,1785360869.656,2,1.9880,0.9179,1.8028,0.7834,1.8954,0.8507,125.99,,,,,,,,1.0000,0.0045,0.5051,0.2288,0,frozen,2-tag corner homography,2,1920,1200,0.200000,101;102,1,1,,2-tag corner homography,0.011744,0.529778,101,102,4.789778,4.260000,30,0.050000,0.600000,5.000000,raw-zero-distortion,590.9628888758,0.0000000000,1007.8592059077,0.0000000000,592.3761043005,547.7101609771,0.0000000000,0.0000000000,1.0000000000,-0.0359937509,0.0291287486,0.0062609452,0.0003552766,-0.0208418310,0.0000000000,0.0000000000,0.0000000000,0.0000000000,0.0000000000,1,0.000000,0.000000,73.271,750.455,1,1.002,72.946,751.551,65.444,791.165,8.560,779.375,79.764,716.683,133.985,723.321,-2.873082,0.624928,1.816088,3.455909,-0.002760,0.003013,1,4.260000,0.000000,1773.101,886.517,1,1.128,1772.298,886.599,1843.202,934.441,1760.483,935.168,1705.580,840.356,1784.264,843.481,1.899206,0.839941,1.468215,2.543253,4.255076,0.000211,0.0115095516,0.0115831972,-9.5464702565,0.0009077371,-0.0114320234,8.5259411734,0.0001511765,0.0041613662,1.0000000000,0.0115251996,0.0115705001,-9.5390451141,0.0009065523,-0.0114097207,8.5085477417,0.0001519167,0.0041759508,1.0000000000
89,34100505702919,14.6936,1785360869.824,2,1.9616,0.9118,1.8025,0.7910,1.8820,0.8514,127.21,0.0051,-0.0007,-0.0037,-0.0036,0.0036,-1.09,-0.018959,1.0000,0.0034,0.5051,0.1997,0,frozen,2-tag corner homography,2,1920,1200,0.200000,101;102,1,1,,2-tag corner homography,0.011110,0.485274,101,102,4.745274,4.260000,30,0.050000,0.600000,5.000000,raw-zero-distortion,590.9628888758,0.0000000000,1007.8592059077,0.0000000000,592.3761043005,547.7101609771,0.0000000000,0.0000000000,1.0000000000,-0.0359937509,0.0291287486,0.0062609452,0.0003552766,-0.0208418310,0.0000000000,0.0000000000,0.0000000000,0.0000000000,0.0000000000,1,0.000000,0.000000,73.168,751.225,1,0.946,73.357,751.761,65.517,791.485,8.748,780.232,79.765,716.511,135.303,723.246,-2.841504,0.618971,1.796918,3.418506,-0.000898,0.000870,1,4.260000,0.000000,1773.025,886.092,1,0.992,1772.429,886.449,1844.020,934.458,1760.670,935.528,1705.562,840.134,1783.839,842.821,1.886793,0.833939,1.458368,2.526318,4.255437,0.001171,0.0114899418,0.0115631147,-9.5371221555,0.0008967709,-0.0113227219,8.4466210165,0.0001476384,0.0041576288,1.0000000000,0.0115251996,0.0115705001,-9.5390451141,0.0009065523,-0.0114097207,8.5085477417,0.0001519167,0.0041759508,1.0000000000
90,34100717102775,14.9050,1785360870.029,2,1.9621,0.9123,1.8023,0.7908,1.8822,0.8516,127.25,-0.0296,0.0021,0.0196,0.0223,-0.0223,2.75,0.047914,1.0000,0.0035,0.5051,0.2008,0,frozen,2-tag corner homography,2,1920,1200,0.200000,101;102,1,1,,2-tag corner homography,0.011358,0.456369,101,102,4.716369,4.260000,30,0.050000,0.600000,5.000000,raw-zero-distortion,590.9628888758,0.0000000000,1007.8592059077,0.0000000000,592.3761043005,547.7101609771,0.0000000000,0.0000000000,1.0000000000,-0.0359937509,0.0291287486,0.0062609452,0.0003552766,-0.0208418310,0.0000000000,0.0000000000,0.0000000000,0.0000000000,0.0000000000,1,0.000000,0.000000,72.997,751.331,1,1.356,73.705,751.549,65.112,791.490,8.825,780.427,79.849,716.433,136.796,722.404,-2.810962,0.611909,1.778265,3.382036,-0.001078,0.000542,1,4.260000,0.000000,1773.157,886.459,1,1.128,1772.365,886.571,1843.619,934.597,1760.605,935.489,1705.365,840.146,1784.238,843.175,1.889377,0.835454,1.460488,2.529971,4.255269,0.000353,0.0116413636,0.0122433546,-10.0612543779,0.0009122782,-0.0114804328,8.5608415793,0.0001395955,0.0042652803,1.0000000000,0.0115251996,0.0115705001,-9.5390451141,0.0009065523,-0.0114097207,8.5085477417,0.0001519167,0.0041759508,1.0000000000
91,34100908281927,15.0962,1785360870.195,2,1.9887,0.9183,1.8026,0.7845,1.8956,0.8514,125.70,,,,,,,,1.0000,0.0034,0.5051,0.2292,0,frozen,2-tag corner homography,2,1920,1200,0.200000,101;102,1,1,,2-tag corner homography,0.013459,0.526970,101,102,4.786970,4.260000,30,0.050000,0.600000,5.000000,raw-zero-distortion,590.9628888758,0.0000000000,1007.8592059077,0.0000000000,592.3761043005,547.7101609771,0.0000000000,0.0000000000,1.0000000000,-0.0359937509,0.0291287486,0.0062609452,0.0003552766,-0.0208418310,0.0000000000,0.0000000000,0.0000000000,0.0000000000,0.0000000000,1,0.000000,0.000000,73.097,751.951,1,1.609,74.311,751.648,65.753,791.149,14.000,780.000,79.699,716.711,134.257,722.923,-2.870198,0.625513,1.816919,3.454056,0.000930,-0.001142,1,4.260000,0.000000,1773.319,886.619,1,1.273,1772.390,886.642,1843.215,934.429,1760.639,935.275,1705.540,840.258,1784.513,843.662,1.899224,0.839954,1.468052,2.543177,4.255424,0.000015,0.0113316316,0.0109373253,-9.0653463413,0.0008819671,-0.0110977637,8.2761462685,0.0002002154,0.0039556953,1.0000000000,0.0115251996,0.0115705001,-9.5390451141,0.0009065523,-0.0114097207,8.5085477417,0.0001519167,0.0041759508,1.0000000000
92,34101062857727,15.2508,1785360870.386,2,1.9614,0.9122,1.8032,0.7913,1.8823,0.8517,127.40,0.0018,0.0004,-0.0008,-0.0017,0.0017,0.21,0.003593,1.0000,0.0033,0.5051,0.1991,0,frozen,2-tag corner homography,2,1920,1200,0.200000,101;102,1,1,,2-tag corner homography,0.011193,0.496236,101,102,4.756236,4.260000,30,0.050000,0.600000,5.000000,raw-zero-distortion,590.9628888758,0.0000000000,1007.8592059077,0.0000000000,592.3761043005,547.7101609771,0.0000000000,0.0000000000,1.0000000000,-0.0359937509,0.0291287486,0.0062609452,0.0003552766,-0.0208418310,0.0000000000,0.0000000000,0.0000000000,0.0000000000,0.0000000000,1,0.000000,0.000000,73.293,751.056,1,0.759,73.163,751.784,65.615,791.482,8.583,780.230,79.880,716.380,134.540,723.443,-2.846544,0.620009,1.799730,3.424361,-0.001020,0.001363,1,4.260000,0.000000,1773.266,886.291,1,1.180,1772.487,886.551,1843.870,934.327,1760.710,935.557,1705.516,840.197,1784.239,843.233,1.892795,0.836782,1.462898,2.534353,4.255718,0.000760,0.0113803233,0.0113962265,-9.4016750541,0.0008899837,-0.0112307219,8.3783211646,0.0001488555,0.0041004623,1.0000000000,0.0115251996,0.0115705001,-9.5390451141,0.0009065523,-0.0114097207,8.5085477417,0.0001519167,0.0041759508,1.0000000000
93,34101240300573,15.4282,1785360870.503,2,1.9929,0.9193,1.8023,0.7904,1.8976,0.8549,124.07,0.0068,0.0087,0.0034,-0.0105,0.0105,-4.22,-0.073632,1.0000,0.0036,0.5051,0.2300,0,frozen,2-tag corner homography,2,1920,1200,0.200000,101;102,1,1,,2-tag corner homography,0.011763,0.493888,101,102,4.753888,4.260000,30,0.050000,0.600000,5.000000,raw-zero-distortion,590.9628888758,0.0000000000,1007.8592059077,0.0000000000,592.3761043005,547.7101609771,0.0000000000,0.0000000000,1.0000000000,-0.0359937509,0.0291287486,0.0062609452,0.0003552766,-0.0208418310,0.0000000000,0.0000000000,0.0000000000,0.0000000000,0.0000000000,1,0.000000,0.000000,73.545,750.777,1,0.689,73.197,751.631,65.346,791.368,8.729,780.071,80.547,716.109,134.162,723.382,-2.843894,0.618989,1.798122,3.421129,-0.001100,0.002185,1,4.260000,0.000000,1773.296,886.486,1,1.312,1772.368,886.596,1843.452,934.526,1760.685,935.400,1705.370,839.974,1784.349,843.612,1.893174,0.837190,1.463417,2.535071,4.255539,0.000316,0.0116641085,0.0117541114,-9.6903422691,0.0009134347,-0.0115076692,8.5828810209,0.0001539135,0.0042306191,1.0000000000,0.0115251996,0.0115705001,-9.5390451141,0.0009065523,-0.0114097207,8.5085477417,0.0001519167,0.0041759508,1.0000000000
94,34101347391243,15.5353,1785360870.622,2,1.9922,0.9200,1.8024,0.7904,1.8973,0.8552,124.33,0.0381,0.0113,-0.0122,-0.0378,0.0378,-8.89,-0.155235,1.0000,0.0040,0.5051,0.2298,0,frozen,2-tag corner homography,2,1920,1200,0.200000,101;102,1,1,,2-tag corner homography,0.011731,0.515666,101,102,4.775666,4.260000,30,0.050000,0.600000,5.000000,raw-zero-distortion,590.9628888758,0.0000000000,1007.8592059077,0.0000000000,592.3761043005,547.7101609771,0.0000000000,0.0000000000,1.0000000000,-0.0359937509,0.0291287486,0.0062609452,0.0003552766,-0.0208418310,0.0000000000,0.0000000000,0.0000000000,0.0000000000,0.0000000000,1,0.000000,0.000000,73.342,750.631,1,0.888,73.055,751.604,65.596,791.285,8.859,779.650,79.853,716.461,133.941,723.361,-2.864371,0.623269,1.810794,3.445586,-0.002070,0.002543,1,4.260000,0.000000,1773.247,886.445,1,1.249,1772.377,886.590,1843.400,934.511,1760.577,935.373,1705.525,840.043,1784.359,843.533,1.893863,0.837471,1.463934,2.535976,4.255485,0.000403,0.0113988413,0.0113799956,-9.3875839610,0.0008948231,-0.0112731474,8.4079107710,0.0001529661,0.0041004353,1.0000000000,0.0115251996,0.0115705001,-9.5390451141,0.0009065523,-0.0114097207,8.5085477417,0.0001519167,0.0041759508,1.0000000000
95,34101464340566,15.6523,1785360870.754,2,1.9601,0.9119,1.8020,0.7912,1.8811,0.8515,127.36,-0.0374,-0.0063,0.0176,0.0335,-0.0335,6.97,0.121603,1.0000,0.0038,0.5051,0.1988,0,frozen,2-tag corner homography,2,1920,1200,0.200000,101;102,1,1,,2-tag corner homography,0.011270,0.481807,101,102,4.741807,4.260000,30,0.050000,0.600000,5.000000,raw-zero-distortion,590.9628888758,0.0000000000,1007.8592059077,0.0000000000,592.3761043005,547.7101609771,0.0000000000,0.0000000000,1.0000000000,-0.0359937509,0.0291287486,0.0062609452,0.0003552766,-0.0208418310,0.0000000000,0.0000000000,0.0000000000,0.0000000000,0.0000000000,1,0.000000,0.000000,72.971,751.186,1,0.951,73.160,751.723,65.130,791.492,8.631,780.168,79.730,716.447,135.058,723.219,-2.840840,0.618579,1.796118,3.417462,-0.001553,0.000935,1,4.260000,0.000000,1772.912,886.153,1,0.972,1772.300,886.434,1843.906,934.621,1760.604,935.464,1705.345,840.025,1783.733,842.802,1.883930,0.832777,1.456400,2.522659,4.255115,0.001011,0.0115720046,0.0117651371,-9.6923505942,0.0009030954,-0.0113982534,8.5025026525,0.0001507798,0.0041958022,1.0000000000,0.0115251996,0.0115705001,-9.5390451141,0.0009065523,-0.0114097207,8.5085477417,0.0001519167,0.0041759508,1.0000000000
96,34101652173716,15.8401,1785360870.968,2,1.9599,0.9114,1.8021,0.7911,1.8810,0.8512,127.32,-0.0465,-0.0109,0.0195,0.0436,-0.0436,8.55,0.149225,1.0000,0.0035,0.5051,0.1984,0,frozen,2-tag corner homography,2,1920,1200,0.200000,101;102,1,1,,2-tag corner homography,0.011167,0.481483,101,102,4.741483,4.260000,30,0.050000,0.600000,5.000000,raw-zero-distortion,590.9628888758,0.0000000000,1007.8592059077,0.0000000000,592.3761043005,547.7101609771,0.0000000000,0.0000000000,1.0000000000,-0.0359937509,0.0291287486,0.0062609452,0.0003552766,-0.0208418310,0.0000000000,0.0000000000,0.0000000000,0.0000000000,0.0000000000,1,0.000000,0.000000,73.307,751.174,1,0.753,73.304,751.767,65.592,791.507,8.806,780.393,79.983,716.273,134.805,723.314,-2.837774,0.618140,1.794457,3.413962,-0.000654,0.001042,1,4.260000,0.000000,1773.035,886.296,1,0.988,1772.377,886.492,1843.848,934.523,1760.642,935.538,1705.402,840.233,1783.982,842.802,1.886859,0.834131,1.458519,2.526517,4.255207,0.000706,0.0113707070,0.0113820635,-9.3918026490,0.0008858551,-0.0111806736,8.3406756778,0.0001515756,0.0040895614,1.0000000000,0.0115251996,0.0115705001,-9.5390451141,0.0009065523,-0.0114097207,8.5085477417,0.0001519167,0.0041759508,1.0000000000
97,34101814827549,16.0027,1785360871.090,2,1.9895,0.9173,1.8021,0.7845,1.8958,0.8509,125.32,,,,,,,,1.0000,0.0039,0.5051,0.2297,0,frozen,2-tag corner homography,2,1920,1200,0.200000,101;102,1,1,,2-tag corner homography,0.011995,0.512045,101,102,4.772045,4.260000,30,0.050000,0.600000,5.000000,raw-zero-distortion,590.9628888758,0.0000000000,1007.8592059077,0.0000000000,592.3761043005,547.7101609771,0.0000000000,0.0000000000,1.0000000000,-0.0359937509,0.0291287486,0.0062609452,0.0003552766,-0.0208418310,0.0000000000,0.0000000000,0.0000000000,0.0000000000,0.0000000000,1,0.000000,0.000000,73.148,750.765,1,0.832,72.936,751.621,65.287,791.064,8.717,780.019,79.809,716.611,133.925,723.169,-2.858857,0.622043,1.807078,3.438827,-0.002238,0.002133,1,4.260000,0.000000,1773.307,886.548,1,1.244,1772.412,886.606,1843.373,934.489,1760.711,935.313,1705.511,840.162,1784.413,843.549,1.896029,0.838429,1.465540,2.538838,4.255486,0.000176,0.0115984213,0.0116559200,-9.6085748748,0.0009099273,-0.0114652823,8.5515808484,0.0001610079,0.0041843175,1.0000000000,0.0115251996,0.0115705001,-9.5390451141,0.0009065523,-0.0114097207,8.5085477417,0.0001519167,0.0041759508,1.0000000000
98,34101941206922,16.1291,1785360871.236,2,1.9603,0.9119,1.8016,0.7910,1.8810,0.8514,127.31,0.0008,-0.0002,-0.0006,-0.0005,0.0005,-0.03,-0.000474,1.0000,0.0036,0.5051,0.1996,0,frozen,2-tag corner homography,2,1920,1200,0.200000,101;102,1,1,,2-tag corner homography,0.011586,0.490288,101,102,4.750288,4.260000,30,0.050000,0.600000,5.000000,raw-zero-distortion,590.9628888758,0.0000000000,1007.8592059077,0.0000000000,592.3761043005,547.7101609771,0.0000000000,0.0000000000,1.0000000000,-0.0359937509,0.0291287486,0.0062609452,0.0003552766,-0.0208418310,0.0000000000,0.0000000000,0.0000000000,0.0000000000,0.0000000000,1,0.000000,0.000000,73.063,751.249,1,0.793,73.106,751.826,65.395,791.515,8.856,780.414,79.695,716.421,134.477,723.352,-2.843187,0.619366,1.797499,3.420282,-0.001123,0.000782,1,4.260000,0.000000,1772.980,886.158,1,0.982,1772.416,886.569,1843.723,934.586,1760.504,935.465,1705.882,840.224,1783.874,843.104,1.890227,0.835768,1.461048,2.531033,4.255258,0.001013,0.0113132136,0.0113166038,-9.3368737207,0.0008830450,-0.0111447817,8.3146992781,0.0001493162,0.0040662298,1.0000000000,0.0115251996,0.0115705001,-9.5390451141,0.0009065523,-0.0114097207,8.5085477417,0.0001519167,0.0041759508,1.0000000000
99,34102082362257,16.2703,1785360871.365,2,1.9945,0.9202,1.8021,0.7905,1.8983,0.8553,123.98,0.0087,0.0123,0.0053,-0.0141,0.0141,-3.95,-0.068861,1.0000,0.0033,0.5051,0.2320,0,frozen,2-tag corner homography,2,1920,1200,0.200000,101;102,1,1,,2-tag corner homography,0.011779,0.516464,101,102,4.776464,4.260000,30,0.050000,0.600000,5.000000,raw-zero-distortion,590.9628888758,0.0000000000,1007.8592059077,0.0000000000,592.3761043005,547.7101609771,0.0000000000,0.0000000000,1.0000000000,-0.0359937509,0.0291287486,0.0062609452,0.0003552766,-0.0208418310,0.0000000000,0.0000000000,0.0000000000,0.0000000000,0.0000000000,1,0.000000,0.000000,73.198,751.069,1,0.914,73.182,751.809,65.743,791.352,9.317,780.068,79.548,716.761,134.174,723.390,-2.863603,0.623814,1.810554,3.444919,-0.001247,0.001305,1,4.260000,0.000000,1773.358,886.518,1,1.181,1772.528,886.638,1843.459,934.548,1760.654,935.370,1705.775,840.212,1784.548,843.487,1.895516,0.838154,1.464922,2.538007,4.255636,0.000256,0.0113654198,0.0113269838,-9.3491202921,0.0008904427,-0.0112314475,8.3790828159,0.0001566918,0.0040753912,1.0000000000,0.0115251996,0.0115705001,-9.5390451141,0.0009065523,-0.0114097207,8.5085477417,0.0001519167,0.0041759508,1.0000000000
100,34102213353101,16.4013,1785360871.520,2,1.9891,0.9183,1.8031,0.7850,1.8961,0.8517,125.65,0.0425,0.0044,-0.0212,-0.0372,0.0372,-5.62,-0.098019,1.0000,0.0040,0.5051,0.2288,0,frozen,2-tag corner homography,2,1920,1200,0.200000,101;102,1,1,,2-tag corner homography,0.012024,0.528369,101,102,4.788369,4.260000,30,0.050000,0.600000,5.000000,raw-zero-distortion,590.9628888758,0.0000000000,1007.8592059077,0.0000000000,592.3761043005,547.7101609771,0.0000000000,0.0000000000,1.0000000000,-0.0359937509,0.0291287486,0.0062609452,0.0003552766,-0.0208418310,0.0000000000,0.0000000000,0.0000000000,0.0000000000,0.0000000000,1,0.000000,0.000000,73.115,750.631,1,0.976,72.967,751.540,65.199,791.098,9.172,779.466,79.762,716.644,133.775,723.276,-2.873399,0.624978,1.816330,3.456309,-0.002704,0.002494,1,4.260000,0.000000,1773.414,886.510,1,1.294,1772.491,886.603,1843.459,934.418,1760.687,935.320,1705.589,840.121,1784.595,843.634,1.897374,0.838931,1.466428,2.540520,4.255769,0.000283,0.0116153036,0.0116435254,-9.5998068999,0.0009132429,-0.0115003058,8.5766604639,0.0001648913,0.0041841308,1.0000000000,0.0115251996,0.0115705001,-9.5390451141,0.0009065523,-0.0114097207,8.5085477417,0.0001519167,0.0041759508,1.0000000000
101,34102398854055,16.5868,1785360871.696,2,1.9602,0.9118,1.8021,0.7908,1.8811,0.8513,127.42,-0.0388,-0.0092,0.0163,0.0364,-0.0364,7.93,0.138444,1.0000,0.0035,0.5051,0.1990,0,frozen,2-tag corner homography,2,1920,1200,0.200000,101;102,1,1,,2-tag corner homography,0.011416,0.481445,101,102,4.741445,4.260000,30,0.050000,0.600000,5.000000,raw-zero-distortion,590.9628888758,0.0000000000,1007.8592059077,0.0000000000,592.3761043005,547.7101609771,0.0000000000,0.0000000000,1.0000000000,-0.0359937509,0.0291287486,0.0062609452,0.0003552766,-0.0208418310,0.0000000000,0.0000000000,0.0000000000,0.0000000000,0.0000000000,1,0.000000,0.000000,73.054,751.404,1,0.807,73.194,751.885,65.419,791.503,8.858,780.526,79.696,716.516,134.772,723.406,-2.842368,0.619426,1.797151,3.419429,-0.000714,0.000352,1,4.260000,0.000000,1772.996,886.281,1,1.022,1772.317,886.483,1843.677,934.708,1760.622,935.591,1705.404,839.972,1783.901,842.820,1.881923,0.831992,1.454817,2.519987,4.255139,0.000733,0.0114515449,0.0114922905,-9.4807323278,0.0008905350,-0.0112508425,8.3945060375,0.0001545632,0.0041236465,1.0000000000,0.0115251996,0.0115705001,-9.5390451141,0.0009065523,-0.0114097207,8.5085477417,0.0001519167,0.0041759508,1.0000000000
102,34102551559249,16.7395,1785360871.812,2,1.9621,0.9121,1.8026,0.7908,1.8824,0.8515,127.26,-0.0413,-0.0027,0.0229,0.0345,-0.0345,5.63,0.098262,1.0000,0.0032,0.5051,0.2003,0,frozen,2-tag corner homography,2,1920,1200,0.200000,101;102,1,1,,2-tag corner homography,0.014734,0.492961,101,102,4.752961,4.260000,30,0.050000,0.600000,5.000000,raw-zero-distortion,590.9628888758,0.0000000000,1007.8592059077,0.0000000000,592.3761043005,547.7101609771,0.0000000000,0.0000000000,1.0000000000,-0.0359937509,0.0291287486,0.0062609452,0.0003552766,-0.0208418310,0.0000000000,0.0000000000,0.0000000000,0.0000000000,0.0000000000,1,0.000000,0.000000,72.989,751.276,1,0.775,73.020,751.849,65.205,791.429,8.624,780.436,79.725,716.527,134.486,723.414,-2.845410,0.619863,1.798739,3.422872,-0.001254,0.000692,1,4.260000,0.000000,1773.394,886.470,1,1.277,1772.508,886.630,1843.640,934.558,1760.678,935.602,1705.542,840.020,1784.529,843.451,1.890620,0.835991,1.461177,2.531474,4.255776,0.000372,0.0115533853,0.0128609428,-10.5147800471,0.0009073461,-0.0114228125,8.5205927722,0.0001544887,0.0042194211,1.0000000000,0.0115251996,0.0115705001,-9.5390451141,0.0009065523,-0.0114097207,8.5085477417,0.0001519167,0.0041759508,1.0000000000
103,34102659695901,16.8476,1785360872.017,2,1.9905,0.9182,1.8016,0.7847,1.8961,0.8514,125.27,0.0196,-0.0006,-0.0118,-0.0157,0.0157,-2.95,-0.051426,1.0000,0.0047,0.5051,0.2313,0,frozen,2-tag corner homography,2,1920,1200,0.200000,101;102,1,1,,2-tag corner homography,0.012111,0.514590,101,102,4.774590,4.260000,30,0.050000,0.600000,5.000000,raw-zero-distortion,590.9628888758,0.0000000000,1007.8592059077,0.0000000000,592.3761043005,547.7101609771,0.0000000000,0.0000000000,1.0000000000,-0.0359937509,0.0291287486,0.0062609452,0.0003552766,-0.0208418310,0.0000000000,0.0000000000,0.0000000000,0.0000000000,0.0000000000,1,0.000000,0.000000,73.467,750.201,1,1.025,73.063,751.376,65.279,791.030,8.724,779.434,80.215,716.556,133.997,722.870,-2.861456,0.621944,1.808965,3.441961,-0.002925,0.003757,1,4.260000,0.000000,1773.214,886.386,1,1.220,1772.367,886.542,1843.397,934.390,1760.542,935.289,1705.548,840.104,1784.335,843.467,1.895849,0.838240,1.465488,2.538611,4.255485,0.000532,0.0117394426,0.0118609052,-9.7714931617,0.0009228302,-0.0116119039,8.6578967212,0.0001627974,0.0042518712,1.0000000000,0.0115251996,0.0115705001,-9.5390451141,0.0009065523,-0.0114097207,8.5085477417,0.0001519167,0.0041759508,1.0000000000
104,34102860159756,17.0481,1785360872.172,2,1.9899,0.9193,1.8016,0.7907,1.8957,0.8550,124.35,0.0350,0.0103,-0.0112,-0.0347,0.0347,-7.94,-0.138612,1.0000,0.0035,0.5051,0.2280,0,frozen,2-tag corner homography,2,1920,1200,0.200000,101;102,1,1,,2-tag corner homography,0.011631,0.496569,101,102,4.756569,4.260000,30,0.050000,0.600000,5.000000,raw-zero-distortion,590.9628888758,0.0000000000,1007.8592059077,0.0000000000,592.3761043005,547.7101609771,0.0000000000,0.0000000000,1.0000000000,-0.0359937509,0.0291287486,0.0062609452,0.0003552766,-0.0208418310,0.0000000000,0.0000000000,0.0000000000,0.0000000000,0.0000000000,1,0.000000,0.000000,73.157,751.102,1,0.786,73.089,751.788,65.430,791.396,8.831,780.350,79.792,716.501,134.301,723.300,-2.847132,0.620099,1.799960,3.424988,-0.001272,0.001208,1,4.260000,0.000000,1773.319,886.643,1,1.274,1772.375,886.603,1843.395,934.564,1760.763,935.411,1705.274,840.112,1784.443,843.440,1.892523,0.836912,1.462901,2.534195,4.255394,-0.000040,0.0114920169,0.0115279509,-9.5082432886,0.0008984056,-0.0113319294,8.4538421675,0.0001554025,0.0041420385,1.0000000000,0.0115251996,0.0115705001,-9.5390451141,0.0009065523,-0.0114097207,8.5085477417,0.0001519167,0.0041759508,1.0000000000
105,34103032788476,17.2207,1785360872.355,2,1.9598,0.9115,1.8022,0.7908,1.8810,0.8512,127.44,,,,,,,,1.0000,0.0033,0.5051,0.1985,0,frozen,2-tag corner homography,2,1920,1200,0.200000,101;102,1,1,,2-tag corner homography,0.011397,0.499717,101,102,4.759717,4.260000,30,0.050000,0.600000,5.000000,raw-zero-distortion,590.9628888758,0.0000000000,1007.8592059077,0.0000000000,592.3761043005,547.7101609771,0.0000000000,0.0000000000,1.0000000000,-0.0359937509,0.0291287486,0.0062609452,0.0003552766,-0.0208418310,0.0000000000,0.0000000000,0.0000000000,0.0000000000,0.0000000000,1,0.000000,0.000000,73.051,751.187,1,0.869,73.058,751.866,65.497,791.512,8.679,780.321,79.521,716.649,134.507,723.374,-2.849617,0.620856,1.801471,3.427984,-0.001327,0.000949,1,4.260000,0.000000,1773.289,886.412,1,1.208,1772.466,886.609,1843.715,934.510,1760.664,935.468,1705.521,840.130,1784.348,843.446,1.893138,0.837100,1.463202,2.534890,4.255618,0.000485,0.0114543042,0.0114525200,-9.4491908574,0.0008958164,-0.0113073945,8.4365772543,0.0001502077,0.0041329335,1.0000000000,0.0115251996,0.0115705001,-9.5390451141,0.0009065523,-0.0114097207,8.5085477417,0.0001519167,0.0041759508,1.0000000000
106,34103207340012,17.3953,1785360872.519,2,1.9882,0.9169,1.8031,0.7850,1.8957,0.8510,125.46,0.0013,-0.0108,-0.0095,0.0052,-0.0052,2.75,0.048057,1.0000,0.0047,0.5051,0.2273,0,frozen,2-tag corner homography,2,1920,1200,0.200000,101;102,1,1,,2-tag corner homography,0.011859,0.514592,101,102,4.774592,4.260000,30,0.050000,0.600000,5.000000,raw-zero-distortion,590.9628888758,0.0000000000,1007.8592059077,0.0000000000,592.3761043005,547.7101609771,0.0000000000,0.0000000000,1.0000000000,-0.0359937509,0.0291287486,0.0062609452,0.0003552766,-0.0208418310,0.0000000000,0.0000000000,0.0000000000,0.0000000000,0.0000000000,1,0.000000,0.000000,73.172,750.369,1,1.080,72.938,751.443,65.292,791.094,8.581,779.466,79.689,716.686,134.140,722.905,-2.863982,0.622615,1.810320,3.444895,-0.003276,0.003228,1,4.260000,0.000000,1773.194,886.502,1,1.253,1772.298,886.579,1843.374,934.528,1760.569,935.357,1705.316,840.053,1784.308,843.494,1.893161,0.837221,1.463542,2.535144,4.255296,0.000261,0.0116962177,0.0118054960,-9.7259119684,0.0009195568,-0.0115733386,8.6300415984,0.0001582677,0.0042394547,1.0000000000,0.0115251996,0.0115705001,-9.5390451141,0.0009065523,-0.0114097207,8.5085477417,0.0001519167,0.0041759508,1.0000000000
107,34103388531100,17.5765,1785360872.723,2,1.9598,0.9112,1.8018,0.7909,1.8808,0.8510,127.29,,,,,,,,1.0000,0.0035,0.5051,0.1986,0,frozen,2-tag corner homography,2,1920,1200,0.200000,101;102,1,1,,2-tag corner homography,0.011266,0.474999,101,102,4.734999,4.260000,30,0.050000,0.600000,5.000000,raw-zero-distortion,590.9628888758,0.0000000000,1007.8592059077,0.0000000000,592.3761043005,547.7101609771,0.0000000000,0.0000000000,1.0000000000,-0.0359937509,0.0291287486,0.0062609452,0.0003552766,-0.0208418310,0.0000000000,0.0000000000,0.0000000000,0.0000000000,0.0000000000,1,0.000000,0.000000,73.234,751.330,1,0.701,73.282,751.827,65.413,791.516,8.677,780.587,80.056,716.274,134.920,723.374,-2.833279,0.617328,1.791572,3.408562,-0.000421,0.000595,1,4.260000,0.000000,1772.963,886.088,1,0.927,1772.422,886.454,1844.073,934.562,1760.673,935.530,1705.573,840.149,1783.740,842.732,1.884948,0.833144,1.456956,2.523862,4.255309,0.001170,0.0112145576,0.0111883356,-9.2351597948,0.0008720423,-0.0110148172,8.2177936400,0.0001502290,0.0040151489,1.0000000000,0.0115251996,0.0115705001,-9.5390451141,0.0009065523,-0.0114097207,8.5085477417,0.0001519167,0.0041759508,1.0000000000
108,34103582522299,17.7704,1785360872.948,2,1.9935,0.9198,1.8020,0.7903,1.8977,0.8550,124.06,,,,,,,,1.0000,0.0037,0.5051,0.2312,0,frozen,2-tag corner homography,2,1920,1200,0.200000,101;102,1,1,,2-tag corner homography,0.011793,0.502792,101,102,4.762792,4.260000,30,0.050000,0.600000,5.000000,raw-zero-distortion,590.9628888758,0.0000000000,1007.8592059077,0.0000000000,592.3761043005,547.7101609771,0.0000000000,0.0000000000,1.0000000000,-0.0359937509,0.0291287486,0.0062609452,0.0003552766,-0.0208418310,0.0000000000,0.0000000000,0.0000000000,0.0000000000,0.0000000000,1,0.000000,0.000000,73.165,750.894,1,0.777,72.936,751.726,65.431,791.228,8.540,780.189,79.748,716.559,134.014,723.310,-2.854607,0.621436,1.804391,3.433772,-0.001831,0.001781,1,4.260000,0.000000,1773.267,886.470,1,1.268,1772.379,886.598,1843.546,934.633,1760.716,935.415,1705.372,839.941,1784.271,843.554,1.890984,0.836216,1.461704,2.532125,4.255496,0.000349,0.0116466984,0.0117212742,-9.6623823185,0.0009119736,-0.0114992995,8.5780950287,0.0001564205,0.0042171498,1.0000000000,0.0115251996,0.0115705001,-9.5390451141,0.0009065523,-0.0114097207,8.5085477417,0.0001519167,0.0041759508,1.0000000000
109,34103810089108,17.9980,1785360873.151,2,1.9912,0.9198,1.8020,0.7905,1.8966,0.8552,124.35,,,,,,,,1.0000,0.0036,0.5051,0.2292,0,frozen,2-tag corner homography,2,1920,1200,0.200000,101;102,1,1,,2-tag corner homography,0.014373,0.506924,101,102,4.766924,4.260000,30,0.050000,0.600000,5.000000,raw-zero-distortion,590.9628888758,0.0000000000,1007.8592059077,0.0000000000,592.3761043005,547.7101609771,0.0000000000,0.0000000000,1.0000000000,-0.0359937509,0.0291287486,0.0062609452,0.0003552766,-0.0208418310,0.0000000000,0.0000000000,0.0000000000,0.0000000000,0.0000000000,1,0.000000,0.000000,73.193,751.056,1,0.847,73.176,751.735,65.371,791.344,9.129,780.067,79.896,716.527,134.319,723.374,-2.855073,0.621726,1.805148,3.434610,-0.001301,0.001342,1,4.260000,0.000000,1773.199,886.512,1,1.182,1772.347,886.564,1843.364,934.392,1760.637,935.388,1705.426,840.266,1784.309,843.284,1.894763,0.837836,1.464686,2.537203,4.255294,0.000239,0.0122043742,0.0136223031,-11.1352026571,0.0009626245,-0.0121156134,9.0356923401,0.0001548707,0.0045381806,1.0000000000,0.0115251996,0.0115705001,-9.5390451141,0.0009065523,-0.0114097207,8.5085477417,0.0001519167,0.0041759508,1.0000000000
110,34104001766894,18.1897,1785360873.299,2,1.9932,0.9198,1.8024,0.7906,1.8978,0.8552,124.11,,,,,,,,1.0000,0.0042,0.5051,0.2304,0,frozen,2-tag corner homography,2,1920,1200,0.200000,101;102,1,1,,2-tag corner homography,0.012222,0.501748,101,102,4.761748,4.260000,30,0.050000,0.600000,5.000000,raw-zero-distortion,590.9628888758,0.0000000000,1007.8592059077,0.0000000000,592.3761043005,547.7101609771,0.0000000000,0.0000000000,1.0000000000,-0.0359937509,0.0291287486,0.0062609452,0.0003552766,-0.0208418310,0.0000000000,0.0000000000,0.0000000000,0.0000000000,0.0000000000,1,0.000000,0.000000,73.173,750.869,1,0.816,72.968,751.709,65.316,791.340,8.702,780.145,79.847,716.496,134.010,723.243,-2.851169,0.620659,1.802279,3.429664,-0.001876,0.001852,1,4.260000,0.000000,1772.653,885.868,1,0.944,1772.236,886.489,1843.484,934.377,1760.606,935.305,1706.080,840.275,1783.072,843.109,1.893606,0.837261,1.464004,2.535756,4.254904,0.001619,0.0114390861,0.0114627091,-9.4531439777,0.0008960555,-0.0113056105,8.4334726216,0.0001470613,0.0041328724,1.0000000000,0.0115251996,0.0115705001,-9.5390451141,0.0009065523,-0.0114097207,8.5085477417,0.0001519167,0.0041759508,1.0000000000
111,34104147508024,18.3354,1785360873.489,2,1.9887,0.9167,1.7997,0.7872,1.8942,0.8519,124.39,-0.0065,-0.0091,-0.0039,0.0105,-0.0105,0.05,0.000880,1.0000,0.0045,0.5051,0.2291,0,frozen,2-tag corner homography,2,1920,1200,0.200000,101;102,1,1,,2-tag corner homography,0.011962,0.520853,101,102,4.780853,4.260000,30,0.050000,0.600000,5.000000,raw-zero-distortion,590.9628888758,0.0000000000,1007.8592059077,0.0000000000,592.3761043005,547.7101609771,0.0000000000,0.0000000000,1.0000000000,-0.0359937509,0.0291287486,0.0062609452,0.0003552766,-0.0208418310,0.0000000000,0.0000000000,0.0000000000,0.0000000000,0.0000000000,1,0.000000,0.000000,73.272,750.428,1,0.978,73.064,751.385,64.896,791.046,8.760,779.299,80.281,716.442,134.257,723.135,-2.863441,0.622403,1.810222,3.444356,-0.002833,0.003088,1,4.260000,0.000000,1773.157,886.420,1,1.079,1772.439,886.653,1843.408,934.525,1760.383,935.166,1705.910,840.372,1784.380,843.589,1.900215,0.840368,1.468724,2.544443,4.255318,0.000444,0.0116983200,0.0118575192,-9.7660209619,0.0009228103,-0.0116038704,8.6519914784,0.0001573941,0.0042440698,1.0000000000,0.0115251996,0.0115705001,-9.5390451141,0.0009065523,-0.0114097207,8.5085477417,0.0001519167,0.0041759508,1.0000000000
112,34104356609776,18.5445,1785360873.684,2,1.9600,0.9116,1.8017,0.7908,1.8809,0.8512,127.37,,,,,,,,1.0000,0.0033,0.5051,0.1991,0,frozen,2-tag corner homography,2,1920,1200,0.200000,101;102,1,1,,2-tag corner homography,0.011185,0.485480,101,102,4.745480,4.260000,30,0.050000,0.600000,5.000000,raw-zero-distortion,590.9628888758,0.0000000000,1007.8592059077,0.0000000000,592.3761043005,547.7101609771,0.0000000000,0.0000000000,1.0000000000,-0.0359937509,0.0291287486,0.0062609452,0.0003552766,-0.0208418310,0.0000000000,0.0000000000,0.0000000000,0.0000000000,0.0000000000,1,0.000000,0.000000,73.271,751.195,1,0.709,73.209,751.813,65.461,791.535,8.716,780.450,80.029,716.287,134.606,723.399,-2.838285,0.618327,1.794598,3.414494,-0.000695,0.000976,1,4.260000,0.000000,1773.246,886.359,1,1.062,1772.537,886.578,1843.963,934.499,1760.623,935.571,1705.577,840.295,1784.355,843.044,1.890459,0.835759,1.460995,2.531173,4.255588,0.000599,0.0113857550,0.0113987550,-9.4049166406,0.0008876200,-0.0112015339,8.3568361689,0.0001540100,0.0040925356,1.0000000000,0.0115251996,0.0115705001,-9.5390451141,0.0009065523,-0.0114097207,8.5085477417,0.0001519167,0.0041759508,1.0000000000
113,34104549687565,18.7376,1785360873.849,2,1.9871,0.9183,1.8023,0.7853,1.8947,0.8518,125.76,,,,,,,,1.0000,0.0047,0.5051,0.2277,0,frozen,2-tag corner homography,2,1920,1200,0.200000,101;102,1,1,,2-tag corner homography,0.012001,0.534277,101,102,4.794277,4.260000,30,0.050000,0.600000,5.000000,raw-zero-distortion,590.9628888758,0.0000000000,1007.8592059077,0.0000000000,592.3761043005,547.7101609771,0.0000000000,0.0000000000,1.0000000000,-0.0359937509,0.0291287486,0.0062609452,0.0003552766,-0.0208418310,0.0000000000,0.0000000000,0.0000000000,0.0000000000,0.0000000000,1,0.000000,0.000000,73.599,750.210,1,1.056,73.231,751.384,65.655,791.076,9.176,779.074,80.143,716.545,133.971,723.161,-2.875834,0.625205,1.818381,3.459452,-0.002534,0.003760,1,4.260000,0.000000,1773.093,886.394,1,1.126,1772.347,886.638,1843.447,934.411,1760.546,935.199,1705.681,840.384,1784.087,843.631,1.900866,0.840719,1.469403,2.545437,4.255211,0.000492,0.0115452365,0.0115715766,-9.5417720550,0.0009120728,-0.0114663529,8.5492001524,0.0001550167,0.0041690139,1.0000000000,0.0115251996,0.0115705001,-9.5390451141,0.0009065523,-0.0114097207,8.5085477417,0.0001519167,0.0041759508,1.0000000000
114,34104696690010,18.8846,1785360873.982,2,1.9611,0.9117,1.8019,0.7909,1.8815,0.8513,127.21,0.0054,0.0005,-0.0029,-0.0046,0.0046,-0.87,-0.015107,1.0000,0.0032,0.5051,0.1998,0,frozen,2-tag corner homography,2,1920,1200,0.200000,101;102,1,1,,2-tag corner homography,0.011224,0.482337,101,102,4.742337,4.260000,30,0.050000,0.600000,5.000000,raw-zero-distortion,590.9628888758,0.0000000000,1007.8592059077,0.0000000000,592.3761043005,547.7101609771,0.0000000000,0.0000000000,1.0000000000,-0.0359937509,0.0291287486,0.0062609452,0.0003552766,-0.0208418310,0.0000000000,0.0000000000,0.0000000000,0.0000000000,0.0000000000,1,0.000000,0.000000,73.027,751.299,1,0.775,73.118,751.805,65.163,791.494,8.706,780.429,79.864,716.352,134.696,723.369,-2.839079,0.618415,1.794926,3.415343,-0.001083,0.000636,1,4.260000,0.000000,1773.274,886.354,1,1.071,1772.548,886.534,1844.115,934.590,1760.800,935.606,1705.409,840.144,1784.268,842.947,1.886353,0.833825,1.457802,2.525625,4.255657,0.000617,0.0115888472,0.0116436172,-9.6027603208,0.0009023703,-0.0113915388,8.4985843747,0.0001580074,0.0041850252,1.0000000000,0.0115251996,0.0115705001,-9.5390451141,0.0009065523,-0.0114097207,8.5085477417,0.0001519167,0.0041759508,1.0000000000
115,34104826147444,19.0141,1785360874.090,2,1.9612,0.9115,1.8014,0.7905,1.8813,0.8510,127.14,-0.0333,-0.0020,0.0185,0.0278,-0.0278,3.34,0.058357,1.0000,0.0035,0.5051,0.2005,0,frozen,2-tag corner homography,2,1920,1200,0.200000,101;102,1,1,,2-tag corner homography,0.010875,0.468867,101,102,4.728867,4.260000,30,0.050000,0.600000,5.000000,raw-zero-distortion,590.9628888758,0.0000000000,1007.8592059077,0.0000000000,592.3761043005,547.7101609771,0.0000000000,0.0000000000,1.0000000000,-0.0359937509,0.0291287486,0.0062609452,0.0003552766,-0.0208418310,0.0000000000,0.0000000000,0.0000000000,0.0000000000,0.0000000000,1,0.000000,0.000000,73.123,751.208,1,1.363,73.688,751.631,65.621,791.508,8.775,780.335,79.542,716.721,136.596,722.476,-2.822539,0.614664,1.785556,3.395990,-0.001071,0.000908,1,4.260000,0.000000,1773.065,886.333,1,1.002,1772.387,886.509,1843.729,934.460,1760.560,935.471,1705.489,840.308,1784.122,842.890,1.889999,0.835550,1.460926,2.530720,4.255227,0.000627,0.0115412898,0.0117516090,-9.6848975232,0.0009024700,-0.0113776609,8.4857921778,0.0001393762,0.0042031760,1.0000000000,0.0115251996,0.0115705001,-9.5390451141,0.0009065523,-0.0114097207,8.5085477417,0.0001519167,0.0041759508,1.0000000000
116,34104947562117,19.1355,1785360874.252,2,1.9874,0.9161,1.8033,0.7853,1.8953,0.8507,125.38,0.0265,-0.0023,-0.0173,-0.0203,0.0203,-3.83,-0.066867,1.0000,0.0040,0.5051,0.2259,0,frozen,2-tag corner homography,2,1920,1200,0.200000,101;102,1,1,,2-tag corner homography,0.011739,0.499148,101,102,4.759148,4.260000,30,0.050000,0.600000,5.000000,raw-zero-distortion,590.9628888758,0.0000000000,1007.8592059077,0.0000000000,592.3761043005,547.7101609771,0.0000000000,0.0000000000,1.0000000000,-0.0359937509,0.0291287486,0.0062609452,0.0003552766,-0.0208418310,0.0000000000,0.0000000000,0.0000000000,0.0000000000,0.0000000000,1,0.000000,0.000000,73.653,750.613,1,0.776,73.129,751.676,65.791,791.186,8.482,780.279,80.267,716.482,133.959,723.162,-2.848346,0.620051,1.800805,3.426433,-0.001256,0.002661,1,4.260000,0.000000,1773.175,886.500,1,1.178,1772.309,886.498,1843.382,934.436,1760.512,935.243,1705.296,840.154,1784.414,843.242,1.893900,0.837332,1.464091,2.536048,4.255258,0.000262,0.0115813895,0.0116338705,-9.5936032510,0.0009054450,-0.0114209350,8.5190111269,0.0001604587,0.0041761209,1.0000000000,0.0115251996,0.0115705001,-9.5390451141,0.0009065523,-0.0114097207,8.5085477417,0.0001519167,0.0041759508,1.0000000000
117,34105105591856,19.2935,1785360874.450,2,1.9919,0.9198,1.8019,0.7905,1.8969,0.8551,124.23,0.0475,0.0115,-0.0172,-0.0458,0.0458,-8.80,-0.153669,1.0000,0.0035,0.5051,0.2299,0,frozen,2-tag corner homography,2,1920,1200,0.200000,101;102,1,1,,2-tag corner homography,0.011624,0.503050,101,102,4.763050,4.260000,30,0.050000,0.600000,5.000000,raw-zero-distortion,590.9628888758,0.0000000000,1007.8592059077,0.0000000000,592.3761043005,547.7101609771,0.0000000000,0.0000000000,1.0000000000,-0.0359937509,0.0291287486,0.0062609452,0.0003552766,-0.0208418310,0.0000000000,0.0000000000,0.0000000000,0.0000000000,0.0000000000,1,0.000000,0.000000,73.158,751.127,1,0.805,73.087,751.830,65.440,791.404,8.753,780.357,79.772,716.607,134.365,723.347,-2.849063,0.620646,1.801178,3.427332,-0.001200,0.001139,1,4.260000,0.000000,1773.173,886.425,1,1.110,1772.403,886.566,1843.449,934.404,1760.589,935.260,1705.643,840.320,1784.275,843.344,1.897197,0.838857,1.466461,2.540383,4.255349,0.000435,0.0115338868,0.0116122332,-9.5751302400,0.0009031848,-0.0113999183,8.5050972886,0.0001527342,0.0041692464,1.0000000000,0.0115251996,0.0115705001,-9.5390451141,0.0009065523,-0.0114097207,8.5085477417,0.0001519167,0.0041759508,1.0000000000
118,34105323084682,19.5110,1785360874.698,2,1.9600,0.9111,1.8018,0.7908,1.8809,0.8509,127.27,,,,,,,,1.0000,0.0034,0.5051,0.1988,0,frozen,2-tag corner homography,2,1920,1200,0.200000,101;102,1,1,,2-tag corner homography,0.011025,0.472983,101,102,4.732983,4.260000,30,0.050000,0.600000,5.000000,raw-zero-distortion,590.9628888758,0.0000000000,1007.8592059077,0.0000000000,592.3761043005,547.7101609771,0.0000000000,0.0000000000,1.0000000000,-0.0359937509,0.0291287486,0.0062609452,0.0003552766,-0.0208418310,0.0000000000,0.0000000000,0.0000000000,0.0000000000,0.0000000000,1,0.000000,0.000000,73.079,751.357,1,1.053,73.447,751.767,65.486,791.536,8.830,780.499,79.658,716.546,135.693,722.958,-2.829693,0.616475,1.789620,3.404400,-0.000774,0.000487,1,4.260000,0.000000,1773.025,886.190,1,0.995,1772.371,886.413,1843.856,934.472,1760.530,935.436,1705.419,840.107,1784.043,842.764,1.886679,0.833865,1.458392,2.526221,4.255316,0.000946,0.0114844480,0.0115840694,-9.5536363000,0.0008943924,-0.0112954931,8.4263206940,0.0001482005,0.0041543704,1.0000000000,0.0115251996,0.0115705001,-9.5390451141,0.0009065523,-0.0114097207,8.5085477417,0.0001519167,0.0041759508,1.0000000000
119,34105563993057,19.7519,1785360874.861,2,1.9860,0.9169,1.8030,0.7856,1.8945,0.8513,125.66,,,,,,,,1.0000,0.0035,0.5051,0.2252,0,frozen,2-tag corner homography,2,1920,1200,0.200000,101;102,1,1,,2-tag corner homography,0.012114,0.516002,101,102,4.776002,4.260000,30,0.050000,0.600000,5.000000,raw-zero-distortion,590.9628888758,0.0000000000,1007.8592059077,0.0000000000,592.3761043005,547.7101609771,0.0000000000,0.0000000000,1.0000000000,-0.0359937509,0.0291287486,0.0062609452,0.0003552766,-0.0208418310,0.0000000000,0.0000000000,0.0000000000,0.0000000000,0.0000000000,1,0.000000,0.000000,73.237,750.842,1,0.776,72.895,751.772,65.580,791.089,8.502,780.276,79.718,716.778,133.774,723.318,-2.860836,0.622907,1.808249,3.441244,-0.001773,0.001939,1,4.260000,0.000000,1773.342,886.363,1,1.090,1772.619,886.592,1843.427,934.486,1760.688,935.220,1706.185,840.249,1784.456,843.453,1.898031,0.839054,1.466691,2.541203,4.255795,0.000609,0.0115199655,0.0115908397,-9.5552048908,0.0009036753,-0.0114029141,8.5069247278,0.0001562040,0.0041565636,1.0000000000,0.0115251996,0.0115705001,-9.5390451141,0.0009065523,-0.0114097207,8.5085477417,0.0001519167,0.0041759508,1.0000000000
120,34105705809999,19.8937,1785360874.981,2,1.9606,0.9118,1.8004,0.7912,1.8805,0.8515,126.97,,,,,,,,1.0000,0.0034,0.5051,0.2006,0,frozen,2-tag corner homography,2,1920,1200,0.200000,101;102,1,0,world_rms>0.050,2-tag corner homography,0.055482,0.481581,101,102,4.741581,4.260000,30,0.050000,0.600000,5.000000,raw-zero-distortion,590.9628888758,0.0000000000,1007.8592059077,0.0000000000,592.3761043005,547.7101609771,0.0000000000,0.0000000000,1.0000000000,-0.0359937509,0.0291287486,0.0062609452,0.0003552766,-0.0208418310,0.0000000000,0.0000000000,0.0000000000,0.0000000000,0.0000000000,1,0.000000,0.000000,73.422,751.173,1,0.744,73.367,751.810,65.486,791.560,8.750,780.345,80.271,716.323,134.901,723.442,-2.838593,0.618491,1.795095,3.415041,-0.000335,0.001069,1,4.260000,0.000000,1773.094,886.233,1,0.998,1772.443,886.469,1843.901,934.549,1760.673,935.515,1705.523,840.125,1784.034,842.820,1.886079,0.833657,1.457790,2.525357,4.255413,0.000861,0.0150022591,0.0072360809,-6.5391952580,0.0009111810,-0.0117004624,8.7410725113,0.0002545972,0.0053716027,1.0000000000,0.0115251996,0.0115705001,-9.5390451141,0.0009065523,-0.0114097207,8.5085477417,0.0001519167,0.0041759508,1.0000000000
121,34105821470500,20.0094,1785360875.120,2,1.9927,0.9201,1.8018,0.7903,1.8972,0.8552,124.22,0.0065,0.0148,0.0086,-0.0137,0.0137,-5.05,-0.088218,1.0000,0.0034,0.5051,0.2308,0,frozen,2-tag corner homography,2,1920,1200,0.200000,101;102,1,1,,2-tag corner homography,0.011576,0.510076,101,102,4.770076,4.260000,30,0.050000,0.600000,5.000000,raw-zero-distortion,590.9628888758,0.0000000000,1007.8592059077,0.0000000000,592.3761043005,547.7101609771,0.0000000000,0.0000000000,1.0000000000,-0.0359937509,0.0291287486,0.0062609452,0.0003552766,-0.0208418310,0.0000000000,0.0000000000,0.0000000000,0.0000000000,0.0000000000,1,0.000000,0.000000,73.312,750.994,1,0.810,73.050,751.884,65.622,791.519,8.811,780.279,79.830,716.651,133.964,723.457,-2.854316,0.621931,1.804426,3.433638,-0.001141,0.001538,1,4.260000,0.000000,1773.360,886.499,1,1.199,1772.502,886.582,1843.589,934.320,1760.642,935.299,1705.565,840.335,1784.585,843.427,1.898872,0.839528,1.467565,2.542493,4.255664,0.000299,0.0113957740,0.0113678224,-9.3814053499,0.0008916461,-0.0112582084,8.4000834803,0.0001564432,0.0040912271,1.0000000000,0.0115251996,0.0115705001,-9.5390451141,0.0009065523,-0.0114097207,8.5085477417,0.0001519167,0.0041759508,1.0000000000
122,34105975435950,20.1634,1785360875.262,2,1.9872,0.9176,1.8034,0.7831,1.8953,0.8504,126.19,0.0408,-0.0008,-0.0248,-0.0325,0.0325,-2.78,-0.048452,1.0000,0.0038,0.5051,0.2278,0,frozen,2-tag corner homography,2,1920,1200,0.200000,101;102,1,1,,2-tag corner homography,0.011478,0.526568,101,102,4.786568,4.260000,30,0.050000,0.600000,5.000000,raw-zero-distortion,590.9628888758,0.0000000000,1007.8592059077,0.0000000000,592.3761043005,547.7101609771,0.0000000000,0.0000000000,1.0000000000,-0.0359937509,0.0291287486,0.0062609452,0.0003552766,-0.0208418310,0.0000000000,0.0000000000,0.0000000000,0.0000000000,0.0000000000,1,0.000000,0.000000,73.558,750.540,1,0.961,73.120,751.694,65.592,791.397,8.724,779.465,80.162,716.671,133.990,723.579,-2.871531,0.625144,1.815445,3.454321,-0.001725,0.002843,1,4.260000,0.000000,1773.504,886.696,1,1.293,1772.533,886.637,1843.606,934.575,1760.543,935.223,1705.386,840.173,1784.999,843.654,1.897504,0.839025,1.466449,2.540660,4.255732,-0.000128,0.0115518336,0.0115901832,-9.5584109895,0.0009083313,-0.0114483135,8.5395979179,0.0001582681,0.0041661579,1.0000000000,0.0115251996,0.0115705001,-9.5390451141,0.0009065523,-0.0114097207,8.5085477417,0.0001519167,0.0041759508,1.0000000000
123,34106118637105,20.3066,1785360875.425,2,1.9596,0.9112,1.8010,0.7909,1.8803,0.8510,127.16,-0.0311,-0.0108,0.0102,0.0313,-0.0313,6.64,0.115905,1.0000,0.0032,0.5051,0.1991,0,frozen,2-tag corner homography,2,1920,1200,0.200000,101;102,1,1,,2-tag corner homography,0.015187,0.489993,101,102,4.749993,4.260000,30,0.050000,0.600000,5.000000,raw-zero-distortion,590.9628888758,0.0000000000,1007.8592059077,0.0000000000,592.3761043005,547.7101609771,0.0000000000,0.0000000000,1.0000000000,-0.0359937509,0.0291287486,0.0062609452,0.0003552766,-0.0208418310,0.0000000000,0.0000000000,0.0000000000,0.0000000000,0.0000000000,1,0.000000,0.000000,73.278,751.238,1,0.768,73.268,751.853,65.599,791.535,8.710,780.351,79.910,716.437,134.806,723.495,-2.844223,0.619780,1.798466,3.421727,-0.000556,0.000859,1,4.260000,0.000000,1773.173,886.172,1,1.008,1772.534,886.462,1844.076,934.355,1760.676,935.568,1705.601,840.254,1784.151,842.779,1.888796,0.834744,1.459716,2.528857,4.255662,0.001015,0.0111957978,0.0098494232,-8.2269494536,0.0008575298,-0.0108641458,8.1077377141,0.0001493035,0.0039612819,1.0000000000,0.0115251996,0.0115705001,-9.5390451141,0.0009065523,-0.0114097207,8.5085477417,0.0001519167,0.0041759508,1.0000000000
124,34106264752475,20.4527,1785360875.540,2,1.9605,0.9111,1.8013,0.7914,1.8809,0.8512,126.93,-0.0449,-0.0005,0.0266,0.0362,-0.0362,3.59,0.062647,1.0000,0.0035,0.5051,0.1992,0,frozen,2-tag corner homography,2,1920,1200,0.200000,101;102,1,1,,2-tag corner homography,0.011199,0.482679,101,102,4.742679,4.260000,30,0.050000,0.600000,5.000000,raw-zero-distortion,590.9628888758,0.0000000000,1007.8592059077,0.0000000000,592.3761043005,547.7101609771,0.0000000000,0.0000000000,1.0000000000,-0.0359937509,0.0291287486,0.0062609452,0.0003552766,-0.0208418310,0.0000000000,0.0000000000,0.0000000000,0.0000000000,0.0000000000,1,0.000000,0.000000,73.371,751.143,1,0.772,73.380,751.736,65.477,791.414,8.784,780.349,80.193,716.340,134.997,723.277,-2.837925,0.618129,1.794699,3.414213,-0.000560,0.001139,1,4.260000,0.000000,1773.003,886.133,1,0.916,1772.451,886.463,1844.226,934.564,1760.604,935.387,1705.487,840.223,1783.903,842.833,1.887924,0.834450,1.459201,2.527812,4.255339,0.001073,0.0116012643,0.0116854841,-9.6373747256,0.0009047121,-0.0114186018,8.5177504787,0.0001551834,0.0041970024,1.0000000000,0.0115251996,0.0115705001,-9.5390451141,0.0009065523,-0.0114097207,8.5085477417,0.0001519167,0.0041759508,1.0000000000
125,34106380695911,20.5686,1785360875.653,2,1.9867,0.9169,1.8040,0.7831,1.8954,0.8500,126.20,0.0216,-0.0027,-0.0149,-0.0158,0.0158,-1.18,-0.020614,1.0000,0.0039,0.5051,0.2264,0,frozen,2-tag corner homography,2,1920,1200,0.200000,101;102,1,1,,2-tag corner homography,0.011827,0.533807,101,102,4.793807,4.260000,30,0.050000,0.600000,5.000000,raw-zero-distortion,590.9628888758,0.0000000000,1007.8592059077,0.0000000000,592.3761043005,547.7101609771,0.0000000000,0.0000000000,1.0000000000,-0.0359937509,0.0291287486,0.0062609452,0.0003552766,-0.0208418310,0.0000000000,0.0000000000,0.0000000000,0.0000000000,0.0000000000,1,0.000000,0.000000,73.333,750.539,1,1.000,72.978,751.661,65.572,791.312,8.654,779.435,79.764,716.749,133.914,723.474,-2.874878,0.625678,1.817286,3.458167,-0.002354,0.002794,1,4.260000,0.000000,1773.432,886.353,1,1.180,1772.661,886.639,1843.457,934.281,1760.692,935.353,1706.226,840.354,1784.554,843.577,1.901444,0.840632,1.469247,2.545749,4.256004,0.000647,0.0113393665,0.0113738774,-9.3783268247,0.0008939724,-0.0112669208,8.4040806733,0.0001483563,0.0040835030,1.0000000000,0.0115251996,0.0115705001,-9.5390451141,0.0009065523,-0.0114097207,8.5085477417,0.0001519167,0.0041759508,1.0000000000
126,34106493629212,20.6816,1785360875.779,2,1.9886,0.9204,1.8018,0.7903,1.8952,0.8554,124.83,0.0485,0.0108,-0.0189,-0.0460,0.0460,-6.41,-0.111803,1.0000,0.0031,0.5051,0.2276,0,frozen,2-tag corner homography,2,1920,1200,0.200000,101;102,1,1,,2-tag corner homography,0.011623,0.508303,101,102,4.768303,4.260000,30,0.050000,0.600000,5.000000,raw-zero-distortion,590.9628888758,0.0000000000,1007.8592059077,0.0000000000,592.3761043005,547.7101609771,0.0000000000,0.0000000000,1.0000000000,-0.0359937509,0.0291287486,0.0062609452,0.0003552766,-0.0208418310,0.0000000000,0.0000000000,0.0000000000,0.0000000000,0.0000000000,1,0.000000,0.000000,73.215,751.155,1,0.756,73.070,751.891,65.423,791.452,8.600,780.279,79.893,716.611,134.331,723.607,-2.853580,0.621804,1.804000,3.432779,-0.000963,0.001074,1,4.260000,0.000000,1773.452,886.423,1,1.140,1772.677,886.615,1843.610,934.401,1760.877,935.372,1706.035,840.322,1784.501,843.415,1.897798,0.838942,1.466399,2.540824,4.255959,0.000489,0.0114081372,0.0114632203,-9.4543365770,0.0008941959,-0.0112901673,8.4240183473,0.0001485995,0.0041162116,1.0000000000,0.0115251996,0.0115705001,-9.5390451141,0.0009065523,-0.0114097207,8.5085477417,0.0001519167,0.0041759508,1.0000000000
127,34106646636169,20.8346,1785360875.982,2,1.9592,0.9113,1.8009,0.7914,1.8800,0.8514,127.15,-0.0343,0.0051,0.0248,0.0243,-0.0243,1.72,0.030047,1.0000,0.0035,0.5051,0.1986,0,frozen,2-tag corner homography,2,1920,1200,0.200000,101;102,1,1,,2-tag corner homography,0.011385,0.487494,101,102,4.747494,4.260000,30,0.050000,0.600000,5.000000,raw-zero-distortion,590.9628888758,0.0000000000,1007.8592059077,0.0000000000,592.3761043005,547.7101609771,0.0000000000,0.0000000000,1.0000000000,-0.0359937509,0.0291287486,0.0062609452,0.0003552766,-0.0208418310,0.0000000000,0.0000000000,0.0000000000,0.0000000000,0.0000000000,1,0.000000,0.000000,73.027,751.273,1,0.906,73.168,751.832,65.378,791.488,8.775,780.327,79.621,716.604,134.844,723.319,-2.845594,0.619949,1.799140,3.423251,-0.001156,0.000708,1,4.260000,0.000000,1773.052,886.212,1,1.031,1772.366,886.411,1843.765,934.520,1760.771,935.483,1705.413,840.005,1783.875,842.793,1.884753,0.833013,1.456911,2.523646,4.255348,0.000901,0.0115245563,0.0115859055,-9.5555083030,0.0008978781,-0.0113459789,8.4649387281,0.0001528291,0.0041638214,1.0000000000,0.0115251996,0.0115705001,-9.5390451141,0.0009065523,-0.0114097207,8.5085477417,0.0001519167,0.0041759508,1.0000000000
128,34106829969117,21.0179,1785360876.132,2,1.9931,0.9195,1.8012,0.7910,1.8972,0.8553,123.80,0.0010,0.0013,0.0005,-0.0015,0.0015,-2.63,-0.045902,1.0000,0.0037,0.5051,0.2310,0,frozen,2-tag corner homography,2,1920,1200,0.200000,101;102,1,1,,2-tag corner homography,0.011825,0.499790,101,102,4.759790,4.260000,30,0.050000,0.600000,5.000000,raw-zero-distortion,590.9628888758,0.0000000000,1007.8592059077,0.0000000000,592.3761043005,547.7101609771,0.0000000000,0.0000000000,1.0000000000,-0.0359937509,0.0291287486,0.0062609452,0.0003552766,-0.0208418310,0.0000000000,0.0000000000,0.0000000000,0.0000000000,0.0000000000,1,0.000000,0.000000,73.536,750.782,1,0.762,73.105,751.764,65.504,791.436,8.681,780.226,80.324,716.422,133.922,723.367,-2.847950,0.620216,1.800509,3.425977,-0.001111,0.002170,1,4.260000,0.000000,1773.172,886.343,1,1.064,1772.431,886.468,1843.419,934.300,1760.653,935.283,1705.714,840.291,1784.248,843.046,1.895001,0.837612,1.464709,2.537321,4.255447,0.000622,0.0114116375,0.0114215906,-9.4223630707,0.0008912657,-0.0112529352,8.3947726299,0.0001569123,0.0040994495,1.0000000000,0.0115251996,0.0115705001,-9.5390451141,0.0009065523,-0.0114097207,8.5085477417,0.0001519167,0.0041759508,1.0000000000
129,34106978617695,21.1665,1785360876.286,2,1.9912,0.9196,1.8012,0.7906,1.8962,0.8551,124.17,0.0383,0.0091,-0.0139,-0.0368,0.0368,-7.68,-0.133960,1.0000,0.0033,0.5051,0.2296,0,frozen,2-tag corner homography,2,1920,1200,0.200000,101;102,1,1,,2-tag corner homography,0.011560,0.498968,101,102,4.758968,4.260000,30,0.050000,0.600000,5.000000,raw-zero-distortion,590.9628888758,0.0000000000,1007.8592059077,0.0000000000,592.3761043005,547.7101609771,0.0000000000,0.0000000000,1.0000000000,-0.0359937509,0.0291287486,0.0062609452,0.0003552766,-0.0208418310,0.0000000000,0.0000000000,0.0000000000,0.0000000000,0.0000000000,1,0.000000,0.000000,73.435,751.109,1,0.698,73.218,751.863,65.510,791.441,8.708,780.397,80.236,716.493,134.388,723.529,-2.846878,0.620359,1.800048,3.424869,-0.000480,0.001248,1,4.260000,0.000000,1773.263,886.448,1,1.024,1772.555,886.588,1843.678,934.522,1760.690,935.312,1705.797,840.389,1784.391,843.197,1.895272,0.837894,1.464681,2.537600,4.255514,0.000397,0.0114727449,0.0115270353,-9.5084810365,0.0008970611,-0.0113244311,8.4491276155,0.0001543101,0.0041354529,1.0000000000,0.0115251996,0.0115705001,-9.5390451141,0.0009065523,-0.0114097207,8.5085477417,0.0001519167,0.0041759508,1.0000000000
130,34107142483567,21.3304,1785360876.430,2,1.9592,0.9107,1.8007,0.7908,1.8799,0.8508,127.11,-0.0358,-0.0096,0.0140,0.0343,-0.0343,6.81,0.118803,1.0000,0.0035,0.5051,0.1987,0,frozen,2-tag corner homography,2,1920,1200,0.200000,101;102,1,1,,2-tag corner homography,0.014497,0.482797,101,102,4.742797,4.260000,30,0.050000,0.600000,5.000000,raw-zero-distortion,590.9628888758,0.0000000000,1007.8592059077,0.0000000000,592.3761043005,547.7101609771,0.0000000000,0.0000000000,1.0000000000,-0.0359937509,0.0291287486,0.0062609452,0.0003552766,-0.0208418310,0.0000000000,0.0000000000,0.0000000000,0.0000000000,0.0000000000,1,0.000000,0.000000,73.110,751.384,1,0.889,73.300,751.872,65.419,791.528,8.721,780.534,79.776,716.591,135.194,723.276,-2.837512,0.618397,1.794284,3.413700,-0.000615,0.000422,1,4.260000,0.000000,1773.065,886.347,1,0.956,1772.408,886.486,1843.766,934.525,1760.581,935.440,1705.489,840.298,1784.143,842.781,1.888519,0.834818,1.459742,2.528690,4.255208,0.000594,0.0115379249,0.0128900616,-10.5390075056,0.0009043041,-0.0113966255,8.5011583607,0.0001514239,0.0042186437,1.0000000000,0.0115251996,0.0115705001,-9.5390451141,0.0009065523,-0.0114097207,8.5085477417,0.0001519167,0.0041759508,1.0000000000
131,34107271742758,21.4597,1785360876.551,2,1.9885,0.9166,1.8017,0.7892,1.8951,0.8529,124.29,-0.0162,-0.0088,0.0019,0.0183,-0.0183,2.84,0.049603,1.0000,0.0043,0.5051,0.2261,0,frozen,2-tag corner homography,2,1920,1200,0.200000,101;102,1,1,,2-tag corner homography,0.012214,0.532058,101,102,4.792058,4.260000,30,0.050000,0.600000,5.000000,raw-zero-distortion,590.9628888758,0.0000000000,1007.8592059077,0.0000000000,592.3761043005,547.7101609771,0.0000000000,0.0000000000,1.0000000000,-0.0359937509,0.0291287486,0.0062609452,0.0003552766,-0.0208418310,0.0000000000,0.0000000000,0.0000000000,0.0000000000,0.0000000000,1,0.000000,0.000000,73.143,750.506,1,1.180,73.125,751.447,65.292,791.056,9.296,779.258,79.667,716.818,134.243,722.992,-2.874163,0.624964,1.817119,3.457356,-0.002971,0.002844,1,4.260000,0.000000,1773.187,886.329,1,1.059,1772.522,886.650,1843.458,934.479,1760.619,935.212,1706.138,840.387,1784.181,843.568,1.900356,0.840331,1.468672,2.544505,4.255497,0.000657,0.0115875940,0.0116688378,-9.6175544456,0.0009144704,-0.0115038521,8.5780658869,0.0001566805,0.0041887802,1.0000000000,0.0115251996,0.0115705001,-9.5390451141,0.0009065523,-0.0114097207,8.5085477417,0.0001519167,0.0041759508,1.0000000000
132,34107399614527,21.5875,1785360876.660,2,1.9893,0.9201,1.8015,0.7908,1.8954,0.8554,124.55,0.0375,0.0101,-0.0129,-0.0366,0.0366,-6.16,-0.107500,1.0000,0.0031,0.5051,0.2281,0,frozen,2-tag corner homography,2,1920,1200,0.200000,101;102,1,1,,2-tag corner homography,0.011777,0.513842,101,102,4.773842,4.260000,30,0.050000,0.600000,5.000000,raw-zero-distortion,590.9628888758,0.0000000000,1007.8592059077,0.0000000000,592.3761043005,547.7101609771,0.0000000000,0.0000000000,1.0000000000,-0.0359937509,0.0291287486,0.0062609452,0.0003552766,-0.0208418310,0.0000000000,0.0000000000,0.0000000000,0.0000000000,0.0000000000,1,0.000000,0.000000,73.102,751.144,1,0.845,72.998,751.910,65.276,791.472,8.817,780.298,79.771,716.780,134.126,723.470,-2.855374,0.622205,1.804996,3.434867,-0.001305,0.001078,1,4.260000,0.000000,1773.512,886.461,1,1.293,1772.600,886.594,1843.364,934.180,1760.627,935.336,1705.905,840.275,1784.815,843.589,1.901652,0.840680,1.469525,2.546081,4.256045,0.000414,0.0114378824,0.0114826809,-9.4706086446,0.0008958940,-0.0113150963,8.4429294172,0.0001568106,0.0041138390,1.0000000000,0.0115251996,0.0115705001,-9.5390451141,0.0009065523,-0.0114097207,8.5085477417,0.0001519167,0.0041759508,1.0000000000
133,34107505449865,21.6934,1785360876.802,2,1.9592,0.9105,1.8006,0.7911,1.8799,0.8508,127.00,-0.0259,-0.0013,0.0145,0.0215,-0.0215,4.84,0.084460,1.0000,0.0032,0.5051,0.1985,0,frozen,2-tag corner homography,2,1920,1200,0.200000,101;102,1,1,,2-tag corner homography,0.011191,0.467232,101,102,4.727232,4.260000,30,0.050000,0.600000,5.000000,raw-zero-distortion,590.9628888758,0.0000000000,1007.8592059077,0.0000000000,592.3761043005,547.7101609771,0.0000000000,0.0000000000,1.0000000000,-0.0359937509,0.0291287486,0.0062609452,0.0003552766,-0.0208418310,0.0000000000,0.0000000000,0.0000000000,0.0000000000,0.0000000000,1,0.000000,0.000000,73.536,751.350,1,0.718,73.661,751.770,65.520,791.514,8.816,780.707,80.557,716.171,135.630,723.184,-2.820578,0.614638,1.784264,3.393676,0.000473,0.000608,1,4.260000,0.000000,1773.129,886.142,1,0.938,1772.597,886.552,1844.102,934.472,1760.690,935.560,1705.923,840.378,1784.015,842.894,1.890398,0.835603,1.460834,2.530982,4.255603,0.001076,0.0114721632,0.0115922116,-9.5614814333,0.0008941568,-0.0112810744,8.4153213699,0.0001469495,0.0041513548,1.0000000000,0.0115251996,0.0115705001,-9.5390451141,0.0009065523,-0.0114097207,8.5085477417,0.0001519167,0.0041759508,1.0000000000
134,34107646258555,21.8342,1785360876.915,2,1.9593,0.9111,1.8009,0.7907,1.8801,0.8509,127.23,-0.0500,-0.0131,0.0198,0.0477,-0.0477,8.92,0.155625,1.0000,0.0036,0.5051,0.1990,0,frozen,2-tag corner homography,2,1920,1200,0.200000,101;102,1,1,,2-tag corner homography,0.012171,0.514341,101,102,4.774341,4.260000,30,0.050000,0.600000,5.000000,raw-zero-distortion,590.9628888758,0.0000000000,1007.8592059077,0.0000000000,592.3761043005,547.7101609771,0.0000000000,0.0000000000,1.0000000000,-0.0359937509,0.0291287486,0.0062609452,0.0003552766,-0.0208418310,0.0000000000,0.0000000000,0.0000000000,0.0000000000,0.0000000000,1,0.000000,0.000000,73.159,750.999,1,0.688,72.425,752.064,65.370,791.484,8.745,780.555,79.795,716.504,132.000,724.000,-2.866452,0.624709,1.810889,3.447626,-0.001553,0.001491,1,4.260000,0.000000,1773.212,886.462,1,1.055,1772.497,886.647,1843.879,934.710,1760.563,935.499,1705.556,840.270,1784.365,843.223,1.890363,0.835932,1.460998,2.531160,4.255387,0.000357,0.0113577582,0.0111652160,-9.2213678437,0.0008826852,-0.0111566325,8.3268065699,0.0001770823,0.0040267545,1.0000000000,0.0115251996,0.0115705001,-9.5390451141,0.0009065523,-0.0114097207,8.5085477417,0.0001519167,0.0041759508,1.0000000000
135,34107762268523,21.9502,1785360877.022,2,1.9883,0.9184,1.8014,0.7880,1.8949,0.8532,124.90,0.0207,0.0016,-0.0106,-0.0179,0.0179,-2.22,-0.038664,1.0000,0.0041,0.5051,0.2279,0,frozen,2-tag corner homography,2,1920,1200,0.200000,101;102,1,1,,2-tag corner homography,0.013845,0.508192,101,102,4.768192,4.260000,30,0.050000,0.600000,5.000000,raw-zero-distortion,590.9628888758,0.0000000000,1007.8592059077,0.0000000000,592.3761043005,547.7101609771,0.0000000000,0.0000000000,1.0000000000,-0.0359937509,0.0291287486,0.0062609452,0.0003552766,-0.0208418310,0.0000000000,0.0000000000,0.0000000000,0.0000000000,0.0000000000,1,0.000000,0.000000,72.874,752.598,1,1.354,74.141,751.925,65.398,791.142,14.000,781.000,79.861,716.578,133.806,723.204,-2.855989,0.623148,1.807594,3.436914,0.002114,-0.002967,1,4.260000,0.000000,1773.228,886.439,1,1.196,1772.379,886.532,1843.570,934.465,1760.661,935.232,1705.379,840.115,1784.303,843.433,1.895019,0.837837,1.464823,2.537474,4.255450,0.000413,0.0114883984,0.0110571778,-9.1684522588,0.0008864991,-0.0111868836,8.3459950387,0.0002137918,0.0040030522,1.0000000000,0.0115251996,0.0115705001,-9.5390451141,0.0009065523,-0.0114097207,8.5085477417,0.0001519167,0.0041759508,1.0000000000
136,34107876863688,22.0648,1785360877.214,2,1.9884,0.9208,1.8011,0.7910,1.8948,0.8559,124.73,0.0490,0.0147,-0.0158,-0.0487,0.0487,-7.94,-0.138525,1.0000,0.0033,0.5051,0.2278,0,frozen,2-tag corner homography,2,1920,1200,0.200000,101;102,1,1,,2-tag corner homography,0.011784,0.498813,101,102,4.758813,4.260000,30,0.050000,0.600000,5.000000,raw-zero-distortion,590.9628888758,0.0000000000,1007.8592059077,0.0000000000,592.3761043005,547.7101609771,0.0000000000,0.0000000000,1.0000000000,-0.0359937509,0.0291287486,0.0062609452,0.0003552766,-0.0208418310,0.0000000000,0.0000000000,0.0000000000,0.0000000000,0.0000000000,1,0.000000,0.000000,73.543,750.972,1,0.700,73.324,751.728,65.518,791.359,9.118,780.250,80.428,716.315,134.252,723.382,-2.846331,0.619900,1.799907,3.424258,-0.000563,0.001650,1,4.260000,0.000000,1773.442,886.610,1,1.126,1772.634,886.667,1843.703,934.583,1760.912,935.400,1705.734,840.380,1784.542,843.388,1.895649,0.838169,1.464822,2.538054,4.255705,0.000060,0.0114863311,0.0114891329,-9.4807381442,0.0008986004,-0.0113249174,8.4477126091,0.0001584268,0.0041321278,1.0000000000,0.0115251996,0.0115705001,-9.5390451141,0.0009065523,-0.0114097207,8.5085477417,0.0001519167,0.0041759508,1.0000000000
137,34108061818131,22.2497,1785360877.366,2,1.9595,0.9108,1.8010,0.7912,1.8802,0.8510,127.03,-0.0341,-0.0049,0.0167,0.0302,-0.0302,4.88,0.085193,1.0000,0.0031,0.5051,0.1986,0,frozen,2-tag corner homography,2,1920,1200,0.200000,101;102,1,1,,2-tag corner homography,0.011252,0.488083,101,102,4.748083,4.260000,30,0.050000,0.600000,5.000000,raw-zero-distortion,590.9628888758,0.0000000000,1007.8592059077,0.0000000000,592.3761043005,547.7101609771,0.0000000000,0.0000000000,1.0000000000,-0.0359937509,0.0291287486,0.0062609452,0.0003552766,-0.0208418310,0.0000000000,0.0000000000,0.0000000000,0.0000000000,0.0000000000,1,0.000000,0.000000,73.036,751.385,1,0.872,73.176,751.921,65.542,791.539,8.872,780.547,79.516,716.665,134.747,723.338,-2.844169,0.619915,1.798254,3.421595,-0.000817,0.000401,1,4.260000,0.000000,1773.263,886.259,1,1.051,1772.552,886.441,1844.046,934.442,1760.854,935.537,1705.483,840.122,1784.205,842.802,1.886888,0.833829,1.458207,2.526259,4.255750,0.000831,0.0114712257,0.0114510917,-9.4513480174,0.0008921471,-0.0112803075,8.4170331700,0.0001567339,0.0041274345,1.0000000000,0.0115251996,0.0115705001,-9.5390451141,0.0009065523,-0.0114097207,8.5085477417,0.0001519167,0.0041759508,1.0000000000
138,34108247261647,22.4352,1785360877.547,2,1.9913,0.9196,1.8007,0.7904,1.8960,0.8550,124.14,,,,,,,,1.0000,0.0037,0.5051,0.2304,0,frozen,2-tag corner homography,2,1920,1200,0.200000,101;102,1,1,,2-tag corner homography,0.011647,0.516594,101,102,4.776594,4.260000,30,0.050000,0.600000,5.000000,raw-zero-distortion,590.9628888758,0.0000000000,1007.8592059077,0.0000000000,592.3761043005,547.7101609771,0.0000000000,0.0000000000,1.0000000000,-0.0359937509,0.0291287486,0.0062609452,0.0003552766,-0.0208418310,0.0000000000,0.0000000000,0.0000000000,0.0000000000,0.0000000000,1,0.000000,0.000000,73.163,750.769,1,0.963,72.968,751.717,65.361,791.368,8.713,779.793,79.703,716.732,134.081,723.336,-2.863436,0.623353,1.810033,3.444423,-0.002184,0.002124,1,4.260000,0.000000,1773.370,886.497,1,1.422,1772.327,886.506,1843.315,934.219,1760.655,935.371,1705.186,839.978,1784.543,843.548,1.895876,0.838206,1.465584,2.538675,4.255688,0.000305,0.0115739460,0.0116191097,-9.5804086238,0.0009076159,-0.0114518621,8.5427037194,0.0001576582,0.0041783119,1.0000000000,0.0115251996,0.0115705001,-9.5390451141,0.0009065523,-0.0114097207,8.5085477417,0.0001519167,0.0041759508,1.0000000000
139,34108389520309,22.5774,1785360877.660,2,1.9878,0.9196,1.8009,0.7910,1.8944,0.8553,124.54,0.0417,0.0127,-0.0132,-0.0415,0.0415,-7.41,-0.129276,1.0000,0.0033,0.5051,0.2269,0,frozen,2-tag corner homography,2,1920,1200,0.200000,101;102,1,1,,2-tag corner homography,0.011337,0.505040,101,102,4.765040,4.260000,30,0.050000,0.600000,5.000000,raw-zero-distortion,590.9628888758,0.0000000000,1007.8592059077,0.0000000000,592.3761043005,547.7101609771,0.0000000000,0.0000000000,1.0000000000,-0.0359937509,0.0291287486,0.0062609452,0.0003552766,-0.0208418310,0.0000000000,0.0000000000,0.0000000000,0.0000000000,0.0000000000,1,0.000000,0.000000,73.235,751.145,1,0.796,73.126,751.882,65.598,791.406,8.491,780.325,79.770,716.697,134.581,723.497,-2.852269,0.621528,1.803280,3.431261,-0.000933,0.001104,1,4.260000,0.000000,1773.238,886.393,1,1.091,1772.479,886.526,1843.624,934.338,1760.723,935.327,1705.629,840.340,1784.292,843.169,1.895831,0.838071,1.465259,2.538410,4.255528,0.000519,0.0114886413,0.0115669825,-9.5387055757,0.0008996878,-0.0113648348,8.4796299290,0.0001498481,0.0041531131,1.0000000000,0.0115251996,0.0115705001,-9.5390451141,0.0009065523,-0.0114097207,8.5085477417,0.0001519167,0.0041759508,1.0000000000
140,34108512802270,22.7007,1785360877.784,2,1.9585,0.9113,1.8006,0.7909,1.8795,0.8511,127.31,-0.0287,-0.0058,0.0127,0.0263,-0.0263,5.74,0.100110,1.0000,0.0033,0.5051,0.1985,0,frozen,2-tag corner homography,2,1920,1200,0.200000,101;102,1,1,,2-tag corner homography,0.011271,0.494533,101,102,4.754533,4.260000,30,0.050000,0.600000,5.000000,raw-zero-distortion,590.9628888758,0.0000000000,1007.8592059077,0.0000000000,592.3761043005,547.7101609771,0.0000000000,0.0000000000,1.0000000000,-0.0359937509,0.0291287486,0.0062609452,0.0003552766,-0.0208418310,0.0000000000,0.0000000000,0.0000000000,0.0000000000,0.0000000000,1,0.000000,0.000000,73.066,751.398,1,0.853,73.203,751.922,65.519,791.530,8.817,780.447,79.602,716.640,134.830,723.472,-2.846973,0.620548,1.800079,3.424999,-0.000697,0.000372,1,4.260000,0.000000,1773.095,886.237,1,0.942,1772.485,886.475,1843.814,934.409,1760.614,935.434,1705.722,840.343,1784.118,842.789,1.890588,0.835619,1.461195,2.531338,4.255412,0.000853,0.0113994215,0.0112799324,-9.3176673024,0.0008878227,-0.0112259629,8.3766830940,0.0001519202,0.0040983499,1.0000000000,0.0115251996,0.0115705001,-9.5390451141,0.0009065523,-0.0114097207,8.5085477417,0.0001519167,0.0041759508,1.0000000000
141,34108624794803,22.8127,1785360877.908,2,1.9917,0.9203,1.8009,0.7905,1.8963,0.8554,124.23,-0.0060,-0.0021,0.0017,0.0061,-0.0061,1.40,0.024446,1.0000,0.0036,0.5051,0.2307,0,frozen,2-tag corner homography,2,1920,1200,0.200000,101;102,1,1,,2-tag corner homography,0.011794,0.506779,101,102,4.766779,4.260000,30,0.050000,0.600000,5.000000,raw-zero-distortion,590.9628888758,0.0000000000,1007.8592059077,0.0000000000,592.3761043005,547.7101609771,0.0000000000,0.0000000000,1.0000000000,-0.0359937509,0.0291287486,0.0062609452,0.0003552766,-0.0208418310,0.0000000000,0.0000000000,0.0000000000,0.0000000000,0.0000000000,1,0.000000,0.000000,73.140,750.946,1,0.882,73.023,751.757,65.417,791.370,8.848,780.109,79.694,716.644,134.139,723.278,-2.855395,0.621760,1.805057,3.434835,-0.001751,0.001631,1,4.260000,0.000000,1773.317,886.568,1,1.204,1772.465,886.665,1843.518,934.606,1760.770,935.422,1705.565,840.206,1784.369,843.533,1.894265,0.837739,1.464076,2.536447,4.255483,0.000132,0.0115029596,0.0115235792,-9.5046225157,0.0009012934,-0.0113620536,8.4760222425,0.0001552531,0.0041475519,1.0000000000,0.0115251996,0.0115705001,-9.5390451141,0.0009065523,-0.0114097207,8.5085477417,0.0001519167,0.0041759508,1.0000000000
142,34108756759682,22.9447,1785360878.043,2,1.9861,0.9168,1.8011,0.7872,1.8936,0.8520,125.01,0.0377,0.0014,-0.0205,-0.0316,0.0316,-5.99,-0.104480,1.0000,0.0041,0.5051,0.2259,0,frozen,2-tag corner homography,2,1920,1200,0.200000,101;102,1,1,,2-tag corner homography,0.013831,0.503919,101,102,4.763919,4.260000,30,0.050000,0.600000,5.000000,raw-zero-distortion,590.9628888758,0.0000000000,1007.8592059077,0.0000000000,592.3761043005,547.7101609771,0.0000000000,0.0000000000,1.0000000000,-0.0359937509,0.0291287486,0.0062609452,0.0003552766,-0.0208418310,0.0000000000,0.0000000000,0.0000000000,0.0000000000,0.0000000000,1,0.000000,0.000000,72.924,752.542,1,1.506,74.289,751.870,65.443,791.160,14.000,781.000,79.872,716.672,134.294,722.903,-2.848947,0.621541,1.803423,3.428578,0.002096,-0.002802,1,4.260000,0.000000,1773.319,886.596,1,1.219,1772.450,886.682,1843.502,934.475,1760.746,935.383,1705.530,840.350,1784.400,843.601,1.898081,0.839482,1.467053,2.541591,4.255454,0.000068,0.0114999674,0.0111259007,-9.2220886216,0.0008895188,-0.0112082497,8.3611174690,0.0002092137,0.0040195377,1.0000000000,0.0115251996,0.0115705001,-9.5390451141,0.0009065523,-0.0114097207,8.5085477417,0.0001519167,0.0041759508,1.0000000000
143,34108886057469,23.0740,1785360878.180,2,1.9592,0.9108,1.8005,0.7911,1.8799,0.8509,127.03,-0.0331,-0.0117,0.0105,0.0335,-0.0335,5.77,0.100669,1.0000,0.0033,0.5051,0.1988,0,frozen,2-tag corner homography,2,1920,1200,0.200000,101;102,1,1,,2-tag corner homography,0.011193,0.485953,101,102,4.745953,4.260000,30,0.050000,0.600000,5.000000,raw-zero-distortion,590.9628888758,0.0000000000,1007.8592059077,0.0000000000,592.3761043005,547.7101609771,0.0000000000,0.0000000000,1.0000000000,-0.0359937509,0.0291287486,0.0062609452,0.0003552766,-0.0208418310,0.0000000000,0.0000000000,0.0000000000,0.0000000000,0.0000000000,1,0.000000,0.000000,73.168,751.211,1,0.751,73.181,751.788,65.492,791.455,8.625,780.416,79.817,716.351,134.742,723.350,-2.840313,0.618676,1.795826,3.416889,-0.000935,0.000909,1,4.260000,0.000000,1773.174,886.242,1,1.055,1772.474,886.463,1843.806,934.409,1760.585,935.504,1705.589,840.151,1784.255,842.881,1.888795,0.834810,1.459831,2.528945,4.255579,0.000856,0.0113482734,0.0112661399,-9.3018176060,0.0008836352,-0.0111615324,8.3269966753,0.0001513913,0.0040763499,1.0000000000,0.0115251996,0.0115705001,-9.5390451141,0.0009065523,-0.0114097207,8.5085477417,0.0001519167,0.0041759508,1.0000000000
144,34109031121901,23.2190,1785360878.319,2,1.9586,0.9111,1.8013,0.7908,1.8800,0.8509,127.40,-0.0447,-0.0058,0.0225,0.0390,-0.0390,7.86,0.137223,1.0000,0.0034,0.5051,0.1980,0,frozen,2-tag corner homography,2,1920,1200,0.200000,101;102,1,1,,2-tag corner homography,0.011145,0.495928,101,102,4.755928,4.260000,30,0.050000,0.600000,5.000000,raw-zero-distortion,590.9628888758,0.0000000000,1007.8592059077,0.0000000000,592.3761043005,547.7101609771,0.0000000000,0.0000000000,1.0000000000,-0.0359937509,0.0291287486,0.0062609452,0.0003552766,-0.0208418310,0.0000000000,0.0000000000,0.0000000000,0.0000000000,0.0000000000,1,0.000000,0.000000,73.385,751.015,1,0.768,73.232,751.768,65.507,791.499,8.677,780.127,80.128,716.361,134.577,723.485,-2.847159,0.620139,1.800253,3.425171,-0.000880,0.001495,1,4.260000,0.000000,1773.142,886.047,1,1.021,1772.543,886.454,1844.232,934.230,1760.659,935.517,1705.644,840.299,1784.036,842.879,1.891811,0.836044,1.462029,2.532874,4.255751,0.001296,0.0114572315,0.0114897944,-9.4782531397,0.0008947056,-0.0112974813,8.4279417834,0.0001542557,0.0041277689,1.0000000000,0.0115251996,0.0115705001,-9.5390451141,0.0009065523,-0.0114097207,8.5085477417,0.0001519167,0.0041759508,1.0000000000
145,34109159674887,23.3476,1785360878.444,2,1.9854,0.9172,1.8009,0.7866,1.8932,0.8519,125.28,0.0201,0.0007,-0.0110,-0.0168,0.0168,-2.02,-0.035341,1.0000,0.0043,0.5051,0.2261,0,frozen,2-tag corner homography,2,1920,1200,0.200000,101;102,1,1,,2-tag corner homography,0.011901,0.524097,101,102,4.784097,4.260000,30,0.050000,0.600000,5.000000,raw-zero-distortion,590.9628888758,0.0000000000,1007.8592059077,0.0000000000,592.3761043005,547.7101609771,0.0000000000,0.0000000000,1.0000000000,-0.0359937509,0.0291287486,0.0062609452,0.0003552766,-0.0208418310,0.0000000000,0.0000000000,0.0000000000,0.0000000000,0.0000000000,1,0.000000,0.000000,73.216,750.677,1,0.997,73.122,751.549,65.306,791.129,9.127,779.477,79.868,716.656,134.186,723.278,-2.870309,0.624439,1.814677,3.452775,-0.002295,0.002390,1,4.260000,0.000000,1772.943,886.352,1,1.082,1772.233,886.596,1843.604,934.579,1760.537,935.165,1705.387,840.245,1783.824,843.538,1.896255,0.838702,1.466059,2.539396,4.254935,0.000560,0.0117394746,0.0118085089,-9.7347746636,0.0009244031,-0.0116387044,8.6797974615,0.0001585807,0.0042572575,1.0000000000,0.0115251996,0.0115705001,-9.5390451141,0.0009065523,-0.0114097207,8.5085477417,0.0001519167,0.0041759508,1.0000000000
146,34109296221593,23.4841,1785360878.571,2,1.9858,0.9201,1.8006,0.7906,1.8932,0.8553,124.94,0.0413,0.0123,-0.0136,-0.0409,0.0409,-7.22,-0.125937,1.0000,0.0039,0.5051,0.2260,0,frozen,2-tag corner homography,2,1920,1200,0.200000,101;102,1,1,,2-tag corner homography,0.011764,0.530530,101,102,4.790530,4.260000,30,0.050000,0.600000,5.000000,raw-zero-distortion,590.9628888758,0.0000000000,1007.8592059077,0.0000000000,592.3761043005,547.7101609771,0.0000000000,0.0000000000,1.0000000000,-0.0359937509,0.0291287486,0.0062609452,0.0003552766,-0.0208418310,0.0000000000,0.0000000000,0.0000000000,0.0000000000,0.0000000000,1,0.000000,0.000000,73.120,750.751,1,1.056,73.068,751.637,65.510,791.287,9.299,779.392,79.505,716.741,134.010,723.426,-2.877653,0.626268,1.819215,3.461595,-0.002353,0.002164,1,4.260000,0.000000,1773.249,886.409,1,1.237,1772.395,886.576,1843.480,934.420,1760.633,935.376,1705.526,840.112,1784.306,843.495,1.895059,0.837946,1.464823,2.537539,4.255534,0.000485,0.0114448267,0.0114185240,-9.4203574920,0.0008996508,-0.0113377078,8.4564387748,0.0001574051,0.0041135823,1.0000000000,0.0115251996,0.0115705001,-9.5390451141,0.0009065523,-0.0114097207,8.5085477417,0.0001519167,0.0041759508,1.0000000000
147,34109421689467,23.6096,1785360878.700,2,1.9592,0.9115,1.8004,0.7911,1.8798,0.8513,127.18,-0.0221,0.0025,0.0154,0.0161,-0.0161,2.72,0.047526,1.0000,0.0035,0.5051,0.1992,0,frozen,2-tag corner homography,2,1920,1200,0.200000,101;102,1,1,,2-tag corner homography,0.011149,0.487040,101,102,4.747040,4.260000,30,0.050000,0.600000,5.000000,raw-zero-distortion,590.9628888758,0.0000000000,1007.8592059077,0.0000000000,592.3761043005,547.7101609771,0.0000000000,0.0000000000,1.0000000000,-0.0359937509,0.0291287486,0.0062609452,0.0003552766,-0.0208418310,0.0000000000,0.0000000000,0.0000000000,0.0000000000,0.0000000000,1,0.000000,0.000000,73.106,751.225,1,0.840,73.152,751.836,65.414,791.536,8.663,780.413,79.731,716.511,134.749,723.307,-2.841336,0.619025,1.796416,3.418112,-0.001067,0.000856,1,4.260000,0.000000,1773.061,886.187,1,0.945,1772.467,886.472,1844.014,934.420,1760.565,935.510,1705.583,840.317,1784.068,842.742,1.888838,0.834858,1.459877,2.529019,4.255398,0.000960,0.0114257753,0.0114731600,-9.4633564939,0.0008901652,-0.0112448393,8.3895521998,0.0001546650,0.0041119660,1.0000000000,0.0115251996,0.0115705001,-9.5390451141,0.0009065523,-0.0114097207,8.5085477417,0.0001519167,0.0041759508,1.0000000000
148,34109585803225,23.7737,1785360878.924,2,1.9928,0.9190,1.8005,0.7908,1.8967,0.8549,123.68,0.0082,0.0004,-0.0043,-0.0070,0.0070,-3.52,-0.061441,1.0000,0.0036,0.5051,0.2311,0,frozen,2-tag corner homography,2,1920,1200,0.200000,101;102,1,1,,2-tag corner homography,0.011636,0.501631,101,102,4.761631,4.260000,30,0.050000,0.600000,5.000000,raw-zero-distortion,590.9628888758,0.0000000000,1007.8592059077,0.0000000000,592.3761043005,547.7101609771,0.0000000000,0.0000000000,1.0000000000,-0.0359937509,0.0291287486,0.0062609452,0.0003552766,-0.0208418310,0.0000000000,0.0000000000,0.0000000000,0.0000000000,0.0000000000,1,0.000000,0.000000,73.239,750.947,1,0.736,72.948,751.801,65.495,791.391,8.530,780.302,79.838,716.481,133.934,723.413,-2.850779,0.620839,1.801994,3.429222,-0.001475,0.001651,1,4.260000,0.000000,1773.188,886.402,1,0.972,1772.535,886.588,1843.672,934.595,1760.601,935.310,1705.865,840.371,1784.321,843.142,1.893881,0.837300,1.463645,2.535767,4.255408,0.000490,0.0113648006,0.0113752524,-9.3826474833,0.0008886051,-0.0112136537,8.3659662593,0.0001539756,0.0040830901,1.0000000000,0.0115251996,0.0115705001,-9.5390451141,0.0009065523,-0.0114097207,8.5085477417,0.0001519167,0.0041759508,1.0000000000
149,34109800515425,23.9884,1785360879.092,2,1.9858,0.9172,1.8015,0.7855,1.8937,0.8513,125.56,,,,,,,,1.0000,0.0041,0.5051,0.2266,0,frozen,2-tag corner homography,2,1920,1200,0.200000,101;102,1,1,,2-tag corner homography,0.011891,0.536838,101,102,4.796838,4.260000,30,0.050000,0.600000,5.000000,raw-zero-distortion,590.9628888758,0.0000000000,1007.8592059077,0.0000000000,592.3761043005,547.7101609771,0.0000000000,0.0000000000,1.0000000000,-0.0359937509,0.0291287486,0.0062609452,0.0003552766,-0.0208418310,0.0000000000,0.0000000000,0.0000000000,0.0000000000,0.0000000000,1,0.000000,0.000000,73.250,750.590,1,1.040,73.131,751.526,65.467,791.111,9.381,779.279,79.760,716.696,133.960,723.320,-2.878938,0.626248,1.820149,3.463150,-0.002441,0.002637,1,4.260000,0.000000,1773.336,886.563,1,1.292,1772.388,886.572,1843.303,934.343,1760.627,935.160,1705.442,840.198,1784.558,843.652,1.900231,0.840228,1.468833,2.544471,4.255532,0.000148,0.0115587512,0.0115669016,-9.5397223947,0.0009108603,-0.0114696489,8.5534739475,0.0001610789,0.0041629148,1.0000000000,0.0115251996,0.0115705001,-9.5390451141,0.0009065523,-0.0114097207,8.5085477417,0.0001519167,0.0041759508,1.0000000000
150,34109932181951,24.1201,1785360879.208,2,1.9591,0.9113,1.8002,0.7913,1.8797,0.8513,127.03,-0.0436,-0.0106,0.0178,0.0412,-0.0412,9.08,0.158536,1.0000,0.0037,0.5051,0.1991,0,frozen,2-tag corner homography,2,1920,1200,0.200000,101;102,1,1,,2-tag corner homography,0.011093,0.473031,101,102,4.733031,4.260000,30,0.050000,0.600000,5.000000,raw-zero-distortion,590.9628888758,0.0000000000,1007.8592059077,0.0000000000,592.3761043005,547.7101609771,0.0000000000,0.0000000000,1.0000000000,-0.0359937509,0.0291287486,0.0062609452,0.0003552766,-0.0208418310,0.0000000000,0.0000000000,0.0000000000,0.0000000000,0.0000000000,1,0.000000,0.000000,73.369,751.100,1,0.846,73.484,751.634,65.340,791.474,8.811,780.241,80.316,716.168,135.367,723.115,-2.830113,0.616187,1.789957,3.404875,-0.000686,0.001257,1,4.260000,0.000000,1772.965,886.258,1,0.860,1772.436,886.544,1844.132,934.740,1760.505,935.470,1705.523,840.315,1783.969,842.795,1.886233,0.833919,1.457922,2.525635,4.255099,0.000780,0.0115318015,0.0117157658,-9.6550267328,0.0009000541,-0.0113423910,8.4594601964,0.0001514892,0.0041740521,1.0000000000,0.0115251996,0.0115705001,-9.5390451141,0.0009065523,-0.0114097207,8.5085477417,0.0001519167,0.0041759508,1.0000000000
151,34110058489548,24.2464,1785360879.346,2,1.9915,0.9187,1.8000,0.7906,1.8957,0.8546,123.78,-0.0083,0.0056,0.0092,0.0037,-0.0037,-1.96,-0.034194,1.0000,0.0036,0.5051,0.2303,0,frozen,2-tag corner homography,2,1920,1200,0.200000,101;102,1,1,,2-tag corner homography,0.011662,0.496415,101,102,4.756415,4.260000,30,0.050000,0.600000,5.000000,raw-zero-distortion,590.9628888758,0.0000000000,1007.8592059077,0.0000000000,592.3761043005,547.7101609771,0.0000000000,0.0000000000,1.0000000000,-0.0359937509,0.0291287486,0.0062609452,0.0003552766,-0.0208418310,0.0000000000,0.0000000000,0.0000000000,0.0000000000,0.0000000000,1,0.000000,0.000000,73.421,750.920,1,0.745,73.117,751.788,65.465,791.365,8.615,780.354,80.188,716.516,134.176,723.325,-2.846454,0.619969,1.799586,3.424204,-0.001046,0.001767,1,4.260000,0.000000,1773.147,886.298,1,1.090,1772.397,886.455,1843.641,934.371,1760.569,935.281,1705.500,840.168,1784.241,843.094,1.893102,0.836780,1.463307,2.534818,4.255448,0.000720,0.0115823782,0.0116415983,-9.6006439175,0.0009040345,-0.0114168069,8.5172910994,0.0001599967,0.0041777760,1.0000000000,0.0115251996,0.0115705001,-9.5390451141,0.0009065523,-0.0114097207,8.5085477417,0.0001519167,0.0041759508,1.0000000000
152,34110188199910,24.3761,1785360879.452,2,1.9877,0.9182,1.8004,0.7853,1.8940,0.8518,125.37,0.0369,0.0028,-0.0190,-0.0317,0.0317,-5.11,-0.089106,1.0000,0.0038,0.5051,0.2297,0,frozen,2-tag corner homography,2,1920,1200,0.200000,101;102,1,1,,2-tag corner homography,0.011994,0.512704,101,102,4.772704,4.260000,30,0.050000,0.600000,5.000000,raw-zero-distortion,590.9628888758,0.0000000000,1007.8592059077,0.0000000000,592.3761043005,547.7101609771,0.0000000000,0.0000000000,1.0000000000,-0.0359937509,0.0291287486,0.0062609452,0.0003552766,-0.0208418310,0.0000000000,0.0000000000,0.0000000000,0.0000000000,0.0000000000,1,0.000000,0.000000,73.121,750.823,1,0.831,72.864,751.720,65.264,791.049,8.579,780.167,79.761,716.824,133.829,723.222,-2.861223,0.622812,1.808433,3.441645,-0.002150,0.001966,1,4.260000,0.000000,1773.255,886.452,1,1.221,1772.380,886.522,1843.583,934.493,1760.660,935.225,1705.325,840.048,1784.360,843.450,1.894209,0.837453,1.464194,2.536379,4.255494,0.000388,0.0118735810,0.0119910884,-9.8809264535,0.0009298968,-0.0117331111,8.7526373527,0.0001684563,0.0043051504,1.0000000000,0.0115251996,0.0115705001,-9.5390451141,0.0009065523,-0.0114097207,8.5085477417,0.0001519167,0.0041759508,1.0000000000
153,34110295681717,24.4836,1785360879.559,2,1.9591,0.9113,1.7997,0.7913,1.8794,0.8513,126.98,-0.0292,-0.0082,0.0110,0.0283,-0.0283,6.73,0.117420,1.0000,0.0033,0.5051,0.1995,0,frozen,2-tag corner homography,2,1920,1200,0.200000,101;102,1,1,,2-tag corner homography,0.011153,0.477904,101,102,4.737904,4.260000,30,0.050000,0.600000,5.000000,raw-zero-distortion,590.9628888758,0.0000000000,1007.8592059077,0.0000000000,592.3761043005,547.7101609771,0.0000000000,0.0000000000,1.0000000000,-0.0359937509,0.0291287486,0.0062609452,0.0003552766,-0.0208418310,0.0000000000,0.0000000000,0.0000000000,0.0000000000,0.0000000000,1,0.000000,0.000000,73.092,751.228,1,0.933,73.331,751.692,65.303,791.456,8.680,780.341,79.843,716.360,135.389,723.071,-2.832463,0.616774,1.791150,3.407561,-0.001101,0.000846,1,4.260000,0.000000,1773.260,886.405,1,1.227,1772.417,886.579,1843.911,934.593,1760.778,935.540,1705.220,839.998,1784.195,843.362,1.888803,0.835161,1.459945,2.529132,4.255562,0.000496,0.0116096867,0.0117223341,-9.6645922880,0.0009074325,-0.0114391756,8.5325432831,0.0001469580,0.0042185568,1.0000000000,0.0115251996,0.0115705001,-9.5390451141,0.0009065523,-0.0114097207,8.5085477417,0.0001519167,0.0041759508,1.0000000000
154,34110402831691,24.5908,1785360879.723,2,1.9592,0.9117,1.8000,0.7912,1.8796,0.8515,127.13,-0.0455,-0.0088,0.0205,0.0416,-0.0416,9.00,0.157054,1.0000,0.0033,0.5051,0.1996,0,frozen,2-tag corner homography,2,1920,1200,0.200000,101;102,1,0,world_rms>0.050,2-tag corner homography,3.129124,0.486193,101,102,4.746193,4.260000,30,0.050000,0.600000,5.000000,raw-zero-distortion,590.9628888758,0.0000000000,1007.8592059077,0.0000000000,592.3761043005,547.7101609771,0.0000000000,0.0000000000,1.0000000000,-0.0359937509,0.0291287486,0.0062609452,0.0003552766,-0.0208418310,0.0000000000,0.0000000000,0.0000000000,0.0000000000,0.0000000000,1,0.000000,0.000000,73.317,751.144,1,0.870,73.474,751.646,65.243,791.343,8.877,780.199,80.310,716.327,135.356,723.171,-2.836443,0.617597,1.793942,3.412486,-0.000710,0.001127,1,4.260000,0.000000,1773.222,886.289,1,1.167,1772.460,886.573,1844.009,934.490,1760.598,935.411,1705.426,840.125,1784.241,843.410,1.893126,0.837013,1.463205,2.534854,4.255624,0.000755,0.0001408603,-0.0018721082,1.4067556594,0.0000994729,-0.0010238116,0.7619529327,0.0004374039,-0.0019637622,1.0000000000,0.0115251996,0.0115705001,-9.5390451141,0.0009065523,-0.0114097207,8.5085477417,0.0001519167,0.0041759508,1.0000000000
155,34110566996376,24.7549,1785360879.902,2,1.9880,0.9187,1.8007,0.7893,1.8943,0.8540,124.64,0.0359,0.0065,-0.0150,-0.0333,0.0333,-5.33,-0.092982,1.0000,0.0040,0.5051,0.2276,0,frozen,2-tag corner homography,2,1920,1200,0.200000,101;102,1,1,,2-tag corner homography,0.014031,0.510203,101,102,4.770203,4.260000,30,0.050000,0.600000,5.000000,raw-zero-distortion,590.9628888758,0.0000000000,1007.8592059077,0.0000000000,592.3761043005,547.7101609771,0.0000000000,0.0000000000,1.0000000000,-0.0359937509,0.0291287486,0.0062609452,0.0003552766,-0.0208418310,0.0000000000,0.0000000000,0.0000000000,0.0000000000,0.0000000000,1,0.000000,0.000000,72.880,752.583,1,1.478,74.244,751.880,65.351,791.052,14.000,781.000,79.898,716.721,134.180,722.997,-2.853540,0.622545,1.806244,3.434060,0.002087,-0.002924,1,4.260000,0.000000,1773.289,886.349,1,1.045,1772.608,886.606,1843.565,934.463,1760.597,935.184,1706.135,840.372,1784.441,843.440,1.899692,0.839835,1.467995,2.543454,4.255697,0.000631,0.0114697422,0.0111203052,-9.2152724886,0.0008873223,-0.0111900218,8.3477801535,0.0002101618,0.0040044926,1.0000000000,0.0115251996,0.0115705001,-9.5390451141,0.0009065523,-0.0114097207,8.5085477417,0.0001519167,0.0041759508,1.0000000000
156,34110771262397,24.9592,1785360880.104,2,1.9876,0.9206,1.8000,0.7907,1.8938,0.8556,124.68,,,,,,,,1.0000,0.0035,0.5051,0.2281,0,frozen,2-tag corner homography,2,1920,1200,0.200000,101;102,1,1,,2-tag corner homography,0.011443,0.498912,101,102,4.758912,4.260000,30,0.050000,0.600000,5.000000,raw-zero-distortion,590.9628888758,0.0000000000,1007.8592059077,0.0000000000,592.3761043005,547.7101609771,0.0000000000,0.0000000000,1.0000000000,-0.0359937509,0.0291287486,0.0062609452,0.0003552766,-0.0208418310,0.0000000000,0.0000000000,0.0000000000,0.0000000000,0.0000000000,1,0.000000,0.000000,73.305,750.934,1,0.811,73.053,751.815,65.608,791.462,8.552,780.351,79.828,716.583,134.209,723.265,-2.846903,0.620108,1.799747,3.424687,-0.001330,0.001701,1,4.260000,0.000000,1773.253,886.315,1,1.099,1772.493,886.472,1843.808,934.381,1760.556,935.204,1705.549,840.191,1784.450,843.201,1.895216,0.837651,1.464756,2.537521,4.255659,0.000702,0.0114674085,0.0114857757,-9.4745780541,0.0008957599,-0.0113137188,8.4407455191,0.0001553052,0.0041302871,1.0000000000,0.0115251996,0.0115705001,-9.5390451141,0.0009065523,-0.0114097207,8.5085477417,0.0001519167,0.0041759508,1.0000000000
157,34110951932253,25.1399,1785360880.208,2,1.9600,0.9110,1.8002,0.7910,1.8801,0.8510,126.91,,,,,,,,1.0000,0.0034,0.5051,0.1999,0,frozen,2-tag corner homography,2,1920,1200,0.200000,101;102,1,1,,2-tag corner homography,0.011450,0.489064,101,102,4.749064,4.260000,30,0.050000,0.600000,5.000000,raw-zero-distortion,590.9628888758,0.0000000000,1007.8592059077,0.0000000000,592.3761043005,547.7101609771,0.0000000000,0.0000000000,1.0000000000,-0.0359937509,0.0291287486,0.0062609452,0.0003552766,-0.0208418310,0.0000000000,0.0000000000,0.0000000000,0.0000000000,0.0000000000,1,0.000000,0.000000,73.180,751.092,1,0.798,73.194,751.700,65.284,791.404,8.708,780.145,79.993,716.314,134.738,723.352,-2.844144,0.619251,1.798273,3.421463,-0.001234,0.001240,1,4.260000,0.000000,1773.310,886.460,1,1.288,1772.408,886.585,1843.764,934.660,1760.861,935.528,1705.215,839.874,1784.216,843.470,1.887898,0.834787,1.459264,2.527940,4.255602,0.000379,0.0116055772,0.0117573288,-9.6891159960,0.0009082679,-0.0114481823,8.5393165074,0.0001505420,0.0042111158,1.0000000000,0.0115251996,0.0115705001,-9.5390451141,0.0009065523,-0.0114097207,8.5085477417,0.0001519167,0.0041759508,1.0000000000
158,34111059292445,25.2472,1785360880.371,2,1.9853,0.9170,1.8006,0.7858,1.8930,0.8514,125.39,-0.0100,-0.0158,-0.0070,0.0173,-0.0173,3.41,0.059453,1.0000,0.0045,0.5051,0.2265,0,frozen,2-tag corner homography,2,1920,1200,0.200000,101;102,1,1,,2-tag corner homography,0.011940,0.514519,101,102,4.774519,4.260000,30,0.050000,0.600000,5.000000,raw-zero-distortion,590.9628888758,0.0000000000,1007.8592059077,0.0000000000,592.3761043005,547.7101609771,0.0000000000,0.0000000000,1.0000000000,-0.0359937509,0.0291287486,0.0062609452,0.0003552766,-0.0208418310,0.0000000000,0.0000000000,0.0000000000,0.0000000000,0.0000000000,1,0.000000,0.000000,73.486,750.285,1,0.971,73.131,751.371,65.204,791.038,8.603,779.345,80.364,716.435,134.280,723.055,-2.861145,0.621905,1.808900,3.441662,-0.002640,0.003530,1,4.260000,0.000000,1773.165,886.406,1,1.040,1772.476,886.627,1843.452,934.501,1760.608,935.363,1705.922,840.394,1784.221,843.299,1.896080,0.838434,1.465458,2.538830,4.255353,0.000477,0.0116417866,0.0117948484,-9.7153759032,0.0009168952,-0.0115307932,8.5973063653,0.0001557756,0.0042196175,1.0000000000,0.0115251996,0.0115705001,-9.5390451141,0.0009065523,-0.0114097207,8.5085477417,0.0001519167,0.0041759508,1.0000000000
159,34111247769213,25.4357,1785360880.553,2,1.9856,0.9203,1.7998,0.7907,1.8927,0.8555,124.90,0.0297,0.0107,-0.0082,-0.0305,0.0305,-4.68,-0.081679,1.0000,0.0035,0.5051,0.2265,0,frozen,2-tag corner homography,2,1920,1200,0.200000,101;102,1,1,,2-tag corner homography,0.011698,0.493592,101,102,4.753592,4.260000,30,0.050000,0.600000,5.000000,raw-zero-distortion,590.9628888758,0.0000000000,1007.8592059077,0.0000000000,592.3761043005,547.7101609771,0.0000000000,0.0000000000,1.0000000000,-0.0359937509,0.0291287486,0.0062609452,0.0003552766,-0.0208418310,0.0000000000,0.0000000000,0.0000000000,0.0000000000,0.0000000000,1,0.000000,0.000000,73.362,750.922,1,0.694,73.056,751.745,65.150,791.399,8.533,780.253,80.382,716.318,134.130,723.429,-2.844269,0.619325,1.798088,3.421484,-0.001204,0.001746,1,4.260000,0.000000,1773.241,886.426,1,1.139,1772.415,886.457,1843.507,934.453,1760.684,935.231,1705.453,840.092,1784.375,843.151,1.892508,0.836501,1.462812,2.533997,4.255495,0.000445,0.0115861565,0.0116512693,-9.6070209442,0.0009045252,-0.0114198454,8.5191074207,0.0001582346,0.0041836926,1.0000000000,0.0115251996,0.0115705001,-9.5390451141,0.0009065523,-0.0114097207,8.5085477417,0.0001519167,0.0041759508,1.0000000000
160,34111402490417,25.5904,1785360880.677,2,1.9592,0.9105,1.8001,0.7908,1.8796,0.8506,126.97,-0.0219,0.0016,0.0144,0.0165,-0.0165,2.23,0.038985,1.0000,0.0035,0.5051,0.1992,0,frozen,2-tag corner homography,2,1920,1200,0.200000,101;102,1,1,,2-tag corner homography,0.011384,0.492354,101,102,4.752354,4.260000,30,0.050000,0.600000,5.000000,raw-zero-distortion,590.9628888758,0.0000000000,1007.8592059077,0.0000000000,592.3761043005,547.7101609771,0.0000000000,0.0000000000,1.0000000000,-0.0359937509,0.0291287486,0.0062609452,0.0003552766,-0.0208418310,0.0000000000,0.0000000000,0.0000000000,0.0000000000,0.0000000000,1,0.000000,0.000000,73.064,751.202,1,0.796,73.128,751.756,65.252,791.329,8.728,780.249,79.828,716.456,134.655,723.395,-2.847791,0.620170,1.800452,3.425807,-0.001250,0.000910,1,4.260000,0.000000,1773.192,886.448,1,1.140,1772.375,886.506,1843.701,934.616,1760.686,935.435,1705.242,840.029,1784.260,843.092,1.887434,0.834424,1.458967,2.527302,4.255359,0.000384,0.0116047067,0.0117759023,-9.7028893484,0.0009066223,-0.0114399601,8.5339921441,0.0001572164,0.0041981180,1.0000000000,0.0115251996,0.0115705001,-9.5390451141,0.0009065523,-0.0114097207,8.5085477417,0.0001519167,0.0041759508,1.0000000000
161,34111524080624,25.7120,1785360880.835,2,1.9835,0.9178,1.8003,0.7858,1.8919,0.8518,125.78,-0.0114,-0.0093,-0.0009,0.0147,-0.0147,3.18,0.055575,1.0000,0.0042,0.5051,0.2258,0,frozen,2-tag corner homography,2,1920,1200,0.200000,101;102,1,1,,2-tag corner homography,0.012061,0.530825,101,102,4.790825,4.260000,30,0.050000,0.600000,5.000000,raw-zero-distortion,590.9628888758,0.0000000000,1007.8592059077,0.0000000000,592.3761043005,547.7101609771,0.0000000000,0.0000000000,1.0000000000,-0.0359937509,0.0291287486,0.0062609452,0.0003552766,-0.0208418310,0.0000000000,0.0000000000,0.0000000000,0.0000000000,0.0000000000,1,0.000000,0.000000,73.109,750.616,1,1.031,72.995,751.538,65.316,791.063,9.205,779.433,79.633,716.754,133.862,723.220,-2.876052,0.625567,1.818061,3.459531,-0.002762,0.002534,1,4.260000,0.000000,1773.252,886.574,1,1.198,1772.393,886.634,1843.416,934.538,1760.749,935.261,1705.490,840.252,1784.292,843.583,1.897079,0.838983,1.466389,2.540295,4.255335,0.000107,0.0116580432,0.0116952166,-9.6420657952,0.0009178846,-0.0115547975,8.6172091980,0.0001627112,0.0042091436,1.0000000000,0.0115251996,0.0115705001,-9.5390451141,0.0009065523,-0.0114097207,8.5085477417,0.0001519167,0.0041759508,1.0000000000
162,34111703140563,25.8911,1785360880.999,2,1.9906,0.9203,1.8000,0.7909,1.8953,0.8556,124.18,0.0383,0.0120,-0.0116,-0.0384,0.0384,-6.95,-0.121294,1.0000,0.0033,0.5051,0.2304,0,frozen,2-tag corner homography,2,1920,1200,0.200000,101;102,1,1,,2-tag corner homography,0.011987,0.496814,101,102,4.756814,4.260000,30,0.050000,0.600000,5.000000,raw-zero-distortion,590.9628888758,0.0000000000,1007.8592059077,0.0000000000,592.3761043005,547.7101609771,0.0000000000,0.0000000000,1.0000000000,-0.0359937509,0.0291287486,0.0062609452,0.0003552766,-0.0208418310,0.0000000000,0.0000000000,0.0000000000,0.0000000000,0.0000000000,1,0.000000,0.000000,73.492,750.903,1,0.637,73.155,751.706,65.328,791.315,8.825,780.359,80.502,716.208,133.982,723.350,-2.842115,0.618802,1.796916,3.418983,-0.000894,0.001827,1,4.260000,0.000000,1773.448,886.579,1,1.167,1772.610,886.638,1843.359,934.422,1760.833,935.373,1705.932,840.376,1784.608,843.412,1.898106,0.839211,1.466767,2.541355,4.255756,0.000131,0.0114111416,0.0114198218,-9.4210196675,0.0008925872,-0.0112515060,8.3929047613,0.0001565524,0.0041000981,1.0000000000,0.0115251996,0.0115705001,-9.5390451141,0.0009065523,-0.0114097207,8.5085477417,0.0001519167,0.0041759508,1.0000000000
163,34111840358086,26.0283,1785360881.169,2,1.9580,0.9112,1.7995,0.7916,1.8787,0.8514,127.02,-0.0176,0.0032,0.0132,0.0121,-0.0121,0.49,0.008493,1.0000,0.0032,0.5051,0.1985,0,frozen,2-tag corner homography,2,1920,1200,0.200000,101;102,1,1,,2-tag corner homography,0.011366,0.478889,101,102,4.738889,4.260000,30,0.050000,0.600000,5.000000,raw-zero-distortion,590.9628888758,0.0000000000,1007.8592059077,0.0000000000,592.3761043005,547.7101609771,0.0000000000,0.0000000000,1.0000000000,-0.0359937509,0.0291287486,0.0062609452,0.0003552766,-0.0208418310,0.0000000000,0.0000000000,0.0000000000,0.0000000000,0.0000000000,1,0.000000,0.000000,73.458,751.146,1,0.602,73.348,751.722,65.300,791.433,8.862,780.500,80.564,716.054,134.638,723.344,-2.831244,0.616610,1.790412,3.406130,-0.000313,0.001152,1,4.260000,0.000000,1773.246,886.317,1,1.094,1772.493,886.477,1843.860,934.406,1760.578,935.411,1705.489,840.173,1784.420,843.016,1.891138,0.835860,1.461604,2.532065,4.255643,0.000696,0.0114953930,0.0115434356,-9.5224083158,0.0008950731,-0.0112950443,8.4254283597,0.0001590266,0.0041368290,1.0000000000,0.0115251996,0.0115705001,-9.5390451141,0.0009065523,-0.0114097207,8.5085477417,0.0001519167,0.0041759508,1.0000000000
164,34112028385322,26.2163,1785360881.320,2,1.9840,0.9178,1.8002,0.7890,1.8921,0.8534,125.02,-0.0071,-0.0041,0.0007,0.0082,-0.0082,1.57,0.027448,1.0000,0.0040,0.5051,0.2244,0,frozen,2-tag corner homography,2,1920,1200,0.200000,101;102,1,1,,2-tag corner homography,0.013760,0.509489,101,102,4.769489,4.260000,30,0.050000,0.600000,5.000000,raw-zero-distortion,590.9628888758,0.0000000000,1007.8592059077,0.0000000000,592.3761043005,547.7101609771,0.0000000000,0.0000000000,1.0000000000,-0.0359937509,0.0291287486,0.0062609452,0.0003552766,-0.0208418310,0.0000000000,0.0000000000,0.0000000000,0.0000000000,0.0000000000,1,0.000000,0.000000,73.010,752.491,1,1.423,74.281,751.886,65.693,791.180,14.000,781.000,79.790,716.635,134.124,722.966,-2.851387,0.622118,1.804953,3.431514,0.002192,-0.002643,1,4.260000,0.000000,1773.309,886.460,1,1.398,1772.303,886.536,1843.047,934.012,1760.594,935.360,1705.456,840.194,1784.452,843.605,1.901290,0.840702,1.469815,2.545985,4.255600,0.000378,0.0113047852,0.0108841334,-9.0258291950,0.0008742269,-0.0110279843,8.2269125724,0.0002046982,0.0039320341,1.0000000000,0.0115251996,0.0115705001,-9.5390451141,0.0009065523,-0.0114097207,8.5085477417,0.0001519167,0.0041759508,1.0000000000
165,34112169513604,26.3574,1785360881.460,2,1.9580,0.9111,1.7998,0.7911,1.8789,0.8511,127.18,0.0013,-0.0013,-0.0018,-0.0002,0.0002,0.34,0.005885,1.0000,0.0032,0.5051,0.1986,0,frozen,2-tag corner homography,2,1920,1200,0.200000,101;102,1,1,,2-tag corner homography,0.011230,0.479904,101,102,4.739904,4.260000,30,0.050000,0.600000,5.000000,raw-zero-distortion,590.9628888758,0.0000000000,1007.8592059077,0.0000000000,592.3761043005,547.7101609771,0.0000000000,0.0000000000,1.0000000000,-0.0359937509,0.0291287486,0.0062609452,0.0003552766,-0.0208418310,0.0000000000,0.0000000000,0.0000000000,0.0000000000,0.0000000000,1,0.000000,0.000000,73.124,751.352,1,0.769,73.273,751.790,65.327,791.456,8.713,780.468,79.938,716.310,135.044,723.362,-2.836355,0.617879,1.793501,3.412233,-0.000664,0.000511,1,4.260000,0.000000,1773.191,886.249,1,1.072,1772.482,886.479,1843.838,934.563,1760.645,935.492,1705.582,840.013,1784.215,842.977,1.886737,0.833930,1.458224,2.526189,4.255605,0.000842,0.0114543104,0.0115330843,-9.5114020831,0.0008926407,-0.0112707128,8.4081696967,0.0001503577,0.0041353188,1.0000000000,0.0115251996,0.0115705001,-9.5390451141,0.0009065523,-0.0114097207,8.5085477417,0.0001519167,0.0041759508,1.0000000000
166,34112313186649,26.5011,1785360881.597,2,1.9577,0.9114,1.8003,0.7913,1.8790,0.8513,127.34,-0.0336,-0.0058,0.0158,0.0302,-0.0302,6.10,0.106480,1.0000,0.0037,0.5051,0.1980,0,frozen,2-tag corner homography,2,1920,1200,0.200000,101;102,1,1,,2-tag corner homography,0.011128,0.483054,101,102,4.743054,4.260000,30,0.050000,0.600000,5.000000,raw-zero-distortion,590.9628888758,0.0000000000,1007.8592059077,0.0000000000,592.3761043005,547.7101609771,0.0000000000,0.0000000000,1.0000000000,-0.0359937509,0.0291287486,0.0062609452,0.0003552766,-0.0208418310,0.0000000000,0.0000000000,0.0000000000,0.0000000000,0.0000000000,1,0.000000,0.000000,73.248,751.307,1,0.835,73.368,751.836,65.656,791.511,8.680,780.451,79.825,716.482,135.223,723.334,-2.838749,0.618604,1.795196,3.415244,-0.000445,0.000663,1,4.260000,0.000000,1772.804,886.053,1,0.857,1772.364,886.511,1844.189,934.593,1760.678,935.474,1705.579,840.342,1783.415,842.810,1.887449,0.834454,1.458999,2.527342,4.255004,0.001221,0.0115001673,0.0115728906,-9.5462459909,0.0008979931,-0.0113373637,8.4583091815,0.0001448900,0.0041675039,1.0000000000,0.0115251996,0.0115705001,-9.5390451141,0.0009065523,-0.0114097207,8.5085477417,0.0001519167,0.0041759508,1.0000000000
167,34112455099957,26.6430,1785360881.755,2,1.9843,0.9182,1.7998,0.7872,1.8921,0.8527,125.36,0.0251,0.0027,-0.0123,-0.0220,0.0220,-3.09,-0.053935,1.0000,0.0044,0.5051,0.2263,0,frozen,2-tag corner homography,2,1920,1200,0.200000,101;102,1,1,,2-tag corner homography,0.011938,0.523327,101,102,4.783327,4.260000,30,0.050000,0.600000,5.000000,raw-zero-distortion,590.9628888758,0.0000000000,1007.8592059077,0.0000000000,592.3761043005,547.7101609771,0.0000000000,0.0000000000,1.0000000000,-0.0359937509,0.0291287486,0.0062609452,0.0003552766,-0.0208418310,0.0000000000,0.0000000000,0.0000000000,0.0000000000,0.0000000000,1,0.000000,0.000000,73.693,750.273,1,0.925,73.237,751.410,65.587,791.065,9.174,779.261,80.429,716.372,133.796,723.268,-2.870776,0.624189,1.815195,3.453390,-0.002097,0.003607,1,4.260000,0.000000,1773.161,886.424,1,1.123,1772.357,886.495,1843.593,934.549,1760.572,935.070,1705.370,840.104,1784.300,843.378,1.894917,0.837722,1.464785,2.537338,4.255321,0.000434,0.0116444586,0.0116574171,-9.6139699370,0.0009153877,-0.0115221174,8.5911245358,0.0001636760,0.0041995468,1.0000000000,0.0115251996,0.0115705001,-9.5390451141,0.0009065523,-0.0114097207,8.5085477417,0.0001519167,0.0041759508,1.0000000000
168,34112596596663,26.7845,1785360881.948,2,1.9893,0.9203,1.7994,0.7907,1.8943,0.8555,124.31,0.0463,0.0115,-0.0166,-0.0448,0.0448,-8.67,-0.151290,1.0000,0.0035,0.5051,0.2299,0,frozen,2-tag corner homography,2,1920,1200,0.200000,101;102,1,1,,2-tag corner homography,0.011558,0.491790,101,102,4.751790,4.260000,30,0.050000,0.600000,5.000000,raw-zero-distortion,590.9628888758,0.0000000000,1007.8592059077,0.0000000000,592.3761043005,547.7101609771,0.0000000000,0.0000000000,1.0000000000,-0.0359937509,0.0291287486,0.0062609452,0.0003552766,-0.0208418310,0.0000000000,0.0000000000,0.0000000000,0.0000000000,0.0000000000,1,0.000000,0.000000,73.186,751.069,1,0.774,73.116,751.747,65.412,791.402,8.574,780.351,79.867,716.403,134.565,723.251,-2.841714,0.618812,1.796587,3.418478,-0.001285,0.001305,1,4.260000,0.000000,1773.218,886.411,1,1.249,1772.342,886.537,1843.352,934.408,1760.661,935.389,1705.464,840.043,1784.243,843.409,1.893364,0.837156,1.463613,2.535315,4.255463,0.000474,0.0114847028,0.0115871570,-9.5520376899,0.0008987106,-0.0113376459,8.4576099187,0.0001477776,0.0041561694,1.0000000000,0.0115251996,0.0115705001,-9.5390451141,0.0009065523,-0.0114097207,8.5085477417,0.0001519167,0.0041759508,1.0000000000
169,34112807502269,26.9954,1785360882.107,2,1.9578,0.9113,1.7991,0.7917,1.8784,0.8515,127.02,,,,,,,,1.0000,0.0034,0.5051,0.1987,0,frozen,2-tag corner homography,2,1920,1200,0.200000,101;102,1,1,,2-tag corner homography,0.012384,0.482113,101,102,4.742113,4.260000,30,0.050000,0.600000,5.000000,raw-zero-distortion,590.9628888758,0.0000000000,1007.8592059077,0.0000000000,592.3761043005,547.7101609771,0.0000000000,0.0000000000,1.0000000000,-0.0359937509,0.0291287486,0.0062609452,0.0003552766,-0.0208418310,0.0000000000,0.0000000000,0.0000000000,0.0000000000,0.0000000000,1,0.000000,0.000000,73.173,751.181,1,0.785,73.232,751.731,65.344,791.383,8.806,780.266,79.956,716.344,134.776,723.345,-2.843130,0.619149,1.797705,3.420304,-0.001007,0.000992,1,4.260000,0.000000,1773.069,886.140,1,1.019,1772.408,886.393,1844.112,934.704,1760.482,935.425,1705.309,839.820,1784.136,842.811,1.881774,0.831607,1.454529,2.519583,4.255475,0.001069,0.0147962446,0.0155558992,-12.7794135546,0.0011521082,-0.0145561773,10.8573822756,0.0001783902,0.0057265168,1.0000000000,0.0115251996,0.0115705001,-9.5390451141,0.0009065523,-0.0114097207,8.5085477417,0.0001519167,0.0041759508,1.0000000000
170,34112964236503,27.1522,1785360882.252,2,1.9841,0.9185,1.7989,0.7880,1.8915,0.8532,125.19,,,,,,,,1.0000,0.0043,0.5051,0.2266,0,frozen,2-tag corner homography,2,1920,1200,0.200000,101;102,1,1,,2-tag corner homography,0.011935,0.537799,101,102,4.797799,4.260000,30,0.050000,0.600000,5.000000,raw-zero-distortion,590.9628888758,0.0000000000,1007.8592059077,0.0000000000,592.3761043005,547.7101609771,0.0000000000,0.0000000000,1.0000000000,-0.0359937509,0.0291287486,0.0062609452,0.0003552766,-0.0208418310,0.0000000000,0.0000000000,0.0000000000,0.0000000000,0.0000000000,1,0.000000,0.000000,73.423,750.405,1,1.023,73.145,751.478,65.678,791.078,9.128,779.135,79.852,716.638,133.948,723.360,-2.881321,0.626629,1.821683,3.466007,-0.002478,0.003184,1,4.260000,0.000000,1773.166,886.254,1,1.058,1772.476,886.509,1843.447,934.396,1760.562,935.083,1705.978,840.230,1784.232,843.381,1.898655,0.839280,1.467447,2.542180,4.255546,0.000826,0.0114331460,0.0114480495,-9.4407563793,0.0009017357,-0.0113570968,8.4690260452,0.0001532891,0.0041181893,1.0000000000,0.0115251996,0.0115705001,-9.5390451141,0.0009065523,-0.0114097207,8.5085477417,0.0001519167,0.0041759508,1.0000000000
171,34113095733535,27.2837,1785360882.361,2,1.9582,0.9112,1.7991,0.7910,1.8787,0.8511,127.07,0.0038,-0.0007,-0.0028,-0.0026,0.0026,-0.30,-0.005259,1.0000,0.0034,0.5051,0.1993,0,frozen,2-tag corner homography,2,1920,1200,0.200000,101;102,1,1,,2-tag corner homography,0.011254,0.487745,101,102,4.747745,4.260000,30,0.050000,0.600000,5.000000,raw-zero-distortion,590.9628888758,0.0000000000,1007.8592059077,0.0000000000,592.3761043005,547.7101609771,0.0000000000,0.0000000000,1.0000000000,-0.0359937509,0.0291287486,0.0062609452,0.0003552766,-0.0208418310,0.0000000000,0.0000000000,0.0000000000,0.0000000000,0.0000000000,1,0.000000,0.000000,73.047,751.218,1,0.841,73.185,751.726,65.292,791.389,8.751,780.259,79.772,716.378,134.869,723.294,-2.842777,0.619026,1.797392,3.419823,-0.001254,0.000864,1,4.260000,0.000000,1773.178,886.363,1,1.186,1772.351,886.497,1843.683,934.518,1760.605,935.483,1705.262,839.976,1784.238,843.151,1.888013,0.834682,1.459461,2.528105,4.255436,0.000579,0.0115128805,0.0115664220,-9.5389776652,0.0008986908,-0.0113398169,8.4590406454,0.0001527516,0.0041581445,1.0000000000,0.0115251996,0.0115705001,-9.5390451141,0.0009065523,-0.0114097207,8.5085477417,0.0001519167,0.0041759508,1.0000000000
172,34113211898065,27.3998,1785360882.472,2,1.9576,0.9117,1.7993,0.7915,1.8784,0.8516,127.22,-0.0345,-0.0047,0.0171,0.0304,-0.0304,5.44,0.094894,1.0000,0.0033,0.5051,0.1988,0,frozen,2-tag corner homography,2,1920,1200,0.200000,101;102,1,1,,2-tag corner homography,0.011082,0.481318,101,102,4.741318,4.260000,30,0.050000,0.600000,5.000000,raw-zero-distortion,590.9628888758,0.0000000000,1007.8592059077,0.0000000000,592.3761043005,547.7101609771,0.0000000000,0.0000000000,1.0000000000,-0.0359937509,0.0291287486,0.0062609452,0.0003552766,-0.0208418310,0.0000000000,0.0000000000,0.0000000000,0.0000000000,0.0000000000,1,0.000000,0.000000,73.240,750.980,1,1.074,73.435,751.615,65.714,791.466,8.711,780.160,79.653,716.483,135.548,722.805,-2.834297,0.617010,1.792510,3.409844,-0.001380,0.001560,1,4.260000,0.000000,1773.394,886.469,1,1.277,1772.496,886.593,1843.844,934.581,1760.780,935.508,1705.321,839.981,1784.457,843.457,1.890354,0.835797,1.460994,2.531106,4.255775,0.000373,0.0114885510,0.0115472073,-9.5242831827,0.0008992616,-0.0113292680,8.4496258060,0.0001420583,0.0041677733,1.0000000000,0.0115251996,0.0115705001,-9.5390451141,0.0009065523,-0.0114097207,8.5085477417,0.0001519167,0.0041759508,1.0000000000
173,34113314817651,27.5027,1785360882.600,2,1.9844,0.9177,1.7986,0.7892,1.8915,0.8535,124.67,0.0225,0.0048,-0.0088,-0.0213,0.0213,-4.57,-0.079735,1.0000,0.0041,0.5051,0.2259,0,frozen,2-tag corner homography,2,1920,1200,0.200000,101;102,1,1,,2-tag corner homography,0.012164,0.519253,101,102,4.779253,4.260000,30,0.050000,0.600000,5.000000,raw-zero-distortion,590.9628888758,0.0000000000,1007.8592059077,0.0000000000,592.3761043005,547.7101609771,0.0000000000,0.0000000000,1.0000000000,-0.0359937509,0.0291287486,0.0062609452,0.0003552766,-0.0208418310,0.0000000000,0.0000000000,0.0000000000,0.0000000000,0.0000000000,1,0.000000,0.000000,73.229,750.536,1,0.831,72.822,751.556,65.205,791.057,8.232,779.783,79.968,716.503,133.833,723.265,-2.860921,0.622217,1.808161,3.441144,-0.002653,0.002781,1,4.260000,0.000000,1773.221,886.221,1,0.985,1772.699,886.729,1843.648,934.623,1760.595,935.211,1706.636,840.458,1784.192,843.657,1.901275,0.840738,1.469043,2.545540,4.255708,0.000913,0.0115102392,0.0116285578,-9.5794674866,0.0009078839,-0.0114272849,8.5225501620,0.0001472375,0.0041723661,1.0000000000,0.0115251996,0.0115705001,-9.5390451141,0.0009065523,-0.0114097207,8.5085477417,0.0001519167,0.0041759508,1.0000000000
174,34113457785051,27.6457,1785360882.764,2,1.9840,0.9166,1.7985,0.7866,1.8912,0.8516,125.04,0.0419,0.0005,-0.0236,-0.0346,0.0346,-7.23,-0.126149,1.0000,0.0045,0.5051,0.2266,0,frozen,2-tag corner homography,2,1920,1200,0.200000,101;102,1,1,,2-tag corner homography,0.011804,0.522247,101,102,4.782247,4.260000,30,0.050000,0.600000,5.000000,raw-zero-distortion,590.9628888758,0.0000000000,1007.8592059077,0.0000000000,592.3761043005,547.7101609771,0.0000000000,0.0000000000,1.0000000000,-0.0359937509,0.0291287486,0.0062609452,0.0003552766,-0.0208418310,0.0000000000,0.0000000000,0.0000000000,0.0000000000,0.0000000000,1,0.000000,0.000000,73.130,750.439,1,0.997,72.881,751.457,65.096,791.074,8.613,779.343,79.824,716.581,133.957,723.187,-2.869651,0.623852,1.813793,3.451656,-0.003199,0.003028,1,4.260000,0.000000,1773.191,886.342,1,1.280,1772.292,886.471,1843.483,934.283,1760.627,935.277,1705.257,840.009,1784.208,843.435,1.895060,0.837799,1.465020,2.537606,4.255491,0.000629,0.0117425022,0.0118467195,-9.7597373531,0.0009236119,-0.0116347285,8.6760703520,0.0001603272,0.0042579497,1.0000000000,0.0115251996,0.0115705001,-9.5390451141,0.0009065523,-0.0114097207,8.5085477417,0.0001519167,0.0041759508,1.0000000000
175,34113651324285,27.8392,1785360882.958,2,1.9580,0.9114,1.7993,0.7910,1.8787,0.8512,127.19,-0.0265,-0.0053,0.0118,0.0244,-0.0244,5.28,0.092235,1.0000,0.0034,0.5051,0.1992,0,frozen,2-tag corner homography,2,1920,1200,0.200000,101;102,1,1,,2-tag corner homography,0.015156,0.486907,101,102,4.746907,4.260000,30,0.050000,0.600000,5.000000,raw-zero-distortion,590.9628888758,0.0000000000,1007.8592059077,0.0000000000,592.3761043005,547.7101609771,0.0000000000,0.0000000000,1.0000000000,-0.0359937509,0.0291287486,0.0062609452,0.0003552766,-0.0208418310,0.0000000000,0.0000000000,0.0000000000,0.0000000000,0.0000000000,1,0.000000,0.000000,72.910,751.280,1,0.897,73.107,751.764,65.063,791.435,8.791,780.276,79.712,716.475,134.804,723.292,-2.843414,0.619230,1.797644,3.420522,-0.001458,0.000662,1,4.260000,0.000000,1773.173,886.248,1,1.052,1772.480,886.485,1844.061,934.541,1760.607,935.541,1705.424,840.093,1784.222,842.907,1.886462,0.833827,1.458015,2.525829,4.255568,0.000841,0.0165568437,0.0194502334,-15.8345051343,0.0013057334,-0.0164611989,12.2760344113,0.0001476234,0.0067195194,1.0000000000,0.0115251996,0.0115705001,-9.5390451141,0.0009065523,-0.0114097207,8.5085477417,0.0001519167,0.0041759508,1.0000000000
176,34113807908241,27.9958,1785360883.112,2,1.9901,0.9202,1.7996,0.7907,1.8949,0.8555,124.22,,,,,,,,1.0000,0.0032,0.5051,0.2305,0,frozen,2-tag corner homography,2,1920,1200,0.200000,101;102,1,1,,2-tag corner homography,0.011323,0.496453,101,102,4.756453,4.260000,30,0.050000,0.600000,5.000000,raw-zero-distortion,590.9628888758,0.0000000000,1007.8592059077,0.0000000000,592.3761043005,547.7101609771,0.0000000000,0.0000000000,1.0000000000,-0.0359937509,0.0291287486,0.0062609452,0.0003552766,-0.0208418310,0.0000000000,0.0000000000,0.0000000000,0.0000000000,0.0000000000,1,0.000000,0.000000,73.350,751.001,1,0.916,73.467,751.590,65.367,791.311,8.768,779.791,80.215,716.336,135.393,723.343,-2.847765,0.619885,1.801089,3.426069,-0.001015,0.001526,1,4.260000,0.000000,1773.407,886.454,1,1.285,1772.513,886.601,1843.520,934.562,1760.773,935.482,1705.634,839.951,1784.469,843.526,1.891641,0.836367,1.461956,2.532811,4.255824,0.000412,0.0115480022,0.0116997403,-9.6433569190,0.0009071259,-0.0114258046,8.5212875058,0.0001426359,0.0041987969,1.0000000000,0.0115251996,0.0115705001,-9.5390451141,0.0009065523,-0.0114097207,8.5085477417,0.0001519167,0.0041759508,1.0000000000
177,34113958734219,28.1467,1785360883.239,2,1.9577,0.9117,1.7991,0.7915,1.8784,0.8516,127.17,-0.0016,0.0010,0.0018,0.0007,-0.0007,0.11,0.001925,1.0000,0.0033,0.5051,0.1990,0,frozen,2-tag corner homography,2,1920,1200,0.200000,101;102,1,1,,2-tag corner homography,0.011479,0.489423,101,102,4.749423,4.260000,30,0.050000,0.600000,5.000000,raw-zero-distortion,590.9628888758,0.0000000000,1007.8592059077,0.0000000000,592.3761043005,547.7101609771,0.0000000000,0.0000000000,1.0000000000,-0.0359937509,0.0291287486,0.0062609452,0.0003552766,-0.0208418310,0.0000000000,0.0000000000,0.0000000000,0.0000000000,0.0000000000,1,0.000000,0.000000,72.998,751.414,1,0.803,73.172,751.851,65.281,791.482,9.054,780.497,79.734,716.440,134.617,723.389,-2.842489,0.619335,1.797184,3.419531,-0.000841,0.000313,1,4.260000,0.000000,1773.116,886.225,1,0.951,1772.510,886.486,1843.748,934.415,1760.639,935.485,1705.836,840.322,1784.118,842.793,1.890074,0.835394,1.460750,2.530623,4.255472,0.000883,0.0113365193,0.0113243290,-9.3454306828,0.0008827589,-0.0111517869,8.3202923962,0.0001559406,0.0040638791,1.0000000000,0.0115251996,0.0115705001,-9.5390451141,0.0009065523,-0.0114097207,8.5085477417,0.0001519167,0.0041759508,1.0000000000
178,34114087772623,28.2757,1785360883.368,2,1.9574,0.9118,1.7989,0.7913,1.8781,0.8516,127.24,-0.0435,-0.0097,0.0186,0.0405,-0.0405,7.81,0.136379,1.0000,0.0036,0.5051,0.1990,0,frozen,2-tag corner homography,2,1920,1200,0.200000,101;102,1,1,,2-tag corner homography,0.011187,0.491331,101,102,4.751331,4.260000,30,0.050000,0.600000,5.000000,raw-zero-distortion,590.9628888758,0.0000000000,1007.8592059077,0.0000000000,592.3761043005,547.7101609771,0.0000000000,0.0000000000,1.0000000000,-0.0359937509,0.0291287486,0.0062609452,0.0003552766,-0.0208418310,0.0000000000,0.0000000000,0.0000000000,0.0000000000,0.0000000000,1,0.000000,0.000000,73.155,751.137,1,0.813,73.169,751.760,65.418,791.398,8.623,780.246,79.820,716.456,134.753,723.351,-2.845698,0.619755,1.799208,3.423338,-0.001178,0.001110,1,4.260000,0.000000,1773.074,886.303,1,1.006,1772.413,886.532,1843.925,934.549,1760.599,935.506,1705.443,840.251,1784.067,842.948,1.888606,0.834962,1.459800,2.528836,4.255283,0.000696,0.0115176471,0.0115861417,-9.5543223181,0.0008995024,-0.0113507187,8.4675874428,0.0001537279,0.0041591280,1.0000000000,0.0115251996,0.0115705001,-9.5390451141,0.0009065523,-0.0114097207,8.5085477417,0.0001519167,0.0041759508,1.0000000000
179,34114211101132,28.3990,1785360883.504,2,1.9844,0.9176,1.7985,0.7890,1.8914,0.8533,124.68,0.0215,0.0016,-0.0110,-0.0186,0.0186,-4.28,-0.074705,1.0000,0.0045,0.5051,0.2261,0,frozen,2-tag corner homography,2,1920,1200,0.200000,101;102,1,1,,2-tag corner homography,0.012113,0.525220,101,102,4.785220,4.260000,30,0.050000,0.600000,5.000000,raw-zero-distortion,590.9628888758,0.0000000000,1007.8592059077,0.0000000000,592.3761043005,547.7101609771,0.0000000000,0.0000000000,1.0000000000,-0.0359937509,0.0291287486,0.0062609452,0.0003552766,-0.0208418310,0.0000000000,0.0000000000,0.0000000000,0.0000000000,0.0000000000,1,0.000000,0.000000,73.378,750.280,1,1.098,73.066,751.442,65.537,791.153,9.060,779.294,79.827,716.661,133.864,722.995,-2.870938,0.624210,1.814966,3.453407,-0.002951,0.003518,1,4.260000,0.000000,1773.288,886.442,1,1.103,1772.540,886.631,1843.492,934.589,1760.623,935.253,1705.932,840.248,1784.430,843.500,1.896707,0.838651,1.465820,2.539579,4.255578,0.000417,0.0114780600,0.0114950709,-9.4781928064,0.0009034428,-0.0113663881,8.4755512866,0.0001574328,0.0041320779,1.0000000000,0.0115251996,0.0115705001,-9.5390451141,0.0009065523,-0.0114097207,8.5085477417,0.0001519167,0.0041759508,1.0000000000
180,34114348569892,28.5365,1785360883.636,2,1.9579,0.9108,1.7988,0.7915,1.8784,0.8511,126.85,0.0052,-0.0010,-0.0039,-0.0036,0.0036,-2.03,-0.035373,1.0000,0.0034,0.5051,0.1989,0,frozen,2-tag corner homography,2,1920,1200,0.200000,101;102,1,1,,2-tag corner homography,0.011104,0.494268,101,102,4.754268,4.260000,30,0.050000,0.600000,5.000000,raw-zero-distortion,590.9628888758,0.0000000000,1007.8592059077,0.0000000000,592.3761043005,547.7101609771,0.0000000000,0.0000000000,1.0000000000,-0.0359937509,0.0291287486,0.0062609452,0.0003552766,-0.0208418310,0.0000000000,0.0000000000,0.0000000000,0.0000000000,0.0000000000,1,0.000000,0.000000,73.155,751.231,1,0.872,73.176,751.898,65.663,791.519,8.696,780.402,79.576,716.704,134.726,723.368,-2.847962,0.620673,1.800653,3.426145,-0.000915,0.000850,1,4.260000,0.000000,1773.084,886.259,1,0.974,1772.448,886.496,1844.015,934.515,1760.510,935.437,1705.479,840.266,1784.175,842.882,1.889252,0.835122,1.460232,2.529620,4.255359,0.000799,0.0114602415,0.0114976972,-9.4852575487,0.0008937049,-0.0112922013,8.4255749832,0.0001550021,0.0041273428,1.0000000000,0.0115251996,0.0115705001,-9.5390451141,0.0009065523,-0.0114097207,8.5085477417,0.0001519167,0.0041759508,1.0000000000
181,34114503667972,28.6916,1785360883.845,2,1.9577,0.9112,1.7994,0.7917,1.8785,0.8514,127.05,-0.0319,-0.0050,0.0152,0.0285,-0.0285,5.65,0.098542,1.0000,0.0035,0.5051,0.1983,0,frozen,2-tag corner homography,2,1920,1200,0.200000,101;102,1,1,,2-tag corner homography,0.030206,0.482100,101,102,4.742100,4.260000,30,0.050000,0.600000,5.000000,raw-zero-distortion,590.9628888758,0.0000000000,1007.8592059077,0.0000000000,592.3761043005,547.7101609771,0.0000000000,0.0000000000,1.0000000000,-0.0359937509,0.0291287486,0.0062609452,0.0003552766,-0.0208418310,0.0000000000,0.0000000000,0.0000000000,0.0000000000,0.0000000000,1,0.000000,0.000000,73.257,751.305,1,0.702,73.322,751.781,65.284,791.433,8.714,780.463,80.221,716.258,134.995,723.415,-2.835709,0.617745,1.793186,3.411506,-0.000426,0.000670,1,4.260000,0.000000,1772.990,886.177,1,0.969,1772.412,886.533,1843.772,934.519,1760.607,935.485,1705.762,840.261,1783.839,842.978,1.889705,0.835454,1.460652,2.530310,4.255257,0.000971,0.0132645187,0.0184967295,-14.8791777641,0.0010366043,-0.0129873861,9.6808394730,0.0000772535,0.0053440825,1.0000000000,0.0115251996,0.0115705001,-9.5390451141,0.0009065523,-0.0114097207,8.5085477417,0.0001519167,0.0041759508,1.0000000000
182,34114727177535,28.9151,1785360884.041,2,1.9819,0.9180,1.7983,0.7874,1.8901,0.8527,125.45,,,,,,,,1.0000,0.0046,0.5051,0.2253,0,frozen,2-tag corner homography,2,1920,1200,0.200000,101;102,1,1,,2-tag corner homography,0.011834,0.526030,101,102,4.786030,4.260000,30,0.050000,0.600000,5.000000,raw-zero-distortion,590.9628888758,0.0000000000,1007.8592059077,0.0000000000,592.3761043005,547.7101609771,0.0000000000,0.0000000000,1.0000000000,-0.0359937509,0.0291287486,0.0062609452,0.0003552766,-0.0208418310,0.0000000000,0.0000000000,0.0000000000,0.0000000000,0.0000000000,1,0.000000,0.000000,73.211,750.378,1,1.073,72.936,751.487,65.416,791.079,8.813,779.315,79.650,716.761,133.863,723.125,-2.875338,0.625217,1.817495,3.458577,-0.003141,0.003212,1,4.260000,0.000000,1773.263,886.564,1,1.241,1772.352,886.561,1843.493,934.559,1760.641,935.308,1705.236,840.074,1784.434,843.426,1.892861,0.836984,1.463206,2.534647,4.255372,0.000132,0.0116885807,0.0117510876,-9.6848892202,0.0009190050,-0.0115714906,8.6291770188,0.0001634932,0.0042237096,1.0000000000,0.0115251996,0.0115705001,-9.5390451141,0.0009065523,-0.0114097207,8.5085477417,0.0001519167,0.0041759508,1.0000000000
183,34114892479302,29.0804,1785360884.211,2,1.9577,0.9120,1.7989,0.7918,1.8783,0.8519,127.13,,,,,,,,1.0000,0.0037,0.5051,0.1991,0,frozen,2-tag corner homography,2,1920,1200,0.200000,101;102,1,1,,2-tag corner homography,0.011500,0.477301,101,102,4.737301,4.260000,30,0.050000,0.600000,5.000000,raw-zero-distortion,590.9628888758,0.0000000000,1007.8592059077,0.0000000000,592.3761043005,547.7101609771,0.0000000000,0.0000000000,1.0000000000,-0.0359937509,0.0291287486,0.0062609452,0.0003552766,-0.0208418310,0.0000000000,0.0000000000,0.0000000000,0.0000000000,0.0000000000,1,0.000000,0.000000,73.043,751.264,1,0.794,73.169,751.745,65.191,791.360,8.806,780.452,79.874,716.380,134.758,723.221,-2.838497,0.618142,1.794656,3.414668,-0.001136,0.000737,1,4.260000,0.000000,1772.946,886.357,1,0.823,1772.413,886.555,1843.976,934.967,1760.688,935.500,1705.515,840.212,1783.831,842.717,1.881733,0.831981,1.454488,2.519653,4.254934,0.000548,0.0115992206,0.0116529006,-9.6104813312,0.0009026292,-0.0113873105,8.4947024298,0.0001584097,0.0041887459,1.0000000000,0.0115251996,0.0115705001,-9.5390451141,0.0009065523,-0.0114097207,8.5085477417,0.0001519167,0.0041759508,1.0000000000
184,34115075135855,29.2631,1785360884.354,2,1.9900,0.9202,1.7989,0.7907,1.8944,0.8555,124.13,0.0136,0.0081,-0.0009,-0.0158,0.0158,-3.94,-0.068839,1.0000,0.0037,0.5051,0.2308,0,frozen,2-tag corner homography,2,1920,1200,0.200000,101;102,1,1,,2-tag corner homography,0.011676,0.498922,101,102,4.758922,4.260000,30,0.050000,0.600000,5.000000,raw-zero-distortion,590.9628888758,0.0000000000,1007.8592059077,0.0000000000,592.3761043005,547.7101609771,0.0000000000,0.0000000000,1.0000000000,-0.0359937509,0.0291287486,0.0062609452,0.0003552766,-0.0208418310,0.0000000000,0.0000000000,0.0000000000,0.0000000000,0.0000000000,1,0.000000,0.000000,73.402,750.804,1,0.743,73.087,751.678,65.369,791.308,8.722,780.154,80.234,716.351,134.024,723.295,-2.848242,0.620006,1.800659,3.426261,-0.001423,0.002080,1,4.260000,0.000000,1773.230,886.457,1,1.093,1772.456,886.549,1843.652,934.450,1760.659,935.368,1705.514,840.308,1784.360,843.153,1.893763,0.837239,1.463704,2.535692,4.255432,0.000371,0.0115236015,0.0115473653,-9.5238864739,0.0009006544,-0.0113574523,8.4716968133,0.0001609862,0.0041464406,1.0000000000,0.0115251996,0.0115705001,-9.5390451141,0.0009065523,-0.0114097207,8.5085477417,0.0001519167,0.0041759508,1.0000000000
185,34115195775172,29.3837,1785360884.489,2,1.9576,0.9116,1.7991,0.7917,1.8784,0.8517,127.12,0.0093,0.0031,-0.0031,-0.0093,0.0093,-2.19,-0.038234,1.0000,0.0034,0.5051,0.1987,0,frozen,2-tag corner homography,2,1920,1200,0.200000,101;102,1,1,,2-tag corner homography,0.011015,0.487983,101,102,4.747983,4.260000,30,0.050000,0.600000,5.000000,raw-zero-distortion,590.9628888758,0.0000000000,1007.8592059077,0.0000000000,592.3761043005,547.7101609771,0.0000000000,0.0000000000,1.0000000000,-0.0359937509,0.0291287486,0.0062609452,0.0003552766,-0.0208418310,0.0000000000,0.0000000000,0.0000000000,0.0000000000,0.0000000000,1,0.000000,0.000000,73.008,751.396,1,0.863,73.225,751.836,65.410,791.464,8.712,780.371,79.627,716.499,135.078,723.425,-2.843791,0.619607,1.798110,3.421149,-0.000862,0.000364,1,4.260000,0.000000,1773.146,886.433,1,1.112,1772.350,886.496,1843.776,934.593,1760.644,935.447,1705.162,840.077,1784.220,843.016,1.887184,0.834315,1.458822,2.526996,4.255278,0.000412,0.0115085578,0.0115718793,-9.5444117077,0.0008980326,-0.0113405550,8.4608564153,0.0001509244,0.0041596276,1.0000000000,0.0115251996,0.0115705001,-9.5390451141,0.0009065523,-0.0114097207,8.5085477417,0.0001519167,0.0041759508,1.0000000000
186,34115341354763,29.5293,1785360884.667,2,1.9574,0.9121,1.7989,0.7913,1.8782,0.8517,127.29,-0.0418,-0.0094,0.0178,0.0389,-0.0389,8.03,0.140231,1.0000,0.0034,0.5051,0.1993,0,frozen,2-tag corner homography,2,1920,1200,0.200000,101;102,1,1,,2-tag corner homography,0.010864,0.459952,101,102,4.719952,4.260000,30,0.050000,0.600000,5.000000,raw-zero-distortion,590.9628888758,0.0000000000,1007.8592059077,0.0000000000,592.3761043005,547.7101609771,0.0000000000,0.0000000000,1.0000000000,-0.0359937509,0.0291287486,0.0062609452,0.0003552766,-0.0208418310,0.0000000000,0.0000000000,0.0000000000,0.0000000000,0.0000000000,1,0.000000,0.000000,73.085,751.244,1,1.357,73.743,751.535,65.424,791.487,8.828,780.381,79.706,716.458,136.790,722.357,-2.813147,0.612367,1.779721,3.384701,-0.001076,0.000800,1,4.260000,0.000000,1773.156,886.318,1,1.086,1772.419,886.500,1843.794,934.419,1760.623,935.456,1705.436,840.204,1784.198,843.031,1.890757,0.835829,1.461452,2.531682,4.255444,0.000676,0.0115525473,0.0117473406,-9.6821075896,0.0009030888,-0.0113778234,8.4847270360,0.0001375788,0.0042118967,1.0000000000,0.0115251996,0.0115705001,-9.5390451141,0.0009065523,-0.0114097207,8.5085477417,0.0001519167,0.0041759508,1.0000000000
187,34115513601065,29.7015,1785360884.797,2,1.9853,0.9177,1.8000,0.7814,1.8927,0.8495,126.33,0.0289,-0.0074,-0.0230,-0.0189,0.0189,-0.49,-0.008496,1.0000,0.0037,0.5051,0.2301,0,frozen,2-tag corner homography,2,1920,1200,0.200000,101;102,1,1,,2-tag corner homography,0.011773,0.514610,101,102,4.774610,4.260000,30,0.050000,0.600000,5.000000,raw-zero-distortion,590.9628888758,0.0000000000,1007.8592059077,0.0000000000,592.3761043005,547.7101609771,0.0000000000,0.0000000000,1.0000000000,-0.0359937509,0.0291287486,0.0062609452,0.0003552766,-0.0208418310,0.0000000000,0.0000000000,0.0000000000,0.0000000000,0.0000000000,1,0.000000,0.000000,73.184,750.909,1,0.825,73.001,751.738,65.532,791.052,8.606,780.161,79.681,716.821,134.148,723.294,-2.862069,0.623141,1.809234,3.442829,-0.001735,0.001743,1,4.260000,0.000000,1773.235,886.440,1,1.189,1772.385,886.513,1843.478,934.438,1760.629,935.209,1705.443,840.117,1784.364,843.385,1.895271,0.837894,1.465007,2.537787,4.255465,0.000412,0.0117299324,0.0118459217,-9.7630403333,0.0009198024,-0.0116074749,8.6590215287,0.0001610811,0.0042496732,1.0000000000,0.0115251996,0.0115705001,-9.5390451141,0.0009065523,-0.0114097207,8.5085477417,0.0001519167,0.0041759508,1.0000000000
188,34115649381934,29.8373,1785360884.930,2,1.9578,0.9116,1.7994,0.7910,1.8786,0.8513,127.27,0.0117,-0.0033,-0.0097,-0.0073,0.0073,-0.37,-0.006533,1.0000,0.0034,0.5051,0.1991,0,frozen,2-tag corner homography,2,1920,1200,0.200000,101;102,1,1,,2-tag corner homography,0.011377,0.478357,101,102,4.738357,4.260000,30,0.050000,0.600000,5.000000,raw-zero-distortion,590.9628888758,0.0000000000,1007.8592059077,0.0000000000,592.3761043005,547.7101609771,0.0000000000,0.0000000000,1.0000000000,-0.0359937509,0.0291287486,0.0062609452,0.0003552766,-0.0208418310,0.0000000000,0.0000000000,0.0000000000,0.0000000000,0.0000000000,1,0.000000,0.000000,73.275,751.182,1,0.760,73.229,751.819,65.222,791.457,8.680,780.505,80.215,716.476,134.729,723.286,-2.837184,0.618120,1.793940,3.413196,-0.000717,0.001011,1,4.260000,0.000000,1773.056,886.176,1,1.014,1772.388,886.401,1844.052,934.531,1760.569,935.480,1705.276,840.011,1784.057,842.743,1.884266,0.832749,1.456494,2.522955,4.255402,0.000984,0.0117195110,0.0118217175,-9.7477648670,0.0009104560,-0.0115049306,8.5833566007,0.0001647021,0.0042361083,1.0000000000,0.0115251996,0.0115705001,-9.5390451141,0.0009065523,-0.0114097207,8.5085477417,0.0001519167,0.0041759508,1.0000000000
189,34115794324999,29.9822,1785360885.093,2,1.9578,0.9114,1.7995,0.7913,1.8786,0.8514,127.18,-0.0338,0.0039,0.0236,0.0246,-0.0246,2.12,0.037018,1.0000,0.0035,0.5051,0.1987,0,frozen,2-tag corner homography,2,1920,1200,0.200000,101;102,1,1,,2-tag corner homography,0.011519,0.488286,101,102,4.748286,4.260000,30,0.050000,0.600000,5.000000,raw-zero-distortion,590.9628888758,0.0000000000,1007.8592059077,0.0000000000,592.3761043005,547.7101609771,0.0000000000,0.0000000000,1.0000000000,-0.0359937509,0.0291287486,0.0062609452,0.0003552766,-0.0208418310,0.0000000000,0.0000000000,0.0000000000,0.0000000000,0.0000000000,1,0.000000,0.000000,73.175,751.217,1,0.723,73.130,751.830,65.442,791.415,8.733,780.407,79.865,716.441,134.461,723.457,-2.846087,0.620026,1.799379,3.423801,-0.000900,0.000895,1,4.260000,0.000000,1773.022,886.240,1,1.044,1772.327,886.442,1843.656,934.564,1760.693,935.483,1705.430,839.996,1783.879,842.877,1.885051,0.833264,1.457216,2.524129,4.255248,0.000832,0.0114860267,0.0115156431,-9.4994607725,0.0008946475,-0.0113019864,8.4320910809,0.0001547382,0.0041400963,1.0000000000,0.0115251996,0.0115705001,-9.5390451141,0.0009065523,-0.0114097207,8.5085477417,0.0001519167,0.0041759508,1.0000000000
190,34115956780003,30.1447,1785360885.245,2,1.9848,0.9192,1.7996,0.7805,1.8922,0.8499,126.82,0.0280,-0.0028,-0.0190,-0.0207,0.0207,-0.69,-0.012042,1.0000,0.0034,0.5051,0.2314,0,frozen,2-tag corner homography,2,1920,1200,0.200000,101;102,1,1,,2-tag corner homography,0.013572,0.531181,101,102,4.791181,4.260000,30,0.050000,0.600000,5.000000,raw-zero-distortion,590.9628888758,0.0000000000,1007.8592059077,0.0000000000,592.3761043005,547.7101609771,0.0000000000,0.0000000000,1.0000000000,-0.0359937509,0.0291287486,0.0062609452,0.0003552766,-0.0208418310,0.0000000000,0.0000000000,0.0000000000,0.0000000000,0.0000000000,1,0.000000,0.000000,72.917,752.118,1,1.605,74.224,751.664,65.290,790.991,14.000,780.000,79.859,716.735,134.189,723.122,-2.874974,0.626542,1.819771,3.459711,0.000895,-0.001640,1,4.260000,0.000000,1773.319,886.534,1,1.222,1772.438,886.592,1843.538,934.473,1760.633,935.171,1705.465,840.208,1784.516,843.608,1.898485,0.839453,1.467388,2.542077,4.255532,0.000212,0.0116252690,0.0112954569,-9.3555973522,0.0009044623,-0.0113874050,8.4924480664,0.0002118285,0.0040776811,1.0000000000,0.0115251996,0.0115705001,-9.5390451141,0.0009065523,-0.0114097207,8.5085477417,0.0001519167,0.0041759508,1.0000000000
191,34116096448298,30.2844,1785360885.396,2,1.9579,0.9109,1.7994,0.7912,1.8787,0.8511,127.05,0.0092,-0.0016,-0.0068,-0.0064,0.0064,-0.54,-0.009347,1.0000,0.0035,0.5051,0.1986,0,frozen,2-tag corner homography,2,1920,1200,0.200000,101;102,1,1,,2-tag corner homography,0.011153,0.492685,101,102,4.752685,4.260000,30,0.050000,0.600000,5.000000,raw-zero-distortion,590.9628888758,0.0000000000,1007.8592059077,0.0000000000,592.3761043005,547.7101609771,0.0000000000,0.0000000000,1.0000000000,-0.0359937509,0.0291287486,0.0062609452,0.0003552766,-0.0208418310,0.0000000000,0.0000000000,0.0000000000,0.0000000000,0.0000000000,1,0.000000,0.000000,73.127,751.296,1,0.857,73.150,751.953,65.737,791.599,8.655,780.434,79.470,716.701,134.701,723.468,-2.848692,0.620979,1.801063,3.427023,-0.000814,0.000666,1,4.260000,0.000000,1772.994,886.198,1,0.965,1772.385,886.476,1843.846,934.502,1760.590,935.531,1705.540,840.212,1783.911,842.779,1.886839,0.834074,1.458489,2.526466,4.255238,0.000922,0.0113424291,0.0113495162,-9.3654977173,0.0008839126,-0.0111744090,8.3383474208,0.0001497045,0.0040794077,1.0000000000,0.0115251996,0.0115705001,-9.5390451141,0.0009065523,-0.0114097207,8.5085477417,0.0001519167,0.0041759508,1.0000000000
192,34116237844106,30.4258,1785360885.564,2,1.9895,0.9210,1.7984,0.7903,1.8940,0.8557,124.37,0.0072,0.0147,0.0081,-0.0143,0.0143,-6.59,-0.115012,1.0000,0.0032,0.5051,0.2315,0,frozen,2-tag corner homography,2,1920,1200,0.200000,101;102,1,1,,2-tag corner homography,0.011522,0.493892,101,102,4.753892,4.260000,30,0.050000,0.600000,5.000000,raw-zero-distortion,590.9628888758,0.0000000000,1007.8592059077,0.0000000000,592.3761043005,547.7101609771,0.0000000000,0.0000000000,1.0000000000,-0.0359937509,0.0291287486,0.0062609452,0.0003552766,-0.0208418310,0.0000000000,0.0000000000,0.0000000000,0.0000000000,0.0000000000,1,0.000000,0.000000,73.344,750.974,1,0.776,73.265,751.659,65.397,791.270,8.627,780.173,80.168,716.369,134.788,723.251,-2.843756,0.619089,1.798164,3.421055,-0.001109,0.001600,1,4.260000,0.000000,1773.521,886.598,1,1.358,1772.525,886.599,1843.470,934.544,1760.795,935.400,1705.471,839.954,1784.732,843.607,1.893308,0.837085,1.463220,2.535022,4.255893,0.000101,0.0115940688,0.0117267769,-9.6656785947,0.0009085531,-0.0114503073,8.5405181043,0.0001509066,0.0042043495,1.0000000000,0.0115251996,0.0115705001,-9.5390451141,0.0009065523,-0.0114097207,8.5085477417,0.0001519167,0.0041759508,1.0000000000
193,34116403810333,30.5917,1785360885.698,2,1.9877,0.9206,1.7993,0.7912,1.8935,0.8559,124.50,0.0386,0.0152,-0.0094,-0.0404,0.0404,-7.74,-0.135111,1.0000,0.0036,0.5051,0.2286,0,frozen,2-tag corner homography,2,1920,1200,0.200000,101;102,1,1,,2-tag corner homography,0.011499,0.500099,101,102,4.760099,4.260000,30,0.050000,0.600000,5.000000,raw-zero-distortion,590.9628888758,0.0000000000,1007.8592059077,0.0000000000,592.3761043005,547.7101609771,0.0000000000,0.0000000000,1.0000000000,-0.0359937509,0.0291287486,0.0062609452,0.0003552766,-0.0208418310,0.0000000000,0.0000000000,0.0000000000,0.0000000000,0.0000000000,1,0.000000,0.000000,73.212,750.885,1,0.861,73.099,751.676,65.509,791.318,8.520,780.018,79.762,716.500,134.546,723.264,-2.851612,0.620740,1.802811,3.430326,-0.001725,0.001816,1,4.260000,0.000000,1773.360,886.516,1,1.422,1772.356,886.642,1843.491,934.612,1760.643,935.500,1705.251,839.807,1784.448,843.806,1.891368,0.836518,1.462044,2.532708,4.255643,0.000260,0.0115267442,0.0115819535,-9.5500609980,0.0009040401,-0.0113906438,8.4963486346,0.0001481757,0.0041742794,1.0000000000,0.0115251996,0.0115705001,-9.5390451141,0.0009065523,-0.0114097207,8.5085477417,0.0001519167,0.0041759508,1.0000000000
194,34116569224191,30.7571,1785360885.871,2,1.9581,0.9116,1.7989,0.7920,1.8785,0.8518,126.92,-0.0287,-0.0060,0.0124,0.0266,-0.0266,4.47,0.077929,1.0000,0.0034,0.5051,0.1991,0,frozen,2-tag corner homography,2,1920,1200,0.200000,101;102,1,1,,2-tag corner homography,0.011208,0.491635,101,102,4.751635,4.260000,30,0.050000,0.600000,5.000000,raw-zero-distortion,590.9628888758,0.0000000000,1007.8592059077,0.0000000000,592.3761043005,547.7101609771,0.0000000000,0.0000000000,1.0000000000,-0.0359937509,0.0291287486,0.0062609452,0.0003552766,-0.0208418310,0.0000000000,0.0000000000,0.0000000000,0.0000000000,0.0000000000,1,0.000000,0.000000,73.185,751.238,1,0.939,73.271,751.887,65.601,791.579,8.735,780.267,79.676,716.713,135.002,723.395,-2.848030,0.620717,1.800880,3.426329,-0.000813,0.000839,1,4.260000,0.000000,1773.143,886.371,1,1.089,1772.408,886.562,1843.917,934.759,1760.658,935.466,1705.339,840.014,1784.126,843.184,1.886422,0.834076,1.458122,2.525943,4.255348,0.000552,0.0115493083,0.0116168211,-9.5823117539,0.0009019353,-0.0113882419,8.4969441576,0.0001498157,0.0041815199,1.0000000000,0.0115251996,0.0115705001,-9.5390451141,0.0009065523,-0.0114097207,8.5085477417,0.0001519167,0.0041759508,1.0000000000
195,34116710567186,30.8985,1785360885.978,2,1.9816,0.9156,1.7995,0.7814,1.8905,0.8485,126.39,-0.0164,-0.0194,-0.0059,0.0247,-0.0247,5.89,0.102855,1.0000,0.0045,0.5051,0.2262,0,frozen,2-tag corner homography,2,1920,1200,0.200000,101;102,1,1,,2-tag corner homography,0.013574,0.500726,101,102,4.760726,4.260000,30,0.050000,0.600000,5.000000,raw-zero-distortion,590.9628888758,0.0000000000,1007.8592059077,0.0000000000,592.3761043005,547.7101609771,0.0000000000,0.0000000000,1.0000000000,-0.0359937509,0.0291287486,0.0062609452,0.0003552766,-0.0208418310,0.0000000000,0.0000000000,0.0000000000,0.0000000000,0.0000000000,1,0.000000,0.000000,73.255,752.621,1,1.230,74.407,752.017,65.379,791.385,14.000,781.000,80.605,716.454,134.107,723.478,-2.850433,0.622392,1.804591,3.430582,0.003237,-0.002947,1,4.260000,0.000000,1773.216,886.502,1,1.148,1772.394,886.574,1843.766,934.564,1760.596,935.321,1705.259,840.206,1784.377,843.331,1.893192,0.837116,1.463382,2.535040,4.255345,0.000265,0.0115588334,0.0111571705,-9.2529332837,0.0008903863,-0.0112390039,8.3857232247,0.0002162075,0.0040323738,1.0000000000,0.0115251996,0.0115705001,-9.5390451141,0.0009065523,-0.0114097207,8.5085477417,0.0001519167,0.0041759508,1.0000000000
196,34116818077887,31.0060,1785360886.075,2,1.9579,0.9131,1.7983,0.7958,1.8781,0.8545,126.33,-0.0041,-0.0013,0.0014,0.0041,-0.0041,0.58,0.010097,1.0000,0.0040,0.5051,0.1981,0,frozen,2-tag corner homography,2,1920,1200,0.200000,101;102,1,1,,2-tag corner homography,0.010943,0.500126,101,102,4.760126,4.260000,30,0.050000,0.600000,5.000000,raw-zero-distortion,590.9628888758,0.0000000000,1007.8592059077,0.0000000000,592.3761043005,547.7101609771,0.0000000000,0.0000000000,1.0000000000,-0.0359937509,0.0291287486,0.0062609452,0.0003552766,-0.0208418310,0.0000000000,0.0000000000,0.0000000000,0.0000000000,0.0000000000,1,0.000000,0.000000,73.188,750.793,1,1.231,73.382,751.561,65.722,791.448,8.745,779.514,79.458,716.651,135.484,723.029,-2.854502,0.621208,1.805185,3.434061,-0.002046,0.002063,1,4.260000,0.000000,1772.982,886.263,1,0.924,1772.372,886.462,1843.751,934.506,1760.579,935.418,1705.534,840.285,1783.963,842.744,1.888262,0.834684,1.459613,2.528379,4.255130,0.000771,0.0113601248,0.0114501747,-9.4404548655,0.0008911982,-0.0112344648,8.3784401711,0.0001409013,0.0041091056,1.0000000000,0.0115251996,0.0115705001,-9.5390451141,0.0009065523,-0.0114097207,8.5085477417,0.0001519167,0.0041759508,1.0000000000
197,34116915080388,31.1030,1785360886.173,2,1.9580,0.9130,1.7978,0.7962,1.8779,0.8546,126.10,-0.0075,0.0064,0.0096,0.0022,-0.0022,-1.12,-0.019606,1.0000,0.0035,0.5051,0.1983,0,frozen,2-tag corner homography,2,1920,1200,0.200000,101;102,1,1,,2-tag corner homography,0.011116,0.500094,101,102,4.760094,4.260000,30,0.050000,0.600000,5.000000,raw-zero-distortion,590.9628888758,0.0000000000,1007.8592059077,0.0000000000,592.3761043005,547.7101609771,0.0000000000,0.0000000000,1.0000000000,-0.0359937509,0.0291287486,0.0062609452,0.0003552766,-0.0208418310,0.0000000000,0.0000000000,0.0000000000,0.0000000000,0.0000000000,1,0.000000,0.000000,72.859,751.187,1,1.016,73.166,751.644,65.266,791.255,8.606,779.984,79.427,716.529,135.251,723.223,-2.849720,0.620277,1.801745,3.428109,-0.001862,0.000908,1,4.260000,0.000000,1773.161,886.239,1,1.077,1772.474,886.535,1843.756,934.343,1760.628,935.478,1705.719,840.283,1784.137,843.119,1.893383,0.837017,1.463377,2.535146,4.255554,0.000859,0.0115782864,0.0117273950,-9.6634817654,0.0009087072,-0.0114583928,8.5465645164,0.0001451163,0.0042092378,1.0000000000,0.0115251996,0.0115705001,-9.5390451141,0.0009065523,-0.0114097207,8.5085477417,0.0001519167,0.0041759508,1.0000000000
198,34117014875333,31.2028,1785360886.297,2,1.9897,0.9207,1.7975,0.7958,1.8936,0.8582,123.01,0.0018,0.0203,0.0161,-0.0126,0.0126,-6.64,-0.115833,1.0000,0.0039,0.5051,0.2292,0,frozen,2-tag corner homography,2,1920,1200,0.200000,101;102,1,1,,2-tag corner homography,0.011596,0.504820,101,102,4.764820,4.260000,30,0.050000,0.600000,5.000000,raw-zero-distortion,590.9628888758,0.0000000000,1007.8592059077,0.0000000000,592.3761043005,547.7101609771,0.0000000000,0.0000000000,1.0000000000,-0.0359937509,0.0291287486,0.0062609452,0.0003552766,-0.0208418310,0.0000000000,0.0000000000,0.0000000000,0.0000000000,0.0000000000,1,0.000000,0.000000,73.329,750.645,1,0.915,73.224,751.461,65.224,791.256,8.822,779.518,80.195,716.242,134.605,723.217,-2.854025,0.620693,1.804579,3.433253,-0.002071,0.002504,1,4.260000,0.000000,1773.248,886.455,1,1.291,1772.325,886.528,1843.364,934.436,1760.708,935.318,1705.335,839.982,1784.273,843.498,1.893660,0.837285,1.463876,2.535730,4.255474,0.000379,0.0115544471,0.0116310050,-9.5879347449,0.0009079701,-0.0114308608,8.5237167265,0.0001491712,0.0041868649,1.0000000000,0.0115251996,0.0115705001,-9.5390451141,0.0009065523,-0.0114097207,8.5085477417,0.0001519167,0.0041759508,1.0000000000
199,34117143092837,31.3310,1785360886.423,2,1.9678,0.9179,1.7979,0.7956,1.8829,0.8568,125.73,0.0183,0.0126,-0.0005,-0.0223,0.0223,-4.74,-0.082656,1.0000,0.0032,0.5051,0.2094,0,frozen,2-tag corner homography,2,1920,1200,0.200000,101;102,1,1,,2-tag corner homography,0.011615,0.504947,101,102,4.764947,4.260000,30,0.050000,0.600000,5.000000,raw-zero-distortion,590.9628888758,0.0000000000,1007.8592059077,0.0000000000,592.3761043005,547.7101609771,0.0000000000,0.0000000000,1.0000000000,-0.0359937509,0.0291287486,0.0062609452,0.0003552766,-0.0208418310,0.0000000000,0.0000000000,0.0000000000,0.0000000000,0.0000000000,1,0.000000,0.000000,73.324,751.052,1,0.727,73.091,751.847,65.566,791.405,8.632,780.353,79.958,716.540,134.196,723.481,-2.850464,0.621006,1.802071,3.429031,-0.000947,0.001380,1,4.260000,0.000000,1773.411,886.448,1,1.182,1772.589,886.598,1843.543,934.355,1760.740,935.378,1705.844,840.293,1784.557,843.411,1.897650,0.838931,1.466453,2.540741,4.255840,0.000424,0.0113978970,0.0114260957,-9.4254478453,0.0008923439,-0.0112636602,8.4037039290,0.0001520250,0.0041032774,1.0000000000,0.0115251996,0.0115705001,-9.5390451141,0.0009065523,-0.0114097207,8.5085477417,0.0001519167,0.0041759508,1.0000000000
200,34117268576894,31.4565,1785360886.529,2,1.9576,0.9131,1.7969,0.7971,1.8772,0.8551,125.82,-0.0391,-0.0047,0.0191,0.0345,-0.0345,6.23,0.108779,1.0000,0.0031,0.5051,0.1982,0,frozen,2-tag corner homography,2,1920,1200,0.200000,101;102,1,1,,2-tag corner homography,0.011255,0.487744,101,102,4.747744,4.260000,30,0.050000,0.600000,5.000000,raw-zero-distortion,590.9628888758,0.0000000000,1007.8592059077,0.0000000000,592.3761043005,547.7101609771,0.0000000000,0.0000000000,1.0000000000,-0.0359937509,0.0291287486,0.0062609452,0.0003552766,-0.0208418310,0.0000000000,0.0000000000,0.0000000000,0.0000000000,0.0000000000,1,0.000000,0.000000,73.188,751.385,1,0.803,73.337,751.852,65.534,791.502,9.212,780.452,79.856,716.436,134.752,723.413,-2.843387,0.619641,1.798070,3.420799,-0.000396,0.000435,1,4.260000,0.000000,1773.169,886.086,1,1.023,1772.521,886.381,1844.183,934.404,1760.646,935.420,1705.498,840.043,1784.156,842.799,1.887357,0.833921,1.458630,2.526884,4.255760,0.001212,0.0114804488,0.0114460649,-9.4493391497,0.0008925191,-0.0112821112,8.4173839440,0.0001600038,0.0041245879,1.0000000000,0.0115251996,0.0115705001,-9.5390451141,0.0009065523,-0.0114097207,8.5085477417,0.0001519167,0.0041759508,1.0000000000
201,34117374127348,31.5620,1785360886.650,2,1.9575,0.9146,1.7964,0.7975,1.8770,0.8561,126.03,-0.0309,-0.0038,0.0151,0.0272,-0.0272,3.10,0.054091,1.0000,0.0035,0.5051,0.1992,0,frozen,2-tag corner homography,2,1920,1200,0.200000,101;102,1,1,,2-tag corner homography,0.011131,0.488087,101,102,4.748087,4.260000,30,0.050000,0.600000,5.000000,raw-zero-distortion,590.9628888758,0.0000000000,1007.8592059077,0.0000000000,592.3761043005,547.7101609771,0.0000000000,0.0000000000,1.0000000000,-0.0359937509,0.0291287486,0.0062609452,0.0003552766,-0.0208418310,0.0000000000,0.0000000000,0.0000000000,0.0000000000,0.0000000000,1,0.000000,0.000000,73.017,751.356,1,0.957,73.363,751.714,65.362,791.421,9.118,780.223,79.702,716.370,135.222,723.255,-2.841797,0.618894,1.797115,3.418839,-0.000949,0.000476,1,4.260000,0.000000,1773.040,886.214,1,0.954,1772.425,886.456,1843.957,934.425,1760.696,935.431,1705.495,840.294,1783.930,842.795,1.889397,0.835112,1.460390,2.529816,4.255320,0.000895,0.0114369489,0.0114839074,-9.4732633102,0.0008929900,-0.0112693320,8.4061624615,0.0001510027,0.0041243304,1.0000000000,0.0115251996,0.0115705001,-9.5390451141,0.0009065523,-0.0114097207,8.5085477417,0.0001519167,0.0041759508,1.0000000000
202,34117497392908,31.6853,1785360886.757,2,,,,,,,,,,,,,,,,0.0042,0.5051,,0,frozen,2-tag corner homography,2,1920,1200,0.200000,101;102,1,1,,2-tag corner homography,0.011999,0.524227,101,102,4.784227,4.260000,30,0.050000,0.600000,5.000000,raw-zero-distortion,590.9628888758,0.0000000000,1007.8592059077,0.0000000000,592.3761043005,547.7101609771,0.0000000000,0.0000000000,1.0000000000,-0.0359937509,0.0291287486,0.0062609452,0.0003552766,-0.0208418310,0.0000000000,0.0000000000,0.0000000000,0.0000000000,0.0000000000,1,0.000000,0.000000,73.102,750.514,1,0.849,72.826,751.441,65.190,790.875,8.473,779.510,79.775,716.468,133.837,723.266,-2.869790,0.623797,1.813775,3.451753,-0.003066,0.002812,1,4.260000,0.000000,1773.378,886.393,1,1.181,1772.573,886.581,1843.394,934.494,1760.704,935.238,1706.002,840.105,1784.494,843.551,1.896938,0.838594,1.465935,2.539799,4.255837,0.000546,0.0115774966,0.0116864024,-9.6264611721,0.0009122786,-0.0114843025,8.5637506042,0.0001544195,0.0041905884,1.0000000000,0.0115251996,0.0115705001,-9.5390451141,0.0009065523,-0.0114097207,8.5085477417,0.0001519167,0.0041759508,1.0000000000
203,34117595128489,31.7830,1785360886.852,2,1.9581,0.9158,1.7954,0.7968,1.8767,0.8563,126.17,-0.0051,0.0024,0.0050,0.0027,-0.0027,1.27,0.022226,1.0000,0.0036,0.5051,0.2016,0,frozen,2-tag corner homography,2,1920,1200,0.200000,101;102,1,1,,2-tag corner homography,0.011134,0.473074,101,102,4.733074,4.260000,30,0.050000,0.600000,5.000000,raw-zero-distortion,590.9628888758,0.0000000000,1007.8592059077,0.0000000000,592.3761043005,547.7101609771,0.0000000000,0.0000000000,1.0000000000,-0.0359937509,0.0291287486,0.0062609452,0.0003552766,-0.0208418310,0.0000000000,0.0000000000,0.0000000000,0.0000000000,0.0000000000,1,0.000000,0.000000,73.203,751.178,1,0.940,73.430,751.666,65.551,791.493,8.807,780.385,79.825,716.296,135.446,722.947,-2.828877,0.615978,1.789072,3.403344,-0.000930,0.001008,1,4.260000,0.000000,1772.934,886.189,1,0.972,1772.328,886.487,1843.807,934.491,1760.555,935.515,1705.493,840.227,1783.812,842.840,1.887628,0.834513,1.459207,2.527615,4.255118,0.000932,0.0113795494,0.0115317589,-9.5052582654,0.0008883194,-0.0112011364,8.3545329268,0.0001446262,0.0041125705,1.0000000000,0.0115251996,0.0115705001,-9.5390451141,0.0009065523,-0.0114097207,8.5085477417,0.0001519167,0.0041759508,1.0000000000
204,34117692740214,31.8807,1785360886.989,2,1.9560,0.9151,1.7946,0.7963,1.8753,0.8557,126.37,-0.0048,0.0005,0.0033,0.0036,-0.0036,1.10,0.019147,1.0000,0.0032,0.5051,0.2004,0,frozen,2-tag corner homography,2,1920,1200,0.200000,101;102,1,1,,2-tag corner homography,0.011359,0.484128,101,102,4.744128,4.260000,30,0.050000,0.600000,5.000000,raw-zero-distortion,590.9628888758,0.0000000000,1007.8592059077,0.0000000000,592.3761043005,547.7101609771,0.0000000000,0.0000000000,1.0000000000,-0.0359937509,0.0291287486,0.0062609452,0.0003552766,-0.0208418310,0.0000000000,0.0000000000,0.0000000000,0.0000000000,0.0000000000,1,0.000000,0.000000,73.325,751.201,1,0.737,73.292,751.813,65.554,791.542,8.949,780.469,80.044,716.317,134.617,723.335,-2.838163,0.618355,1.794680,3.414441,-0.000528,0.000970,1,4.260000,0.000000,1773.197,886.190,1,1.044,1772.557,886.539,1844.132,934.505,1760.696,935.558,1705.661,840.190,1784.125,843.037,1.889178,0.835076,1.459967,2.529397,4.255694,0.000979,0.0114465358,0.0114441706,-9.4445131270,0.0008916730,-0.0112548292,8.3964871168,0.0001550064,0.0041193386,1.0000000000,0.0115251996,0.0115705001,-9.5390451141,0.0009065523,-0.0114097207,8.5085477417,0.0001519167,0.0041759508,1.0000000000
205,34117837443828,32.0254,1785360887.099,2,1.9853,0.9236,1.7954,0.7964,1.8904,0.8600,123.82,0.0433,0.0124,-0.0138,-0.0429,0.0429,-7.39,-0.128924,1.0000,0.0037,0.5051,0.2287,0,frozen,2-tag corner homography,2,1920,1200,0.200000,101;102,1,1,,2-tag corner homography,0.011778,0.506875,101,102,4.766875,4.260000,30,0.050000,0.600000,5.000000,raw-zero-distortion,590.9628888758,0.0000000000,1007.8592059077,0.0000000000,592.3761043005,547.7101609771,0.0000000000,0.0000000000,1.0000000000,-0.0359937509,0.0291287486,0.0062609452,0.0003552766,-0.0208418310,0.0000000000,0.0000000000,0.0000000000,0.0000000000,0.0000000000,1,0.000000,0.000000,73.435,750.777,1,1.016,73.426,751.576,65.371,791.431,9.587,779.572,80.247,716.434,134.526,723.226,-2.857201,0.621869,1.806978,3.437366,-0.001403,0.002161,1,4.260000,0.000000,1773.258,886.539,1,1.143,1772.433,886.582,1843.483,934.550,1760.738,935.404,1705.508,840.220,1784.350,843.247,1.892366,0.836725,1.462668,2.533881,4.255391,0.000189,0.0114668455,0.0114530202,-9.4514655362,0.0008980839,-0.0113110665,8.4355433571,0.0001593362,0.0041200019,1.0000000000,0.0115251996,0.0115705001,-9.5390451141,0.0009065523,-0.0114097207,8.5085477417,0.0001519167,0.0041759508,1.0000000000
206,34117958490760,32.1464,1785360887.256,2,2.1684,0.2519,1.7939,0.7970,1.9811,0.5244,34.49,0.2784,-0.8163,-0.2327,-0.8304,0.8304,-230.41,-4.021474,1.0000,0.0039,0.5051,0.6614,0,frozen,2-tag corner homography,2,1920,1200,0.200000,101;102,1,1,,2-tag corner homography,0.011526,0.519511,101,102,4.779511,4.260000,30,0.050000,0.600000,5.000000,raw-zero-distortion,590.9628888758,0.0000000000,1007.8592059077,0.0000000000,592.3761043005,547.7101609771,0.0000000000,0.0000000000,1.0000000000,-0.0359937509,0.0291287486,0.0062609452,0.0003552766,-0.0208418310,0.0000000000,0.0000000000,0.0000000000,0.0000000000,0.0000000000,1,0.000000,0.000000,73.099,750.745,1,1.100,73.253,751.444,65.366,791.169,9.201,779.293,79.657,716.465,134.760,723.196,-2.866226,0.623314,1.812349,3.447954,-0.002429,0.002178,1,4.260000,0.000000,1773.330,886.527,1,1.243,1772.447,886.620,1843.398,934.435,1760.760,935.417,1705.585,840.208,1784.392,843.500,1.895817,0.838331,1.465308,2.538513,4.255563,0.000230,0.0114679068,0.0115292424,-9.5051450933,0.0009037594,-0.0113696282,8.4777993484,0.0001487992,0.0041452499,1.0000000000,0.0115251996,0.0115705001,-9.5390451141,0.0009065523,-0.0114097207,8.5085477417,0.0001519167,0.0041759508,1.0000000000
207,34118098470554,32.2864,1785360887.382,2,1.9550,0.9153,1.7939,0.7978,1.8745,0.8565,126.10,0.0166,-0.1827,-0.1574,0.0943,-0.0943,-42.94,-0.749443,1.0000,0.0034,0.5051,0.1995,0,frozen,2-tag corner homography,2,1920,1200,0.200000,101;102,1,1,,2-tag corner homography,0.011042,0.498301,101,102,4.758301,4.260000,30,0.050000,0.600000,5.000000,raw-zero-distortion,590.9628888758,0.0000000000,1007.8592059077,0.0000000000,592.3761043005,547.7101609771,0.0000000000,0.0000000000,1.0000000000,-0.0359937509,0.0291287486,0.0062609452,0.0003552766,-0.0208418310,0.0000000000,0.0000000000,0.0000000000,0.0000000000,0.0000000000,1,0.000000,0.000000,72.934,751.335,1,0.876,73.137,751.803,65.402,791.355,8.700,780.157,79.479,716.557,134.901,723.530,-2.853804,0.621630,1.804271,3.433076,-0.001240,0.000517,1,4.260000,0.000000,1773.103,886.230,1,1.024,1772.441,886.491,1843.907,934.519,1760.539,935.534,1705.528,840.143,1784.149,842.885,1.887164,0.834194,1.458633,2.526831,4.255437,0.000870,0.0114807913,0.0115523252,-9.5262128863,0.0008969391,-0.0113263936,8.4500265402,0.0001524430,0.0041440593,1.0000000000,0.0115251996,0.0115705001,-9.5390451141,0.0009065523,-0.0114097207,8.5085477417,0.0001519167,0.0041759508,1.0000000000
208,34118231802071,32.4197,1785360887.527,2,2.1481,0.2521,1.7945,0.7969,1.9713,0.5245,32.99,-0.0254,-0.0378,-0.0419,-0.0179,0.0179,-12.23,-0.213537,1.0000,0.0034,0.5051,0.6495,0,frozen,2-tag corner homography,2,1920,1200,0.200000,101;102,1,1,,2-tag corner homography,0.011704,0.501887,101,102,4.761887,4.260000,30,0.050000,0.600000,5.000000,raw-zero-distortion,590.9628888758,0.0000000000,1007.8592059077,0.0000000000,592.3761043005,547.7101609771,0.0000000000,0.0000000000,1.0000000000,-0.0359937509,0.0291287486,0.0062609452,0.0003552766,-0.0208418310,0.0000000000,0.0000000000,0.0000000000,0.0000000000,0.0000000000,1,0.000000,0.000000,73.227,750.961,1,0.841,73.113,751.734,65.414,791.381,8.711,780.162,79.883,716.525,134.414,723.266,-2.849047,0.620367,1.801217,3.427288,-0.001471,0.001611,1,4.260000,0.000000,1773.467,886.660,1,1.358,1772.437,886.552,1843.426,934.506,1760.577,935.179,1705.244,840.002,1784.902,843.613,1.895989,0.838250,1.465461,2.538703,4.255697,-0.000051,0.0116185585,0.0120035383,-9.8746197055,0.0009119164,-0.0114962667,8.5753445002,0.0001556099,0.0042159261,1.0000000000,0.0115251996,0.0115705001,-9.5390451141,0.0009065523,-0.0114097207,8.5085477417,0.0001519167,0.0041759508,1.0000000000
209,34118399121319,32.5870,1785360887.721,2,1.4438,0.3891,1.7939,0.7967,1.6188,0.5929,-40.66,-0.7214,-0.6610,-0.1167,-0.9715,0.9715,-438.81,-7.658598,1.0000,0.0034,0.5051,0.5372,0,frozen,2-tag corner homography,2,1920,1200,0.200000,101;102,1,1,,2-tag corner homography,0.011748,0.502295,101,102,4.762295,4.260000,30,0.050000,0.600000,5.000000,raw-zero-distortion,590.9628888758,0.0000000000,1007.8592059077,0.0000000000,592.3761043005,547.7101609771,0.0000000000,0.0000000000,1.0000000000,-0.0359937509,0.0291287486,0.0062609452,0.0003552766,-0.0208418310,0.0000000000,0.0000000000,0.0000000000,0.0000000000,0.0000000000,1,0.000000,0.000000,73.448,750.926,1,0.813,73.300,751.709,65.551,791.352,9.060,780.158,80.180,716.469,134.406,723.251,-2.848658,0.620331,1.801331,3.427018,-0.000952,0.001755,1,4.260000,0.000000,1773.276,886.372,1,1.072,1772.548,886.558,1843.597,934.472,1760.572,935.218,1705.880,840.273,1784.473,843.325,1.896795,0.838500,1.465871,2.539624,4.255639,0.000575,0.0114509165,0.0114793959,-9.4702690827,0.0008963285,-0.0113039340,8.4319389344,0.0001557755,0.0041212353,1.0000000000,0.0115251996,0.0115705001,-9.5390451141,0.0009065523,-0.0114097207,8.5085477417,0.0001519167,0.0041759508,1.0000000000
210,34118571079889,32.7590,1785360887.911,2,1.9572,0.9145,1.7941,0.7976,1.8757,0.8561,125.63,-0.3621,0.6553,0.7436,-0.0874,0.0874,134.85,2.353523,1.0000,0.0036,0.5051,0.2007,0,frozen,2-tag corner homography,2,1920,1200,0.200000,101;102,1,1,,2-tag corner homography,0.011054,0.484218,101,102,4.744218,4.260000,30,0.050000,0.600000,5.000000,raw-zero-distortion,590.9628888758,0.0000000000,1007.8592059077,0.0000000000,592.3761043005,547.7101609771,0.0000000000,0.0000000000,1.0000000000,-0.0359937509,0.0291287486,0.0062609452,0.0003552766,-0.0208418310,0.0000000000,0.0000000000,0.0000000000,0.0000000000,0.0000000000,1,0.000000,0.000000,73.100,751.201,1,0.795,73.175,751.747,65.470,791.440,8.551,780.276,79.713,716.325,134.898,723.365,-2.842133,0.618944,1.796965,3.419049,-0.001152,0.000922,1,4.260000,0.000000,1772.968,886.074,1,0.946,1772.414,886.446,1844.073,934.522,1760.600,935.551,1705.551,840.139,1783.804,842.723,1.885039,0.833174,1.457041,2.523989,4.255336,0.001204,0.0114077744,0.0114495222,-9.4434398968,0.0008895122,-0.0112305971,8.3778626463,0.0001485413,0.0041153665,1.0000000000,0.0115251996,0.0115705001,-9.5390451141,0.0009065523,-0.0114097207,8.5085477417,0.0001519167,0.0041759508,1.0000000000
211,34118764119272,32.9520,1785360888.049,2,,,,,,,,,,,,,,,,0.0047,0.5051,,0,frozen,2-tag corner homography,2,1920,1200,0.200000,101;102,1,1,,2-tag corner homography,0.011766,0.520988,101,102,4.780988,4.260000,30,0.050000,0.600000,5.000000,raw-zero-distortion,590.9628888758,0.0000000000,1007.8592059077,0.0000000000,592.3761043005,547.7101609771,0.0000000000,0.0000000000,1.0000000000,-0.0359937509,0.0291287486,0.0062609452,0.0003552766,-0.0208418310,0.0000000000,0.0000000000,0.0000000000,0.0000000000,0.0000000000,1,0.000000,0.000000,73.517,750.173,1,1.034,73.087,751.382,65.538,791.088,8.569,779.304,80.082,716.510,134.113,722.994,-2.864693,0.622680,1.811058,3.445886,-0.002865,0.003844,1,4.260000,0.000000,1773.285,886.574,1,1.243,1772.374,886.589,1843.299,934.446,1760.510,935.156,1705.472,840.208,1784.583,843.608,1.899022,0.839752,1.467926,2.542887,4.255406,0.000113,0.0115787438,0.0116674434,-9.6145520980,0.0009128944,-0.0114829781,8.5617892452,0.0001533962,0.0041913893,1.0000000000,0.0115251996,0.0115705001,-9.5390451141,0.0009065523,-0.0114097207,8.5085477417,0.0001519167,0.0041759508,1.0000000000
212,34118888167752,33.0761,1785360888.155,2,1.9518,0.9185,1.7973,0.7923,1.8746,0.8554,129.22,,,,,,,,1.0000,0.0034,0.5051,0.1995,1,frozen,2-tag corner homography,2,1920,1200,0.200000,101;102,1,1,,2-tag corner homography,0.010960,0.472437,101,102,4.732437,4.260000,30,0.050000,0.600000,5.000000,raw-zero-distortion,590.9628888758,0.0000000000,1007.8592059077,0.0000000000,592.3761043005,547.7101609771,0.0000000000,0.0000000000,1.0000000000,-0.0359937509,0.0291287486,0.0062609452,0.0003552766,-0.0208418310,0.0000000000,0.0000000000,0.0000000000,0.0000000000,0.0000000000,1,0.000000,0.000000,73.187,751.228,1,0.988,73.484,751.670,65.503,791.467,8.724,780.349,79.844,716.363,135.732,722.973,-2.829275,0.616114,1.789428,3.403887,-0.000837,0.000868,1,4.260000,0.000000,1773.131,886.246,1,1.006,1772.458,886.441,1843.900,934.515,1760.651,935.470,1705.495,840.113,1784.148,842.794,1.886530,0.833773,1.458109,2.525916,4.255479,0.000838,0.0114624904,0.0115988359,-9.5623910266,0.0008941287,-0.0112814826,8.4146389313,0.0001452610,0.0041512991,1.0000000000,0.0115251996,0.0115705001,-9.5390451141,0.0009065523,-0.0114097207,8.5085477417,0.0001519167,0.0041759508,1.0000000000
213,34119002343390,33.1903,1785360888.261,2,1.9781,0.9300,1.7995,0.7880,1.8888,0.8590,128.50,,,,,,,,1.0000,0.0039,0.5051,0.2282,0,frozen,2-tag corner homography,2,1920,1200,0.200000,101;102,1,1,,2-tag corner homography,0.011436,0.519817,101,102,4.779817,4.260000,30,0.050000,0.600000,5.000000,raw-zero-distortion,590.9628888758,0.0000000000,1007.8592059077,0.0000000000,592.3761043005,547.7101609771,0.0000000000,0.0000000000,1.0000000000,-0.0359937509,0.0291287486,0.0062609452,0.0003552766,-0.0208418310,0.0000000000,0.0000000000,0.0000000000,0.0000000000,0.0000000000,1,0.000000,0.000000,73.278,750.657,1,1.017,73.208,751.529,65.582,791.277,8.805,779.490,79.750,716.503,134.649,723.212,-2.861650,0.622551,1.809369,3.442445,-0.002175,0.002457,1,4.260000,0.000000,1773.226,886.200,1,1.145,1772.500,886.535,1843.562,934.169,1760.532,935.248,1705.947,840.316,1784.292,843.442,1.901073,0.840387,1.469270,2.545404,4.255744,0.000962,0.0113456957,0.0113983321,-9.3982644551,0.0008941165,-0.0112634667,8.3997721521,0.0001432982,0.0040967852,1.0000000000,0.0115251996,0.0115705001,-9.5390451141,0.0009065523,-0.0114097207,8.5085477417,0.0001519167,0.0041759508,1.0000000000
214,34119100246711,33.2882,1785360888.382,2,,,,,,,,,,,,,,,,0.0043,0.5051,,0,frozen,2-tag corner homography,2,1920,1200,0.200000,101;102,1,1,,2-tag corner homography,0.011937,0.519108,101,102,4.779108,4.260000,30,0.050000,0.600000,5.000000,raw-zero-distortion,590.9628888758,0.0000000000,1007.8592059077,0.0000000000,592.3761043005,547.7101609771,0.0000000000,0.0000000000,1.0000000000,-0.0359937509,0.0291287486,0.0062609452,0.0003552766,-0.0208418310,0.0000000000,0.0000000000,0.0000000000,0.0000000000,0.0000000000,1,0.000000,0.000000,72.894,750.600,1,0.931,72.795,751.417,64.647,790.890,8.535,779.475,79.867,716.529,134.062,723.156,-2.865869,0.622850,1.811236,3.446987,-0.003405,0.002531,1,4.260000,0.000000,1773.324,886.511,1,1.294,1772.386,886.548,1843.389,934.353,1760.764,935.335,1705.376,840.114,1784.392,843.485,1.895844,0.838232,1.465446,2.538581,4.255570,0.000265,0.0118936874,0.0120864503,-9.9495235837,0.0009360542,-0.0117835330,8.7866309369,0.0001646452,0.0043264079,1.0000000000,0.0115251996,0.0115705001,-9.5390451141,0.0009065523,-0.0114097207,8.5085477417,0.0001519167,0.0041759508,1.0000000000
215,34119237210159,33.4251,1785360888.546,2,1.9503,0.9316,1.8037,0.7847,1.8770,0.8581,135.07,-0.0016,0.0062,0.0055,-0.0032,0.0032,18.42,0.321537,1.0000,0.0035,0.5051,0.2076,0,frozen,2-tag corner homography,2,1920,1200,0.200000,101;102,1,1,,2-tag corner homography,0.011245,0.483052,101,102,4.743052,4.260000,30,0.050000,0.600000,5.000000,raw-zero-distortion,590.9628888758,0.0000000000,1007.8592059077,0.0000000000,592.3761043005,547.7101609771,0.0000000000,0.0000000000,1.0000000000,-0.0359937509,0.0291287486,0.0062609452,0.0003552766,-0.0208418310,0.0000000000,0.0000000000,0.0000000000,0.0000000000,0.0000000000,1,0.000000,0.000000,73.082,751.331,1,0.832,73.275,751.769,65.314,791.412,8.786,780.460,79.852,716.395,135.073,723.247,-2.836928,0.617941,1.793866,3.412912,-0.000840,0.000559,1,4.260000,0.000000,1772.956,886.167,1,0.933,1772.373,886.452,1843.868,934.426,1760.589,935.418,1705.549,840.293,1783.848,842.785,1.889404,0.835163,1.460494,2.529899,4.255193,0.000988,0.0115026824,0.0115843873,-9.5533145671,0.0008971166,-0.0113272278,8.4501093545,0.0001518938,0.0041556309,1.0000000000,0.0115251996,0.0115705001,-9.5390451141,0.0009065523,-0.0114097207,8.5085477417,0.0001519167,0.0041759508,1.0000000000
216,34119396366837,33.5843,1785360888.661,2,1.9533,0.9378,1.8061,0.7806,1.8797,0.8592,136.88,,,,,,,,1.0000,0.0037,0.5051,0.2154,0,frozen,2-tag corner homography,2,1920,1200,0.200000,101;102,1,1,,2-tag corner homography,0.011471,0.477879,101,102,4.737879,4.260000,30,0.050000,0.600000,5.000000,raw-zero-distortion,590.9628888758,0.0000000000,1007.8592059077,0.0000000000,592.3761043005,547.7101609771,0.0000000000,0.0000000000,1.0000000000,-0.0359937509,0.0291287486,0.0062609452,0.0003552766,-0.0208418310,0.0000000000,0.0000000000,0.0000000000,0.0000000000,0.0000000000,1,0.000000,0.000000,73.483,751.188,1,0.612,73.367,751.777,65.259,791.458,8.723,780.460,80.637,716.158,134.784,723.479,-2.834015,0.617393,1.792200,3.409516,-0.000125,0.001040,1,4.260000,0.000000,1772.906,886.259,1,0.979,1772.251,886.441,1843.588,934.502,1760.591,935.419,1705.378,840.168,1783.793,842.801,1.887152,0.834273,1.458986,2.527053,4.254971,0.000767,0.0115556817,0.0116356102,-9.5969665787,0.0008998882,-0.0113625075,8.4764362827,0.0001547176,0.0041749562,1.0000000000,0.0115251996,0.0115705001,-9.5390451141,0.0009065523,-0.0114097207,8.5085477417,0.0001519167,0.0041759508,1.0000000000
217,34119501490789,33.6894,1785360888.775,2,,,,,,,,,,,,,,,,0.0042,0.5051,,0,frozen,2-tag corner homography,2,1920,1200,0.200000,101;102,1,1,,2-tag corner homography,0.011937,0.524972,101,102,4.784972,4.260000,30,0.050000,0.600000,5.000000,raw-zero-distortion,590.9628888758,0.0000000000,1007.8592059077,0.0000000000,592.3761043005,547.7101609771,0.0000000000,0.0000000000,1.0000000000,-0.0359937509,0.0291287486,0.0062609452,0.0003552766,-0.0208418310,0.0000000000,0.0000000000,0.0000000000,0.0000000000,0.0000000000,1,0.000000,0.000000,73.034,750.611,1,0.949,72.800,751.579,65.109,791.068,8.447,779.635,79.669,716.733,133.929,723.245,-2.868439,0.623908,1.812871,3.450174,-0.002985,0.002532,1,4.260000,0.000000,1773.336,886.482,1,1.193,1772.496,886.595,1843.378,934.372,1760.753,935.257,1705.769,840.284,1784.420,843.524,1.899195,0.839710,1.467825,2.542944,4.255633,0.000333,0.0116601191,0.0117874275,-9.7097240047,0.0009182953,-0.0115704342,8.6296675798,0.0001563136,0.0042270176,1.0000000000,0.0115251996,0.0115705001,-9.5390451141,0.0009065523,-0.0114097207,8.5085477417,0.0001519167,0.0041759508,1.0000000000
218,34119616474473,33.8044,1785360888.881,2,1.9327,0.9358,1.8096,0.7762,1.8711,0.8560,142.35,,,,,,,,1.0000,0.0032,0.5051,0.2015,0,frozen,2-tag corner homography,2,1920,1200,0.200000,101;102,1,1,,2-tag corner homography,0.023121,0.489329,101,102,4.749329,4.260000,30,0.050000,0.600000,5.000000,raw-zero-distortion,590.9628888758,0.0000000000,1007.8592059077,0.0000000000,592.3761043005,547.7101609771,0.0000000000,0.0000000000,1.0000000000,-0.0359937509,0.0291287486,0.0062609452,0.0003552766,-0.0208418310,0.0000000000,0.0000000000,0.0000000000,0.0000000000,0.0000000000,1,0.000000,0.000000,73.085,751.278,1,0.828,73.191,751.817,65.528,791.473,8.646,780.391,79.631,716.469,134.902,723.350,-2.842632,0.619275,1.797312,3.419705,-0.000978,0.000707,1,4.260000,0.000000,1773.190,886.071,1,0.957,1772.633,886.457,1844.024,934.397,1760.725,935.474,1705.999,840.230,1784.105,842.816,1.889808,0.835069,1.460309,2.530063,4.255827,0.001250,0.0061890021,0.0046444303,-3.9448558281,0.0004648858,-0.0058714061,4.3826540521,0.0001155869,0.0015913207,1.0000000000,0.0115251996,0.0115705001,-9.5390451141,0.0009065523,-0.0114097207,8.5085477417,0.0001519167,0.0041759508,1.0000000000
219,34119721513933,33.9094,1785360888.979,2,1.9428,0.9460,1.8114,0.7740,1.8771,0.8600,142.64,-0.0127,-0.0001,0.0100,0.0078,-0.0078,18.80,0.328061,1.0000,0.0032,0.5051,0.2164,0,frozen,2-tag corner homography,2,1920,1200,0.200000,101;102,1,1,,2-tag corner homography,0.011099,0.494063,101,102,4.754063,4.260000,30,0.050000,0.600000,5.000000,raw-zero-distortion,590.9628888758,0.0000000000,1007.8592059077,0.0000000000,592.3761043005,547.7101609771,0.0000000000,0.0000000000,1.0000000000,-0.0359937509,0.0291287486,0.0062609452,0.0003552766,-0.0208418310,0.0000000000,0.0000000000,0.0000000000,0.0000000000,0.0000000000,1,0.000000,0.000000,73.163,751.243,1,0.757,73.210,751.790,65.541,791.435,8.799,780.363,79.780,716.358,134.694,723.405,-2.843884,0.619477,1.798139,3.421218,-0.000860,0.000820,1,4.260000,0.000000,1773.187,886.120,1,1.164,1772.444,886.445,1844.110,934.192,1760.649,935.432,1705.350,840.139,1784.113,843.150,1.893399,0.836833,1.463446,2.535138,4.255759,0.001138,0.0115239488,0.0115125418,-9.5002713692,0.0008998156,-0.0113638525,8.4777105893,0.0001529177,0.0041610031,1.0000000000,0.0115251996,0.0115705001,-9.5390451141,0.0009065523,-0.0114097207,8.5085477417,0.0001519167,0.0041759508,1.0000000000
220,34119823592137,34.0115,1785360889.100,2,1.9482,0.9497,1.8128,0.7714,1.8805,0.8605,142.79,0.0231,0.0136,-0.0102,-0.0247,0.0247,8.49,0.148263,1.0000,0.0038,0.5051,0.2239,0,frozen,2-tag corner homography,2,1920,1200,0.200000,101;102,1,1,,2-tag corner homography,0.011568,0.502058,101,102,4.762058,4.260000,30,0.050000,0.600000,5.000000,raw-zero-distortion,590.9628888758,0.0000000000,1007.8592059077,0.0000000000,592.3761043005,547.7101609771,0.0000000000,0.0000000000,1.0000000000,-0.0359937509,0.0291287486,0.0062609452,0.0003552766,-0.0208418310,0.0000000000,0.0000000000,0.0000000000,0.0000000000,0.0000000000,1,0.000000,0.000000,73.268,750.872,1,0.809,72.995,751.771,65.615,791.374,8.487,780.211,79.749,716.570,134.112,723.317,-2.852191,0.621088,1.802977,3.430957,-0.001603,0.001863,1,4.260000,0.000000,1773.147,886.414,1,1.156,1772.316,886.467,1843.461,934.453,1760.646,935.218,1705.327,840.079,1784.207,843.234,1.892834,0.836779,1.463255,2.534588,4.255304,0.000455,0.0114776115,0.0115004042,-9.4851295341,0.0008977684,-0.0113347600,8.4559574234,0.0001522069,0.0041413822,1.0000000000,0.0115251996,0.0115705001,-9.5390451141,0.0009065523,-0.0114097207,8.5085477417,0.0001519167,0.0041759508,1.0000000000
221,34119939732515,34.1277,1785360889.232,2,1.9473,0.9508,1.8137,0.7703,1.8805,0.8606,143.50,0.0269,0.0133,-0.0138,-0.0267,0.0267,5.10,0.088960,1.0000,0.0035,0.5051,0.2247,0,frozen,2-tag corner homography,2,1920,1200,0.200000,101;102,1,1,,2-tag corner homography,0.011599,0.499674,101,102,4.759674,4.260000,30,0.050000,0.600000,5.000000,raw-zero-distortion,590.9628888758,0.0000000000,1007.8592059077,0.0000000000,592.3761043005,547.7101609771,0.0000000000,0.0000000000,1.0000000000,-0.0359937509,0.0291287486,0.0062609452,0.0003552766,-0.0208418310,0.0000000000,0.0000000000,0.0000000000,0.0000000000,0.0000000000,1,0.000000,0.000000,73.187,751.059,1,0.885,73.135,751.807,65.458,791.458,8.659,780.236,79.769,716.650,134.601,723.290,-2.848576,0.620501,1.800961,3.426787,-0.001308,0.001331,1,4.260000,0.000000,1773.242,886.417,1,1.259,1772.372,886.582,1843.431,934.457,1760.651,935.393,1705.502,840.053,1784.267,843.535,1.894203,0.837608,1.464206,2.536433,4.255508,0.000465,0.0114879289,0.0115345177,-9.5135623885,0.0008995969,-0.0113512961,8.4685815145,0.0001486854,0.0041537126,1.0000000000,0.0115251996,0.0115705001,-9.5390451141,0.0009065523,-0.0114097207,8.5085477417,0.0001519167,0.0041759508,1.0000000000
222,34120086206744,34.2741,1785360889.388,2,1.9232,0.9404,1.8147,0.7702,1.8689,0.8553,147.48,-0.0272,-0.0121,0.0165,0.0248,-0.0248,14.95,0.261007,1.0000,0.0035,0.5051,0.2019,0,frozen,2-tag corner homography,2,1920,1200,0.200000,101;102,1,1,,2-tag corner homography,0.011284,0.491839,101,102,4.751839,4.260000,30,0.050000,0.600000,5.000000,raw-zero-distortion,590.9628888758,0.0000000000,1007.8592059077,0.0000000000,592.3761043005,547.7101609771,0.0000000000,0.0000000000,1.0000000000,-0.0359937509,0.0291287486,0.0062609452,0.0003552766,-0.0208418310,0.0000000000,0.0000000000,0.0000000000,0.0000000000,0.0000000000,1,0.000000,0.000000,72.931,751.271,1,0.890,73.119,751.764,65.242,791.386,8.723,780.153,79.595,716.499,134.854,723.417,-2.849655,0.620595,1.801614,3.428044,-0.001427,0.000691,1,4.260000,0.000000,1773.113,886.327,1,1.003,1772.439,886.513,1843.935,934.681,1760.667,935.535,1705.426,840.113,1784.103,842.873,1.884889,0.833243,1.456877,2.523805,4.255338,0.000649,0.0116483121,0.0115497191,-9.5359311716,0.0009076307,-0.0114605847,8.5499215812,0.0001550424,0.0042142329,1.0000000000,0.0115251996,0.0115705001,-9.5390451141,0.0009065523,-0.0114097207,8.5085477417,0.0001519167,0.0041759508,1.0000000000
223,34120265336859,34.4533,1785360889.578,2,2.2370,0.4051,1.8159,0.7691,2.0264,0.5871,49.16,0.3733,-0.7066,-0.2905,-0.7445,0.7445,-241.16,-4.209018,1.0000,0.0042,0.5051,0.5566,0,frozen,2-tag corner homography,2,1920,1200,0.200000,101;102,1,1,,2-tag corner homography,0.011416,0.505465,101,102,4.765465,4.260000,30,0.050000,0.600000,5.000000,raw-zero-distortion,590.9628888758,0.0000000000,1007.8592059077,0.0000000000,592.3761043005,547.7101609771,0.0000000000,0.0000000000,1.0000000000,-0.0359937509,0.0291287486,0.0062609452,0.0003552766,-0.0208418310,0.0000000000,0.0000000000,0.0000000000,0.0000000000,0.0000000000,1,0.000000,0.000000,73.229,750.545,1,1.310,73.349,751.446,65.459,791.341,8.763,779.426,79.669,716.733,135.369,722.707,-2.852168,0.620328,1.803645,3.431152,-0.002624,0.002756,1,4.260000,0.000000,1773.245,886.498,1,1.061,1772.490,886.575,1843.446,934.462,1760.676,935.280,1705.758,840.388,1784.397,843.217,1.896288,0.838380,1.465590,2.539044,4.255414,0.000280,0.0114912292,0.0116436948,-9.5939940773,0.0009047307,-0.0113874297,8.4911595215,0.0001431588,0.0041710259,1.0000000000,0.0115251996,0.0115705001,-9.5390451141,0.0009065523,-0.0114097207,8.5085477417,0.0001519167,0.0041759508,1.0000000000
224,34120424428139,34.6124,1785360889.718,2,1.9376,0.9530,1.8176,0.7666,1.8776,0.8598,147.22,0.1171,-0.1719,-0.1915,0.0812,-0.0812,-63.34,-1.105473,1.0000,0.0032,0.5051,0.2217,0,frozen,2-tag corner homography,2,1920,1200,0.200000,101;102,1,1,,2-tag corner homography,0.011527,0.512224,101,102,4.772224,4.260000,30,0.050000,0.600000,5.000000,raw-zero-distortion,590.9628888758,0.0000000000,1007.8592059077,0.0000000000,592.3761043005,547.7101609771,0.0000000000,0.0000000000,1.0000000000,-0.0359937509,0.0291287486,0.0062609452,0.0003552766,-0.0208418310,0.0000000000,0.0000000000,0.0000000000,0.0000000000,0.0000000000,1,0.000000,0.000000,73.092,751.103,1,0.807,73.003,751.828,65.451,791.312,8.646,780.229,79.632,716.689,134.259,723.459,-2.857141,0.622344,1.806121,3.436952,-0.001449,0.001191,1,4.260000,0.000000,1773.469,886.553,1,1.303,1772.512,886.561,1843.448,934.354,1760.660,935.261,1705.527,840.144,1784.778,843.548,1.898076,0.839114,1.466930,2.541395,4.255835,0.000195,0.0115096506,0.0116539046,-9.6036020413,0.0009028070,-0.0113951978,8.5015763196,0.0001548852,0.0041561569,1.0000000000,0.0115251996,0.0115705001,-9.5390451141,0.0009065523,-0.0114097207,8.5085477417,0.0001519167,0.0041759508,1.0000000000
225,34120563192153,34.7511,1785360889.848,2,1.9173,0.9434,1.8194,0.7654,1.8683,0.8544,151.19,-0.3627,0.6227,0.6179,-0.3709,0.3709,237.65,4.147758,1.0000,0.0031,0.5051,0.2031,0,frozen,2-tag corner homography,2,1920,1200,0.200000,101;102,1,1,,2-tag corner homography,0.010976,0.493853,101,102,4.753853,4.260000,30,0.050000,0.600000,5.000000,raw-zero-distortion,590.9628888758,0.0000000000,1007.8592059077,0.0000000000,592.3761043005,547.7101609771,0.0000000000,0.0000000000,1.0000000000,-0.0359937509,0.0291287486,0.0062609452,0.0003552766,-0.0208418310,0.0000000000,0.0000000000,0.0000000000,0.0000000000,0.0000000000,1,0.000000,0.000000,73.002,751.398,1,0.813,73.224,751.791,65.364,791.434,8.612,780.280,79.690,716.343,135.144,723.524,-2.843853,0.619484,1.798147,3.421198,-0.000876,0.000359,1,4.260000,0.000000,1773.365,886.509,1,1.302,1772.458,886.667,1843.771,934.544,1760.678,935.544,1705.338,840.098,1784.463,843.614,1.893185,0.837271,1.463254,2.535012,4.255662,0.000276,0.0114598223,0.0115267167,-9.5063295890,0.0008983392,-0.0113265685,8.4498000297,0.0001431837,0.0041517684,1.0000000000,0.0115251996,0.0115705001,-9.5390451141,0.0009065523,-0.0114097207,8.5085477417,0.0001519167,0.0041759508,1.0000000000
226,34120698892190,34.8868,1785360889.962,2,,,,,,,,,,,,,,,,0.0044,0.5051,,0,frozen,2-tag corner homography,2,1920,1200,0.200000,101;102,1,1,,2-tag corner homography,0.011546,0.510936,101,102,4.770936,4.260000,30,0.050000,0.600000,5.000000,raw-zero-distortion,590.9628888758,0.0000000000,1007.8592059077,0.0000000000,592.3761043005,547.7101609771,0.0000000000,0.0000000000,1.0000000000,-0.0359937509,0.0291287486,0.0062609452,0.0003552766,-0.0208418310,0.0000000000,0.0000000000,0.0000000000,0.0000000000,0.0000000000,1,0.000000,0.000000,73.075,750.521,1,1.054,72.988,751.431,65.126,791.063,8.351,779.542,79.724,716.610,134.632,722.920,-2.857518,0.621206,1.806330,3.437169,-0.003120,0.002789,1,4.260000,0.000000,1773.266,886.482,1,1.258,1772.358,886.539,1843.446,934.430,1760.532,935.211,1705.353,840.082,1784.492,843.529,1.896293,0.838440,1.465848,2.539216,4.255481,0.000321,0.0117541423,0.0119371775,-9.8294900458,0.0009253862,-0.0116499575,8.6870458614,0.0001531650,0.0042805962,1.0000000000,0.0115251996,0.0115705001,-9.5390451141,0.0009065523,-0.0114097207,8.5085477417,0.0001519167,0.0041759508,1.0000000000
227,34120800708661,34.9886,1785360890.082,2,1.9087,0.9487,1.8232,0.7625,1.8660,0.8556,155.36,,,,,,,,1.0000,0.0036,0.5051,0.2048,0,frozen,2-tag corner homography,2,1920,1200,0.200000,101;102,1,1,,2-tag corner homography,0.011384,0.477791,101,102,4.737791,4.260000,30,0.050000,0.600000,5.000000,raw-zero-distortion,590.9628888758,0.0000000000,1007.8592059077,0.0000000000,592.3761043005,547.7101609771,0.0000000000,0.0000000000,1.0000000000,-0.0359937509,0.0291287486,0.0062609452,0.0003552766,-0.0208418310,0.0000000000,0.0000000000,0.0000000000,0.0000000000,0.0000000000,1,0.000000,0.000000,73.137,751.126,1,0.786,73.151,751.723,65.187,791.511,8.683,780.364,80.002,716.249,134.689,723.204,-2.834689,0.617233,1.792213,3.410053,-0.001259,0.001136,1,4.260000,0.000000,1773.079,886.311,1,0.974,1772.409,886.444,1843.788,934.538,1760.778,935.453,1705.441,840.180,1783.985,842.738,1.886341,0.833749,1.458057,2.525738,4.255282,0.000678,0.0114577760,0.0115012849,-9.4856535293,0.0008920331,-0.0112604466,8.3998352612,0.0001534123,0.0041300270,1.0000000000,0.0115251996,0.0115705001,-9.5390451141,0.0009065523,-0.0114097207,8.5085477417,0.0001519167,0.0041759508,1.0000000000
228,34120925754194,35.1137,1785360890.191,2,1.9089,0.9530,1.8258,0.7626,1.8673,0.8578,156.42,,,,,,,,1.0000,0.0035,0.5051,0.2078,0,frozen,2-tag corner homography,2,1920,1200,0.200000,101;102,1,1,,2-tag corner homography,0.010986,0.488585,101,102,4.748585,4.260000,30,0.050000,0.600000,5.000000,raw-zero-distortion,590.9628888758,0.0000000000,1007.8592059077,0.0000000000,592.3761043005,547.7101609771,0.0000000000,0.0000000000,1.0000000000,-0.0359937509,0.0291287486,0.0062609452,0.0003552766,-0.0208418310,0.0000000000,0.0000000000,0.0000000000,0.0000000000,0.0000000000,1,0.000000,0.000000,73.112,751.283,1,0.907,73.271,751.824,65.501,791.579,8.723,780.282,79.683,716.492,135.107,723.362,-2.842359,0.619291,1.797293,3.419472,-0.000890,0.000699,1,4.260000,0.000000,1773.012,886.122,1,0.946,1772.433,886.446,1844.058,934.381,1760.472,935.464,1705.543,840.293,1784.034,842.750,1.889338,0.835053,1.460329,2.529718,4.255372,0.001101,0.0114065336,0.0112774153,-9.3158955922,0.0008883273,-0.0112260264,8.3755645407,0.0001496736,0.0041059892,1.0000000000,0.0115251996,0.0115705001,-9.5390451141,0.0009065523,-0.0114097207,8.5085477417,0.0001519167,0.0041759508,1.0000000000
229,34121034987165,35.2229,1785360890.304,2,2.2023,0.3435,1.8286,0.7594,2.0154,0.5515,41.94,0.6115,-1.2445,-0.3769,-1.3344,1.3344,-463.98,-8.097900,1.0000,0.0032,0.5051,0.5592,0,frozen,2-tag corner homography,2,1920,1200,0.200000,101;102,1,1,,2-tag corner homography,0.011601,0.486840,101,102,4.746840,4.260000,30,0.050000,0.600000,5.000000,raw-zero-distortion,590.9628888758,0.0000000000,1007.8592059077,0.0000000000,592.3761043005,547.7101609771,0.0000000000,0.0000000000,1.0000000000,-0.0359937509,0.0291287486,0.0062609452,0.0003552766,-0.0208418310,0.0000000000,0.0000000000,0.0000000000,0.0000000000,0.0000000000,1,0.000000,0.000000,73.290,751.178,1,0.607,73.164,751.776,65.342,791.362,8.468,780.569,80.203,716.228,134.585,723.385,-2.835546,0.617589,1.792780,3.411129,-0.000689,0.001028,1,4.260000,0.000000,1773.317,886.457,1,1.376,1772.335,886.543,1843.194,934.314,1760.689,935.415,1705.425,839.959,1784.378,843.576,1.894823,0.837825,1.464755,2.537284,4.255623,0.000387,0.0114733199,0.0115407053,-9.5172453947,0.0008970760,-0.0113196728,8.4445871280,0.0001470579,0.0041505424,1.0000000000,0.0115251996,0.0115705001,-9.5390451141,0.0009065523,-0.0114097207,8.5085477417,0.0001519167,0.0041759508,1.0000000000
230,34121161974045,35.3499,1785360890.454,2,2.3118,0.4195,1.8300,0.7594,2.0709,0.5895,54.80,0.7781,-1.1419,-0.4845,-1.2940,1.2940,-430.42,-7.512316,1.0000,0.0040,0.5051,0.5896,0,frozen,2-tag corner homography,2,1920,1200,0.200000,101;102,1,1,,2-tag corner homography,0.011293,0.512282,101,102,4.772282,4.260000,30,0.050000,0.600000,5.000000,raw-zero-distortion,590.9628888758,0.0000000000,1007.8592059077,0.0000000000,592.3761043005,547.7101609771,0.0000000000,0.0000000000,1.0000000000,-0.0359937509,0.0291287486,0.0062609452,0.0003552766,-0.0208418310,0.0000000000,0.0000000000,0.0000000000,0.0000000000,0.0000000000,1,0.000000,0.000000,73.255,750.600,1,0.989,73.110,751.524,65.585,791.243,8.462,779.520,79.691,716.503,134.628,723.207,-2.860738,0.622272,1.808604,3.441234,-0.002399,0.002610,1,4.260000,0.000000,1773.401,886.584,1,1.390,1772.391,886.616,1843.478,934.438,1760.770,935.474,1705.226,840.029,1784.495,843.645,1.894222,0.837678,1.464184,2.536458,4.255648,0.000112,0.0115136021,0.0116001935,-9.5610333292,0.0009065692,-0.0114124397,8.5108189018,0.0001450903,0.0041758344,1.0000000000,0.0115251996,0.0115705001,-9.5390451141,0.0009065523,-0.0114097207,8.5085477417,0.0001519167,0.0041759508,1.0000000000
231,34121294730967,35.4827,1785360890.579,2,1.8204,1.0896,1.8317,0.7584,1.8261,0.9240,181.96,-0.3038,0.7029,0.2796,-0.7129,0.7129,263.90,4.605876,1.0000,0.0039,0.5051,0.3313,0,frozen,2-tag corner homography,2,1920,1200,0.200000,101;102,1,1,,2-tag corner homography,0.010739,0.468965,101,102,4.728965,4.260000,30,0.050000,0.600000,5.000000,raw-zero-distortion,590.9628888758,0.0000000000,1007.8592059077,0.0000000000,592.3761043005,547.7101609771,0.0000000000,0.0000000000,1.0000000000,-0.0359937509,0.0291287486,0.0062609452,0.0003552766,-0.0208418310,0.0000000000,0.0000000000,0.0000000000,0.0000000000,0.0000000000,1,0.000000,0.000000,73.186,750.837,1,1.391,73.694,751.350,65.384,791.397,8.675,779.775,79.813,716.384,136.665,722.362,-2.823766,0.614089,1.786346,3.397321,-0.001931,0.001944,1,4.260000,0.000000,1772.988,886.147,1,0.922,1772.443,886.504,1844.133,934.513,1760.505,935.484,1705.571,840.316,1783.948,842.827,1.888742,0.834921,1.459849,2.528952,4.255288,0.001039,0.0115844080,0.0118156437,-9.7328935942,0.0009081971,-0.0114267271,8.5190414672,0.0001378514,0.0042289645,1.0000000000,0.0115251996,0.0115705001,-9.5390451141,0.0009065523,-0.0114097207,8.5085477417,0.0001519167,0.0041759508,1.0000000000
232,34121428416442,35.6163,1785360890.756,2,,,,,,,,,,,,,,,,0.0048,0.5051,,0,frozen,2-tag corner homography,2,1920,1200,0.200000,101;102,1,1,,2-tag corner homography,0.011798,0.508535,101,102,4.768535,4.260000,30,0.050000,0.600000,5.000000,raw-zero-distortion,590.9628888758,0.0000000000,1007.8592059077,0.0000000000,592.3761043005,547.7101609771,0.0000000000,0.0000000000,1.0000000000,-0.0359937509,0.0291287486,0.0062609452,0.0003552766,-0.0208418310,0.0000000000,0.0000000000,0.0000000000,0.0000000000,0.0000000000,1,0.000000,0.000000,73.441,750.506,1,0.940,73.106,751.556,65.369,791.352,8.738,779.538,80.176,716.427,134.125,723.277,-2.859592,0.622117,1.807870,3.439868,-0.002147,0.002911,1,4.260000,0.000000,1772.575,886.182,1,0.878,1772.043,886.479,1843.552,934.536,1760.533,935.190,1705.297,840.347,1783.187,842.999,1.891606,0.836563,1.462827,2.533352,4.254343,0.000884,0.0115896678,0.0116295900,-9.5892209696,0.0009097862,-0.0114641237,8.5497497933,0.0001514131,0.0041974766,1.0000000000,0.0115251996,0.0115705001,-9.5390451141,0.0009065523,-0.0114097207,8.5085477417,0.0001519167,0.0041759508,1.0000000000
233,34121596094219,35.7840,1785360890.888,2,1.8960,0.9619,1.8354,0.7547,1.8657,0.8583,163.71,,,,,,,,1.0000,0.0038,0.5051,0.2159,1,frozen,2-tag corner homography,2,1920,1200,0.200000,101;102,1,1,,2-tag corner homography,0.011496,0.517883,101,102,4.777883,4.260000,30,0.050000,0.600000,5.000000,raw-zero-distortion,590.9628888758,0.0000000000,1007.8592059077,0.0000000000,592.3761043005,547.7101609771,0.0000000000,0.0000000000,1.0000000000,-0.0359937509,0.0291287486,0.0062609452,0.0003552766,-0.0208418310,0.0000000000,0.0000000000,0.0000000000,0.0000000000,0.0000000000,1,0.000000,0.000000,73.194,750.785,1,0.984,73.089,751.667,65.576,791.290,8.733,779.604,79.605,716.703,134.407,723.418,-2.868418,0.624365,1.813417,3.450526,-0.002053,0.002088,1,4.260000,0.000000,1773.258,886.436,1,1.224,1772.406,886.579,1843.612,934.603,1760.670,935.366,1705.425,839.996,1784.307,843.489,1.891822,0.836508,1.462299,2.533191,4.255520,0.000424,0.0115428651,0.0115970382,-9.5622440740,0.0009070474,-0.0114338127,8.5284915663,0.0001506601,0.0041774425,1.0000000000,0.0115251996,0.0115705001,-9.5390451141,0.0009065523,-0.0114097207,8.5085477417,0.0001519167,0.0041759508,1.0000000000
234,34121753605763,35.9415,1785360891.042,2,1.8805,0.9493,1.8374,0.7539,1.8590,0.8516,167.55,,,,,,,,1.0000,0.0032,0.5051,0.2001,0,frozen,2-tag corner homography,2,1920,1200,0.200000,101;102,1,1,,2-tag corner homography,0.010988,0.495238,101,102,4.755238,4.260000,30,0.050000,0.600000,5.000000,raw-zero-distortion,590.9628888758,0.0000000000,1007.8592059077,0.0000000000,592.3761043005,547.7101609771,0.0000000000,0.0000000000,1.0000000000,-0.0359937509,0.0291287486,0.0062609452,0.0003552766,-0.0208418310,0.0000000000,0.0000000000,0.0000000000,0.0000000000,0.0000000000,1,0.000000,0.000000,72.971,751.408,1,0.840,73.160,751.862,65.450,791.376,8.445,780.453,79.518,716.612,135.118,723.433,-2.845199,0.619951,1.798875,3.422784,-0.000935,0.000325,1,4.260000,0.000000,1773.264,886.399,1,1.193,1772.469,886.651,1843.980,934.582,1760.545,935.478,1705.409,840.164,1784.377,843.518,1.893201,0.837227,1.463244,2.535004,4.255580,0.000512,0.0115924856,0.0117142316,-9.6571292853,0.0009082232,-0.0114593385,8.5497803346,0.0001474993,0.0042095422,1.0000000000,0.0115251996,0.0115705001,-9.5390451141,0.0009065523,-0.0114097207,8.5085477417,0.0001519167,0.0041759508,1.0000000000
235,34121898364760,36.0863,1785360891.193,2,,,,,,,,,,,,,,,,0.0044,0.5051,,0,frozen,2-tag corner homography,2,1920,1200,0.200000,101;102,1,1,,2-tag corner homography,0.011952,0.526246,101,102,4.786246,4.260000,30,0.050000,0.600000,5.000000,raw-zero-distortion,590.9628888758,0.0000000000,1007.8592059077,0.0000000000,592.3761043005,547.7101609771,0.0000000000,0.0000000000,1.0000000000,-0.0359937509,0.0291287486,0.0062609452,0.0003552766,-0.0208418310,0.0000000000,0.0000000000,0.0000000000,0.0000000000,0.0000000000,1,0.000000,0.000000,73.405,750.342,1,1.001,73.061,751.454,65.622,791.012,8.658,779.360,79.854,716.641,134.078,723.150,-2.871788,0.624428,1.815494,3.454431,-0.002703,0.003353,1,4.260000,0.000000,1773.180,886.316,1,0.958,1772.570,886.584,1843.421,934.476,1760.648,935.273,1706.246,840.424,1784.220,843.187,1.896866,0.838572,1.465884,2.539708,4.255498,0.000686,0.0114285841,0.0115119957,-9.4873022941,0.0009006963,-0.0113385932,8.4550826618,0.0001510382,0.0041233725,1.0000000000,0.0115251996,0.0115705001,-9.5390451141,0.0009065523,-0.0114097207,8.5085477417,0.0001519167,0.0041759508,1.0000000000
236,34122033580394,36.2215,1785360891.309,2,1.8751,0.9482,1.8409,0.7512,1.8580,0.8497,170.14,,,,,,,,1.0000,0.0035,0.5051,0.2000,1,frozen,2-tag corner homography,2,1920,1200,0.200000,101;102,1,1,,2-tag corner homography,0.011366,0.492226,101,102,4.752226,4.260000,30,0.050000,0.600000,5.000000,raw-zero-distortion,590.9628888758,0.0000000000,1007.8592059077,0.0000000000,592.3761043005,547.7101609771,0.0000000000,0.0000000000,1.0000000000,-0.0359937509,0.0291287486,0.0062609452,0.0003552766,-0.0208418310,0.0000000000,0.0000000000,0.0000000000,0.0000000000,0.0000000000,1,0.000000,0.000000,73.140,751.323,1,0.721,73.154,751.875,65.529,791.467,8.877,780.495,79.752,716.444,134.460,723.487,-2.845636,0.620081,1.799139,3.423309,-0.000703,0.000596,1,4.260000,0.000000,1772.992,886.165,1,0.928,1772.420,886.466,1843.865,934.410,1760.623,935.460,1705.655,840.329,1783.881,842.768,1.889629,0.835246,1.460578,2.530143,4.255274,0.000998,0.0114829406,0.0115322804,-9.5125227983,0.0008951175,-0.0113096465,8.4382294542,0.0001550871,0.0041386553,1.0000000000,0.0115251996,0.0115705001,-9.5390451141,0.0009065523,-0.0114097207,8.5085477417,0.0001519167,0.0041759508,1.0000000000
237,34122155221642,36.3431,1785360891.418,2,1.8745,0.9520,1.8420,0.7507,1.8583,0.8513,170.85,,,,,,,,1.0000,0.0032,0.5051,0.2040,0,frozen,2-tag corner homography,2,1920,1200,0.200000,101;102,1,1,,2-tag corner homography,0.011042,0.488335,101,102,4.748335,4.260000,30,0.050000,0.600000,5.000000,raw-zero-distortion,590.9628888758,0.0000000000,1007.8592059077,0.0000000000,592.3761043005,547.7101609771,0.0000000000,0.0000000000,1.0000000000,-0.0359937509,0.0291287486,0.0062609452,0.0003552766,-0.0208418310,0.0000000000,0.0000000000,0.0000000000,0.0000000000,0.0000000000,1,0.000000,0.000000,73.209,751.247,1,0.718,73.240,751.775,65.336,791.434,8.679,780.431,80.058,716.285,134.827,723.380,-2.837849,0.618136,1.794381,3.413983,-0.000721,0.000818,1,4.260000,0.000000,1773.599,886.901,1,1.454,1772.486,886.746,1843.784,934.676,1760.725,935.526,1704.899,840.137,1785.013,843.786,1.893866,0.837738,1.463728,2.535948,4.255685,-0.000579,0.0116146897,0.0116714273,-9.6265890173,0.0009086107,-0.0114476096,8.5398199056,0.0001555644,0.0042017776,1.0000000000,0.0115251996,0.0115705001,-9.5390451141,0.0009065523,-0.0114097207,8.5085477417,0.0001519167,0.0041759508,1.0000000000
238,34122260891458,36.4488,1785360891.546,2,,,,,,,,,,,,,,,,0.0046,0.5051,,0,frozen,2-tag corner homography,2,1920,1200,0.200000,101;102,1,1,,2-tag corner homography,0.011698,0.517839,101,102,4.777839,4.260000,30,0.050000,0.600000,5.000000,raw-zero-distortion,590.9628888758,0.0000000000,1007.8592059077,0.0000000000,592.3761043005,547.7101609771,0.0000000000,0.0000000000,1.0000000000,-0.0359937509,0.0291287486,0.0062609452,0.0003552766,-0.0208418310,0.0000000000,0.0000000000,0.0000000000,0.0000000000,0.0000000000,1,0.000000,0.000000,73.006,750.513,1,1.138,72.948,751.468,65.372,791.009,8.491,779.527,79.352,716.854,134.488,722.864,-2.865671,0.623064,1.811407,3.446951,-0.003334,0.002795,1,4.260000,0.000000,1773.254,886.717,1,1.172,1772.405,886.752,1843.466,934.787,1760.636,935.385,1705.467,840.307,1784.425,843.634,1.894701,0.838210,1.464527,2.537188,4.255161,-0.000222,0.0117212389,0.0118786953,-9.7830891029,0.0009242923,-0.0116213619,8.6660862512,0.0001538111,0.0042621855,1.0000000000,0.0115251996,0.0115705001,-9.5390451141,0.0009065523,-0.0114097207,8.5085477417,0.0001519167,0.0041759508,1.0000000000
239,34122390999599,36.5789,1785360891.668,2,1.8754,0.9581,1.8432,0.7482,1.8593,0.8531,171.28,,,,,,,,1.0000,0.0039,0.5051,0.2123,0,frozen,2-tag corner homography,2,1920,1200,0.200000,101;102,1,1,,2-tag corner homography,0.011434,0.507416,101,102,4.767416,4.260000,30,0.050000,0.600000,5.000000,raw-zero-distortion,590.9628888758,0.0000000000,1007.8592059077,0.0000000000,592.3761043005,547.7101609771,0.0000000000,0.0000000000,1.0000000000,-0.0359937509,0.0291287486,0.0062609452,0.0003552766,-0.0208418310,0.0000000000,0.0000000000,0.0000000000,0.0000000000,0.0000000000,1,0.000000,0.000000,73.537,750.669,1,0.867,73.343,751.538,65.695,791.278,8.723,779.672,80.173,716.303,134.726,723.287,-2.853906,0.620983,1.804733,3.433287,-0.001425,0.002483,1,4.260000,0.000000,1773.212,886.471,1,1.259,1772.310,886.535,1843.162,934.207,1760.768,935.418,1705.463,840.237,1784.177,843.342,1.896487,0.838568,1.466089,2.539543,4.255375,0.000336,0.0114199961,0.0114953510,-9.4783247562,0.0008982191,-0.0113137374,8.4371975680,0.0001428215,0.0041336185,1.0000000000,0.0115251996,0.0115705001,-9.5390451141,0.0009065523,-0.0114097207,8.5085477417,0.0001519167,0.0041759508,1.0000000000
240,34122510522895,36.6984,1785360891.841,2,1.8685,0.9469,1.8436,0.7484,1.8561,0.8477,172.87,,,,,,,,1.0000,0.0033,0.5051,0.2000,0,frozen,2-tag corner homography,2,1920,1200,0.200000,101;102,1,1,,2-tag corner homography,0.011093,0.494209,101,102,4.754209,4.260000,30,0.050000,0.600000,5.000000,raw-zero-distortion,590.9628888758,0.0000000000,1007.8592059077,0.0000000000,592.3761043005,547.7101609771,0.0000000000,0.0000000000,1.0000000000,-0.0359937509,0.0291287486,0.0062609452,0.0003552766,-0.0208418310,0.0000000000,0.0000000000,0.0000000000,0.0000000000,0.0000000000,1,0.000000,0.000000,73.020,751.275,1,0.978,73.205,751.844,65.436,791.499,8.783,780.203,79.537,716.709,134.994,723.366,-2.850025,0.620976,1.802012,3.428630,-0.001170,0.000701,1,4.260000,0.000000,1773.134,886.110,1,1.029,1772.483,886.409,1844.065,934.453,1760.513,935.447,1705.527,840.032,1784.204,842.834,1.886969,0.833861,1.458402,2.526442,4.255656,0.001152,0.0116018914,0.0116964291,-9.6447190504,0.0009047039,-0.0114346527,8.5312283572,0.0001555457,0.0041973902,1.0000000000,0.0115251996,0.0115705001,-9.5390451141,0.0009065523,-0.0114097207,8.5085477417,0.0001519167,0.0041759508,1.0000000000
241,34122681501520,36.8694,1785360891.996,2,1.8736,0.9487,1.8429,0.7441,1.8583,0.8464,171.47,-0.0024,-0.0222,-0.0009,0.0223,-0.0223,0.05,0.000883,1.0000,0.0035,0.5051,0.2068,0,frozen,2-tag corner homography,2,1920,1200,0.200000,101;102,1,1,,2-tag corner homography,0.011619,0.513567,101,102,4.773567,4.260000,30,0.050000,0.600000,5.000000,raw-zero-distortion,590.9628888758,0.0000000000,1007.8592059077,0.0000000000,592.3761043005,547.7101609771,0.0000000000,0.0000000000,1.0000000000,-0.0359937509,0.0291287486,0.0062609452,0.0003552766,-0.0208418310,0.0000000000,0.0000000000,0.0000000000,0.0000000000,0.0000000000,1,0.000000,0.000000,73.478,750.826,1,0.890,73.378,751.626,65.741,791.288,9.136,779.779,80.047,716.471,134.580,723.331,-2.858485,0.622271,1.807696,3.438884,-0.001149,0.002035,1,4.260000,0.000000,1773.338,886.461,1,1.148,1772.560,886.659,1843.524,934.469,1760.699,935.372,1705.904,840.335,1784.436,843.515,1.897944,0.839246,1.466737,2.541229,4.255664,0.000382,0.0113718655,0.0113922279,-9.3987427172,0.0008940784,-0.0112596642,8.3978288173,0.0001487628,0.0040965186,1.0000000000,0.0115251996,0.0115705001,-9.5390451141,0.0009065523,-0.0114097207,8.5085477417,0.0001519167,0.0041759508,1.0000000000
242,34122864157179,37.0521,1785360892.170,2,1.8709,0.9237,1.8504,0.7362,1.8606,0.8300,173.74,,,,,,,,1.0000,0.0033,0.5051,0.1886,0,frozen,2-tag corner homography,2,1920,1200,0.200000,101;102,1,1,,2-tag corner homography,0.011360,0.487627,101,102,4.747627,4.260000,30,0.050000,0.600000,5.000000,raw-zero-distortion,590.9628888758,0.0000000000,1007.8592059077,0.0000000000,592.3761043005,547.7101609771,0.0000000000,0.0000000000,1.0000000000,-0.0359937509,0.0291287486,0.0062609452,0.0003552766,-0.0208418310,0.0000000000,0.0000000000,0.0000000000,0.0000000000,0.0000000000,1,0.000000,0.000000,73.134,751.090,1,0.894,73.271,751.647,65.541,791.328,8.466,780.149,79.684,716.378,135.278,723.166,-2.841278,0.618517,1.796610,3.418075,-0.001367,0.001233,1,4.260000,0.000000,1773.378,886.450,1,1.247,1772.500,886.562,1843.739,934.539,1760.820,935.538,1705.410,839.996,1784.414,843.314,1.889457,0.835319,1.460293,2.529873,4.255765,0.000415,0.0115644894,0.0120434865,-9.9013330933,0.0009082642,-0.0114413337,8.5331605911,0.0001424869,0.0042192612,1.0000000000,0.0115251996,0.0115705001,-9.5390451141,0.0009065523,-0.0114097207,8.5085477417,0.0001519167,0.0041759508,1.0000000000
243,34123032589039,37.2205,1785360892.352,2,,,,,,,,,,,,,,,,0.0037,0.5051,,0,frozen,2-tag corner homography,2,1920,1200,0.200000,101;102,1,1,,2-tag corner homography,0.011095,0.484779,101,102,4.744779,4.260000,30,0.050000,0.600000,5.000000,raw-zero-distortion,590.9628888758,0.0000000000,1007.8592059077,0.0000000000,592.3761043005,547.7101609771,0.0000000000,0.0000000000,1.0000000000,-0.0359937509,0.0291287486,0.0062609452,0.0003552766,-0.0208418310,0.0000000000,0.0000000000,0.0000000000,0.0000000000,0.0000000000,1,0.000000,0.000000,73.032,751.159,1,0.971,73.285,751.638,65.252,791.396,8.754,780.098,79.761,716.357,135.278,723.134,-2.839866,0.618191,1.795744,3.416386,-0.001460,0.001023,1,4.260000,0.000000,1772.943,886.166,1,1.001,1772.291,886.401,1843.774,934.349,1760.590,935.452,1705.344,840.182,1783.826,842.749,1.888043,0.834527,1.459599,2.528156,4.255167,0.000986,0.0114991883,0.0115527447,-9.5277741966,0.0008978204,-0.0113299055,8.4506520108,0.0001490129,0.0041589472,1.0000000000,0.0115251996,0.0115705001,-9.5390451141,0.0009065523,-0.0114097207,8.5085477417,0.0001519167,0.0041759508,1.0000000000
244,34123226040408,37.4140,1785360892.517,2,,,,,,,,,,,,,,,,0.0033,0.5051,,0,frozen,2-tag corner homography,2,1920,1200,0.200000,101;102,1,1,,2-tag corner homography,0.011281,0.485880,101,102,4.745880,4.260000,30,0.050000,0.600000,5.000000,raw-zero-distortion,590.9628888758,0.0000000000,1007.8592059077,0.0000000000,592.3761043005,547.7101609771,0.0000000000,0.0000000000,1.0000000000,-0.0359937509,0.0291287486,0.0062609452,0.0003552766,-0.0208418310,0.0000000000,0.0000000000,0.0000000000,0.0000000000,0.0000000000,1,0.000000,0.000000,73.194,751.171,1,0.838,73.281,751.733,65.408,791.477,8.952,780.349,79.922,716.343,134.813,723.185,-2.838008,0.618072,1.794560,3.414198,-0.000975,0.001025,1,4.260000,0.000000,1773.182,886.094,1,0.933,1772.640,886.477,1844.267,934.399,1760.681,935.442,1705.846,840.336,1784.141,842.834,1.891154,0.835706,1.461336,2.531871,4.255780,0.001196,0.0114252277,0.0114747461,-9.4648745226,0.0008909164,-0.0112444527,8.3878680349,0.0001550911,0.0041113057,1.0000000000,0.0115251996,0.0115705001,-9.5390451141,0.0009065523,-0.0114097207,8.5085477417,0.0001519167,0.0041759508,1.0000000000
245,34123378113421,37.5660,1785360892.662,2,,,,,,,,,,,,,,,,0.0032,0.5051,,0,frozen,2-tag corner homography,2,1920,1200,0.200000,101;102,1,1,,2-tag corner homography,0.010928,0.464084,101,102,4.724084,4.260000,30,0.050000,0.600000,5.000000,raw-zero-distortion,590.9628888758,0.0000000000,1007.8592059077,0.0000000000,592.3761043005,547.7101609771,0.0000000000,0.0000000000,1.0000000000,-0.0359937509,0.0291287486,0.0062609452,0.0003552766,-0.0208418310,0.0000000000,0.0000000000,0.0000000000,0.0000000000,0.0000000000,1,0.000000,0.000000,73.025,751.189,1,1.128,73.528,751.489,65.295,791.286,8.403,780.387,79.756,716.274,136.425,722.544,-2.816531,0.612822,1.781451,3.388505,-0.001394,0.000938,1,4.260000,0.000000,1773.441,886.474,1,1.361,1772.488,886.624,1843.865,934.567,1760.776,935.525,1705.261,839.914,1784.497,843.658,1.891426,0.836355,1.461836,2.532577,4.255872,0.000370,0.0118202903,0.0120113737,-9.8972086649,0.0009263714,-0.0116588251,8.6938497963,0.0001364146,0.0043448805,1.0000000000,0.0115251996,0.0115705001,-9.5390451141,0.0009065523,-0.0114097207,8.5085477417,0.0001519167,0.0041759508,1.0000000000
246,34123506722683,37.6946,1785360892.795,2,,,,,,,,,,,,,,,,0.0036,0.5051,,0,frozen,2-tag corner homography,2,1920,1200,0.200000,101;102,1,1,,2-tag corner homography,0.011471,0.512541,101,102,4.772541,4.260000,30,0.050000,0.600000,5.000000,raw-zero-distortion,590.9628888758,0.0000000000,1007.8592059077,0.0000000000,592.3761043005,547.7101609771,0.0000000000,0.0000000000,1.0000000000,-0.0359937509,0.0291287486,0.0062609452,0.0003552766,-0.0208418310,0.0000000000,0.0000000000,0.0000000000,0.0000000000,0.0000000000,1,0.000000,0.000000,73.077,750.957,1,1.018,73.263,751.553,65.238,791.222,8.724,779.568,79.790,716.472,135.186,723.345,-2.858022,0.621870,1.807181,3.438156,-0.001897,0.001587,1,4.260000,0.000000,1773.241,886.275,1,1.102,1772.534,886.567,1843.342,934.360,1760.669,935.321,1706.152,840.256,1784.240,843.364,1.897389,0.838800,1.466357,2.540447,4.255683,0.000792,0.0113959125,0.0115764836,-9.5367527045,0.0008985416,-0.0113190018,8.4414080300,0.0001381152,0.0041358726,1.0000000000,0.0115251996,0.0115705001,-9.5390451141,0.0009065523,-0.0114097207,8.5085477417,0.0001519167,0.0041759508,1.0000000000
247,34123634941532,37.8229,1785360892.897,2,1.9035,0.8637,1.8856,0.6645,1.8946,0.7641,174.87,,,,,,,,1.0000,0.0024,0.5051,0.2000,1,frozen,2-tag corner homography,2,1920,1200,0.200000,101;102,1,1,,2-tag corner homography,0.010807,0.481514,101,102,4.741514,4.260000,30,0.050000,0.600000,5.000000,raw-zero-distortion,590.9628888758,0.0000000000,1007.8592059077,0.0000000000,592.3761043005,547.7101609771,0.0000000000,0.0000000000,1.0000000000,-0.0359937509,0.0291287486,0.0062609452,0.0003552766,-0.0208418310,0.0000000000,0.0000000000,0.0000000000,0.0000000000,0.0000000000,1,0.000000,0.000000,73.033,751.531,1,0.823,73.234,751.956,65.442,791.692,8.828,780.737,79.660,716.469,134.967,723.358,-2.833126,0.617651,1.791383,3.408394,-0.000418,-0.000002,1,4.260000,0.000000,1773.808,886.523,1,1.474,1772.732,886.583,1844.103,934.311,1760.597,935.714,1705.285,839.939,1785.374,843.458,1.891862,0.836180,1.461707,2.532771,4.256615,0.000325,0.0113932182,0.0113943807,-9.4040036361,0.0008858146,-0.0111914631,8.3509955048,0.0001585336,0.0040868160,1.0000000000,0.0115251996,0.0115705001,-9.5390451141,0.0009065523,-0.0114097207,8.5085477417,0.0001519167,0.0041759508,1.0000000000
248,34123740778794,37.9287,1785360893.009,2,1.9136,0.8605,1.8839,0.6607,1.8987,0.7606,171.55,,,,,,,,1.0000,0.0036,0.5051,0.2020,0,frozen,2-tag corner homography,2,1920,1200,0.200000,101;102,1,1,,2-tag corner homography,0.011107,0.487792,101,102,4.747792,4.260000,30,0.050000,0.600000,5.000000,raw-zero-distortion,590.9628888758,0.0000000000,1007.8592059077,0.0000000000,592.3761043005,547.7101609771,0.0000000000,0.0000000000,1.0000000000,-0.0359937509,0.0291287486,0.0062609452,0.0003552766,-0.0208418310,0.0000000000,0.0000000000,0.0000000000,0.0000000000,0.0000000000,1,0.000000,0.000000,73.146,751.145,1,0.882,73.203,751.781,65.604,791.512,8.614,780.280,79.622,716.489,134.912,723.259,-2.842901,0.619233,1.797506,3.420024,-0.001180,0.001086,1,4.260000,0.000000,1773.015,886.146,1,1.073,1772.328,886.433,1843.876,934.428,1760.563,935.445,1705.347,840.040,1783.922,842.966,1.887944,0.834518,1.459451,2.527994,4.255350,0.001045,0.0114281214,0.0114670315,-9.4588160497,0.0008918918,-0.0112632521,8.4025689927,0.0001475599,0.0041267005,1.0000000000,0.0115251996,0.0115705001,-9.5390451141,0.0009065523,-0.0114097207,8.5085477417,0.0001519167,0.0041759508,1.0000000000
249,34123848381816,38.0363,1785360893.120,2,1.9285,0.8573,1.8937,0.6601,1.9111,0.7587,170.02,0.0776,-0.0251,-0.0808,0.0113,-0.0113,-22.72,-0.396506,1.0000,0.0039,0.5051,0.2002,0,frozen,2-tag corner homography,2,1920,1200,0.200000,101;102,1,1,,2-tag corner homography,0.011253,0.469537,101,102,4.729537,4.260000,30,0.050000,0.600000,5.000000,raw-zero-distortion,590.9628888758,0.0000000000,1007.8592059077,0.0000000000,592.3761043005,547.7101609771,0.0000000000,0.0000000000,1.0000000000,-0.0359937509,0.0291287486,0.0062609452,0.0003552766,-0.0208418310,0.0000000000,0.0000000000,0.0000000000,0.0000000000,0.0000000000,1,0.000000,0.000000,72.930,750.895,1,1.444,73.518,751.349,65.068,791.226,8.468,779.909,79.621,716.575,136.636,722.222,-2.823590,0.613929,1.785897,3.396910,-0.002477,0.001725,1,4.260000,0.000000,1773.364,886.695,1,1.299,1772.416,886.698,1843.529,934.828,1760.871,935.502,1705.277,839.987,1784.385,843.641,1.889522,0.835773,1.460503,2.530193,4.255429,-0.000150,0.0118679399,0.0122215326,-10.0568306856,0.0009336433,-0.0117302115,8.7452808742,0.0001360562,0.0043746404,1.0000000000,0.0115251996,0.0115705001,-9.5390451141,0.0009065523,-0.0114097207,8.5085477417,0.0001519167,0.0041759508,1.0000000000
250,34123960188893,38.1481,1785360893.249,2,1.9347,0.8429,1.9049,0.6596,1.9198,0.7513,170.77,0.0800,-0.0331,-0.0843,0.0198,-0.0198,-16.16,-0.282052,1.0000,0.0032,0.5051,0.1857,0,frozen,2-tag corner homography,2,1920,1200,0.200000,101;102,1,1,,2-tag corner homography,0.010989,0.487408,101,102,4.747408,4.260000,30,0.050000,0.600000,5.000000,raw-zero-distortion,590.9628888758,0.0000000000,1007.8592059077,0.0000000000,592.3761043005,547.7101609771,0.0000000000,0.0000000000,1.0000000000,-0.0359937509,0.0291287486,0.0062609452,0.0003552766,-0.0208418310,0.0000000000,0.0000000000,0.0000000000,0.0000000000,0.0000000000,1,0.000000,0.000000,72.957,751.245,1,0.975,73.213,751.730,65.380,791.476,8.523,780.250,79.508,716.464,135.328,723.170,-2.838957,0.618225,1.795030,3.415262,-0.001426,0.000768,1,4.260000,0.000000,1773.371,886.474,1,1.275,1772.500,886.682,1843.859,934.587,1760.644,935.620,1705.423,840.094,1784.484,843.558,1.891720,0.836614,1.462041,2.533001,4.255719,0.000359,0.0116082960,0.0117859951,-9.7113049373,0.0009099909,-0.0114670076,8.5537440646,0.0001432150,0.0042280642,1.0000000000,0.0115251996,0.0115705001,-9.5390451141,0.0009065523,-0.0114097207,8.5085477417,0.0001519167,0.0041759508,1.0000000000
251,34124091988168,38.2799,1785360893.370,2,1.9490,0.8390,1.9199,0.6515,1.9345,0.7452,171.17,0.0917,-0.0486,-0.0981,0.0340,-0.0340,-1.34,-0.023321,1.0000,0.0035,0.5051,0.1897,0,frozen,2-tag corner homography,2,1920,1200,0.200000,101;102,1,1,,2-tag corner homography,0.010897,0.486130,101,102,4.746130,4.260000,30,0.050000,0.600000,5.000000,raw-zero-distortion,590.9628888758,0.0000000000,1007.8592059077,0.0000000000,592.3761043005,547.7101609771,0.0000000000,0.0000000000,1.0000000000,-0.0359937509,0.0291287486,0.0062609452,0.0003552766,-0.0208418310,0.0000000000,0.0000000000,0.0000000000,0.0000000000,0.0000000000,1,0.000000,0.000000,73.120,751.208,1,0.838,73.267,751.710,65.565,791.395,8.628,780.184,79.679,716.320,135.120,723.352,-2.843592,0.619209,1.798066,3.420889,-0.001076,0.000906,1,4.260000,0.000000,1773.047,886.209,1,0.968,1772.431,886.478,1844.104,934.645,1760.556,935.469,1705.418,840.110,1784.042,842.846,1.885441,0.833411,1.457321,2.524529,4.255341,0.000908,0.0114325454,0.0115716544,-9.5376304821,0.0008932681,-0.0112696200,8.4062897607,0.0001476647,0.0041324846,1.0000000000,0.0115251996,0.0115705001,-9.5390451141,0.0009065523,-0.0114097207,8.5085477417,0.0001519167,0.0041759508,1.0000000000
252,34124221352672,38.4093,1785360893.485,2,2.1736,0.2449,1.9428,0.6381,2.0582,0.4415,30.41,0.3997,-0.8475,-0.0843,-0.9332,0.9332,-377.86,-6.594925,1.0000,0.0041,0.5051,0.4559,0,frozen,2-tag corner homography,2,1920,1200,0.200000,101;102,1,1,,2-tag corner homography,0.011073,0.490029,101,102,4.750029,4.260000,30,0.050000,0.600000,5.000000,raw-zero-distortion,590.9628888758,0.0000000000,1007.8592059077,0.0000000000,592.3761043005,547.7101609771,0.0000000000,0.0000000000,1.0000000000,-0.0359937509,0.0291287486,0.0062609452,0.0003552766,-0.0208418310,0.0000000000,0.0000000000,0.0000000000,0.0000000000,0.0000000000,1,0.000000,0.000000,73.254,750.602,1,1.389,73.626,751.280,65.430,791.254,8.616,779.467,79.821,716.484,136.399,722.405,-2.835361,0.616352,1.793549,3.411155,-0.002396,0.002604,1,4.260000,0.000000,1773.248,886.432,1,1.257,1772.370,886.573,1843.365,934.199,1760.707,935.424,1705.510,840.286,1784.251,843.447,1.898201,0.839355,1.467300,2.541782,4.255502,0.000432,0.0115718697,0.0118239950,-9.7366251109,0.0009133553,-0.0114796383,8.5576740427,0.0001317574,0.0042359042,1.0000000000,0.0115251996,0.0115705001,-9.5390451141,0.0009065523,-0.0114097207,8.5085477417,0.0001519167,0.0041759508,1.0000000000
253,34124330812293,38.5187,1785360893.587,2,1.9891,0.8140,1.9609,0.6278,1.9750,0.7209,171.41,0.2668,-0.4110,-0.3253,0.3665,-0.3665,-155.09,-2.706804,1.0000,0.0033,0.5051,0.1883,0,frozen,2-tag corner homography,2,1920,1200,0.200000,101;102,1,1,,2-tag corner homography,0.011289,0.487863,101,102,4.747863,4.260000,30,0.050000,0.600000,5.000000,raw-zero-distortion,590.9628888758,0.0000000000,1007.8592059077,0.0000000000,592.3761043005,547.7101609771,0.0000000000,0.0000000000,1.0000000000,-0.0359937509,0.0291287486,0.0062609452,0.0003552766,-0.0208418310,0.0000000000,0.0000000000,0.0000000000,0.0000000000,0.0000000000,1,0.000000,0.000000,73.075,751.128,1,0.828,73.164,751.683,65.414,791.328,8.581,780.286,79.701,716.363,134.890,723.182,-2.840979,0.618492,1.796216,3.417614,-0.001424,0.001116,1,4.260000,0.000000,1773.353,886.463,1,1.256,1772.494,886.661,1843.814,934.701,1760.623,935.550,1705.458,839.982,1784.479,843.558,1.890028,0.835822,1.460745,2.530727,4.255693,0.000380,0.0115129732,0.0116724854,-9.6179829562,0.0009016499,-0.0113584406,8.4722165217,0.0001485394,0.0041707354,1.0000000000,0.0115251996,0.0115705001,-9.5390451141,0.0009065523,-0.0114097207,8.5085477417,0.0001519167,0.0041759508,1.0000000000
254,34124431437059,38.6194,1785360893.680,2,2.0121,0.8113,1.9802,0.6280,1.9961,0.7197,170.13,0.1672,-0.0749,-0.1775,0.0452,-0.0452,2.70,0.047097,1.0000,0.0027,0.5051,0.1860,0,frozen,2-tag corner homography,2,1920,1200,0.200000,101;102,1,1,,2-tag corner homography,0.010625,0.491696,101,102,4.751696,4.260000,30,0.050000,0.600000,5.000000,raw-zero-distortion,590.9628888758,0.0000000000,1007.8592059077,0.0000000000,592.3761043005,547.7101609771,0.0000000000,0.0000000000,1.0000000000,-0.0359937509,0.0291287486,0.0062609452,0.0003552766,-0.0208418310,0.0000000000,0.0000000000,0.0000000000,0.0000000000,0.0000000000,1,0.000000,0.000000,72.730,751.325,1,0.995,73.035,751.772,65.388,791.521,8.570,780.257,79.092,716.485,135.025,723.233,-2.843436,0.619209,1.797520,3.420471,-0.001837,0.000501,1,4.260000,0.000000,1773.840,886.564,1,1.558,1772.708,886.647,1844.104,934.411,1760.568,935.763,1705.208,839.829,1785.404,843.699,1.891389,0.836154,1.461387,2.532224,4.256633,0.000236,0.0113862778,0.0114321287,-9.4273400247,0.0008897871,-0.0112214960,8.3713660816,0.0001515537,0.0041000438,1.0000000000,0.0115251996,0.0115705001,-9.5390451141,0.0009065523,-0.0114097207,8.5085477417,0.0001519167,0.0041759508,1.0000000000
255,34124519270442,38.7072,1785360893.777,2,2.0313,0.8078,2.0038,0.6203,2.0175,0.7141,171.67,0.0098,0.4453,0.0548,-0.4420,0.4420,248.07,4.329572,1.0000,0.0034,0.5051,0.1896,0,frozen,2-tag corner homography,2,1920,1200,0.200000,101;102,1,1,,2-tag corner homography,0.010988,0.468407,101,102,4.728407,4.260000,30,0.050000,0.600000,5.000000,raw-zero-distortion,590.9628888758,0.0000000000,1007.8592059077,0.0000000000,592.3761043005,547.7101609771,0.0000000000,0.0000000000,1.0000000000,-0.0359937509,0.0291287486,0.0062609452,0.0003552766,-0.0208418310,0.0000000000,0.0000000000,0.0000000000,0.0000000000,0.0000000000,1,0.000000,0.000000,72.831,751.248,1,1.186,73.402,751.508,65.075,791.283,8.485,780.317,79.592,716.352,136.241,722.603,-2.821428,0.613865,1.784308,3.394266,-0.001768,0.000733,1,4.260000,0.000000,1773.296,886.461,1,1.248,1772.416,886.576,1843.727,934.557,1760.678,935.467,1705.285,840.017,1784.383,843.403,1.890709,0.835998,1.461420,2.531683,4.255572,0.000374,0.0116786098,0.0119198094,-9.8167362979,0.0009150576,-0.0115209670,8.5913615100,0.0001400689,0.0042707628,1.0000000000,0.0115251996,0.0115705001,-9.5390451141,0.0009065523,-0.0114097207,8.5085477417,0.0001519167,0.0041759508,1.0000000000
256,34124617902403,38.8058,1785360893.872,2,2.5156,0.4551,2.0264,0.6118,2.2710,0.5334,72.24,0.5856,-0.1878,-0.0002,-0.6150,0.6150,-91.70,-1.600421,1.0000,0.0040,0.5051,0.5138,0,frozen,2-tag corner homography,2,1920,1200,0.200000,101;102,1,1,,2-tag corner homography,0.011548,0.496607,101,102,4.756607,4.260000,30,0.050000,0.600000,5.000000,raw-zero-distortion,590.9628888758,0.0000000000,1007.8592059077,0.0000000000,592.3761043005,547.7101609771,0.0000000000,0.0000000000,1.0000000000,-0.0359937509,0.0291287486,0.0062609452,0.0003552766,-0.0208418310,0.0000000000,0.0000000000,0.0000000000,0.0000000000,0.0000000000,1,0.000000,0.000000,73.162,750.736,1,1.150,73.401,751.378,65.459,791.126,8.671,779.737,79.702,716.449,135.618,722.651,-2.841839,0.617910,1.797213,3.418748,-0.002276,0.002214,1,4.260000,0.000000,1773.090,886.251,1,1.121,1772.408,886.637,1843.394,934.410,1760.615,935.360,1705.999,840.293,1783.936,843.552,1.898130,0.839438,1.467171,2.541681,4.255382,0.000819,0.0114876244,0.0116652659,-9.6098667250,0.0009062328,-0.0113938344,8.4949997200,0.0001339610,0.0041882186,1.0000000000,0.0115251996,0.0115705001,-9.5390451141,0.0009065523,-0.0114097207,8.5085477417,0.0001519167,0.0041759508,1.0000000000
257,34124710090570,38.8980,1785360893.970,2,2.0689,0.7979,2.0489,0.6075,2.0589,0.7027,174.00,0.5245,-0.2261,-0.5452,0.1701,-0.1701,-95.00,-1.658058,1.0000,0.0035,0.5051,0.1914,0,frozen,2-tag corner homography,2,1920,1200,0.200000,101;102,1,1,,2-tag corner homography,0.011126,0.487067,101,102,4.747067,4.260000,30,0.050000,0.600000,5.000000,raw-zero-distortion,590.9628888758,0.0000000000,1007.8592059077,0.0000000000,592.3761043005,547.7101609771,0.0000000000,0.0000000000,1.0000000000,-0.0359937509,0.0291287486,0.0062609452,0.0003552766,-0.0208418310,0.0000000000,0.0000000000,0.0000000000,0.0000000000,0.0000000000,1,0.000000,0.000000,73.196,751.039,1,0.868,73.304,751.605,65.440,791.347,8.618,780.104,79.890,716.257,135.174,723.146,-2.839230,0.617965,1.795378,3.415625,-0.001335,0.001387,1,4.260000,0.000000,1773.244,886.424,1,1.149,1772.466,886.626,1843.844,934.656,1760.631,935.465,1705.478,840.127,1784.311,843.393,1.891055,0.836219,1.461592,2.532114,4.255504,0.000451,0.0114849919,0.0115763718,-9.5443350668,0.0009000560,-0.0113357024,8.4543588509,0.0001444587,0.0041626941,1.0000000000,0.0115251996,0.0115705001,-9.5390451141,0.0009065523,-0.0114097207,8.5085477417,0.0001519167,0.0041759508,1.0000000000
258,34124812742586,39.0007,1785360894.061,2,2.0924,0.7908,2.0718,0.5990,2.0821,0.6949,173.86,0.1924,-0.0183,-0.1932,-0.0024,0.0024,30.88,0.538971,1.0000,0.0028,0.5051,0.1929,0,frozen,2-tag corner homography,2,1920,1200,0.200000,101;102,1,1,,2-tag corner homography,0.010906,0.487526,101,102,4.747526,4.260000,30,0.050000,0.600000,5.000000,raw-zero-distortion,590.9628888758,0.0000000000,1007.8592059077,0.0000000000,592.3761043005,547.7101609771,0.0000000000,0.0000000000,1.0000000000,-0.0359937509,0.0291287486,0.0062609452,0.0003552766,-0.0208418310,0.0000000000,0.0000000000,0.0000000000,0.0000000000,0.0000000000,1,0.000000,0.000000,72.833,751.345,1,0.949,73.107,751.786,65.334,791.517,8.867,780.399,79.344,716.467,134.854,723.173,-2.840231,0.618603,1.795632,3.416705,-0.001493,0.000468,1,4.260000,0.000000,1773.706,886.574,1,1.474,1772.633,886.641,1843.858,934.444,1760.376,935.761,1705.316,839.906,1785.372,843.528,1.890490,0.835824,1.460837,2.531126,4.256329,0.000190,0.0113482269,0.0113569700,-9.3691764611,0.0008843098,-0.0111540498,8.3212011672,0.0001587969,0.0040652289,1.0000000000,0.0115251996,0.0115705001,-9.5390451141,0.0009065523,-0.0114097207,8.5085477417,0.0001519167,0.0041759508,1.0000000000
259,34124902992886,39.0909,1785360894.180,2,2.1196,0.7880,2.0974,0.5938,2.1085,0.6909,173.46,-0.1934,0.2684,0.2227,-0.2446,0.2446,193.76,3.381702,1.0000,0.0032,0.5051,0.1955,0,frozen,2-tag corner homography,2,1920,1200,0.200000,101;102,1,1,,2-tag corner homography,0.010847,0.474111,101,102,4.734111,4.260000,30,0.050000,0.600000,5.000000,raw-zero-distortion,590.9628888758,0.0000000000,1007.8592059077,0.0000000000,592.3761043005,547.7101609771,0.0000000000,0.0000000000,1.0000000000,-0.0359937509,0.0291287486,0.0062609452,0.0003552766,-0.0208418310,0.0000000000,0.0000000000,0.0000000000,0.0000000000,0.0000000000,1,0.000000,0.000000,73.064,751.034,1,1.263,73.551,751.474,65.559,791.349,8.445,780.216,79.502,716.453,136.468,722.400,-2.820870,0.613738,1.784239,3.393743,-0.001720,0.001374,1,4.260000,0.000000,1773.730,886.796,1,1.510,1772.620,886.805,1843.730,934.642,1760.807,935.527,1705.339,840.049,1785.047,844.125,1.897150,0.839188,1.466008,2.540196,4.256104,-0.000316,0.0115947914,0.0118034424,-9.7243577665,0.0009127401,-0.0114695708,8.5523830217,0.0001312851,0.0042463923,1.0000000000,0.0115251996,0.0115705001,-9.5390451141,0.0009065523,-0.0114097207,8.5085477417,0.0001519167,0.0041759508,1.0000000000
260,34125034528248,39.2225,1785360894.323,2,2.4190,0.5472,2.1134,0.5945,2.2662,0.5708,81.21,0.3909,-0.2017,-0.1396,-0.4171,0.4171,-140.37,-2.449953,1.0000,0.0039,0.5051,0.3092,0,frozen,2-tag corner homography,2,1920,1200,0.200000,101;102,1,1,,2-tag corner homography,0.011481,0.505952,101,102,4.765952,4.260000,30,0.050000,0.600000,5.000000,raw-zero-distortion,590.9628888758,0.0000000000,1007.8592059077,0.0000000000,592.3761043005,547.7101609771,0.0000000000,0.0000000000,1.0000000000,-0.0359937509,0.0291287486,0.0062609452,0.0003552766,-0.0208418310,0.0000000000,0.0000000000,0.0000000000,0.0000000000,0.0000000000,1,0.000000,0.000000,73.034,750.805,1,0.902,72.979,751.572,65.454,791.100,8.314,779.856,79.478,716.549,134.585,723.177,-2.857264,0.621576,1.806154,3.436933,-0.002441,0.001997,1,4.260000,0.000000,1773.236,886.427,1,1.308,1772.313,886.533,1843.370,934.482,1760.714,935.402,1705.326,839.896,1784.214,843.490,1.891404,0.836313,1.462155,2.532731,4.255483,0.000442,0.0116014414,0.0117271953,-9.6620587716,0.0009116048,-0.0114876905,8.5676763855,0.0001462085,0.0042177468,1.0000000000,0.0115251996,0.0115705001,-9.5390451141,0.0009065523,-0.0114097207,8.5085477417,0.0001519167,0.0041759508,1.0000000000
261,34125180757327,39.3687,1785360894.492,2,2.1700,0.7767,2.1505,0.5865,2.1602,0.6816,174.14,0.2252,-0.0650,-0.2307,0.0417,-0.0417,-24.77,-0.432308,1.0000,0.0035,0.5051,0.1912,0,frozen,2-tag corner homography,2,1920,1200,0.200000,101;102,1,1,,2-tag corner homography,0.011232,0.493726,101,102,4.753726,4.260000,30,0.050000,0.600000,5.000000,raw-zero-distortion,590.9628888758,0.0000000000,1007.8592059077,0.0000000000,592.3761043005,547.7101609771,0.0000000000,0.0000000000,1.0000000000,-0.0359937509,0.0291287486,0.0062609452,0.0003552766,-0.0208418310,0.0000000000,0.0000000000,0.0000000000,0.0000000000,0.0000000000,1,0.000000,0.000000,73.012,751.034,1,0.873,73.096,751.632,65.363,791.278,8.667,780.103,79.598,716.387,134.706,723.164,-2.846746,0.619544,1.799729,3.424445,-0.001862,0.001361,1,4.260000,0.000000,1773.320,886.459,1,1.056,1772.600,886.627,1844.128,934.728,1760.809,935.472,1705.521,840.240,1784.358,843.219,1.889935,0.835581,1.460470,2.530419,4.255628,0.000384,0.0115308344,0.0116048489,-9.5670280049,0.0009027703,-0.0113735843,8.4830853359,0.0001526972,0.0041687854,1.0000000000,0.0115251996,0.0115705001,-9.5390451141,0.0009065523,-0.0114097207,8.5085477417,0.0001519167,0.0041759508,1.0000000000
262,34125381816167,39.5697,1785360894.672,2,2.2145,0.7717,2.1980,0.5790,2.2062,0.6754,175.08,-0.0922,0.2289,0.1115,-0.2202,0.2202,212.30,3.705404,1.0000,0.0039,0.5051,0.1933,0,frozen,2-tag corner homography,2,1920,1200,0.200000,101;102,1,1,,2-tag corner homography,0.010911,0.475539,101,102,4.735539,4.260000,30,0.050000,0.600000,5.000000,raw-zero-distortion,590.9628888758,0.0000000000,1007.8592059077,0.0000000000,592.3761043005,547.7101609771,0.0000000000,0.0000000000,1.0000000000,-0.0359937509,0.0291287486,0.0062609452,0.0003552766,-0.0208418310,0.0000000000,0.0000000000,0.0000000000,0.0000000000,0.0000000000,1,0.000000,0.000000,73.197,750.787,1,1.357,73.621,751.381,65.537,791.444,8.663,779.685,79.675,716.399,136.401,722.484,-2.829872,0.615461,1.790068,3.404601,-0.002040,0.002083,1,4.260000,0.000000,1773.107,886.220,1,1.176,1772.321,886.448,1843.589,934.404,1760.559,935.440,1705.408,839.939,1784.091,843.137,1.889067,0.835061,1.460332,2.529520,4.255459,0.000893,0.0114527174,0.0116254483,-9.5797631186,0.0008985958,-0.0113121732,8.4340561813,0.0001319525,0.0041745809,1.0000000000,0.0115251996,0.0115705001,-9.5390451141,0.0009065523,-0.0114097207,8.5085477417,0.0001519167,0.0041759508,1.0000000000
263,34125513883281,39.7018,1785360894.779,2,2.2691,0.7755,2.2470,0.5780,2.2580,0.6768,173.61,0.1787,0.0547,-0.1714,-0.0743,0.0743,60.39,1.053967,1.0000,0.0036,0.5051,0.1987,0,frozen,2-tag corner homography,2,1920,1200,0.200000,101;102,1,1,,2-tag corner homography,0.011144,0.493203,101,102,4.753203,4.260000,30,0.050000,0.600000,5.000000,raw-zero-distortion,590.9628888758,0.0000000000,1007.8592059077,0.0000000000,592.3761043005,547.7101609771,0.0000000000,0.0000000000,1.0000000000,-0.0359937509,0.0291287486,0.0062609452,0.0003552766,-0.0208418310,0.0000000000,0.0000000000,0.0000000000,0.0000000000,0.0000000000,1,0.000000,0.000000,73.246,750.947,1,0.835,73.257,751.594,65.674,791.215,8.298,780.162,79.751,716.352,135.179,723.088,-2.841015,0.618291,1.796416,3.417713,-0.001456,0.001653,1,4.260000,0.000000,1773.228,886.485,1,1.293,1772.317,886.610,1843.369,934.442,1760.561,935.385,1705.383,840.098,1784.334,843.614,1.895535,0.838324,1.465340,2.538319,4.255393,0.000307,0.0114601019,0.0115710074,-9.5377887486,0.0009006685,-0.0113439266,8.4604624015,0.0001379130,0.0041641823,1.0000000000,0.0115251996,0.0115705001,-9.5390451141,0.0009065523,-0.0114097207,8.5085477417,0.0001519167,0.0041759508,1.0000000000
264,34125632023538,39.8199,1785360894.905,2,2.3054,0.7625,2.2814,0.5744,2.2934,0.6685,172.75,0.2932,0.0000,-0.2909,-0.0370,0.0370,13.55,0.236451,1.0000,0.0028,0.5051,0.1896,0,frozen,2-tag corner homography,2,1920,1200,0.200000,101;102,1,1,,2-tag corner homography,0.010883,0.503724,101,102,4.763724,4.260000,30,0.050000,0.600000,5.000000,raw-zero-distortion,590.9628888758,0.0000000000,1007.8592059077,0.0000000000,592.3761043005,547.7101609771,0.0000000000,0.0000000000,1.0000000000,-0.0359937509,0.0291287486,0.0062609452,0.0003552766,-0.0208418310,0.0000000000,0.0000000000,0.0000000000,0.0000000000,0.0000000000,1,0.000000,0.000000,72.994,751.209,1,1.069,73.305,751.713,65.661,791.535,9.285,779.861,79.311,716.471,134.969,723.337,-2.854629,0.621646,1.805117,3.434211,-0.001424,0.000876,1,4.260000,0.000000,1773.757,886.589,1,1.555,1772.611,886.598,1843.750,934.326,1760.675,935.707,1705.222,839.846,1785.203,843.611,1.891863,0.836350,1.461941,2.532962,4.256420,0.000166,0.0112445429,0.0111963490,-9.2420869453,0.0008798103,-0.0110921179,8.2739278618,0.0001513175,0.0040274769,1.0000000000,0.0115251996,0.0115705001,-9.5390451141,0.0009065523,-0.0114097207,8.5085477417,0.0001519167,0.0041759508,1.0000000000
265,34125747408029,39.9353,1785360895.028,2,2.3327,0.7619,2.2987,0.5735,2.3157,0.6677,169.78,0.2626,-0.0258,-0.2631,-0.0212,0.0212,-6.28,-0.109548,1.0000,0.0033,0.5051,0.1914,0,frozen,2-tag corner homography,2,1920,1200,0.200000,101;102,1,1,,2-tag corner homography,0.011065,0.492469,101,102,4.752469,4.260000,30,0.050000,0.600000,5.000000,raw-zero-distortion,590.9628888758,0.0000000000,1007.8592059077,0.0000000000,592.3761043005,547.7101609771,0.0000000000,0.0000000000,1.0000000000,-0.0359937509,0.0291287486,0.0062609452,0.0003552766,-0.0208418310,0.0000000000,0.0000000000,0.0000000000,0.0000000000,0.0000000000,1,0.000000,0.000000,73.075,751.288,1,0.836,73.261,751.745,65.625,791.317,8.590,780.311,79.562,716.431,135.178,723.337,-2.844347,0.619476,1.798531,3.421809,-0.000981,0.000677,1,4.260000,0.000000,1773.318,886.532,1,1.299,1772.404,886.654,1843.670,934.607,1760.727,935.551,1705.277,840.036,1784.351,843.573,1.891213,0.836429,1.461834,2.532441,4.255531,0.000216,0.0114816119,0.0115623130,-9.5345890352,0.0009001593,-0.0113459221,8.4636475933,0.0001425510,0.0041639779,1.0000000000,0.0115251996,0.0115705001,-9.5390451141,0.0009065523,-0.0114097207,8.5085477417,0.0001519167,0.0041759508,1.0000000000
266,34125882318394,40.0702,1785360895.213,2,2.3724,0.7647,2.3663,0.5726,2.3693,0.6686,178.18,0.2938,-0.0067,-0.2939,-0.0026,0.0026,14.68,0.256133,1.0000,0.0035,0.5051,0.1922,0,frozen,2-tag corner homography,2,1920,1200,0.200000,101;102,1,1,,2-tag corner homography,0.011364,0.490802,101,102,4.750802,4.260000,30,0.050000,0.600000,5.000000,raw-zero-distortion,590.9628888758,0.0000000000,1007.8592059077,0.0000000000,592.3761043005,547.7101609771,0.0000000000,0.0000000000,1.0000000000,-0.0359937509,0.0291287486,0.0062609452,0.0003552766,-0.0208418310,0.0000000000,0.0000000000,0.0000000000,0.0000000000,0.0000000000,1,0.000000,0.000000,73.174,751.095,1,0.804,73.237,751.659,65.433,791.276,8.652,780.226,79.871,716.338,134.917,723.218,-2.842432,0.618781,1.797273,3.419429,-0.001243,0.001231,1,4.260000,0.000000,1773.226,886.527,1,1.243,1772.335,886.594,1843.377,934.582,1760.582,935.426,1705.369,840.044,1784.368,843.434,1.891537,0.836498,1.462216,2.532926,4.255335,0.000209,0.0115479463,0.0116151190,-9.5779929075,0.0009042349,-0.0113963465,8.5003429494,0.0001477058,0.0041855756,1.0000000000,0.0115251996,0.0115705001,-9.5390451141,0.0009065523,-0.0114097207,8.5085477417,0.0001519167,0.0041759508,1.0000000000
267,34126067746801,40.2557,1785360895.335,2,2.4109,0.7534,2.3931,0.5716,2.4020,0.6625,174.40,0.2690,-0.0154,-0.2693,-0.0109,0.0109,12.72,0.221996,1.0000,0.0027,0.5051,0.1827,0,frozen,2-tag corner homography,2,1920,1200,0.200000,101;102,1,1,,2-tag corner homography,0.010873,0.478327,101,102,4.738327,4.260000,30,0.050000,0.600000,5.000000,raw-zero-distortion,590.9628888758,0.0000000000,1007.8592059077,0.0000000000,592.3761043005,547.7101609771,0.0000000000,0.0000000000,1.0000000000,-0.0359937509,0.0291287486,0.0062609452,0.0003552766,-0.0208418310,0.0000000000,0.0000000000,0.0000000000,0.0000000000,0.0000000000,1,0.000000,0.000000,72.799,751.410,1,0.928,73.116,751.778,65.143,791.541,8.566,780.566,79.483,716.372,135.183,723.094,-2.829698,0.616291,1.788990,3.404040,-0.001406,0.000280,1,4.260000,0.000000,1773.840,886.648,1,1.498,1772.742,886.679,1843.929,934.341,1760.786,935.867,1705.373,840.058,1785.275,843.530,1.892195,0.836554,1.461945,2.533280,4.256529,0.000045,0.0114130821,0.0114774083,-9.4645318141,0.0008900975,-0.0112243750,8.3735782765,0.0001527246,0.0041110775,1.0000000000,0.0115251996,0.0115705001,-9.5390451141,0.0009065523,-0.0114097207,8.5085477417,0.0001519167,0.0041759508,1.0000000000
268,34126176199960,40.3641,1785360895.435,2,,,,,,,,,,,,,,,,0.0033,0.5051,,0,frozen,2-tag corner homography,2,1920,1200,0.200000,101;102,1,1,,2-tag corner homography,0.011480,0.501086,101,102,4.761086,4.260000,30,0.050000,0.600000,5.000000,raw-zero-distortion,590.9628888758,0.0000000000,1007.8592059077,0.0000000000,592.3761043005,547.7101609771,0.0000000000,0.0000000000,1.0000000000,-0.0359937509,0.0291287486,0.0062609452,0.0003552766,-0.0208418310,0.0000000000,0.0000000000,0.0000000000,0.0000000000,0.0000000000,1,0.000000,0.000000,72.679,751.415,1,0.966,73.053,751.743,64.919,791.135,8.507,780.242,79.463,716.689,135.181,723.338,-2.850322,0.620634,1.801907,3.428759,-0.001725,0.000240,1,4.260000,0.000000,1773.354,886.517,1,1.366,1772.373,886.581,1843.416,934.495,1760.788,935.363,1705.312,839.922,1784.374,843.683,1.893800,0.837424,1.463891,2.535889,4.255629,0.000257,0.0118181343,0.0120310060,-9.9092533622,0.0009280995,-0.0117068780,8.7331872690,0.0001490495,0.0043197044,1.0000000000,0.0115251996,0.0115705001,-9.5390451141,0.0009065523,-0.0114097207,8.5085477417,0.0001519167,0.0041759508,1.0000000000
269,34126274345660,40.4623,1785360895.552,2,,,,,,,,,,,,,,,,0.0038,0.5051,,0,frozen,2-tag corner homography,2,1920,1200,0.200000,101;102,1,1,,2-tag corner homography,0.011454,0.502282,101,102,4.762282,4.260000,30,0.050000,0.600000,5.000000,raw-zero-distortion,590.9628888758,0.0000000000,1007.8592059077,0.0000000000,592.3761043005,547.7101609771,0.0000000000,0.0000000000,1.0000000000,-0.0359937509,0.0291287486,0.0062609452,0.0003552766,-0.0208418310,0.0000000000,0.0000000000,0.0000000000,0.0000000000,0.0000000000,1,0.000000,0.000000,73.118,750.794,1,0.973,73.131,751.543,65.327,791.311,8.680,779.707,79.733,716.395,134.725,723.151,-2.852524,0.620555,1.803451,3.431387,-0.002239,0.002046,1,4.260000,0.000000,1773.309,886.449,1,1.285,1772.413,886.594,1843.525,934.543,1760.693,935.415,1705.456,839.973,1784.356,843.571,1.892638,0.836898,1.462917,2.534286,4.255615,0.000404,0.0114899292,0.0115569896,-9.5274159011,0.0009024811,-0.0113644087,8.4752022791,0.0001457381,0.0041622595,1.0000000000,0.0115251996,0.0115705001,-9.5390451141,0.0009065523,-0.0114097207,8.5085477417,0.0001519167,0.0041759508,1.0000000000
270,34126402171619,40.5901,1785360895.670,2,2.5290,0.7414,2.5069,0.5490,2.5179,0.6452,173.46,,,,,,,,1.0000,0.0027,0.5051,0.1937,1,frozen,2-tag corner homography,2,1920,1200,0.200000,101;102,1,1,,2-tag corner homography,0.010664,0.490459,101,102,4.750459,4.260000,30,0.050000,0.600000,5.000000,raw-zero-distortion,590.9628888758,0.0000000000,1007.8592059077,0.0000000000,592.3761043005,547.7101609771,0.0000000000,0.0000000000,1.0000000000,-0.0359937509,0.0291287486,0.0062609452,0.0003552766,-0.0208418310,0.0000000000,0.0000000000,0.0000000000,0.0000000000,0.0000000000,1,0.000000,0.000000,72.888,751.495,1,0.909,73.131,751.940,65.268,791.706,8.681,780.562,79.511,716.545,135.004,723.376,-2.837040,0.618388,1.793661,3.412978,-0.000920,0.000065,1,4.260000,0.000000,1773.646,886.449,1,1.338,1772.700,886.613,1844.256,934.330,1760.352,935.484,1705.378,840.156,1785.275,843.556,1.896969,0.838547,1.465715,2.539680,4.256352,0.000466,0.0114336385,0.0114611952,-9.4557950438,0.0008919341,-0.0112653714,8.4060474866,0.0001557419,0.0041132286,1.0000000000,0.0115251996,0.0115705001,-9.5390451141,0.0009065523,-0.0114097207,8.5085477417,0.0001519167,0.0041759508,1.0000000000
271,34126512674103,40.7006,1785360895.809,2,2.5544,0.7400,2.5365,0.5572,2.5455,0.6486,174.41,,,,,,,,1.0000,0.0035,0.5051,0.1837,0,frozen,2-tag corner homography,2,1920,1200,0.200000,101;102,1,1,,2-tag corner homography,0.011060,0.482484,101,102,4.742484,4.260000,30,0.050000,0.600000,5.000000,raw-zero-distortion,590.9628888758,0.0000000000,1007.8592059077,0.0000000000,592.3761043005,547.7101609771,0.0000000000,0.0000000000,1.0000000000,-0.0359937509,0.0291287486,0.0062609452,0.0003552766,-0.0208418310,0.0000000000,0.0000000000,0.0000000000,0.0000000000,0.0000000000,1,0.000000,0.000000,73.174,751.149,1,0.879,73.293,751.716,65.668,791.453,8.643,780.317,79.650,716.380,135.137,723.143,-2.838062,0.618041,1.794618,3.414268,-0.001090,0.001080,1,4.260000,0.000000,1773.150,886.362,1,1.062,1772.434,886.550,1843.865,934.677,1760.632,935.468,1705.441,840.100,1784.179,843.098,1.887572,0.834527,1.458962,2.527436,4.255376,0.000575,0.0113884892,0.0114359118,-9.4328061965,0.0008896415,-0.0112198683,8.3693082417,0.0001446461,0.0041136202,1.0000000000,0.0115251996,0.0115705001,-9.5390451141,0.0009065523,-0.0114097207,8.5085477417,0.0001519167,0.0041759508,1.0000000000
272,34126679220534,40.8671,1785360895.976,2,,,,,,,,,,,,,,,,0.0034,0.5051,,0,frozen,2-tag corner homography,2,1920,1200,0.200000,101;102,1,1,,2-tag corner homography,0.011215,0.482751,101,102,4.742751,4.260000,30,0.050000,0.600000,5.000000,raw-zero-distortion,590.9628888758,0.0000000000,1007.8592059077,0.0000000000,592.3761043005,547.7101609771,0.0000000000,0.0000000000,1.0000000000,-0.0359937509,0.0291287486,0.0062609452,0.0003552766,-0.0208418310,0.0000000000,0.0000000000,0.0000000000,0.0000000000,0.0000000000,1,0.000000,0.000000,72.859,751.310,1,1.122,73.416,751.532,64.882,791.137,8.461,780.106,79.848,716.413,136.228,722.973,-2.833107,0.616487,1.791720,3.408344,-0.001519,0.000570,1,4.260000,0.000000,1773.318,886.540,1,1.276,1772.420,886.654,1843.478,934.634,1760.743,935.424,1705.482,840.038,1784.352,843.650,1.893104,0.837247,1.463265,2.534950,4.255522,0.000198,0.0118072072,0.0121123249,-9.9713028204,0.0009289821,-0.0116924940,8.7195660468,0.0001381868,0.0043389834,1.0000000000,0.0115251996,0.0115705001,-9.5390451141,0.0009065523,-0.0114097207,8.5085477417,0.0001519167,0.0041759508,1.0000000000
273,34126843099907,41.0310,1785360896.160,2,2.6400,0.7278,2.6271,0.5446,2.6335,0.6362,175.95,,,,,,,,1.0000,0.0026,0.5051,0.1836,1,frozen,2-tag corner homography,2,1920,1200,0.200000,101;102,1,1,,2-tag corner homography,0.019435,0.490816,101,102,4.750816,4.260000,30,0.050000,0.600000,5.000000,raw-zero-distortion,590.9628888758,0.0000000000,1007.8592059077,0.0000000000,592.3761043005,547.7101609771,0.0000000000,0.0000000000,1.0000000000,-0.0359937509,0.0291287486,0.0062609452,0.0003552766,-0.0208418310,0.0000000000,0.0000000000,0.0000000000,0.0000000000,0.0000000000,1,0.000000,0.000000,72.970,751.289,1,0.838,73.061,751.849,65.272,791.575,8.623,780.367,79.625,716.466,134.681,723.402,-2.842787,0.619321,1.797159,3.419763,-0.001269,0.000652,1,4.260000,0.000000,1773.799,886.536,1,1.547,1772.672,886.604,1843.807,934.245,1760.522,935.853,1705.349,839.888,1785.387,843.489,1.891187,0.835997,1.461300,2.531971,4.256578,0.000295,0.0127005991,0.0155407268,-12.6136715937,0.0009993457,-0.0125646426,9.3701649995,0.0001380261,0.0048646676,1.0000000000,0.0115251996,0.0115705001,-9.5390451141,0.0009065523,-0.0114097207,8.5085477417,0.0001519167,0.0041759508,1.0000000000
274,34127015353360,41.2033,1785360896.322,2,,,,,,,,,,,,,,,,0.0040,0.5051,,0,frozen,2-tag corner homography,2,1920,1200,0.200000,101;102,1,1,,2-tag corner homography,0.011284,0.485522,101,102,4.745522,4.260000,30,0.050000,0.600000,5.000000,raw-zero-distortion,590.9628888758,0.0000000000,1007.8592059077,0.0000000000,592.3761043005,547.7101609771,0.0000000000,0.0000000000,1.0000000000,-0.0359937509,0.0291287486,0.0062609452,0.0003552766,-0.0208418310,0.0000000000,0.0000000000,0.0000000000,0.0000000000,0.0000000000,1,0.000000,0.000000,73.093,751.241,1,0.882,73.238,751.778,65.500,791.462,8.638,780.390,79.655,716.483,135.079,723.208,-2.839241,0.618449,1.795258,3.415658,-0.001060,0.000811,1,4.260000,0.000000,1772.660,886.190,1,0.946,1772.109,886.561,1843.733,934.545,1760.582,935.480,1705.291,840.355,1783.235,843.032,1.889509,0.835766,1.461079,2.530514,4.254517,0.000881,0.0115089577,0.0115672101,-9.5405059510,0.0009002960,-0.0113564455,8.4719431730,0.0001431593,0.0041744495,1.0000000000,0.0115251996,0.0115705001,-9.5390451141,0.0009065523,-0.0114097207,8.5085477417,0.0001519167,0.0041759508,1.0000000000
275,34127172586653,41.3605,1785360896.453,2,2.7348,0.7193,2.7259,0.5301,2.7304,0.6247,177.33,,,,,,,,1.0000,0.0033,0.5051,0.1895,1,frozen,2-tag corner homography,2,1920,1200,0.200000,101;102,1,1,,2-tag corner homography,0.011019,0.484678,101,102,4.744678,4.260000,30,0.050000,0.600000,5.000000,raw-zero-distortion,590.9628888758,0.0000000000,1007.8592059077,0.0000000000,592.3761043005,547.7101609771,0.0000000000,0.0000000000,1.0000000000,-0.0359937509,0.0291287486,0.0062609452,0.0003552766,-0.0208418310,0.0000000000,0.0000000000,0.0000000000,0.0000000000,0.0000000000,1,0.000000,0.000000,73.005,751.274,1,1.079,73.359,751.730,65.687,791.474,8.761,780.344,79.321,716.576,135.565,722.965,-2.836711,0.617831,1.793891,3.412725,-0.001215,0.000701,1,4.260000,0.000000,1773.247,886.406,1,1.136,1772.465,886.568,1843.722,934.512,1760.702,935.479,1705.518,840.174,1784.287,843.218,1.891290,0.836181,1.461775,2.532383,4.255533,0.000492,0.0113728467,0.0114322277,-9.4297759384,0.0008898526,-0.0112227999,8.3716369747,0.0001402552,0.0041150717,1.0000000000,0.0115251996,0.0115705001,-9.5390451141,0.0009065523,-0.0114097207,8.5085477417,0.0001519167,0.0041759508,1.0000000000
276,34127304610623,41.4925,1785360896.578,2,2.7842,0.7138,2.7753,0.5261,2.7797,0.6199,177.28,,,,,,,,1.0000,0.0034,0.5051,0.1880,0,frozen,2-tag corner homography,2,1920,1200,0.200000,101;102,1,1,,2-tag corner homography,0.014299,0.478886,101,102,4.738886,4.260000,30,0.050000,0.600000,5.000000,raw-zero-distortion,590.9628888758,0.0000000000,1007.8592059077,0.0000000000,592.3761043005,547.7101609771,0.0000000000,0.0000000000,1.0000000000,-0.0359937509,0.0291287486,0.0062609452,0.0003552766,-0.0208418310,0.0000000000,0.0000000000,0.0000000000,0.0000000000,0.0000000000,1,0.000000,0.000000,73.146,751.212,1,0.914,73.335,751.727,65.645,791.459,8.422,780.315,79.631,716.414,135.511,723.169,-2.836130,0.617681,1.793477,3.411997,-0.000996,0.000903,1,4.260000,0.000000,1773.144,886.236,1,1.186,1772.338,886.431,1843.767,934.498,1760.612,935.477,1705.242,839.835,1784.127,843.078,1.885923,0.833609,1.457870,2.525271,4.255518,0.000862,0.0121502477,0.0137661701,-11.2409706173,0.0009563316,-0.0120439030,8.9818510452,0.0001351688,0.0045581494,1.0000000000,0.0115251996,0.0115705001,-9.5390451141,0.0009065523,-0.0114097207,8.5085477417,0.0001519167,0.0041759508,1.0000000000
277,34127427370016,41.6153,1785360896.725,2,,,,,,,,,,,,,,,,0.0039,0.5051,,0,frozen,2-tag corner homography,2,1920,1200,0.200000,101;102,1,1,,2-tag corner homography,0.011465,0.512448,101,102,4.772448,4.260000,30,0.050000,0.600000,5.000000,raw-zero-distortion,590.9628888758,0.0000000000,1007.8592059077,0.0000000000,592.3761043005,547.7101609771,0.0000000000,0.0000000000,1.0000000000,-0.0359937509,0.0291287486,0.0062609452,0.0003552766,-0.0208418310,0.0000000000,0.0000000000,0.0000000000,0.0000000000,0.0000000000,1,0.000000,0.000000,73.322,750.654,1,0.956,73.197,751.530,65.548,791.311,8.687,779.544,79.874,716.388,134.629,723.251,-2.857877,0.621724,1.806963,3.437894,-0.002063,0.002477,1,4.260000,0.000000,1773.270,886.491,1,1.278,1772.361,886.586,1843.203,934.285,1760.662,935.399,1705.557,840.213,1784.352,843.500,1.897465,0.839070,1.466748,2.540819,4.255477,0.000301,0.0113373433,0.0112591218,-9.2929218923,0.0008915818,-0.0112293361,8.3744902984,0.0001421786,0.0040898334,1.0000000000,0.0115251996,0.0115705001,-9.5390451141,0.0009065523,-0.0114097207,8.5085477417,0.0001519167,0.0041759508,1.0000000000
278,34127564411192,41.7523,1785360896.879,2,,,,,,,,,,,,,,,,0.0034,0.5051,,0,frozen,2-tag corner homography,2,1920,1200,0.200000,101;102,1,1,,2-tag corner homography,0.011040,0.482934,101,102,4.742934,4.260000,30,0.050000,0.600000,5.000000,raw-zero-distortion,590.9628888758,0.0000000000,1007.8592059077,0.0000000000,592.3761043005,547.7101609771,0.0000000000,0.0000000000,1.0000000000,-0.0359937509,0.0291287486,0.0062609452,0.0003552766,-0.0208418310,0.0000000000,0.0000000000,0.0000000000,0.0000000000,0.0000000000,1,0.000000,0.000000,73.173,751.056,1,0.970,73.363,751.609,65.437,791.449,8.684,780.103,79.828,716.302,135.398,723.029,-2.835592,0.617226,1.793191,3.411317,-0.001355,0.001336,1,4.260000,0.000000,1773.231,886.359,1,1.186,1772.416,886.534,1843.693,934.420,1760.626,935.529,1705.420,840.107,1784.297,843.189,1.890667,0.835875,1.461388,2.531593,4.255556,0.000597,0.0114156853,0.0115063442,-9.4873242461,0.0008932337,-0.0112577296,8.3962770280,0.0001436654,0.0041304326,1.0000000000,0.0115251996,0.0115705001,-9.5390451141,0.0009065523,-0.0114097207,8.5085477417,0.0001519167,0.0041759508,1.0000000000
279,34127757424386,41.9453,1785360897.094,2,2.8933,0.7070,2.8898,0.5253,2.8915,0.6161,178.89,,,,,,,,1.0000,0.0036,0.5051,0.1817,1,frozen,2-tag corner homography,2,1920,1200,0.200000,101;102,1,1,,2-tag corner homography,0.010843,0.464647,101,102,4.724647,4.260000,30,0.050000,0.600000,5.000000,raw-zero-distortion,590.9628888758,0.0000000000,1007.8592059077,0.0000000000,592.3761043005,547.7101609771,0.0000000000,0.0000000000,1.0000000000,-0.0359937509,0.0291287486,0.0062609452,0.0003552766,-0.0208418310,0.0000000000,0.0000000000,0.0000000000,0.0000000000,0.0000000000,1,0.000000,0.000000,73.016,751.070,1,1.281,73.504,751.520,65.415,791.417,8.480,780.229,79.526,716.510,136.372,722.442,-2.821457,0.613972,1.784521,3.394421,-0.001754,0.001264,1,4.260000,0.000000,1773.134,886.224,1,1.141,1772.363,886.426,1843.815,934.382,1760.624,935.545,1705.282,839.994,1784.117,842.922,1.886791,0.833954,1.458493,2.526393,4.255512,0.000889,0.0115879481,0.0118068598,-9.7264127878,0.0009054301,-0.0114130077,8.5110062791,0.0001400588,0.0042257453,1.0000000000,0.0115251996,0.0115705001,-9.5390451141,0.0009065523,-0.0114097207,8.5085477417,0.0001519167,0.0041759508,1.0000000000
280,34127977790322,42.1657,1785360897.297,2,,,,,,,,,,,,,,,,0.0035,0.5051,,0,frozen,2-tag corner homography,2,1920,1200,0.200000,101;102,1,1,,2-tag corner homography,0.011672,0.499098,101,102,4.759098,4.260000,30,0.050000,0.600000,5.000000,raw-zero-distortion,590.9628888758,0.0000000000,1007.8592059077,0.0000000000,592.3761043005,547.7101609771,0.0000000000,0.0000000000,1.0000000000,-0.0359937509,0.0291287486,0.0062609452,0.0003552766,-0.0208418310,0.0000000000,0.0000000000,0.0000000000,0.0000000000,0.0000000000,1,0.000000,0.000000,73.037,751.032,1,0.818,73.010,751.701,65.330,791.251,8.591,780.182,79.653,716.504,134.425,723.264,-2.850537,0.620523,1.801961,3.428946,-0.001801,0.001374,1,4.260000,0.000000,1773.305,886.364,1,1.381,1772.361,886.574,1843.433,934.447,1760.663,935.527,1705.427,839.822,1784.293,843.633,1.891502,0.836403,1.462138,2.532823,4.255713,0.000599,0.0115747348,0.0116453449,-9.6005798431,0.0009064460,-0.0114298657,8.5260071347,0.0001515196,0.0041917226,1.0000000000,0.0115251996,0.0115705001,-9.5390451141,0.0009065523,-0.0114097207,8.5085477417,0.0001519167,0.0041759508,1.0000000000
281,34128146245287,42.3342,1785360897.444,2,,,,,,,,,,,,,,,,0.0033,0.5051,,0,frozen,2-tag corner homography,2,1920,1200,0.200000,101;102,1,1,,2-tag corner homography,0.011153,0.484933,101,102,4.744933,4.260000,30,0.050000,0.600000,5.000000,raw-zero-distortion,590.9628888758,0.0000000000,1007.8592059077,0.0000000000,592.3761043005,547.7101609771,0.0000000000,0.0000000000,1.0000000000,-0.0359937509,0.0291287486,0.0062609452,0.0003552766,-0.0208418310,0.0000000000,0.0000000000,0.0000000000,0.0000000000,0.0000000000,1,0.000000,0.000000,73.223,751.158,1,0.790,73.255,751.744,65.531,791.405,8.632,780.370,79.871,716.375,134.919,723.255,-2.839477,0.618410,1.795440,3.415943,-0.000930,0.001067,1,4.260000,0.000000,1773.192,886.256,1,1.147,1772.437,886.514,1844.006,934.478,1760.676,935.541,1705.343,840.053,1784.141,843.140,1.888614,0.834896,1.459761,2.528797,4.255599,0.000827,0.0115351926,0.0116028029,-9.5689706443,0.0009004626,-0.0113618541,8.4755963475,0.0001514850,0.0041719806,1.0000000000,0.0115251996,0.0115705001,-9.5390451141,0.0009065523,-0.0114097207,8.5085477417,0.0001519167,0.0041759508,1.0000000000
282,34128321637332,42.5096,1785360897.622,2,,,,,,,,,,,,,,,,0.0034,0.5051,,0,frozen,2-tag corner homography,2,1920,1200,0.200000,101;102,1,1,,2-tag corner homography,0.011548,0.507221,101,102,4.767221,4.260000,30,0.050000,0.600000,5.000000,raw-zero-distortion,590.9628888758,0.0000000000,1007.8592059077,0.0000000000,592.3761043005,547.7101609771,0.0000000000,0.0000000000,1.0000000000,-0.0359937509,0.0291287486,0.0062609452,0.0003552766,-0.0208418310,0.0000000000,0.0000000000,0.0000000000,0.0000000000,0.0000000000,1,0.000000,0.000000,73.173,750.944,1,0.786,73.069,751.666,65.479,791.222,8.768,780.100,79.765,716.433,134.258,723.291,-2.853280,0.621055,1.803809,3.432294,-0.001667,0.001644,1,4.260000,0.000000,1773.341,886.321,1,1.426,1772.330,886.442,1843.358,934.027,1760.639,935.377,1705.281,839.948,1784.429,843.500,1.897013,0.838548,1.466458,2.540142,4.255845,0.000705,0.0115092702,0.0115458895,-9.5212931990,0.0009016685,-0.0113768472,8.4860431886,0.0001546692,0.0041525203,1.0000000000,0.0115251996,0.0115705001,-9.5390451141,0.0009065523,-0.0114097207,8.5085477417,0.0001519167,0.0041759508,1.0000000000
283,34128475597555,42.6635,1785360897.764,2,3.1232,0.6921,3.1191,0.5112,3.1212,0.6017,178.71,,,,,,,,1.0000,0.0027,0.5051,0.1810,1,frozen,2-tag corner homography,2,1920,1200,0.200000,101;102,1,1,,2-tag corner homography,0.010990,0.480255,101,102,4.740255,4.260000,30,0.050000,0.600000,5.000000,raw-zero-distortion,590.9628888758,0.0000000000,1007.8592059077,0.0000000000,592.3761043005,547.7101609771,0.0000000000,0.0000000000,1.0000000000,-0.0359937509,0.0291287486,0.0062609452,0.0003552766,-0.0208418310,0.0000000000,0.0000000000,0.0000000000,0.0000000000,0.0000000000,1,0.000000,0.000000,73.081,751.313,1,0.788,73.186,751.816,65.248,791.641,8.726,780.471,79.891,716.254,134.839,723.331,-2.833203,0.617213,1.791341,3.408356,-0.000893,0.000610,1,4.260000,0.000000,1773.639,886.474,1,1.439,1772.595,886.544,1843.882,934.432,1760.502,935.565,1705.271,839.796,1785.139,843.495,1.890474,0.835621,1.460896,2.531081,4.256305,0.000408,0.0114002634,0.0114083032,-9.4128914706,0.0008875336,-0.0112039273,8.3587006267,0.0001549331,0.0040978775,1.0000000000,0.0115251996,0.0115705001,-9.5390451141,0.0009065523,-0.0114097207,8.5085477417,0.0001519167,0.0041759508,1.0000000000
284,34128614915006,42.8028,1785360897.922,2,3.1720,0.6901,3.1827,0.5066,3.1773,0.5984,183.34,,,,,,,,1.0000,0.0038,0.5051,0.1837,0,frozen,2-tag corner homography,2,1920,1200,0.200000,101;102,1,1,,2-tag corner homography,0.011462,0.504355,101,102,4.764355,4.260000,30,0.050000,0.600000,5.000000,raw-zero-distortion,590.9628888758,0.0000000000,1007.8592059077,0.0000000000,592.3761043005,547.7101609771,0.0000000000,0.0000000000,1.0000000000,-0.0359937509,0.0291287486,0.0062609452,0.0003552766,-0.0208418310,0.0000000000,0.0000000000,0.0000000000,0.0000000000,0.0000000000,1,0.000000,0.000000,73.239,750.883,1,0.854,73.091,751.704,65.604,791.277,8.523,780.064,79.721,716.589,134.464,723.276,-2.854122,0.621367,1.804383,3.433352,-0.001654,0.001827,1,4.260000,0.000000,1773.135,886.406,1,1.217,1772.269,886.492,1843.384,934.423,1760.554,935.281,1705.293,840.035,1784.220,843.343,1.893132,0.837024,1.463575,2.535076,4.255288,0.000472,0.0115282405,0.0116049975,-9.5677255140,0.0009035745,-0.0113996799,8.5035044111,0.0001502836,0.0041714992,1.0000000000,0.0115251996,0.0115705001,-9.5390451141,0.0009065523,-0.0114097207,8.5085477417,0.0001519167,0.0041759508,1.0000000000
285,34128775522271,42.9634,1785360898.078,2,3.2111,0.6894,3.2142,0.5036,3.2127,0.5965,180.95,0.3029,-0.0171,-0.3025,0.0221,-0.0221,6.93,0.120905,1.0000,0.0036,0.5051,0.1859,0,frozen,2-tag corner homography,2,1920,1200,0.200000,101;102,1,1,,2-tag corner homography,0.010872,0.489104,101,102,4.749104,4.260000,30,0.050000,0.600000,5.000000,raw-zero-distortion,590.9628888758,0.0000000000,1007.8592059077,0.0000000000,592.3761043005,547.7101609771,0.0000000000,0.0000000000,1.0000000000,-0.0359937509,0.0291287486,0.0062609452,0.0003552766,-0.0208418310,0.0000000000,0.0000000000,0.0000000000,0.0000000000,0.0000000000,1,0.000000,0.000000,72.831,751.201,1,1.070,73.186,751.640,65.040,791.504,8.615,779.943,79.567,716.354,135.404,723.194,-2.840971,0.618374,1.796252,3.417605,-0.001900,0.000863,1,4.260000,0.000000,1773.126,886.280,1,1.101,1772.376,886.463,1843.784,934.371,1760.526,935.388,1705.361,840.159,1784.219,843.041,1.891351,0.836047,1.461994,2.532510,4.255424,0.000758,0.0114485197,0.0115464010,-9.5180950460,0.0008962121,-0.0113050753,8.4321805886,0.0001439988,0.0041464458,1.0000000000,0.0115251996,0.0115705001,-9.5390451141,0.0009065523,-0.0114097207,8.5085477417,0.0001519167,0.0041759508,1.0000000000
286,34128935461849,43.1234,1785360898.219,2,3.2586,0.6862,3.2611,0.5032,3.2599,0.5947,180.79,0.2676,-0.0127,-0.2674,0.0163,-0.0163,-4.68,-0.081761,1.0000,0.0033,0.5051,0.1830,0,frozen,2-tag corner homography,2,1920,1200,0.200000,101;102,1,1,,2-tag corner homography,0.010900,0.481971,101,102,4.741971,4.260000,30,0.050000,0.600000,5.000000,raw-zero-distortion,590.9628888758,0.0000000000,1007.8592059077,0.0000000000,592.3761043005,547.7101609771,0.0000000000,0.0000000000,1.0000000000,-0.0359937509,0.0291287486,0.0062609452,0.0003552766,-0.0208418310,0.0000000000,0.0000000000,0.0000000000,0.0000000000,0.0000000000,1,0.000000,0.000000,73.133,751.300,1,0.863,73.312,751.784,65.568,791.499,8.651,780.307,79.701,716.395,135.242,723.359,-2.840523,0.618796,1.796211,3.417288,-0.000787,0.000658,1,4.260000,0.000000,1773.169,886.302,1,1.135,1772.406,886.511,1844.080,934.662,1760.684,935.568,1705.176,839.932,1784.121,843.081,1.884413,0.833066,1.456573,2.523215,4.255492,0.000716,0.0115063069,0.0116100515,-9.5733008057,0.0008980690,-0.0113335616,8.4548424077,0.0001474371,0.0041669949,1.0000000000,0.0115251996,0.0115705001,-9.5390451141,0.0009065523,-0.0114097207,8.5085477417,0.0001519167,0.0041759508,1.0000000000
287,34129063051868,43.2510,1785360898.340,2,3.2930,0.6929,3.3009,0.5017,3.2969,0.5973,182.37,0.2855,-0.0022,-0.2852,0.0140,-0.0140,1.86,0.032438,1.0000,0.0039,0.5051,0.1913,0,frozen,2-tag corner homography,2,1920,1200,0.200000,101;102,1,1,,2-tag corner homography,0.011324,0.463078,101,102,4.723078,4.260000,30,0.050000,0.600000,5.000000,raw-zero-distortion,590.9628888758,0.0000000000,1007.8592059077,0.0000000000,592.3761043005,547.7101609771,0.0000000000,0.0000000000,1.0000000000,-0.0359937509,0.0291287486,0.0062609452,0.0003552766,-0.0208418310,0.0000000000,0.0000000000,0.0000000000,0.0000000000,0.0000000000,1,0.000000,0.000000,73.363,750.823,1,1.219,73.721,751.366,65.266,791.356,8.508,780.173,80.260,716.294,136.588,722.210,-2.810775,0.611329,1.778178,3.381730,-0.001478,0.002021,1,4.260000,0.000000,1773.164,886.585,1,1.186,1772.339,886.719,1843.391,934.579,1760.748,935.426,1705.501,840.344,1784.084,843.631,1.896474,0.838986,1.466025,2.539634,4.255128,0.000065,0.0116998421,0.0119702233,-9.8583607052,0.0009202505,-0.0115601791,8.6185607210,0.0001310773,0.0042990242,1.0000000000,0.0115251996,0.0115705001,-9.5390451141,0.0009065523,-0.0114097207,8.5085477417,0.0001519167,0.0041759508,1.0000000000
288,34129202040857,43.3900,1785360898.535,2,3.3387,0.6816,3.3410,0.5012,3.3398,0.5914,180.73,0.2962,-0.0100,-0.2960,0.0138,-0.0138,0.22,0.003758,1.0000,0.0032,0.5051,0.1803,0,frozen,2-tag corner homography,2,1920,1200,0.200000,101;102,1,1,,2-tag corner homography,0.011138,0.490824,101,102,4.750824,4.260000,30,0.050000,0.600000,5.000000,raw-zero-distortion,590.9628888758,0.0000000000,1007.8592059077,0.0000000000,592.3761043005,547.7101609771,0.0000000000,0.0000000000,1.0000000000,-0.0359937509,0.0291287486,0.0062609452,0.0003552766,-0.0208418310,0.0000000000,0.0000000000,0.0000000000,0.0000000000,0.0000000000,1,0.000000,0.000000,73.164,751.231,1,0.773,73.174,751.832,65.688,791.449,8.591,780.410,79.626,716.471,134.746,723.403,-2.844893,0.619802,1.798708,3.422415,-0.000891,0.000854,1,4.260000,0.000000,1773.344,886.486,1,1.270,1772.431,886.544,1843.757,934.545,1760.817,935.509,1705.190,839.970,1784.376,843.312,1.888949,0.835125,1.460031,2.529280,4.255645,0.000325,0.0115473593,0.0115809427,-9.5534577525,0.0009019831,-0.0113864616,8.4950267605,0.0001487114,0.0041821434,1.0000000000,0.0115251996,0.0115705001,-9.5390451141,0.0009065523,-0.0114097207,8.5085477417,0.0001519167,0.0041759508,1.0000000000
289,34129409894233,43.5978,1785360898.723,2,3.3749,0.6813,3.3776,0.5005,3.3763,0.5909,180.85,0.2346,-0.0162,-0.2343,0.0197,-0.0197,-3.39,-0.059160,1.0000,0.0040,0.5051,0.1808,0,frozen,2-tag corner homography,2,1920,1200,0.200000,101;102,1,1,,2-tag corner homography,0.011355,0.487843,101,102,4.747843,4.260000,30,0.050000,0.600000,5.000000,raw-zero-distortion,590.9628888758,0.0000000000,1007.8592059077,0.0000000000,592.3761043005,547.7101609771,0.0000000000,0.0000000000,1.0000000000,-0.0359937509,0.0291287486,0.0062609452,0.0003552766,-0.0208418310,0.0000000000,0.0000000000,0.0000000000,0.0000000000,0.0000000000,1,0.000000,0.000000,73.073,751.251,1,0.883,73.207,751.803,65.517,791.451,8.685,780.267,79.598,716.539,134.960,723.361,-2.846504,0.620085,1.799790,3.424373,-0.001089,0.000779,1,4.260000,0.000000,1772.616,885.911,1,0.903,1772.193,886.466,1843.887,934.590,1760.476,935.543,1705.598,840.137,1783.168,842.769,1.884140,0.833066,1.456767,2.523123,4.254769,0.001514,0.0114971126,0.0115688232,-9.5407164659,0.0008975950,-0.0113335740,8.4552473715,0.0001459766,0.0041639574,1.0000000000,0.0115251996,0.0115705001,-9.5390451141,0.0009065523,-0.0114097207,8.5085477417,0.0001519167,0.0041759508,1.0000000000
290,34129577153291,43.7651,1785360898.886,2,3.4228,0.6815,3.4272,0.4995,3.4250,0.5905,181.41,,,,,,,,1.0000,0.0034,0.5051,0.1821,0,frozen,2-tag corner homography,2,1920,1200,0.200000,101;102,1,1,,2-tag corner homography,0.011328,0.489110,101,102,4.749110,4.260000,30,0.050000,0.600000,5.000000,raw-zero-distortion,590.9628888758,0.0000000000,1007.8592059077,0.0000000000,592.3761043005,547.7101609771,0.0000000000,0.0000000000,1.0000000000,-0.0359937509,0.0291287486,0.0062609452,0.0003552766,-0.0208418310,0.0000000000,0.0000000000,0.0000000000,0.0000000000,0.0000000000,1,0.000000,0.000000,73.175,751.102,1,0.822,73.204,751.715,65.424,791.402,8.745,780.332,79.854,716.383,134.748,723.169,-2.839868,0.618373,1.795589,3.416340,-0.001219,0.001211,1,4.260000,0.000000,1773.210,886.248,1,1.201,1772.413,886.506,1843.811,934.336,1760.570,935.457,1705.424,840.077,1784.248,843.273,1.892540,0.836639,1.462841,2.534083,4.255649,0.000849,0.0115044046,0.0115747413,-9.5447584964,0.0008988480,-0.0113394694,8.4585792973,0.0001528461,0.0041545780,1.0000000000,0.0115251996,0.0115705001,-9.5390451141,0.0009065523,-0.0114097207,8.5085477417,0.0001519167,0.0041759508,1.0000000000
291,34129751450584,43.9394,1785360899.047,2,3.4528,0.6821,3.4593,0.5005,3.4560,0.5913,182.05,0.2332,0.0006,-0.2330,0.0078,-0.0078,3.25,0.056668,1.0000,0.0034,0.5051,0.1818,0,frozen,2-tag corner homography,2,1920,1200,0.200000,101;102,1,1,,2-tag corner homography,0.011052,0.483365,101,102,4.743365,4.260000,30,0.050000,0.600000,5.000000,raw-zero-distortion,590.9628888758,0.0000000000,1007.8592059077,0.0000000000,592.3761043005,547.7101609771,0.0000000000,0.0000000000,1.0000000000,-0.0359937509,0.0291287486,0.0062609452,0.0003552766,-0.0208418310,0.0000000000,0.0000000000,0.0000000000,0.0000000000,0.0000000000,1,0.000000,0.000000,73.124,751.160,1,0.760,73.132,751.750,65.493,791.437,8.659,780.302,79.728,716.305,134.621,723.360,-2.843241,0.619165,1.797584,3.420335,-0.001200,0.001040,1,4.260000,0.000000,1773.206,886.308,1,1.135,1772.414,886.430,1844.094,934.580,1760.730,935.560,1705.058,839.901,1784.208,842.873,1.882969,0.832220,1.455442,2.521205,4.255566,0.000710,0.0114912471,0.0115824904,-9.5490757028,0.0008949025,-0.0112975049,8.4276642293,0.0001564826,0.0041419302,1.0000000000,0.0115251996,0.0115705001,-9.5390451141,0.0009065523,-0.0114097207,8.5085477417,0.0001519167,0.0041759508,1.0000000000
292,34129895789401,44.0837,1785360899.177,2,3.4813,0.6825,3.4854,0.5010,3.4833,0.5917,181.28,0.1958,0.0031,-0.1958,0.0013,-0.0013,0.63,0.010994,1.0000,0.0035,0.5051,0.1815,0,frozen,2-tag corner homography,2,1920,1200,0.200000,101;102,1,1,,2-tag corner homography,0.011609,0.501228,101,102,4.761228,4.260000,30,0.050000,0.600000,5.000000,raw-zero-distortion,590.9628888758,0.0000000000,1007.8592059077,0.0000000000,592.3761043005,547.7101609771,0.0000000000,0.0000000000,1.0000000000,-0.0359937509,0.0291287486,0.0062609452,0.0003552766,-0.0208418310,0.0000000000,0.0000000000,0.0000000000,0.0000000000,0.0000000000,1,0.000000,0.000000,73.111,751.021,1,0.806,73.021,751.745,65.432,791.272,8.537,780.265,79.683,716.576,134.389,723.269,-2.850273,0.620608,1.801815,3.428666,-0.001625,0.001421,1,4.260000,0.000000,1773.321,886.583,1,1.205,1772.465,886.670,1843.486,934.595,1760.752,935.460,1705.573,840.224,1784.401,843.498,1.893985,0.837626,1.463859,2.536075,4.255475,0.000100,0.0115171002,0.0115756161,-9.5445908295,0.0009026048,-0.0113782973,8.4880636267,0.0001515614,0.0041632038,1.0000000000,0.0115251996,0.0115705001,-9.5390451141,0.0009065523,-0.0114097207,8.5085477417,0.0001519167,0.0041759508,1.0000000000
293,34130024144111,44.2121,1785360899.297,2,3.5025,0.6819,3.5046,0.5026,3.5035,0.5923,180.67,0.1809,0.0034,-0.1810,-0.0013,0.0013,-3.39,-0.059144,1.0000,0.0028,0.5051,0.1793,0,frozen,2-tag corner homography,2,1920,1200,0.200000,101;102,1,1,,2-tag corner homography,0.010705,0.487835,101,102,4.747835,4.260000,30,0.050000,0.600000,5.000000,raw-zero-distortion,590.9628888758,0.0000000000,1007.8592059077,0.0000000000,592.3761043005,547.7101609771,0.0000000000,0.0000000000,1.0000000000,-0.0359937509,0.0291287486,0.0062609452,0.0003552766,-0.0208418310,0.0000000000,0.0000000000,0.0000000000,0.0000000000,0.0000000000,1,0.000000,0.000000,72.967,751.515,1,0.834,73.206,751.903,65.287,791.632,8.710,780.594,79.688,716.411,135.075,723.410,-2.834870,0.617853,1.792433,3.410432,-0.000645,0.000028,1,4.260000,0.000000,1773.679,886.658,1,1.489,1772.573,886.663,1843.778,934.231,1760.426,935.689,1705.190,840.178,1785.317,843.600,1.896557,0.838627,1.465638,2.539354,4.256163,-0.000008,0.0113793559,0.0114155780,-9.4179698469,0.0008879849,-0.0112074366,8.3623079762,0.0001546404,0.0040888167,1.0000000000,0.0115251996,0.0115705001,-9.5390451141,0.0009065523,-0.0114097207,8.5085477417,0.0001519167,0.0041759508,1.0000000000
294,34130137513784,44.3254,1785360899.422,2,3.5215,0.6824,3.5209,0.5013,3.5212,0.5918,179.81,0.1650,0.0015,-0.1650,-0.0021,0.0021,-5.12,-0.089409,1.0000,0.0032,0.5051,0.1811,0,frozen,2-tag corner homography,2,1920,1200,0.200000,101;102,1,1,,2-tag corner homography,0.011114,0.491913,101,102,4.751913,4.260000,30,0.050000,0.600000,5.000000,raw-zero-distortion,590.9628888758,0.0000000000,1007.8592059077,0.0000000000,592.3761043005,547.7101609771,0.0000000000,0.0000000000,1.0000000000,-0.0359937509,0.0291287486,0.0062609452,0.0003552766,-0.0208418310,0.0000000000,0.0000000000,0.0000000000,0.0000000000,0.0000000000,1,0.000000,0.000000,72.925,751.402,1,0.958,73.235,751.805,65.300,791.416,8.671,780.325,79.558,716.586,135.303,723.322,-2.843407,0.619436,1.797887,3.420681,-0.001081,0.000332,1,4.260000,0.000000,1773.346,886.448,1,1.260,1772.481,886.637,1843.928,934.630,1760.699,935.477,1705.334,840.021,1784.403,843.581,1.891649,0.836492,1.462023,2.532897,4.255696,0.000413,0.0116378003,0.0117643901,-9.6984012864,0.0009116416,-0.0114981035,8.5779289188,0.0001473027,0.0042320827,1.0000000000,0.0115251996,0.0115705001,-9.5390451141,0.0009065523,-0.0114097207,8.5085477417,0.0001519167,0.0041759508,1.0000000000
295,34130276040191,44.4640,1785360899.574,2,3.5366,0.6839,3.5380,0.5020,3.5373,0.5930,180.45,0.1419,0.0026,-0.1419,-0.0015,0.0015,-1.86,-0.032388,1.0000,0.0039,0.5051,0.1819,0,frozen,2-tag corner homography,2,1920,1200,0.200000,101;102,1,1,,2-tag corner homography,0.011323,0.511386,101,102,4.771386,4.260000,30,0.050000,0.600000,5.000000,raw-zero-distortion,590.9628888758,0.0000000000,1007.8592059077,0.0000000000,592.3761043005,547.7101609771,0.0000000000,0.0000000000,1.0000000000,-0.0359937509,0.0291287486,0.0062609452,0.0003552766,-0.0208418310,0.0000000000,0.0000000000,0.0000000000,0.0000000000,0.0000000000,1,0.000000,0.000000,73.296,750.685,1,0.893,73.141,751.544,65.666,791.205,8.648,779.571,79.753,716.401,134.461,723.355,-2.862884,0.622819,1.810019,3.443861,-0.002048,0.002385,1,4.260000,0.000000,1773.316,886.558,1,1.284,1772.377,886.567,1843.489,934.654,1760.628,935.325,1705.267,839.917,1784.517,843.508,1.890988,0.836141,1.461710,2.532106,4.255495,0.000156,0.0114283340,0.0114567864,-9.4476044575,0.0008980478,-0.0113103312,8.4348946358,0.0001477244,0.0041269510,1.0000000000,0.0115251996,0.0115705001,-9.5390451141,0.0009065523,-0.0114097207,8.5085477417,0.0001519167,0.0041759508,1.0000000000
296,34130427808733,44.6157,1785360899.730,2,3.5540,0.6833,3.5524,0.5018,3.5532,0.5925,179.48,0.1179,0.0025,-0.1179,-0.0035,0.0035,-1.38,-0.024107,1.0000,0.0026,0.5051,0.1815,0,frozen,2-tag corner homography,2,1920,1200,0.200000,101;102,1,1,,2-tag corner homography,0.010873,0.479425,101,102,4.739425,4.260000,30,0.050000,0.600000,5.000000,raw-zero-distortion,590.9628888758,0.0000000000,1007.8592059077,0.0000000000,592.3761043005,547.7101609771,0.0000000000,0.0000000000,1.0000000000,-0.0359937509,0.0291287486,0.0062609452,0.0003552766,-0.0208418310,0.0000000000,0.0000000000,0.0000000000,0.0000000000,0.0000000000,1,0.000000,0.000000,73.173,751.312,1,0.910,73.312,751.880,65.690,791.629,8.728,780.702,79.618,716.588,135.146,723.050,-2.830838,0.616975,1.790087,3.405688,-0.000639,0.000632,1,4.260000,0.000000,1773.736,886.529,1,1.502,1772.638,886.583,1843.940,934.289,1760.518,935.708,1705.218,839.915,1785.300,843.506,1.892130,0.836401,1.462093,2.533266,4.256450,0.000299,0.0114294443,0.0115482174,-9.5223662810,0.0008901572,-0.0112373150,8.3841295973,0.0001563594,0.0041126670,1.0000000000,0.0115251996,0.0115705001,-9.5390451141,0.0009065523,-0.0114097207,8.5085477417,0.0001519167,0.0041759508,1.0000000000
297,34130578285062,44.7662,1785360899.858,2,3.5660,0.6837,3.5720,0.5020,3.5690,0.5929,181.87,0.1080,0.0003,-0.1080,0.0032,-0.0032,3.21,0.056008,1.0000,0.0031,0.5051,0.1818,0,frozen,2-tag corner homography,2,1920,1200,0.200000,101;102,1,1,,2-tag corner homography,0.010936,0.479257,101,102,4.739257,4.260000,30,0.050000,0.600000,5.000000,raw-zero-distortion,590.9628888758,0.0000000000,1007.8592059077,0.0000000000,592.3761043005,547.7101609771,0.0000000000,0.0000000000,1.0000000000,-0.0359937509,0.0291287486,0.0062609452,0.0003552766,-0.0208418310,0.0000000000,0.0000000000,0.0000000000,0.0000000000,0.0000000000,1,0.000000,0.000000,73.189,751.328,1,0.796,73.339,751.792,65.625,791.460,8.645,780.582,79.781,716.359,135.221,723.213,-2.832878,0.617172,1.791427,3.408124,-0.000549,0.000591,1,4.260000,0.000000,1773.303,886.369,1,1.175,1772.499,886.559,1844.147,934.655,1760.591,935.394,1705.264,839.995,1784.455,843.363,1.889772,0.835451,1.460538,2.530294,4.255702,0.000586,0.0115336828,0.0115896602,-9.5604809970,0.0009001903,-0.0113581702,8.4733074039,0.0001485703,0.0041763903,1.0000000000,0.0115251996,0.0115705001,-9.5390451141,0.0009065523,-0.0114097207,8.5085477417,0.0001519167,0.0041759508,1.0000000000
298,34130704092389,44.8920,1785360899.979,2,3.5786,0.6852,3.5959,0.5014,3.5873,0.5933,185.36,0.1181,0.0020,-0.1178,0.0090,-0.0090,15.65,0.273083,1.0000,0.0035,0.5051,0.1845,0,frozen,2-tag corner homography,2,1920,1200,0.200000,101;102,1,1,,2-tag corner homography,0.011714,0.496667,101,102,4.756667,4.260000,30,0.050000,0.600000,5.000000,raw-zero-distortion,590.9628888758,0.0000000000,1007.8592059077,0.0000000000,592.3761043005,547.7101609771,0.0000000000,0.0000000000,1.0000000000,-0.0359937509,0.0291287486,0.0062609452,0.0003552766,-0.0208418310,0.0000000000,0.0000000000,0.0000000000,0.0000000000,0.0000000000,1,0.000000,0.000000,73.191,750.934,1,0.915,73.154,751.688,65.413,791.404,8.621,780.210,79.804,716.527,134.714,723.039,-2.842162,0.618756,1.796943,3.419027,-0.001647,0.001677,1,4.260000,0.000000,1773.337,886.466,1,1.210,1772.503,886.631,1843.337,934.407,1760.777,935.368,1705.855,840.249,1784.358,843.558,1.897912,0.839223,1.466820,2.541245,4.255656,0.000371,0.0114137719,0.0114851467,-9.4699408058,0.0008954916,-0.0112865875,8.4188747702,0.0001436730,0.0041291904,1.0000000000,0.0115251996,0.0115705001,-9.5390451141,0.0009065523,-0.0114097207,8.5085477417,0.0001519167,0.0041759508,1.0000000000
299,34130819539898,45.0075,1785360900.096,2,3.5874,0.6830,3.6080,0.5006,3.5977,0.5918,186.43,0.1190,-0.0022,-0.1180,0.0155,-0.0155,17.90,0.312385,1.0000,0.0028,0.5051,0.1835,0,frozen,2-tag corner homography,2,1920,1200,0.200000,101;102,1,1,,2-tag corner homography,0.010880,0.481394,101,102,4.741394,4.260000,30,0.050000,0.600000,5.000000,raw-zero-distortion,590.9628888758,0.0000000000,1007.8592059077,0.0000000000,592.3761043005,547.7101609771,0.0000000000,0.0000000000,1.0000000000,-0.0359937509,0.0291287486,0.0062609452,0.0003552766,-0.0208418310,0.0000000000,0.0000000000,0.0000000000,0.0000000000,0.0000000000,1,0.000000,0.000000,72.986,751.422,1,0.863,73.184,751.880,65.331,791.677,8.770,780.590,79.643,716.412,134.950,723.276,-2.833143,0.617393,1.791299,3.408317,-0.000854,0.000289,1,4.260000,0.000000,1773.630,886.590,1,1.369,1772.627,886.632,1843.810,934.500,1760.344,935.621,1705.409,840.018,1785.320,843.450,1.891717,0.836352,1.461797,2.532771,4.256141,0.000138,0.0113136797,0.0113345461,-9.3517711265,0.0008808367,-0.0111181466,8.2954334323,0.0001553747,0.0040551983,1.0000000000,0.0115251996,0.0115705001,-9.5390451141,0.0009065523,-0.0114097207,8.5085477417,0.0001519167,0.0041759508,1.0000000000
300,34130962527880,45.1505,1785360900.258,2,3.5968,0.6830,3.6149,0.4993,3.6058,0.5911,185.61,0.0837,-0.0067,-0.0827,0.0148,-0.0148,5.17,0.090254,1.0000,0.0035,0.5051,0.1846,0,frozen,2-tag corner homography,2,1920,1200,0.200000,101;102,1,1,,2-tag corner homography,0.011144,0.492363,101,102,4.752363,4.260000,30,0.050000,0.600000,5.000000,raw-zero-distortion,590.9628888758,0.0000000000,1007.8592059077,0.0000000000,592.3761043005,547.7101609771,0.0000000000,0.0000000000,1.0000000000,-0.0359937509,0.0291287486,0.0062609452,0.0003552766,-0.0208418310,0.0000000000,0.0000000000,0.0000000000,0.0000000000,0.0000000000,1,0.000000,0.000000,73.036,751.116,1,0.887,73.101,751.744,65.363,791.412,8.528,780.132,79.625,716.514,134.812,723.328,-2.848176,0.620202,1.800643,3.426233,-0.001568,0.001141,1,4.260000,0.000000,1773.057,886.071,1,1.050,1772.391,886.360,1844.095,934.348,1760.783,935.430,1705.297,840.022,1783.813,842.819,1.887046,0.833876,1.458638,2.526641,4.255536,0.001226,0.0115853881,0.0116652234,-9.6177107565,0.0009044941,-0.0114265405,8.5240818082,0.0001516585,0.0041970475,1.0000000000,0.0115251996,0.0115705001,-9.5390451141,0.0009065523,-0.0114097207,8.5085477417,0.0001519167,0.0041759508,1.0000000000
301,34131112659230,45.3006,1785360900.427,2,3.6074,0.6822,3.6300,0.4978,3.6187,0.5900,186.98,0.0746,-0.0063,-0.0733,0.0153,-0.0153,2.71,0.047216,1.0000,0.0035,0.5051,0.1858,0,frozen,2-tag corner homography,2,1920,1200,0.200000,101;102,1,1,,2-tag corner homography,0.011822,0.496580,101,102,4.756580,4.260000,30,0.050000,0.600000,5.000000,raw-zero-distortion,590.9628888758,0.0000000000,1007.8592059077,0.0000000000,592.3761043005,547.7101609771,0.0000000000,0.0000000000,1.0000000000,-0.0359937509,0.0291287486,0.0062609452,0.0003552766,-0.0208418310,0.0000000000,0.0000000000,0.0000000000,0.0000000000,0.0000000000,1,0.000000,0.000000,73.330,750.991,1,0.735,73.051,751.831,65.421,791.392,8.590,780.372,80.072,716.549,134.103,723.410,-2.848552,0.620513,1.800784,3.426676,-0.001100,0.001549,1,4.260000,0.000000,1773.177,886.331,1,1.214,1772.303,886.375,1843.320,934.362,1760.722,935.211,1705.348,839.883,1784.178,843.163,1.891055,0.835779,1.461903,2.532148,4.255474,0.000651,0.0115731289,0.0116066492,-9.5734366943,0.0009027593,-0.0114108725,8.5134676801,0.0001565627,0.0041791331,1.0000000000,0.0115251996,0.0115705001,-9.5390451141,0.0009065523,-0.0114097207,8.5085477417,0.0001519167,0.0041759508,1.0000000000
302,34131267398004,45.4553,1785360900.536,2,3.6186,0.6818,3.6420,0.4978,3.6303,0.5898,187.27,0.0789,-0.0048,-0.0776,0.0147,-0.0147,4.77,0.083332,1.0000,0.0025,0.5051,0.1855,0,frozen,2-tag corner homography,2,1920,1200,0.200000,101;102,1,1,,2-tag corner homography,0.010683,0.472735,101,102,4.732735,4.260000,30,0.050000,0.600000,5.000000,raw-zero-distortion,590.9628888758,0.0000000000,1007.8592059077,0.0000000000,592.3761043005,547.7101609771,0.0000000000,0.0000000000,1.0000000000,-0.0359937509,0.0291287486,0.0062609452,0.0003552766,-0.0208418310,0.0000000000,0.0000000000,0.0000000000,0.0000000000,0.0000000000,1,0.000000,0.000000,73.205,751.553,1,0.952,73.572,751.880,65.679,791.661,9.037,780.815,79.789,716.461,135.700,723.053,-2.823272,0.615497,1.785800,3.396878,0.000120,-0.000023,1,4.260000,0.000000,1773.734,886.549,1,1.408,1772.723,886.664,1844.177,934.443,1760.453,935.677,1705.347,840.052,1785.353,843.572,1.893229,0.836995,1.462781,2.534680,4.256421,0.000252,0.0114253222,0.0114698262,-9.4661074860,0.0008895258,-0.0112232609,8.3734976518,0.0001541604,0.0041117500,1.0000000000,0.0115251996,0.0115705001,-9.5390451141,0.0009065523,-0.0114097207,8.5085477417,0.0001519167,0.0041759508,1.0000000000
303,34131378184621,45.5661,1785360900.654,2,3.6300,0.6813,3.6509,0.4974,3.6404,0.5893,186.49,0.0805,-0.0032,-0.0796,0.0123,-0.0123,0.65,0.011294,1.0000,0.0037,0.5051,0.1852,0,frozen,2-tag corner homography,2,1920,1200,0.200000,101;102,1,1,,2-tag corner homography,0.011140,0.494184,101,102,4.754184,4.260000,30,0.050000,0.600000,5.000000,raw-zero-distortion,590.9628888758,0.0000000000,1007.8592059077,0.0000000000,592.3761043005,547.7101609771,0.0000000000,0.0000000000,1.0000000000,-0.0359937509,0.0291287486,0.0062609452,0.0003552766,-0.0208418310,0.0000000000,0.0000000000,0.0000000000,0.0000000000,0.0000000000,1,0.000000,0.000000,73.099,751.104,1,0.897,73.176,751.728,65.504,791.437,8.645,780.089,79.621,716.465,134.873,723.323,-2.848175,0.620203,1.800788,3.426309,-0.001428,0.001189,1,4.260000,0.000000,1773.023,886.262,1,0.989,1772.375,886.487,1843.732,934.485,1760.591,935.457,1705.537,840.237,1783.987,842.879,1.888918,0.835032,1.460114,2.529273,4.255223,0.000781,0.0113712193,0.0114052197,-9.4072375425,0.0008889574,-0.0112188084,8.3688581982,0.0001470394,0.0041002284,1.0000000000,0.0115251996,0.0115705001,-9.5390451141,0.0009065523,-0.0114097207,8.5085477417,0.0001519167,0.0041759508,1.0000000000
304,34131494770969,45.6827,1785360900.772,2,3.6420,0.6821,3.6630,0.4984,3.6525,0.5902,186.52,0.0920,0.0001,-0.0914,0.0103,-0.0103,-1.97,-0.034301,1.0000,0.0033,0.5051,0.1849,0,frozen,2-tag corner homography,2,1920,1200,0.200000,101;102,1,1,,2-tag corner homography,0.011479,0.491479,101,102,4.751479,4.260000,30,0.050000,0.600000,5.000000,raw-zero-distortion,590.9628888758,0.0000000000,1007.8592059077,0.0000000000,592.3761043005,547.7101609771,0.0000000000,0.0000000000,1.0000000000,-0.0359937509,0.0291287486,0.0062609452,0.0003552766,-0.0208418310,0.0000000000,0.0000000000,0.0000000000,0.0000000000,0.0000000000,1,0.000000,0.000000,73.652,750.809,1,0.681,73.290,751.669,65.548,791.323,8.521,780.258,80.572,716.211,134.463,723.314,-2.839879,0.618291,1.795760,3.416424,-0.000713,0.002121,1,4.260000,0.000000,1773.461,886.509,1,1.337,1772.476,886.507,1843.535,934.423,1760.607,935.234,1705.356,839.941,1784.800,843.526,1.894968,0.837644,1.464597,2.537241,4.255873,0.000295,0.0115697877,0.0116461889,-9.6037557748,0.0009049232,-0.0114127461,8.5126509090,0.0001541892,0.0041839019,1.0000000000,0.0115251996,0.0115705001,-9.5390451141,0.0009065523,-0.0114097207,8.5085477417,0.0001519167,0.0041759508,1.0000000000
305,34131613031337,45.8010,1785360900.900,2,3.6504,0.6812,3.6686,0.5002,3.6595,0.5907,185.73,0.0882,0.0020,-0.0880,0.0068,-0.0068,-3.32,-0.057947,1.0000,0.0025,0.5051,0.1819,0,frozen,2-tag corner homography,2,1920,1200,0.200000,101;102,1,1,,2-tag corner homography,0.010941,0.483078,101,102,4.743078,4.260000,30,0.050000,0.600000,5.000000,raw-zero-distortion,590.9628888758,0.0000000000,1007.8592059077,0.0000000000,592.3761043005,547.7101609771,0.0000000000,0.0000000000,1.0000000000,-0.0359937509,0.0291287486,0.0062609452,0.0003552766,-0.0208418310,0.0000000000,0.0000000000,0.0000000000,0.0000000000,0.0000000000,1,0.000000,0.000000,72.940,751.574,1,1.014,73.372,751.869,65.275,791.722,9.240,780.527,79.651,716.425,135.290,723.235,-2.832346,0.617311,1.791155,3.407564,-0.000556,-0.000139,1,4.260000,0.000000,1773.745,886.418,1,1.381,1772.773,886.587,1844.117,934.320,1760.569,935.594,1705.570,840.013,1785.244,843.497,1.894288,0.837217,1.463503,2.535962,4.256606,0.000554,0.0113487017,0.0113469490,-9.3657018369,0.0008839607,-0.0111597183,8.3261629121,0.0001550218,0.0040720492,1.0000000000,0.0115251996,0.0115705001,-9.5390451141,0.0009065523,-0.0114097207,8.5085477417,0.0001519167,0.0041759508,1.0000000000
306,34131746685715,45.9346,1785360901.030,2,3.6588,0.6818,3.6748,0.5004,3.6668,0.5911,185.04,0.0655,0.0032,-0.0655,0.0025,-0.0025,-5.11,-0.089242,1.0000,0.0034,0.5051,0.1821,0,frozen,2-tag corner homography,2,1920,1200,0.200000,101;102,1,1,,2-tag corner homography,0.011136,0.485656,101,102,4.745656,4.260000,30,0.050000,0.600000,5.000000,raw-zero-distortion,590.9628888758,0.0000000000,1007.8592059077,0.0000000000,592.3761043005,547.7101609771,0.0000000000,0.0000000000,1.0000000000,-0.0359937509,0.0291287486,0.0062609452,0.0003552766,-0.0208418310,0.0000000000,0.0000000000,0.0000000000,0.0000000000,0.0000000000,1,0.000000,0.000000,72.924,751.338,1,0.979,73.220,751.770,65.059,791.494,8.680,780.299,79.744,716.510,135.284,723.227,-2.838200,0.618187,1.794565,3.414381,-0.001260,0.000505,1,4.260000,0.000000,1773.227,886.444,1,1.187,1772.390,886.554,1843.755,934.465,1760.693,935.515,1705.246,840.158,1784.271,843.209,1.890741,0.835987,1.461494,2.531746,4.255442,0.000400,0.0116152023,0.0117495045,-9.6850275151,0.0009078443,-0.0114545459,8.5451110881,0.0001509500,0.0042141050,1.0000000000,0.0115251996,0.0115705001,-9.5390451141,0.0009065523,-0.0114097207,8.5085477417,0.0001519167,0.0041759508,1.0000000000
307,34131888569226,46.0765,1785360901.172,2,3.6629,0.6865,3.6738,0.5044,3.6683,0.5955,183.42,0.0407,0.0139,-0.0415,-0.0114,0.0114,-7.52,-0.131313,1.0000,0.0036,0.5051,0.1824,0,frozen,2-tag corner homography,2,1920,1200,0.200000,101;102,1,1,,2-tag corner homography,0.011657,0.497050,101,102,4.757050,4.260000,30,0.050000,0.600000,5.000000,raw-zero-distortion,590.9628888758,0.0000000000,1007.8592059077,0.0000000000,592.3761043005,547.7101609771,0.0000000000,0.0000000000,1.0000000000,-0.0359937509,0.0291287486,0.0062609452,0.0003552766,-0.0208418310,0.0000000000,0.0000000000,0.0000000000,0.0000000000,0.0000000000,1,0.000000,0.000000,73.221,750.894,1,0.819,73.054,751.701,65.393,791.369,8.658,780.212,79.881,716.455,134.266,723.174,-2.846086,0.619585,1.799232,3.423642,-0.001673,0.001793,1,4.260000,0.000000,1773.275,886.479,1,1.226,1772.394,886.542,1843.365,934.440,1760.588,935.331,1705.497,840.099,1784.470,843.375,1.894142,0.837455,1.464116,2.536285,4.255504,0.000330,0.0114556121,0.0114894616,-9.4752506538,0.0008959365,-0.0113002921,8.4293585176,0.0001538791,0.0041278638,1.0000000000,0.0115251996,0.0115705001,-9.5390451141,0.0009065523,-0.0114097207,8.5085477417,0.0001519167,0.0041759508,1.0000000000
308,34132019178135,46.2071,1785360901.277,2,3.6588,0.6897,3.6724,0.5105,3.6656,0.6001,184.35,0.0090,0.0273,-0.0111,-0.0265,0.0265,-4.08,-0.071288,1.0000,0.0028,0.5051,0.1797,0,frozen,2-tag corner homography,2,1920,1200,0.200000,101;102,1,1,,2-tag corner homography,0.010881,0.478803,101,102,4.738803,4.260000,30,0.050000,0.600000,5.000000,raw-zero-distortion,590.9628888758,0.0000000000,1007.8592059077,0.0000000000,592.3761043005,547.7101609771,0.0000000000,0.0000000000,1.0000000000,-0.0359937509,0.0291287486,0.0062609452,0.0003552766,-0.0208418310,0.0000000000,0.0000000000,0.0000000000,0.0000000000,0.0000000000,1,0.000000,0.000000,72.809,751.526,1,0.952,73.119,751.924,65.264,791.712,8.848,780.701,79.379,716.539,134.951,723.180,-2.832252,0.617289,1.790611,3.407196,-0.001054,-0.000035,1,4.260000,0.000000,1773.609,886.500,1,1.220,1772.740,886.612,1844.270,934.569,1760.564,935.619,1705.444,840.130,1785.099,843.232,1.889986,0.835413,1.460244,2.530272,4.256206,0.000341,0.0113896890,0.0113874342,-9.3968882598,0.0008852738,-0.0111803714,8.3424374257,0.0001586549,0.0040851259,1.0000000000,0.0115251996,0.0115705001,-9.5390451141,0.0009065523,-0.0114097207,8.5085477417,0.0001519167,0.0041759508,1.0000000000
309,34132116764567,46.3047,1785360901.384,2,3.6651,0.6906,3.6734,0.5106,3.6692,0.6006,182.66,0.0052,0.0248,-0.0063,-0.0245,0.0245,-3.29,-0.057443,1.0000,0.0033,0.5051,0.1801,0,frozen,2-tag corner homography,2,1920,1200,0.200000,101;102,1,1,,2-tag corner homography,0.011421,0.490652,101,102,4.750652,4.260000,30,0.050000,0.600000,5.000000,raw-zero-distortion,590.9628888758,0.0000000000,1007.8592059077,0.0000000000,592.3761043005,547.7101609771,0.0000000000,0.0000000000,1.0000000000,-0.0359937509,0.0291287486,0.0062609452,0.0003552766,-0.0208418310,0.0000000000,0.0000000000,0.0000000000,0.0000000000,0.0000000000,1,0.000000,0.000000,73.120,751.214,1,0.776,73.163,751.776,65.389,791.437,8.768,780.410,79.817,716.374,134.650,723.298,-2.840789,0.618731,1.796093,3.417435,-0.001061,0.000891,1,4.260000,0.000000,1773.206,886.299,1,1.049,1772.519,886.545,1843.808,934.458,1760.670,935.396,1705.729,840.271,1784.224,843.146,1.893156,0.836890,1.463114,2.534783,4.255577,0.000730,0.0114711494,0.0116112499,-9.5700300477,0.0008969189,-0.0113165991,8.4421271725,0.0001508250,0.0041451168,1.0000000000,0.0115251996,0.0115705001,-9.5390451141,0.0009065523,-0.0114097207,8.5085477417,0.0001519167,0.0041759508,1.0000000000
310,34132224624999,46.4125,1785360901.591,2,3.6586,0.6949,3.6693,0.5119,3.6639,0.6034,183.36,-0.0038,0.0232,0.0025,-0.0234,0.0234,-2.15,-0.037444,1.0000,0.0035,0.5051,0.1833,0,frozen,2-tag corner homography,2,1920,1200,0.200000,101;102,1,1,,2-tag corner homography,0.011622,0.506950,101,102,4.766950,4.260000,30,0.050000,0.600000,5.000000,raw-zero-distortion,590.9628888758,0.0000000000,1007.8592059077,0.0000000000,592.3761043005,547.7101609771,0.0000000000,0.0000000000,1.0000000000,-0.0359937509,0.0291287486,0.0062609452,0.0003552766,-0.0208418310,0.0000000000,0.0000000000,0.0000000000,0.0000000000,0.0000000000,1,0.000000,0.000000,73.312,750.877,1,0.845,73.058,751.789,65.695,791.369,8.662,780.142,79.747,716.667,134.123,723.350,-2.856633,0.622151,1.805907,3.436382,-0.001468,0.001859,1,4.260000,0.000000,1773.279,886.363,1,1.259,1772.382,886.453,1843.476,934.398,1760.598,935.237,1705.397,839.912,1784.432,843.375,1.893147,0.836809,1.463370,2.534897,4.255656,0.000597,0.0114922833,0.0115046197,-9.4902781625,0.0008988735,-0.0113516209,8.4687068924,0.0001546262,0.0041432707,1.0000000000,0.0115251996,0.0115705001,-9.5390451141,0.0009065523,-0.0114097207,8.5085477417,0.0001519167,0.0041759508,1.0000000000
311,34132449855487,46.6378,1785360901.737,2,3.6647,0.6951,3.6737,0.5141,3.6692,0.6046,182.87,0.0026,0.0124,-0.0033,-0.0123,0.0123,-0.10,-0.001723,1.0000,0.0032,0.5051,0.1812,0,frozen,2-tag corner homography,2,1920,1200,0.200000,101;102,1,1,,2-tag corner homography,0.010987,0.488805,101,102,4.748805,4.260000,30,0.050000,0.600000,5.000000,raw-zero-distortion,590.9628888758,0.0000000000,1007.8592059077,0.0000000000,592.3761043005,547.7101609771,0.0000000000,0.0000000000,1.0000000000,-0.0359937509,0.0291287486,0.0062609452,0.0003552766,-0.0208418310,0.0000000000,0.0000000000,0.0000000000,0.0000000000,0.0000000000,1,0.000000,0.000000,73.040,751.397,1,0.877,73.297,751.797,65.309,791.502,8.793,780.271,79.789,716.385,135.218,723.452,-2.841937,0.619134,1.797076,3.418978,-0.000774,0.000370,1,4.260000,0.000000,1773.245,886.265,1,1.213,1772.420,886.468,1843.918,934.392,1760.645,935.453,1705.266,839.973,1784.274,843.204,1.890011,0.835420,1.460874,2.530657,4.255704,0.000816,0.0115168412,0.0115919147,-9.5604653457,0.0008996722,-0.0113598304,8.4747043978,0.0001487773,0.0041685200,1.0000000000,0.0115251996,0.0115705001,-9.5390451141,0.0009065523,-0.0114097207,8.5085477417,0.0001519167,0.0041759508,1.0000000000
312,34132583217575,46.7711,1785360901.849,2,3.6654,0.6979,3.6711,0.5180,3.6682,0.6079,181.80,,,,,,,,1.0000,0.0034,0.5051,0.1800,0,frozen,2-tag corner homography,2,1920,1200,0.200000,101;102,1,1,,2-tag corner homography,0.010922,0.485726,101,102,4.745726,4.260000,30,0.050000,0.600000,5.000000,raw-zero-distortion,590.9628888758,0.0000000000,1007.8592059077,0.0000000000,592.3761043005,547.7101609771,0.0000000000,0.0000000000,1.0000000000,-0.0359937509,0.0291287486,0.0062609452,0.0003552766,-0.0208418310,0.0000000000,0.0000000000,0.0000000000,0.0000000000,0.0000000000,1,0.000000,0.000000,73.237,751.249,1,0.887,73.407,751.762,65.654,791.457,8.694,780.366,79.801,716.450,135.379,723.216,-2.837621,0.618161,1.794559,3.413891,-0.000636,0.000819,1,4.260000,0.000000,1773.081,886.235,1,1.002,1772.435,886.497,1843.962,934.355,1760.621,935.483,1705.495,840.353,1784.045,842.900,1.891415,0.836094,1.461930,2.532537,4.255382,0.000853,0.0114253425,0.0115652954,-9.5345932570,0.0008932741,-0.0112727277,8.4091666038,0.0001462996,0.0041311438,1.0000000000,0.0115251996,0.0115705001,-9.5390451141,0.0009065523,-0.0114097207,8.5085477417,0.0001519167,0.0041759508,1.0000000000
313,34132691673676,46.8796,1785360901.975,2,3.6706,0.7012,3.6737,0.5184,3.6722,0.6098,180.97,0.0106,0.0208,-0.0109,-0.0206,0.0206,-7.04,-0.122850,1.0000,0.0035,0.5051,0.1829,0,frozen,2-tag corner homography,2,1920,1200,0.200000,101;102,1,1,,2-tag corner homography,0.011522,0.493578,101,102,4.753578,4.260000,30,0.050000,0.600000,5.000000,raw-zero-distortion,590.9628888758,0.0000000000,1007.8592059077,0.0000000000,592.3761043005,547.7101609771,0.0000000000,0.0000000000,1.0000000000,-0.0359937509,0.0291287486,0.0062609452,0.0003552766,-0.0208418310,0.0000000000,0.0000000000,0.0000000000,0.0000000000,0.0000000000,1,0.000000,0.000000,73.738,750.745,1,0.700,73.325,751.663,65.859,791.274,8.436,780.333,80.441,716.263,134.505,723.212,-2.839399,0.618191,1.795524,3.415882,-0.000652,0.002315,1,4.260000,0.000000,1773.343,886.519,1,1.166,1772.517,886.621,1843.443,934.425,1760.652,935.345,1705.755,840.331,1784.543,843.428,1.897638,0.839063,1.466583,2.540851,4.255601,0.000249,0.0114039419,0.0114687755,-9.4585508690,0.0008938670,-0.0112639250,8.4015262900,0.0001472355,0.0041167081,1.0000000000,0.0115251996,0.0115705001,-9.5390451141,0.0009065523,-0.0114097207,8.5085477417,0.0001519167,0.0041759508,1.0000000000
314,34132822767396,47.0107,1785360902.111,2,3.6686,0.7027,3.6735,0.5203,3.6710,0.6115,181.53,0.0108,0.0167,-0.0113,-0.0164,0.0164,-2.72,-0.047426,1.0000,0.0025,0.5051,0.1824,0,frozen,2-tag corner homography,2,1920,1200,0.200000,101;102,1,1,,2-tag corner homography,0.010726,0.462429,101,102,4.722429,4.260000,30,0.050000,0.600000,5.000000,raw-zero-distortion,590.9628888758,0.0000000000,1007.8592059077,0.0000000000,592.3761043005,547.7101609771,0.0000000000,0.0000000000,1.0000000000,-0.0359937509,0.0291287486,0.0062609452,0.0003552766,-0.0208418310,0.0000000000,0.0000000000,0.0000000000,0.0000000000,0.0000000000,1,0.000000,0.000000,73.013,751.343,1,1.287,73.603,751.667,65.366,791.741,8.854,780.442,79.627,716.405,136.396,722.596,-2.814465,0.612957,1.780287,3.386200,-0.000998,0.000512,1,4.260000,0.000000,1773.865,886.538,1,1.529,1772.736,886.536,1843.854,934.279,1760.809,935.640,1705.372,839.816,1785.309,843.502,1.891922,0.836086,1.461745,2.532806,4.256722,0.000302,0.0113902101,0.0114730260,-9.4638053600,0.0008881237,-0.0111999504,8.3537414057,0.0001408967,0.0041233814,1.0000000000,0.0115251996,0.0115705001,-9.5390451141,0.0009065523,-0.0114097207,8.5085477417,0.0001519167,0.0041759508,1.0000000000
315,34132967485301,47.1554,1785360902.251,2,3.6683,0.7037,3.6754,0.5213,3.6718,0.6125,182.24,0.0019,0.0115,-0.0024,-0.0114,0.0114,2.74,0.047786,1.0000,0.0035,0.5051,0.1825,0,frozen,2-tag corner homography,2,1920,1200,0.200000,101;102,1,1,,2-tag corner homography,0.011273,0.485175,101,102,4.745175,4.260000,30,0.050000,0.600000,5.000000,raw-zero-distortion,590.9628888758,0.0000000000,1007.8592059077,0.0000000000,592.3761043005,547.7101609771,0.0000000000,0.0000000000,1.0000000000,-0.0359937509,0.0291287486,0.0062609452,0.0003552766,-0.0208418310,0.0000000000,0.0000000000,0.0000000000,0.0000000000,0.0000000000,1,0.000000,0.000000,73.476,750.968,1,0.759,73.319,751.717,65.591,791.491,8.732,780.211,80.230,716.263,134.687,723.320,-2.840494,0.618591,1.796206,3.417224,-0.000758,0.001646,1,4.260000,0.000000,1773.219,886.509,1,1.105,1772.438,886.598,1843.892,934.725,1760.776,935.508,1705.271,840.153,1784.223,843.171,1.887754,0.834723,1.459095,2.527713,4.255343,0.000250,0.0114920024,0.0115184481,-9.5028382566,0.0008973751,-0.0113127436,8.4385217476,0.0001520093,0.0041482234,1.0000000000,0.0115251996,0.0115705001,-9.5390451141,0.0009065523,-0.0114097207,8.5085477417,0.0001519167,0.0041759508,1.0000000000
316,34133099468053,47.2874,1785360902.371,2,3.6693,0.7036,3.6738,0.5225,3.6716,0.6130,181.42,0.0020,0.0072,-0.0022,-0.0072,0.0072,0.58,0.010098,1.0000,0.0041,0.5051,0.1812,0,frozen,2-tag corner homography,2,1920,1200,0.200000,101;102,1,1,,2-tag corner homography,0.011953,0.494660,101,102,4.754660,4.260000,30,0.050000,0.600000,5.000000,raw-zero-distortion,590.9628888758,0.0000000000,1007.8592059077,0.0000000000,592.3761043005,547.7101609771,0.0000000000,0.0000000000,1.0000000000,-0.0359937509,0.0291287486,0.0062609452,0.0003552766,-0.0208418310,0.0000000000,0.0000000000,0.0000000000,0.0000000000,0.0000000000,1,0.000000,0.000000,73.693,750.669,1,0.702,73.205,751.636,65.554,791.288,8.489,780.151,80.603,716.183,134.145,723.335,-2.843697,0.618966,1.798012,3.420903,-0.000992,0.002517,1,4.260000,0.000000,1772.800,886.097,1,0.953,1772.250,886.479,1843.443,934.303,1760.750,935.326,1705.784,840.366,1783.342,843.024,1.894210,0.837490,1.464445,2.536537,4.254939,0.001121,0.0114762274,0.0115309908,-9.5090335379,0.0008990139,-0.0113365067,8.4554564452,0.0001469153,0.0041519065,1.0000000000,0.0115251996,0.0115705001,-9.5390451141,0.0009065523,-0.0114097207,8.5085477417,0.0001519167,0.0041759508,1.0000000000
317,34133226925889,47.4149,1785360902.538,2,3.6687,0.7053,3.6762,0.5270,3.6725,0.6161,182.40,0.0023,0.0119,-0.0028,-0.0118,0.0118,0.58,0.010105,1.0000,0.0024,0.5051,0.1784,0,frozen,2-tag corner homography,2,1920,1200,0.200000,101;102,1,1,,2-tag corner homography,0.010990,0.486147,101,102,4.746147,4.260000,30,0.050000,0.600000,5.000000,raw-zero-distortion,590.9628888758,0.0000000000,1007.8592059077,0.0000000000,592.3761043005,547.7101609771,0.0000000000,0.0000000000,1.0000000000,-0.0359937509,0.0291287486,0.0062609452,0.0003552766,-0.0208418310,0.0000000000,0.0000000000,0.0000000000,0.0000000000,0.0000000000,1,0.000000,0.000000,72.926,751.537,1,0.871,73.159,751.961,65.316,791.703,9.011,780.716,79.559,716.531,134.748,723.314,-2.835470,0.618129,1.792723,3.411133,-0.000698,-0.000041,1,4.260000,0.000000,1773.764,886.396,1,1.395,1772.778,886.562,1844.235,934.285,1760.515,935.582,1705.471,839.987,1785.327,843.473,1.894172,0.837097,1.463403,2.535777,4.256676,0.000608,0.0114016139,0.0113939001,-9.4035324802,0.0008865241,-0.0112026569,8.3594417688,0.0001619392,0.0040841152,1.0000000000,0.0115251996,0.0115705001,-9.5390451141,0.0009065523,-0.0114097207,8.5085477417,0.0001519167,0.0041759508,1.0000000000
318,34133385883197,47.5738,1785360902.689,2,3.6686,0.7075,3.6776,0.5245,3.6731,0.6160,182.81,0.0047,0.0103,-0.0052,-0.0101,0.0101,3.82,0.066755,1.0000,0.0040,0.5051,0.1833,0,frozen,2-tag corner homography,2,1920,1200,0.200000,101;102,1,1,,2-tag corner homography,0.011398,0.483137,101,102,4.743137,4.260000,30,0.050000,0.600000,5.000000,raw-zero-distortion,590.9628888758,0.0000000000,1007.8592059077,0.0000000000,592.3761043005,547.7101609771,0.0000000000,0.0000000000,1.0000000000,-0.0359937509,0.0291287486,0.0062609452,0.0003552766,-0.0208418310,0.0000000000,0.0000000000,0.0000000000,0.0000000000,0.0000000000,1,0.000000,0.000000,72.981,751.381,1,0.846,73.170,751.836,65.367,791.422,8.710,780.545,79.606,716.540,134.933,723.268,-2.839945,0.618735,1.795573,3.416460,-0.000983,0.000402,1,4.260000,0.000000,1772.597,886.061,1,0.843,1772.151,886.482,1844.128,934.622,1760.672,935.409,1705.209,840.312,1783.050,842.805,1.886296,0.834106,1.458514,2.526086,4.254540,0.001165,0.0116728287,0.0118995457,-9.8023265833,0.0009118470,-0.0115103525,8.5872760910,0.0001510702,0.0042444402,1.0000000000,0.0115251996,0.0115705001,-9.5390451141,0.0009065523,-0.0114097207,8.5085477417,0.0001519167,0.0041759508,1.0000000000
319,34133544349063,47.7323,1785360902.843,2,3.6695,0.7105,3.6789,0.5283,3.6742,0.6194,182.94,0.0053,0.0103,-0.0058,-0.0101,0.0101,2.18,0.038038,1.0000,0.0035,0.5051,0.1825,0,frozen,2-tag corner homography,2,1920,1200,0.200000,101;102,1,1,,2-tag corner homography,0.011674,0.506438,101,102,4.766438,4.260000,30,0.050000,0.600000,5.000000,raw-zero-distortion,590.9628888758,0.0000000000,1007.8592059077,0.0000000000,592.3761043005,547.7101609771,0.0000000000,0.0000000000,1.0000000000,-0.0359937509,0.0291287486,0.0062609452,0.0003552766,-0.0208418310,0.0000000000,0.0000000000,0.0000000000,0.0000000000,0.0000000000,1,0.000000,0.000000,73.137,750.952,1,0.822,72.914,751.814,65.352,791.380,8.407,780.192,79.738,716.670,134.122,723.404,-2.854610,0.621690,1.804350,3.433799,-0.001746,0.001615,1,4.260000,0.000000,1773.379,886.488,1,1.328,1772.430,886.571,1843.351,934.378,1760.690,935.423,1705.508,840.034,1784.518,843.531,1.894788,0.837773,1.464546,2.537120,4.255721,0.000328,0.0115263499,0.0115934711,-9.5582295212,0.0009026856,-0.0113939113,8.5006655054,0.0001533340,0.0041646475,1.0000000000,0.0115251996,0.0115705001,-9.5390451141,0.0009065523,-0.0114097207,8.5085477417,0.0001519167,0.0041759508,1.0000000000
320,34133690389758,47.8783,1785360902.964,2,3.6719,0.7138,3.6826,0.5365,3.6772,0.6252,183.45,0.0113,0.0250,-0.0128,-0.0243,0.0243,2.11,0.036883,1.0000,0.0031,0.5051,0.1776,0,frozen,2-tag corner homography,2,1920,1200,0.200000,101;102,1,1,,2-tag corner homography,0.011790,0.490433,101,102,4.750433,4.260000,30,0.050000,0.600000,5.000000,raw-zero-distortion,590.9628888758,0.0000000000,1007.8592059077,0.0000000000,592.3761043005,547.7101609771,0.0000000000,0.0000000000,1.0000000000,-0.0359937509,0.0291287486,0.0062609452,0.0003552766,-0.0208418310,0.0000000000,0.0000000000,0.0000000000,0.0000000000,0.0000000000,1,0.000000,0.000000,72.992,751.398,1,1.027,73.290,751.879,65.595,791.462,8.764,780.364,79.377,716.820,135.325,723.288,-2.847383,0.620564,1.800506,3.425567,-0.000901,0.000356,1,4.260000,0.000000,1773.246,886.151,1,1.072,1772.540,886.390,1844.111,934.419,1760.698,935.507,1705.466,839.985,1784.271,842.791,1.885870,0.833266,1.457444,2.524873,4.255849,0.001076,0.0116873842,0.0124057373,-10.1856951409,0.0009145208,-0.0115504450,8.6170714477,0.0001535124,0.0042650120,1.0000000000,0.0115251996,0.0115705001,-9.5390451141,0.0009065523,-0.0114097207,8.5085477417,0.0001519167,0.0041759508,1.0000000000
321,34133805753795,47.9937,1785360903.092,2,3.6752,0.7252,3.6862,0.5413,3.6807,0.6333,183.41,0.0202,0.0431,-0.0227,-0.0419,0.0419,1.93,0.033728,1.0000,0.0034,0.5051,0.1842,0,frozen,2-tag corner homography,2,1920,1200,0.200000,101;102,1,1,,2-tag corner homography,0.011228,0.506456,101,102,4.766456,4.260000,30,0.050000,0.600000,5.000000,raw-zero-distortion,590.9628888758,0.0000000000,1007.8592059077,0.0000000000,592.3761043005,547.7101609771,0.0000000000,0.0000000000,1.0000000000,-0.0359937509,0.0291287486,0.0062609452,0.0003552766,-0.0208418310,0.0000000000,0.0000000000,0.0000000000,0.0000000000,0.0000000000,1,0.000000,0.000000,73.172,751.132,1,0.847,73.168,751.803,65.562,791.420,8.640,780.146,79.699,716.576,134.716,723.461,-2.852538,0.621375,1.803531,3.431589,-0.001146,0.001128,1,4.260000,0.000000,1773.225,886.401,1,1.110,1772.457,886.556,1843.628,934.421,1760.567,935.239,1705.618,840.289,1784.383,843.349,1.896998,0.838684,1.466203,2.540028,4.255490,0.000499,0.0114157386,0.0114744963,-9.4633671657,0.0008954595,-0.0113012241,8.4311555039,0.0001463049,0.0041241273,1.0000000000,0.0115251996,0.0115705001,-9.5390451141,0.0009065523,-0.0114097207,8.5085477417,0.0001519167,0.0041759508,1.0000000000
322,34133934925719,48.1228,1785360903.219,2,3.6796,0.7287,3.6918,0.5464,3.6857,0.6375,183.84,0.0303,0.0482,-0.0335,-0.0460,0.0460,1.72,0.030070,1.0000,0.0034,0.5051,0.1827,0,frozen,2-tag corner homography,2,1920,1200,0.200000,101;102,1,1,,2-tag corner homography,0.011482,0.486199,101,102,4.746199,4.260000,30,0.050000,0.600000,5.000000,raw-zero-distortion,590.9628888758,0.0000000000,1007.8592059077,0.0000000000,592.3761043005,547.7101609771,0.0000000000,0.0000000000,1.0000000000,-0.0359937509,0.0291287486,0.0062609452,0.0003552766,-0.0208418310,0.0000000000,0.0000000000,0.0000000000,0.0000000000,0.0000000000,1,0.000000,0.000000,73.065,751.144,1,0.818,73.150,751.692,65.297,791.403,8.667,780.312,79.787,716.300,134.796,723.183,-2.838370,0.617942,1.794539,3.414465,-0.001411,0.001072,1,4.260000,0.000000,1773.194,886.316,1,1.037,1772.494,886.507,1843.807,934.419,1760.590,935.464,1705.611,840.277,1784.316,842.948,1.891115,0.835921,1.461585,2.532057,4.255529,0.000688,0.0116372469,0.0114191015,-9.4365747356,0.0009058061,-0.0114353365,8.5303714517,0.0001535620,0.0042078433,1.0000000000,0.0115251996,0.0115705001,-9.5390451141,0.0009065523,-0.0114097207,8.5085477417,0.0001519167,0.0041759508,1.0000000000
323,34134070795373,48.2587,1785360903.346,2,3.6869,0.7303,3.6962,0.5476,3.6915,0.6389,182.93,0.0380,0.0287,-0.0394,-0.0268,0.0268,-0.84,-0.014677,1.0000,0.0023,0.5051,0.1830,0,frozen,2-tag corner homography,2,1920,1200,0.200000,101;102,1,1,,2-tag corner homography,0.010881,0.483156,101,102,4.743156,4.260000,30,0.050000,0.600000,5.000000,raw-zero-distortion,590.9628888758,0.0000000000,1007.8592059077,0.0000000000,592.3761043005,547.7101609771,0.0000000000,0.0000000000,1.0000000000,-0.0359937509,0.0291287486,0.0062609452,0.0003552766,-0.0208418310,0.0000000000,0.0000000000,0.0000000000,0.0000000000,0.0000000000,1,0.000000,0.000000,73.083,751.453,1,0.816,73.261,751.896,65.376,791.609,8.807,780.624,79.803,716.439,135.004,723.349,-2.834565,0.617803,1.792345,3.410124,-0.000499,0.000226,1,4.260000,0.000000,1773.792,886.334,1,1.438,1772.800,886.564,1844.340,934.235,1760.664,935.760,1705.449,839.931,1785.186,843.437,1.892012,0.836126,1.461694,2.532857,4.256816,0.000756,0.0114819545,0.0115163346,-9.5018531063,0.0008935261,-0.0112858105,8.4206879100,0.0001593875,0.0041296894,1.0000000000,0.0115251996,0.0115705001,-9.5390451141,0.0009065523,-0.0114097207,8.5085477417,0.0001519167,0.0041759508,1.0000000000
324,34134190828331,48.3787,1785360903.465,2,3.6939,0.7394,3.7062,0.5521,3.7001,0.6458,183.74,0.0501,0.0307,-0.0520,-0.0274,0.0274,-0.64,-0.011217,1.0000,0.0036,0.5051,0.1877,0,frozen,2-tag corner homography,2,1920,1200,0.200000,101;102,1,1,,2-tag corner homography,0.011615,0.502862,101,102,4.762862,4.260000,30,0.050000,0.600000,5.000000,raw-zero-distortion,590.9628888758,0.0000000000,1007.8592059077,0.0000000000,592.3761043005,547.7101609771,0.0000000000,0.0000000000,1.0000000000,-0.0359937509,0.0291287486,0.0062609452,0.0003552766,-0.0208418310,0.0000000000,0.0000000000,0.0000000000,0.0000000000,0.0000000000,1,0.000000,0.000000,73.165,750.918,1,0.825,72.972,751.755,65.398,791.341,8.556,780.153,79.761,716.592,134.152,723.323,-2.853481,0.621305,1.803750,3.432476,-0.001760,0.001714,1,4.260000,0.000000,1773.223,886.388,1,1.124,1772.431,886.488,1843.581,934.420,1760.740,935.346,1705.505,840.159,1784.253,843.128,1.892273,0.836457,1.462601,2.533685,4.255502,0.000528,0.0115179527,0.0115687468,-9.5390308761,0.0009006735,-0.0113698739,8.4820092907,0.0001559376,0.0041549136,1.0000000000,0.0115251996,0.0115705001,-9.5390451141,0.0009065523,-0.0114097207,8.5085477417,0.0001519167,0.0041759508,1.0000000000
325,34134306093102,48.4940,1785360903.564,2,3.6993,0.7436,3.7119,0.5524,3.7056,0.6480,183.77,0.0565,0.0359,-0.0587,-0.0322,0.0322,2.15,0.037467,1.0000,0.0034,0.5051,0.1916,0,frozen,2-tag corner homography,2,1920,1200,0.200000,101;102,1,1,,2-tag corner homography,0.011681,0.500707,101,102,4.760707,4.260000,30,0.050000,0.600000,5.000000,raw-zero-distortion,590.9628888758,0.0000000000,1007.8592059077,0.0000000000,592.3761043005,547.7101609771,0.0000000000,0.0000000000,1.0000000000,-0.0359937509,0.0291287486,0.0062609452,0.0003552766,-0.0208418310,0.0000000000,0.0000000000,0.0000000000,0.0000000000,0.0000000000,1,0.000000,0.000000,72.974,751.172,1,0.735,72.879,751.843,65.148,791.337,8.554,780.485,79.713,716.588,134.082,723.365,-2.847987,0.620312,1.800096,3.425809,-0.001584,0.000975,1,4.260000,0.000000,1773.358,886.513,1,1.224,1772.484,886.599,1843.554,934.429,1760.669,935.380,1705.539,840.221,1784.540,843.445,1.895930,0.838290,1.465325,2.538593,4.255641,0.000266,0.0115650833,0.0116034874,-9.5686268397,0.0009039420,-0.0114105445,8.5134534605,0.0001592128,0.0041707801,1.0000000000,0.0115251996,0.0115705001,-9.5390451141,0.0009065523,-0.0114097207,8.5085477417,0.0001519167,0.0041759508,1.0000000000
326,34134404226739,48.5921,1785360903.697,2,3.7066,0.7425,3.7179,0.5586,3.7122,0.6506,183.53,0.0590,0.0345,-0.0610,-0.0308,0.0308,1.88,0.032836,1.0000,0.0029,0.5051,0.1843,0,frozen,2-tag corner homography,2,1920,1200,0.200000,101;102,1,1,,2-tag corner homography,0.011691,0.516319,101,102,4.776319,4.260000,30,0.050000,0.600000,5.000000,raw-zero-distortion,590.9628888758,0.0000000000,1007.8592059077,0.0000000000,592.3761043005,547.7101609771,0.0000000000,0.0000000000,1.0000000000,-0.0359937509,0.0291287486,0.0062609452,0.0003552766,-0.0208418310,0.0000000000,0.0000000000,0.0000000000,0.0000000000,0.0000000000,1,0.000000,0.000000,73.124,750.985,1,0.699,72.413,752.059,65.534,791.624,8.773,780.480,79.582,716.406,132.000,724.000,-2.865527,0.624484,1.810281,3.446497,-0.001689,0.001521,1,4.260000,0.000000,1773.686,886.306,1,1.486,1772.647,886.516,1844.013,934.155,1760.357,935.643,1705.383,839.835,1785.249,843.504,1.893422,0.836797,1.463076,2.534929,4.256618,0.000801,0.0111732426,0.0109132591,-9.0181533921,0.0008667464,-0.0109662744,8.1847558799,0.0001777210,0.0039342571,1.0000000000,0.0115251996,0.0115705001,-9.5390451141,0.0009065523,-0.0114097207,8.5085477417,0.0001519167,0.0041759508,1.0000000000
327,34134565673323,48.7536,1785360903.901,2,3.7071,0.7434,3.7194,0.5591,3.7132,0.6512,183.83,0.0341,0.0167,-0.0352,-0.0144,0.0144,0.73,0.012812,1.0000,0.0026,0.5051,0.1847,0,frozen,2-tag corner homography,2,1920,1200,0.200000,101;102,1,1,,2-tag corner homography,0.010477,0.479330,101,102,4.739330,4.260000,30,0.050000,0.600000,5.000000,raw-zero-distortion,590.9628888758,0.0000000000,1007.8592059077,0.0000000000,592.3761043005,547.7101609771,0.0000000000,0.0000000000,1.0000000000,-0.0359937509,0.0291287486,0.0062609452,0.0003552766,-0.0208418310,0.0000000000,0.0000000000,0.0000000000,0.0000000000,0.0000000000,1,0.000000,0.000000,72.903,751.358,1,1.084,73.278,751.787,65.363,791.642,8.626,780.444,79.421,716.531,135.584,722.994,-2.830130,0.616517,1.789574,3.404748,-0.001263,0.000447,1,4.260000,0.000000,1773.715,886.380,1,1.402,1772.728,886.571,1844.303,934.367,1760.224,935.587,1705.363,839.913,1785.472,843.497,1.892771,0.836555,1.462417,2.533983,4.256589,0.000636,0.0114483884,0.0115282444,-9.5071522383,0.0008923944,-0.0112622384,8.4018552554,0.0001537541,0.0041264276,1.0000000000,0.0115251996,0.0115705001,-9.5390451141,0.0009065523,-0.0114097207,8.5085477417,0.0001519167,0.0041759508,1.0000000000
328,34134773325750,48.9612,1785360904.089,2,3.7126,0.7492,3.7264,0.5634,3.7195,0.6563,184.25,,,,,,,,1.0000,0.0041,0.5051,0.1864,0,frozen,2-tag corner homography,2,1920,1200,0.200000,101;102,1,1,,2-tag corner homography,0.011420,0.500900,101,102,4.760900,4.260000,30,0.050000,0.600000,5.000000,raw-zero-distortion,590.9628888758,0.0000000000,1007.8592059077,0.0000000000,592.3761043005,547.7101609771,0.0000000000,0.0000000000,1.0000000000,-0.0359937509,0.0291287486,0.0062609452,0.0003552766,-0.0208418310,0.0000000000,0.0000000000,0.0000000000,0.0000000000,0.0000000000,1,0.000000,0.000000,73.350,750.973,1,0.760,73.153,751.766,65.805,791.368,8.477,780.185,79.796,716.457,134.493,723.440,-2.851218,0.620963,1.802667,3.429963,-0.001096,0.001604,1,4.260000,0.000000,1772.712,886.201,1,1.043,1772.053,886.491,1843.434,934.420,1760.550,935.280,1705.256,840.209,1783.366,843.207,1.892676,0.837057,1.463637,2.534782,4.254617,0.000864,0.0114386622,0.0114471379,-9.4439145992,0.0008968538,-0.0113176432,8.4429480305,0.0001412764,0.0041425732,1.0000000000,0.0115251996,0.0115705001,-9.5390451141,0.0009065523,-0.0114097207,8.5085477417,0.0001519167,0.0041759508,1.0000000000
329,34134958933786,49.1469,1785360904.279,2,3.7178,0.7563,3.7340,0.5700,3.7259,0.6632,184.94,,,,,,,,1.0000,0.0026,0.5051,0.1870,0,frozen,2-tag corner homography,2,1920,1200,0.200000,101;102,1,1,,2-tag corner homography,0.010828,0.475569,101,102,4.735569,4.260000,30,0.050000,0.600000,5.000000,raw-zero-distortion,590.9628888758,0.0000000000,1007.8592059077,0.0000000000,592.3761043005,547.7101609771,0.0000000000,0.0000000000,1.0000000000,-0.0359937509,0.0291287486,0.0062609452,0.0003552766,-0.0208418310,0.0000000000,0.0000000000,0.0000000000,0.0000000000,0.0000000000,1,0.000000,0.000000,72.947,751.558,1,0.989,73.357,751.861,65.325,791.648,8.866,780.666,79.620,716.462,135.527,723.132,-2.827503,0.616221,1.788063,3.401716,-0.000582,-0.000093,1,4.260000,0.000000,1773.629,886.372,1,1.376,1772.647,886.494,1843.845,934.243,1760.439,935.600,1705.490,839.917,1785.178,843.272,1.891696,0.835980,1.461742,2.532601,4.256411,0.000639,0.0113621530,0.0114232148,-9.4237438623,0.0008839362,-0.0111671370,8.3317278821,0.0001525336,0.0040856609,1.0000000000,0.0115251996,0.0115705001,-9.5390451141,0.0009065523,-0.0114097207,8.5085477417,0.0001519167,0.0041759508,1.0000000000
330,34135162337615,49.3503,1785360904.464,2,3.7166,0.7613,3.7368,0.5736,3.7267,0.6674,186.16,,,,,,,,1.0000,0.0033,0.5051,0.1888,0,frozen,2-tag corner homography,2,1920,1200,0.200000,101;102,1,1,,2-tag corner homography,0.011019,0.490329,101,102,4.750329,4.260000,30,0.050000,0.600000,5.000000,raw-zero-distortion,590.9628888758,0.0000000000,1007.8592059077,0.0000000000,592.3761043005,547.7101609771,0.0000000000,0.0000000000,1.0000000000,-0.0359937509,0.0291287486,0.0062609452,0.0003552766,-0.0208418310,0.0000000000,0.0000000000,0.0000000000,0.0000000000,0.0000000000,1,0.000000,0.000000,73.127,751.158,1,0.970,73.298,751.739,65.575,791.457,8.586,780.103,79.613,716.543,135.307,723.273,-2.845588,0.619752,1.799386,3.423340,-0.001198,0.001045,1,4.260000,0.000000,1773.301,886.368,1,1.262,1772.417,886.500,1843.739,934.535,1760.698,935.497,1705.274,839.851,1784.355,843.274,1.887667,0.834465,1.459067,2.527548,4.255698,0.000588,0.0115083470,0.0116042494,-9.5683687295,0.0009003263,-0.0113611408,8.4750054467,0.0001440744,0.0041746690,1.0000000000,0.0115251996,0.0115705001,-9.5390451141,0.0009065523,-0.0114097207,8.5085477417,0.0001519167,0.0041759508,1.0000000000
331,34135314653862,49.5026,1785360904.648,2,3.7206,0.7625,3.7413,0.5764,3.7310,0.6694,186.33,,,,,,,,1.0000,0.0034,0.5051,0.1872,0,frozen,2-tag corner homography,2,1920,1200,0.200000,101;102,1,1,,2-tag corner homography,0.011125,0.491963,101,102,4.751963,4.260000,30,0.050000,0.600000,5.000000,raw-zero-distortion,590.9628888758,0.0000000000,1007.8592059077,0.0000000000,592.3761043005,547.7101609771,0.0000000000,0.0000000000,1.0000000000,-0.0359937509,0.0291287486,0.0062609452,0.0003552766,-0.0208418310,0.0000000000,0.0000000000,0.0000000000,0.0000000000,0.0000000000,1,0.000000,0.000000,72.925,751.375,1,0.977,73.155,751.893,65.504,791.510,8.624,780.489,79.324,716.767,135.085,723.230,-2.843371,0.619643,1.797710,3.420596,-0.001155,0.000405,1,4.260000,0.000000,1773.040,886.158,1,0.936,1772.484,886.515,1843.899,934.365,1760.528,935.503,1705.813,840.422,1784.025,842.838,1.891775,0.836244,1.462114,2.532962,4.255390,0.001023,0.0114072827,0.0114948960,-9.4789913057,0.0008907444,-0.0112540764,8.3971200613,0.0001487704,0.0041160200,1.0000000000,0.0115251996,0.0115705001,-9.5390451141,0.0009065523,-0.0114097207,8.5085477417,0.0001519167,0.0041759508,1.0000000000
332,34135493626930,49.6815,1785360904.758,2,3.7241,0.7679,3.7463,0.5789,3.7352,0.6734,186.69,0.0256,0.0180,-0.0275,-0.0149,0.0149,1.62,0.028301,1.0000,0.0035,0.5051,0.1903,0,frozen,2-tag corner homography,2,1920,1200,0.200000,101;102,1,1,,2-tag corner homography,0.011107,0.480394,101,102,4.740394,4.260000,30,0.050000,0.600000,5.000000,raw-zero-distortion,590.9628888758,0.0000000000,1007.8592059077,0.0000000000,592.3761043005,547.7101609771,0.0000000000,0.0000000000,1.0000000000,-0.0359937509,0.0291287486,0.0062609452,0.0003552766,-0.0208418310,0.0000000000,0.0000000000,0.0000000000,0.0000000000,0.0000000000,1,0.000000,0.000000,73.345,751.098,1,0.767,73.270,751.776,65.581,791.532,8.670,780.393,80.021,716.327,134.765,723.277,-2.837240,0.618027,1.794055,3.413287,-0.000760,0.001258,1,4.260000,0.000000,1773.027,886.095,1,1.041,1772.355,886.362,1844.110,934.404,1760.594,935.411,1705.208,840.003,1783.941,842.802,1.886321,0.833599,1.458145,2.525723,4.255439,0.001167,0.0115054550,0.0115311171,-9.5134417769,0.0008953228,-0.0113113593,8.4383396321,0.0001543324,0.0041502223,1.0000000000,0.0115251996,0.0115705001,-9.5390451141,0.0009065523,-0.0114097207,8.5085477417,0.0001519167,0.0041759508,1.0000000000
333,34135599795169,49.7877,1785360904.882,2,3.7227,0.7698,3.7507,0.5777,3.7367,0.6738,188.31,0.0223,0.0167,-0.0245,-0.0133,0.0133,4.65,0.081094,1.0000,0.0037,0.5051,0.1941,0,frozen,2-tag corner homography,2,1920,1200,0.200000,101;102,1,1,,2-tag corner homography,0.011535,0.501036,101,102,4.761036,4.260000,30,0.050000,0.600000,5.000000,raw-zero-distortion,590.9628888758,0.0000000000,1007.8592059077,0.0000000000,592.3761043005,547.7101609771,0.0000000000,0.0000000000,1.0000000000,-0.0359937509,0.0291287486,0.0062609452,0.0003552766,-0.0208418310,0.0000000000,0.0000000000,0.0000000000,0.0000000000,0.0000000000,1,0.000000,0.000000,72.936,751.156,1,0.828,73.010,751.724,65.089,791.261,8.615,780.180,79.715,716.512,134.560,723.349,-2.850317,0.620545,1.801821,3.428694,-0.001733,0.001010,1,4.260000,0.000000,1773.094,886.472,1,1.113,1772.302,886.548,1843.355,934.437,1760.608,935.357,1705.437,840.285,1784.148,843.193,1.893766,0.837405,1.464002,2.535922,4.255115,0.000312,0.0115639777,0.0117552508,-9.6826764290,0.0009064486,-0.0114326449,8.5282882809,0.0001534862,0.0041866897,1.0000000000,0.0115251996,0.0115705001,-9.5390451141,0.0009065523,-0.0114097207,8.5085477417,0.0001519167,0.0041759508,1.0000000000
334,34135727506133,49.9154,1785360904.989,2,3.7271,0.7689,3.7546,0.5775,3.7408,0.6732,188.17,0.0239,0.0045,-0.0242,-0.0010,0.0010,5.66,0.098699,1.0000,0.0032,0.5051,0.1933,0,frozen,2-tag corner homography,2,1920,1200,0.200000,101;102,1,1,,2-tag corner homography,0.011124,0.489807,101,102,4.749807,4.260000,30,0.050000,0.600000,5.000000,raw-zero-distortion,590.9628888758,0.0000000000,1007.8592059077,0.0000000000,592.3761043005,547.7101609771,0.0000000000,0.0000000000,1.0000000000,-0.0359937509,0.0291287486,0.0062609452,0.0003552766,-0.0208418310,0.0000000000,0.0000000000,0.0000000000,0.0000000000,0.0000000000,1,0.000000,0.000000,72.921,751.307,1,0.997,73.207,751.771,65.308,791.372,8.606,780.325,79.504,716.660,135.290,723.166,-2.842619,0.619143,1.797334,3.419683,-0.001355,0.000591,1,4.260000,0.000000,1773.383,886.464,1,1.267,1772.481,886.558,1843.773,934.490,1760.718,935.532,1705.314,840.021,1784.519,843.321,1.890312,0.835708,1.460989,2.531043,4.255759,0.000384,0.0116258020,0.0117704858,-9.7013838010,0.0009092125,-0.0114725194,8.5585593816,0.0001509900,0.0042198530,1.0000000000,0.0115251996,0.0115705001,-9.5390451141,0.0009065523,-0.0114097207,8.5085477417,0.0001519167,0.0041759508,1.0000000000
335,34135829941085,50.0179,1785360905.114,2,3.7254,0.7726,3.7582,0.5729,3.7418,0.6727,189.33,0.0222,0.0004,-0.0220,0.0032,-0.0032,6.32,0.110315,1.0000,0.0040,0.5051,0.2023,0,frozen,2-tag corner homography,2,1920,1200,0.200000,101;102,1,1,,2-tag corner homography,0.011231,0.478250,101,102,4.738250,4.260000,30,0.050000,0.600000,5.000000,raw-zero-distortion,590.9628888758,0.0000000000,1007.8592059077,0.0000000000,592.3761043005,547.7101609771,0.0000000000,0.0000000000,1.0000000000,-0.0359937509,0.0291287486,0.0062609452,0.0003552766,-0.0208418310,0.0000000000,0.0000000000,0.0000000000,0.0000000000,0.0000000000,1,0.000000,0.000000,73.149,751.274,1,0.854,73.310,751.769,65.443,791.533,8.691,780.388,79.836,716.343,135.189,723.252,-2.835179,0.617585,1.792827,3.410848,-0.000812,0.000731,1,4.260000,0.000000,1772.528,885.874,1,0.890,1772.115,886.423,1844.055,934.421,1760.649,935.489,1705.323,840.260,1782.858,842.727,1.886311,0.834005,1.458595,2.526110,4.254623,0.001583,0.0115239362,0.0115846473,-9.5554418601,0.0008994303,-0.0113553138,8.4709533426,0.0001431444,0.0041818835,1.0000000000,0.0115251996,0.0115705001,-9.5390451141,0.0009065523,-0.0114097207,8.5085477417,0.0001519167,0.0041759508,1.0000000000
336,34135958937609,50.1469,1785360905.228,2,3.7280,0.7769,3.7608,0.5723,3.7444,0.6746,189.13,0.0176,0.0045,-0.0181,-0.0017,0.0017,4.60,0.080256,1.0000,0.0035,0.5051,0.2072,0,frozen,2-tag corner homography,2,1920,1200,0.200000,101;102,1,1,,2-tag corner homography,0.019441,0.505765,101,102,4.765765,4.260000,30,0.050000,0.600000,5.000000,raw-zero-distortion,590.9628888758,0.0000000000,1007.8592059077,0.0000000000,592.3761043005,547.7101609771,0.0000000000,0.0000000000,1.0000000000,-0.0359937509,0.0291287486,0.0062609452,0.0003552766,-0.0208418310,0.0000000000,0.0000000000,0.0000000000,0.0000000000,0.0000000000,1,0.000000,0.000000,73.059,751.172,1,0.822,73.057,751.820,65.387,791.330,8.635,780.294,79.653,716.654,134.505,723.396,-2.852170,0.621271,1.803083,3.431029,-0.001347,0.000992,1,4.260000,0.000000,1773.171,886.471,1,1.159,1772.372,886.634,1843.549,934.551,1760.635,935.270,1705.507,840.245,1784.190,843.580,1.896688,0.838833,1.466125,2.539801,4.255285,0.000328,0.0158957993,0.0143618101,-11.9606698953,0.0012084241,-0.0153056869,11.4214840790,0.0002165711,0.0061020381,1.0000000000,0.0115251996,0.0115705001,-9.5390451141,0.0009065523,-0.0114097207,8.5085477417,0.0001519167,0.0041759508,1.0000000000
337,34136068950391,50.2569,1785360905.330,2,3.7305,0.7702,3.7654,0.5691,3.7479,0.6697,189.83,0.0197,-0.0032,-0.0188,0.0065,-0.0065,4.22,0.073738,1.0000,0.0033,0.5051,0.2041,0,frozen,2-tag corner homography,2,1920,1200,0.200000,101;102,1,1,,2-tag corner homography,0.011811,0.494613,101,102,4.754613,4.260000,30,0.050000,0.600000,5.000000,raw-zero-distortion,590.9628888758,0.0000000000,1007.8592059077,0.0000000000,592.3761043005,547.7101609771,0.0000000000,0.0000000000,1.0000000000,-0.0359937509,0.0291287486,0.0062609452,0.0003552766,-0.0208418310,0.0000000000,0.0000000000,0.0000000000,0.0000000000,0.0000000000,1,0.000000,0.000000,72.966,751.343,1,0.829,73.073,751.881,65.377,791.414,8.743,780.395,79.538,716.645,134.597,723.464,-2.850482,0.621101,1.802047,3.429051,-0.001128,0.000501,1,4.260000,0.000000,1773.190,886.188,1,1.095,1772.472,886.430,1843.981,934.396,1760.879,935.548,1705.430,840.043,1783.988,842.892,1.886917,0.833902,1.458383,2.526406,4.255681,0.000983,0.0115571261,0.0120345889,-9.8947143405,0.0009035038,-0.0114109046,8.5133793643,0.0001566922,0.0041871591,1.0000000000,0.0115251996,0.0115705001,-9.5390451141,0.0009065523,-0.0114097207,8.5085477417,0.0001519167,0.0041759508,1.0000000000
338,34136170220837,50.3581,1785360905.445,2,,,,,,,,,,,,,,,,0.0025,0.5051,,0,frozen,2-tag corner homography,2,1920,1200,0.200000,101;102,1,1,,2-tag corner homography,0.010526,0.481557,101,102,4.741557,4.260000,30,0.050000,0.600000,5.000000,raw-zero-distortion,590.9628888758,0.0000000000,1007.8592059077,0.0000000000,592.3761043005,547.7101609771,0.0000000000,0.0000000000,1.0000000000,-0.0359937509,0.0291287486,0.0062609452,0.0003552766,-0.0208418310,0.0000000000,0.0000000000,0.0000000000,0.0000000000,0.0000000000,1,0.000000,0.000000,73.167,751.386,1,0.786,73.349,751.803,65.508,791.665,8.769,780.520,79.868,716.146,135.199,723.323,-2.829057,0.616380,1.789031,3.403545,-0.000449,0.000426,1,4.260000,0.000000,1773.715,886.396,1,1.430,1772.710,886.589,1844.165,934.120,1760.442,935.691,1705.398,840.117,1785.269,843.483,1.896222,0.838145,1.465118,2.538645,4.256569,0.000600,0.0112575194,0.0112490330,-9.2842736152,0.0008778110,-0.0110763761,8.2632562964,0.0001507328,0.0040362794,1.0000000000,0.0115251996,0.0115705001,-9.5390451141,0.0009065523,-0.0114097207,8.5085477417,0.0001519167,0.0041759508,1.0000000000
339,34136305922620,50.4938,1785360905.594,2,3.7359,0.7852,3.7476,0.6136,3.7418,0.6994,183.92,-0.0073,0.0713,0.0024,-0.0716,0.0716,-14.36,-0.250585,1.0000,0.0032,0.5051,0.1720,0,frozen,2-tag corner homography,2,1920,1200,0.200000,101;102,1,1,,2-tag corner homography,0.011146,0.492904,101,102,4.752904,4.260000,30,0.050000,0.600000,5.000000,raw-zero-distortion,590.9628888758,0.0000000000,1007.8592059077,0.0000000000,592.3761043005,547.7101609771,0.0000000000,0.0000000000,1.0000000000,-0.0359937509,0.0291287486,0.0062609452,0.0003552766,-0.0208418310,0.0000000000,0.0000000000,0.0000000000,0.0000000000,0.0000000000,1,0.000000,0.000000,73.273,751.151,1,0.791,73.263,751.785,65.685,791.493,8.767,780.322,79.812,716.383,134.758,723.346,-2.842976,0.619300,1.797668,3.420184,-0.000812,0.001097,1,4.260000,0.000000,1773.386,886.458,1,1.243,1772.508,886.571,1843.752,934.409,1760.725,935.494,1705.425,840.145,1784.519,843.341,1.893141,0.836961,1.463124,2.534801,4.255773,0.000399,0.0113599568,0.0113688101,-9.3807343966,0.0008881125,-0.0112048239,8.3588929547,0.0001483758,0.0040910044,1.0000000000,0.0115251996,0.0115705001,-9.5390451141,0.0009065523,-0.0114097207,8.5085477417,0.0001519167,0.0041759508,1.0000000000
340,34136434516445,50.6224,1785360905.734,2,3.7376,0.7924,3.7570,0.6125,3.7473,0.7025,186.17,,,,,,,,1.0000,0.0034,0.5051,0.1809,0,frozen,2-tag corner homography,2,1920,1200,0.200000,101;102,1,1,,2-tag corner homography,0.011304,0.503342,101,102,4.763342,4.260000,30,0.050000,0.600000,5.000000,raw-zero-distortion,590.9628888758,0.0000000000,1007.8592059077,0.0000000000,592.3761043005,547.7101609771,0.0000000000,0.0000000000,1.0000000000,-0.0359937509,0.0291287486,0.0062609452,0.0003552766,-0.0208418310,0.0000000000,0.0000000000,0.0000000000,0.0000000000,0.0000000000,1,0.000000,0.000000,73.290,750.847,1,0.805,73.122,751.642,65.317,791.307,8.644,779.993,80.084,716.372,134.401,723.296,-2.849725,0.620241,1.801663,3.428064,-0.001611,0.001936,1,4.260000,0.000000,1773.574,886.687,1,1.473,1772.457,886.577,1843.475,934.302,1760.581,935.401,1705.120,840.057,1785.061,843.619,1.896755,0.838629,1.466016,2.539721,4.255898,-0.000093,0.0115658321,0.0116825444,-9.6284274253,0.0009065259,-0.0114248307,8.5214102779,0.0001588638,0.0041745658,1.0000000000,0.0115251996,0.0115705001,-9.5390451141,0.0009065523,-0.0114097207,8.5085477417,0.0001519167,0.0041759508,1.0000000000
341,34136612494340,50.8004,1785360905.911,2,3.7425,0.7910,3.7626,0.6125,3.7526,0.7018,186.43,0.0325,0.0106,-0.0335,-0.0069,0.0069,6.53,0.114030,1.0000,0.0034,0.5051,0.1796,0,frozen,2-tag corner homography,2,1920,1200,0.200000,101;102,1,1,,2-tag corner homography,0.011192,0.485540,101,102,4.745540,4.260000,30,0.050000,0.600000,5.000000,raw-zero-distortion,590.9628888758,0.0000000000,1007.8592059077,0.0000000000,592.3761043005,547.7101609771,0.0000000000,0.0000000000,1.0000000000,-0.0359937509,0.0291287486,0.0062609452,0.0003552766,-0.0208418310,0.0000000000,0.0000000000,0.0000000000,0.0000000000,0.0000000000,1,0.000000,0.000000,73.038,751.301,1,0.798,73.158,751.795,65.249,791.476,8.793,780.378,79.810,716.367,134.741,723.374,-2.841154,0.618863,1.796313,3.417878,-0.001047,0.000633,1,4.260000,0.000000,1773.081,886.266,1,0.955,1772.470,886.528,1844.142,934.650,1760.500,935.465,1705.466,840.230,1784.169,842.905,1.887460,0.834385,1.458807,2.527216,4.255344,0.000782,0.0114741913,0.0113588030,-9.3805330242,0.0008928534,-0.0112733040,8.4104703693,0.0001571902,0.0041246401,1.0000000000,0.0115251996,0.0115705001,-9.5390451141,0.0009065523,-0.0114097207,8.5085477417,0.0001519167,0.0041759508,1.0000000000
342,34136761217191,50.9491,1785360906.028,2,3.7497,0.7956,3.7730,0.6127,3.7613,0.7041,187.27,0.0400,0.0063,-0.0405,-0.0012,0.0012,4.10,0.071534,1.0000,0.0042,0.5051,0.1843,0,frozen,2-tag corner homography,2,1920,1200,0.200000,101;102,1,1,,2-tag corner homography,0.011349,0.480270,101,102,4.740270,4.260000,30,0.050000,0.600000,5.000000,raw-zero-distortion,590.9628888758,0.0000000000,1007.8592059077,0.0000000000,592.3761043005,547.7101609771,0.0000000000,0.0000000000,1.0000000000,-0.0359937509,0.0291287486,0.0062609452,0.0003552766,-0.0208418310,0.0000000000,0.0000000000,0.0000000000,0.0000000000,0.0000000000,1,0.000000,0.000000,73.247,751.111,1,0.738,73.202,751.732,65.298,791.402,8.543,780.350,80.113,716.309,134.779,723.306,-2.838279,0.618077,1.794580,3.414434,-0.000995,0.001201,1,4.260000,0.000000,1772.520,886.083,1,0.843,1772.058,886.471,1844.007,934.625,1760.574,935.436,1705.085,840.293,1783.010,842.747,1.885093,0.833647,1.457763,2.524603,4.254345,0.001101,0.0116946118,0.0117761707,-9.7103123560,0.0009124669,-0.0115133698,8.5885130668,0.0001523912,0.0042471714,1.0000000000,0.0115251996,0.0115705001,-9.5390451141,0.0009065523,-0.0114097207,8.5085477417,0.0001519167,0.0041759508,1.0000000000
343,34136871604718,51.0595,1785360906.189,2,3.7537,0.8010,3.7798,0.6125,3.7668,0.7067,187.87,0.0497,0.0144,-0.0512,-0.0075,0.0075,5.05,0.088166,1.0000,0.0039,0.5051,0.1903,0,frozen,2-tag corner homography,2,1920,1200,0.200000,101;102,1,1,,2-tag corner homography,0.011422,0.506059,101,102,4.766059,4.260000,30,0.050000,0.600000,5.000000,raw-zero-distortion,590.9628888758,0.0000000000,1007.8592059077,0.0000000000,592.3761043005,547.7101609771,0.0000000000,0.0000000000,1.0000000000,-0.0359937509,0.0291287486,0.0062609452,0.0003552766,-0.0208418310,0.0000000000,0.0000000000,0.0000000000,0.0000000000,0.0000000000,1,0.000000,0.000000,73.528,750.502,1,0.980,73.298,751.492,65.553,791.376,8.704,779.493,80.194,716.338,134.682,723.153,-2.853508,0.620726,1.804395,3.432732,-0.001914,0.002940,1,4.260000,0.000000,1773.400,886.522,1,1.344,1772.425,886.566,1843.436,934.438,1760.641,935.309,1705.389,839.991,1784.618,843.625,1.895487,0.838075,1.465096,2.538060,4.255723,0.000254,0.0114642071,0.0115232044,-9.5014409112,0.0009013664,-0.0113476182,8.4619568822,0.0001459045,0.0041489091,1.0000000000,0.0115251996,0.0115705001,-9.5390451141,0.0009065523,-0.0114097207,8.5085477417,0.0001519167,0.0041759508,1.0000000000
344,34137068204551,51.2561,1785360906.353,2,3.7582,0.8034,3.7849,0.6138,3.7715,0.7086,188.02,0.0350,0.0141,-0.0366,-0.0091,0.0091,2.71,0.047303,1.0000,0.0033,0.5051,0.1915,0,frozen,2-tag corner homography,2,1920,1200,0.200000,101;102,1,1,,2-tag corner homography,0.010969,0.485900,101,102,4.745900,4.260000,30,0.050000,0.600000,5.000000,raw-zero-distortion,590.9628888758,0.0000000000,1007.8592059077,0.0000000000,592.3761043005,547.7101609771,0.0000000000,0.0000000000,1.0000000000,-0.0359937509,0.0291287486,0.0062609452,0.0003552766,-0.0208418310,0.0000000000,0.0000000000,0.0000000000,0.0000000000,0.0000000000,1,0.000000,0.000000,73.045,751.385,1,0.823,73.245,751.810,65.380,791.454,8.635,780.427,79.737,716.406,135.141,723.385,-2.839408,0.618587,1.795376,3.415884,-0.000793,0.000405,1,4.260000,0.000000,1773.134,886.191,1,1.101,1772.402,886.415,1843.883,934.223,1760.695,935.533,1705.354,840.174,1784.061,842.847,1.889718,0.835180,1.460682,2.530247,4.255555,0.000966,0.0114660731,0.0115403138,-9.5175108102,0.0008943940,-0.0112998353,8.4302211861,0.0001498318,0.0041418835,1.0000000000,0.0115251996,0.0115705001,-9.5390451141,0.0009065523,-0.0114097207,8.5085477417,0.0001519167,0.0041759508,1.0000000000
345,34137194196237,51.3821,1785360906.447,2,3.7626,0.8066,3.7885,0.6137,3.7755,0.7101,187.66,0.0294,0.0115,-0.0306,-0.0075,0.0075,0.47,0.008174,1.0000,0.0022,0.5051,0.1947,0,frozen,2-tag corner homography,2,1920,1200,0.200000,101;102,1,1,,2-tag corner homography,0.010852,0.482681,101,102,4.742681,4.260000,30,0.050000,0.600000,5.000000,raw-zero-distortion,590.9628888758,0.0000000000,1007.8592059077,0.0000000000,592.3761043005,547.7101609771,0.0000000000,0.0000000000,1.0000000000,-0.0359937509,0.0291287486,0.0062609452,0.0003552766,-0.0208418310,0.0000000000,0.0000000000,0.0000000000,0.0000000000,0.0000000000,1,0.000000,0.000000,72.895,751.537,1,0.983,73.206,751.957,65.233,791.753,8.695,780.829,79.545,716.636,135.263,723.081,-2.826098,0.616103,1.786886,3.399908,-0.000784,-0.000048,1,4.260000,0.000000,1773.848,886.170,1,1.667,1772.683,886.415,1844.027,933.576,1760.509,935.640,1705.318,839.878,1785.326,843.604,1.900603,0.839682,1.468556,2.544408,4.257143,0.001142,0.0114814485,0.0115465228,-9.5246230188,0.0008934637,-0.0113026945,8.4341477648,0.0001566303,0.0041359733,1.0000000000,0.0115251996,0.0115705001,-9.5390451141,0.0009065523,-0.0114097207,8.5085477417,0.0001519167,0.0041759508,1.0000000000
346,34137294542339,51.4825,1785360906.551,2,3.7661,0.8078,3.7935,0.6166,3.7798,0.7122,188.14,0.0337,0.0140,-0.0353,-0.0091,0.0091,0.41,0.007165,1.0000,0.0037,0.5051,0.1932,0,frozen,2-tag corner homography,2,1920,1200,0.200000,101;102,1,1,,2-tag corner homography,0.010990,0.490800,101,102,4.750800,4.260000,30,0.050000,0.600000,5.000000,raw-zero-distortion,590.9628888758,0.0000000000,1007.8592059077,0.0000000000,592.3761043005,547.7101609771,0.0000000000,0.0000000000,1.0000000000,-0.0359937509,0.0291287486,0.0062609452,0.0003552766,-0.0208418310,0.0000000000,0.0000000000,0.0000000000,0.0000000000,0.0000000000,1,0.000000,0.000000,73.237,751.057,1,0.864,73.246,751.730,65.661,791.458,8.629,780.104,79.731,716.429,134.902,723.334,-2.846991,0.619998,1.800174,3.424965,-0.001172,0.001348,1,4.260000,0.000000,1773.052,886.376,1,1.079,1772.291,886.471,1843.797,934.560,1760.636,935.450,1705.102,840.096,1784.042,842.938,1.886671,0.834090,1.458536,2.526373,4.255143,0.000524,0.0114480343,0.0114877605,-9.4757040354,0.0008943391,-0.0112861040,8.4189586594,0.0001486771,0.0041340459,1.0000000000,0.0115251996,0.0115705001,-9.5390451141,0.0009065523,-0.0114097207,8.5085477417,0.0001519167,0.0041759508,1.0000000000
347,34137398121932,51.5860,1785360906.652,2,3.7662,0.8101,3.7962,0.6162,3.7812,0.7131,188.82,0.0318,0.0142,-0.0336,-0.0091,0.0091,1.71,0.029909,1.0000,0.0038,0.5051,0.1962,0,frozen,2-tag corner homography,2,1920,1200,0.200000,101;102,1,1,,2-tag corner homography,0.011456,0.509001,101,102,4.769001,4.260000,30,0.050000,0.600000,5.000000,raw-zero-distortion,590.9628888758,0.0000000000,1007.8592059077,0.0000000000,592.3761043005,547.7101609771,0.0000000000,0.0000000000,1.0000000000,-0.0359937509,0.0291287486,0.0062609452,0.0003552766,-0.0208418310,0.0000000000,0.0000000000,0.0000000000,0.0000000000,0.0000000000,1,0.000000,0.000000,73.235,750.676,1,0.978,73.107,751.570,65.402,791.365,8.793,779.612,79.822,716.460,134.390,723.216,-2.857954,0.621805,1.806838,3.437907,-0.002244,0.002397,1,4.260000,0.000000,1773.407,886.574,1,1.285,1772.471,886.604,1843.589,934.589,1760.629,935.333,1705.382,840.036,1784.676,843.572,1.893800,0.837375,1.463705,2.535765,4.255673,0.000135,0.0114759798,0.0114944780,-9.4794418305,0.0009008267,-0.0113455814,8.4615212569,0.0001522249,0.0041409390,1.0000000000,0.0115251996,0.0115705001,-9.5390451141,0.0009065523,-0.0114097207,8.5085477417,0.0001519167,0.0041759508,1.0000000000
348,34137500048834,51.6880,1785360906.763,2,3.7675,0.8108,3.7974,0.6170,3.7825,0.7139,188.77,0.0255,0.0129,-0.0272,-0.0088,0.0088,3.08,0.053757,1.0000,0.0035,0.5051,0.1961,0,frozen,2-tag corner homography,2,1920,1200,0.200000,101;102,1,1,,2-tag corner homography,0.011256,0.484372,101,102,4.744372,4.260000,30,0.050000,0.600000,5.000000,raw-zero-distortion,590.9628888758,0.0000000000,1007.8592059077,0.0000000000,592.3761043005,547.7101609771,0.0000000000,0.0000000000,1.0000000000,-0.0359937509,0.0291287486,0.0062609452,0.0003552766,-0.0208418310,0.0000000000,0.0000000000,0.0000000000,0.0000000000,0.0000000000,1,0.000000,0.000000,73.123,751.170,1,0.793,73.152,751.760,65.342,791.439,8.635,780.349,79.845,716.384,134.732,723.294,-2.840779,0.618674,1.796065,3.417401,-0.001176,0.001012,1,4.260000,0.000000,1773.093,886.338,1,1.081,1772.358,886.513,1843.849,934.641,1760.575,935.468,1705.285,840.047,1784.122,843.055,1.886655,0.834115,1.458397,2.526289,4.255282,0.000620,0.0115345974,0.0115944983,-9.5617104980,0.0008994980,-0.0113513662,8.4680607524,0.0001540289,0.0041663435,1.0000000000,0.0115251996,0.0115705001,-9.5390451141,0.0009065523,-0.0114097207,8.5085477417,0.0001519167,0.0041759508,1.0000000000
349,34137608430244,51.7964,1785360906.859,2,3.7694,0.8107,3.7985,0.6185,3.7840,0.7146,188.59,0.0176,0.0095,-0.0188,-0.0068,0.0068,1.89,0.032995,1.0000,0.0028,0.5051,0.1943,0,frozen,2-tag corner homography,2,1920,1200,0.200000,101;102,1,1,,2-tag corner homography,0.011171,0.488446,101,102,4.748446,4.260000,30,0.050000,0.600000,5.000000,raw-zero-distortion,590.9628888758,0.0000000000,1007.8592059077,0.0000000000,592.3761043005,547.7101609771,0.0000000000,0.0000000000,1.0000000000,-0.0359937509,0.0291287486,0.0062609452,0.0003552766,-0.0208418310,0.0000000000,0.0000000000,0.0000000000,0.0000000000,0.0000000000,1,0.000000,0.000000,72.964,751.312,1,0.940,73.140,751.860,65.431,791.646,8.849,780.566,79.455,716.556,134.801,723.098,-2.835547,0.617828,1.792734,3.411148,-0.001221,0.000587,1,4.260000,0.000000,1773.635,886.431,1,1.392,1772.647,886.580,1843.912,934.144,1760.405,935.627,1705.466,840.149,1785.197,843.437,1.896472,0.838305,1.465433,2.539066,4.256351,0.000505,0.0116242551,0.0114316702,-9.4468340525,0.0009038356,-0.0114179326,8.5192421924,0.0001594278,0.0041906361,1.0000000000,0.0115251996,0.0115705001,-9.5390451141,0.0009065523,-0.0114097207,8.5085477417,0.0001519167,0.0041759508,1.0000000000
350,34137705486842,51.8934,1785360906.960,2,3.7695,0.8114,3.8001,0.6178,3.7848,0.7146,188.99,0.0142,0.0068,-0.0151,-0.0045,0.0045,0.93,0.016286,1.0000,0.0044,0.5051,0.1960,0,frozen,2-tag corner homography,2,1920,1200,0.200000,101;102,1,1,,2-tag corner homography,0.012237,0.514685,101,102,4.774685,4.260000,30,0.050000,0.600000,5.000000,raw-zero-distortion,590.9628888758,0.0000000000,1007.8592059077,0.0000000000,592.3761043005,547.7101609771,0.0000000000,0.0000000000,1.0000000000,-0.0359937509,0.0291287486,0.0062609452,0.0003552766,-0.0208418310,0.0000000000,0.0000000000,0.0000000000,0.0000000000,0.0000000000,1,0.000000,0.000000,73.425,750.727,1,0.775,72.531,751.924,65.412,791.416,8.709,780.256,80.203,716.309,132.000,724.000,-2.867398,0.624556,1.811692,3.448807,-0.001573,0.002297,1,4.260000,0.000000,1772.611,886.165,1,1.005,1771.997,886.492,1843.812,934.386,1760.624,935.462,1704.912,840.314,1783.107,843.003,1.889737,0.835819,1.461470,2.530927,4.254443,0.000930,0.0115343986,0.0113531514,-9.3751503627,0.0008982982,-0.0113495919,8.4690359127,0.0001741011,0.0041178148,1.0000000000,0.0115251996,0.0115705001,-9.5390451141,0.0009065523,-0.0114097207,8.5085477417,0.0001519167,0.0041759508,1.0000000000
351,34137807758105,51.9957,1785360907.062,2,3.7705,0.8114,3.8008,0.6170,3.7857,0.7142,188.85,0.0117,0.0031,-0.0121,-0.0013,0.0013,0.73,0.012666,1.0000,0.0038,0.5051,0.1967,0,frozen,2-tag corner homography,2,1920,1200,0.200000,101;102,1,1,,2-tag corner homography,0.011633,0.517279,101,102,4.777279,4.260000,30,0.050000,0.600000,5.000000,raw-zero-distortion,590.9628888758,0.0000000000,1007.8592059077,0.0000000000,592.3761043005,547.7101609771,0.0000000000,0.0000000000,1.0000000000,-0.0359937509,0.0291287486,0.0062609452,0.0003552766,-0.0208418310,0.0000000000,0.0000000000,0.0000000000,0.0000000000,0.0000000000,1,0.000000,0.000000,73.314,750.684,1,0.850,72.961,751.683,65.578,791.300,8.582,779.827,79.819,716.534,133.871,723.421,-2.862797,0.623104,1.809616,3.443628,-0.002000,0.002392,1,4.260000,0.000000,1773.290,886.435,1,1.247,1772.424,886.595,1843.537,934.363,1760.653,935.358,1705.521,840.196,1784.368,843.549,1.897250,0.838928,1.466460,2.540446,4.255591,0.000434,0.0114525049,0.0114604431,-9.4517879731,0.0008994970,-0.0113392099,8.4582034980,0.0001526906,0.0041282021,1.0000000000,0.0115251996,0.0115705001,-9.5390451141,0.0009065523,-0.0114097207,8.5085477417,0.0001519167,0.0041759508,1.0000000000
352,34137907024982,52.0949,1785360907.165,2,3.7704,0.8117,3.8013,0.6173,3.7858,0.7145,189.04,0.0085,0.0008,-0.0086,0.0005,-0.0005,1.02,0.017828,1.0000,0.0032,0.5051,0.1969,0,frozen,2-tag corner homography,2,1920,1200,0.200000,101;102,1,1,,2-tag corner homography,0.011121,0.490701,101,102,4.750701,4.260000,30,0.050000,0.600000,5.000000,raw-zero-distortion,590.9628888758,0.0000000000,1007.8592059077,0.0000000000,592.3761043005,547.7101609771,0.0000000000,0.0000000000,1.0000000000,-0.0359937509,0.0291287486,0.0062609452,0.0003552766,-0.0208418310,0.0000000000,0.0000000000,0.0000000000,0.0000000000,0.0000000000,1,0.000000,0.000000,73.038,751.228,1,0.871,73.199,751.736,65.306,791.458,8.650,780.195,79.738,716.370,135.024,723.341,-2.842581,0.619022,1.797294,3.419608,-0.001250,0.000835,1,4.260000,0.000000,1773.384,886.530,1,1.149,1772.598,886.711,1844.035,934.832,1760.702,935.468,1705.548,840.153,1784.525,843.542,1.891250,0.836371,1.461491,2.532252,4.255678,0.000232,0.0114781491,0.0115425188,-9.5186802241,0.0008991760,-0.0113296598,8.4514532423,0.0001463081,0.0041548723,1.0000000000,0.0115251996,0.0115705001,-9.5390451141,0.0009065523,-0.0114097207,8.5085477417,0.0001519167,0.0041759508,1.0000000000
353,34138006381319,52.1943,1785360907.329,2,3.7713,0.8105,3.8016,0.6174,3.7864,0.7140,188.91,0.0065,-0.0006,-0.0063,0.0016,-0.0016,0.37,0.006491,1.0000,0.0026,0.5051,0.1955,0,frozen,2-tag corner homography,2,1920,1200,0.200000,101;102,1,1,,2-tag corner homography,0.010936,0.491825,101,102,4.751825,4.260000,30,0.050000,0.600000,5.000000,raw-zero-distortion,590.9628888758,0.0000000000,1007.8592059077,0.0000000000,592.3761043005,547.7101609771,0.0000000000,0.0000000000,1.0000000000,-0.0359937509,0.0291287486,0.0062609452,0.0003552766,-0.0208418310,0.0000000000,0.0000000000,0.0000000000,0.0000000000,0.0000000000,1,0.000000,0.000000,72.969,751.387,1,0.878,73.156,751.870,65.317,791.602,8.840,780.530,79.608,716.495,134.827,723.276,-2.837797,0.618359,1.794188,3.413879,-0.000999,0.000381,1,4.260000,0.000000,1773.783,886.530,1,1.530,1772.653,886.553,1843.788,934.068,1760.499,935.579,1705.314,840.034,1785.419,843.567,1.897576,0.838718,1.466273,2.540512,4.256552,0.000305,0.0113818601,0.0113961549,-9.4026639077,0.0008874724,-0.0112080467,8.3624687413,0.0001581664,0.0040828222,1.0000000000,0.0115251996,0.0115705001,-9.5390451141,0.0009065523,-0.0114097207,8.5085477417,0.0001519167,0.0041759508,1.0000000000
354,34138181254927,52.3692,1785360907.477,2,3.7714,0.8109,3.8030,0.6169,3.7872,0.7139,189.23,0.0052,-0.0017,-0.0049,0.0025,-0.0025,0.74,0.012984,1.0000,0.0031,0.5051,0.1966,0,frozen,2-tag corner homography,2,1920,1200,0.200000,101;102,1,0,world_rms>0.050,2-tag corner homography,0.143711,0.488783,101,102,4.748783,4.260000,30,0.050000,0.600000,5.000000,raw-zero-distortion,590.9628888758,0.0000000000,1007.8592059077,0.0000000000,592.3761043005,547.7101609771,0.0000000000,0.0000000000,1.0000000000,-0.0359937509,0.0291287486,0.0062609452,0.0003552766,-0.0208418310,0.0000000000,0.0000000000,0.0000000000,0.0000000000,0.0000000000,1,0.000000,0.000000,73.120,751.247,1,0.844,73.280,751.735,65.449,791.456,8.607,780.259,79.781,716.324,135.192,723.331,-2.839699,0.618448,1.795628,3.416233,-0.000971,0.000800,1,4.260000,0.000000,1773.260,886.079,1,1.072,1772.563,886.349,1844.230,934.080,1760.715,935.418,1705.457,840.219,1784.269,842.782,1.892381,0.836016,1.462431,2.533522,4.255970,0.001245,0.0159073300,0.0011662939,-2.0207974628,-0.0001721083,0.0018318079,-1.3444333361,0.0004542050,0.0051767175,1.0000000000,0.0115251996,0.0115705001,-9.5390451141,0.0009065523,-0.0114097207,8.5085477417,0.0001519167,0.0041759508,1.0000000000
355,34138335255368,52.5232,1785360907.612,2,3.7673,0.8167,3.8052,0.6156,3.7863,0.7162,190.69,0.0009,0.0046,-0.0017,-0.0043,0.0043,4.25,0.074207,1.0000,0.0035,0.5051,0.2046,0,frozen,2-tag corner homography,2,1920,1200,0.200000,101;102,1,1,,2-tag corner homography,0.011688,0.498448,101,102,4.758448,4.260000,30,0.050000,0.600000,5.000000,raw-zero-distortion,590.9628888758,0.0000000000,1007.8592059077,0.0000000000,592.3761043005,547.7101609771,0.0000000000,0.0000000000,1.0000000000,-0.0359937509,0.0291287486,0.0062609452,0.0003552766,-0.0208418310,0.0000000000,0.0000000000,0.0000000000,0.0000000000,0.0000000000,1,0.000000,0.000000,72.998,751.114,1,0.820,72.990,751.762,65.135,791.288,8.511,780.308,79.754,716.595,134.493,723.274,-2.847651,0.620066,1.800097,3.425485,-0.001680,0.001140,1,4.260000,0.000000,1773.176,886.333,1,1.098,1772.424,886.498,1843.518,934.464,1760.660,935.234,1705.661,840.137,1784.201,843.253,1.893936,0.837224,1.463900,2.535930,4.255467,0.000645,0.0116100747,0.0117063659,-9.6495668817,0.0009084728,-0.0114687918,8.5559078107,0.0001531654,0.0042066728,1.0000000000,0.0115251996,0.0115705001,-9.5390451141,0.0009065523,-0.0114097207,8.5085477417,0.0001519167,0.0041759508,1.0000000000
356,34138454224933,52.6421,1785360907.730,2,3.7720,0.8081,3.8064,0.6122,3.7892,0.7102,189.95,0.0049,-0.0069,-0.0036,0.0076,-0.0076,3.39,0.059089,1.0000,0.0033,0.5051,0.1989,0,frozen,2-tag corner homography,2,1920,1200,0.200000,101;102,1,1,,2-tag corner homography,0.011077,0.477024,101,102,4.737024,4.260000,30,0.050000,0.600000,5.000000,raw-zero-distortion,590.9628888758,0.0000000000,1007.8592059077,0.0000000000,592.3761043005,547.7101609771,0.0000000000,0.0000000000,1.0000000000,-0.0359937509,0.0291287486,0.0062609452,0.0003552766,-0.0208418310,0.0000000000,0.0000000000,0.0000000000,0.0000000000,0.0000000000,1,0.000000,0.000000,73.014,751.391,1,0.932,73.328,751.768,65.363,791.441,8.718,780.453,79.689,716.451,135.432,723.178,-2.834914,0.617535,1.792694,3.410549,-0.000861,0.000379,1,4.260000,0.000000,1773.112,886.138,1,1.139,1772.372,886.417,1843.981,934.531,1760.563,935.453,1705.281,839.819,1784.078,843.044,1.885295,0.833261,1.457320,2.524370,4.255572,0.001082,0.0115927993,0.0117034929,-9.6499959103,0.0009034825,-0.0114097080,8.5115734705,0.0001496853,0.0042047544,1.0000000000,0.0115251996,0.0115705001,-9.5390451141,0.0009065523,-0.0114097207,8.5085477417,0.0001519167,0.0041759508,1.0000000000
357,34138603438732,52.7914,1785360907.905,2,3.7720,0.8064,3.8075,0.6111,3.7898,0.7087,190.28,0.0107,-0.0221,-0.0066,0.0237,-0.0237,-0.21,-0.003585,1.0000,0.0022,0.5051,0.1985,0,frozen,2-tag corner homography,2,1920,1200,0.200000,101;102,1,1,,2-tag corner homography,0.010617,0.486550,101,102,4.746550,4.260000,30,0.050000,0.600000,5.000000,raw-zero-distortion,590.9628888758,0.0000000000,1007.8592059077,0.0000000000,592.3761043005,547.7101609771,0.0000000000,0.0000000000,1.0000000000,-0.0359937509,0.0291287486,0.0062609452,0.0003552766,-0.0208418310,0.0000000000,0.0000000000,0.0000000000,0.0000000000,0.0000000000,1,0.000000,0.000000,72.942,751.544,1,0.970,73.358,751.827,65.387,791.625,9.070,780.512,79.574,716.362,135.353,723.240,-2.832923,0.617299,1.791493,3.408219,-0.000633,-0.000058,1,4.260000,0.000000,1773.873,886.232,1,1.558,1772.786,886.467,1844.323,933.838,1760.589,935.673,1705.346,839.926,1785.355,843.499,1.897282,0.838228,1.465791,2.539853,4.257120,0.001005,0.0113766344,0.0113838376,-9.3947436295,0.0008864785,-0.0111980672,8.3543577228,0.0001559303,0.0040845979,1.0000000000,0.0115251996,0.0115705001,-9.5390451141,0.0009065523,-0.0114097207,8.5085477417,0.0001519167,0.0041759508,1.0000000000
358,34138752823790,52.9407,1785360908.044,2,3.7729,0.8044,3.8071,0.6079,3.7900,0.7061,189.86,0.0046,-0.0156,-0.0019,0.0161,-0.0161,-0.29,-0.005140,1.0000,0.0039,0.5051,0.1994,0,frozen,2-tag corner homography,2,1920,1200,0.200000,101;102,1,1,,2-tag corner homography,0.011520,0.518694,101,102,4.778694,4.260000,30,0.050000,0.600000,5.000000,raw-zero-distortion,590.9628888758,0.0000000000,1007.8592059077,0.0000000000,592.3761043005,547.7101609771,0.0000000000,0.0000000000,1.0000000000,-0.0359937509,0.0291287486,0.0062609452,0.0003552766,-0.0208418310,0.0000000000,0.0000000000,0.0000000000,0.0000000000,0.0000000000,1,0.000000,0.000000,73.247,750.623,1,0.995,73.159,751.491,65.346,791.258,8.793,779.343,79.898,716.417,134.551,723.308,-2.863901,0.622891,1.810697,3.445075,-0.002356,0.002544,1,4.260000,0.000000,1773.346,886.491,1,1.099,1772.585,886.635,1843.505,934.537,1760.691,935.281,1705.945,840.334,1784.513,843.439,1.897469,0.838949,1.466321,2.540535,4.255644,0.000314,0.0113816963,0.0114459742,-9.4357249633,0.0008970473,-0.0112900502,8.4191591993,0.0001453901,0.0041108181,1.0000000000,0.0115251996,0.0115705001,-9.5390451141,0.0009065523,-0.0114097207,8.5085477417,0.0001519167,0.0041759508,1.0000000000
359,34138892374082,53.0803,1785360908.222,2,3.7718,0.8006,3.8068,0.6044,3.7893,0.7025,190.13,0.0001,-0.0199,0.0034,0.0196,-0.0196,-0.47,-0.008211,1.0000,0.0034,0.5051,0.1993,0,frozen,2-tag corner homography,2,1920,1200,0.200000,101;102,1,1,,2-tag corner homography,0.011321,0.507843,101,102,4.767843,4.260000,30,0.050000,0.600000,5.000000,raw-zero-distortion,590.9628888758,0.0000000000,1007.8592059077,0.0000000000,592.3761043005,547.7101609771,0.0000000000,0.0000000000,1.0000000000,-0.0359937509,0.0291287486,0.0062609452,0.0003552766,-0.0208418310,0.0000000000,0.0000000000,0.0000000000,0.0000000000,0.0000000000,1,0.000000,0.000000,73.013,751.216,1,0.964,73.196,751.777,65.486,791.435,9.203,779.983,79.491,716.600,134.615,723.444,-2.858529,0.622620,1.807373,3.438814,-0.001353,0.000862,1,4.260000,0.000000,1773.247,886.393,1,1.199,1772.431,886.590,1843.872,934.484,1760.726,935.508,1705.333,840.149,1784.216,843.363,1.892001,0.836588,1.462390,2.533403,4.255549,0.000522,0.0114768786,0.0114625669,-9.4589044922,0.0008986441,-0.0113348155,8.4557985864,0.0001545251,0.0041346192,1.0000000000,0.0115251996,0.0115705001,-9.5390451141,0.0009065523,-0.0114097207,8.5085477417,0.0001519167,0.0041759508,1.0000000000
360,34139067690242,53.2556,1785360908.346,2,3.7716,0.7979,3.8056,0.6040,3.7886,0.7009,189.95,-0.0036,-0.0169,0.0065,0.0160,-0.0160,0.12,0.002013,1.0000,0.0027,0.5051,0.1969,0,frozen,2-tag corner homography,2,1920,1200,0.200000,101;102,1,1,,2-tag corner homography,0.010928,0.484747,101,102,4.744747,4.260000,30,0.050000,0.600000,5.000000,raw-zero-distortion,590.9628888758,0.0000000000,1007.8592059077,0.0000000000,592.3761043005,547.7101609771,0.0000000000,0.0000000000,1.0000000000,-0.0359937509,0.0291287486,0.0062609452,0.0003552766,-0.0208418310,0.0000000000,0.0000000000,0.0000000000,0.0000000000,0.0000000000,1,0.000000,0.000000,72.904,751.457,1,0.832,73.152,751.827,65.023,791.580,8.761,780.503,79.809,716.309,134.959,723.356,-2.833971,0.617392,1.791762,3.409248,-0.000983,0.000176,1,4.260000,0.000000,1773.649,886.421,1,1.444,1772.605,886.516,1843.915,934.258,1760.394,935.479,1705.296,839.887,1785.239,843.521,1.894324,0.837242,1.463853,2.536198,4.256394,0.000531,0.0114734416,0.0115203285,-9.5022242083,0.0008940128,-0.0112897501,8.4229331194,0.0001576191,0.0041295878,1.0000000000,0.0115251996,0.0115705001,-9.5390451141,0.0009065523,-0.0114097207,8.5085477417,0.0001519167,0.0041759508,1.0000000000
361,34139198810460,53.3867,1785360908.478,2,3.7712,0.7933,3.8063,0.5979,3.7887,0.6956,190.21,-0.0024,-0.0204,0.0060,0.0196,-0.0196,0.15,0.002635,1.0000,0.0033,0.5051,0.1985,0,frozen,2-tag corner homography,2,1920,1200,0.200000,101;102,1,1,,2-tag corner homography,0.011124,0.486456,101,102,4.746456,4.260000,30,0.050000,0.600000,5.000000,raw-zero-distortion,590.9628888758,0.0000000000,1007.8592059077,0.0000000000,592.3761043005,547.7101609771,0.0000000000,0.0000000000,1.0000000000,-0.0359937509,0.0291287486,0.0062609452,0.0003552766,-0.0208418310,0.0000000000,0.0000000000,0.0000000000,0.0000000000,0.0000000000,1,0.000000,0.000000,73.505,750.996,1,0.684,73.271,751.760,65.923,791.503,8.648,780.314,80.020,716.191,134.490,723.428,-2.841990,0.619016,1.797060,3.418994,-0.000600,0.001575,1,4.260000,0.000000,1773.227,886.256,1,1.096,1772.509,886.506,1844.098,934.547,1760.782,935.524,1705.430,840.059,1784.139,843.058,1.887496,0.834304,1.458760,2.527189,4.255676,0.000832,0.0113159865,0.0112724211,-9.3048414754,0.0008826553,-0.0111384701,8.3090879689,0.0001480532,0.0040685759,1.0000000000,0.0115251996,0.0115705001,-9.5390451141,0.0009065523,-0.0114097207,8.5085477417,0.0001519167,0.0041759508,1.0000000000
362,34139328409928,53.5163,1785360908.613,2,3.7703,0.7909,3.8063,0.5963,3.7883,0.6936,190.46,-0.0015,-0.0258,0.0061,0.0251,-0.0251,1.41,0.024573,1.0000,0.0034,0.5051,0.1979,0,frozen,2-tag corner homography,2,1920,1200,0.200000,101;102,1,1,,2-tag corner homography,0.011616,0.503276,101,102,4.763276,4.260000,30,0.050000,0.600000,5.000000,raw-zero-distortion,590.9628888758,0.0000000000,1007.8592059077,0.0000000000,592.3761043005,547.7101609771,0.0000000000,0.0000000000,1.0000000000,-0.0359937509,0.0291287486,0.0062609452,0.0003552766,-0.0208418310,0.0000000000,0.0000000000,0.0000000000,0.0000000000,0.0000000000,1,0.000000,0.000000,73.261,750.887,1,0.764,72.987,751.749,65.566,791.321,8.552,780.258,79.805,716.497,134.024,723.307,-2.850965,0.620749,1.802187,3.429462,-0.001582,0.001821,1,4.260000,0.000000,1773.305,886.248,1,1.238,1772.447,886.408,1843.554,934.113,1760.745,935.325,1705.530,840.069,1784.321,843.204,1.895409,0.837626,1.464993,2.537794,4.255857,0.000865,0.0114903861,0.0115212383,-9.5014241139,0.0008983198,-0.0113460250,8.4641292881,0.0001548532,0.0041431431,1.0000000000,0.0115251996,0.0115705001,-9.5390451141,0.0009065523,-0.0114097207,8.5085477417,0.0001519167,0.0041759508,1.0000000000
363,34139459237726,53.6472,1785360908.732,2,3.7694,0.7876,3.8056,0.5935,3.7875,0.6906,190.58,-0.0039,-0.0212,0.0077,0.0201,-0.0201,1.42,0.024764,1.0000,0.0028,0.5051,0.1974,0,frozen,2-tag corner homography,2,1920,1200,0.200000,101;102,1,1,,2-tag corner homography,0.010781,0.483972,101,102,4.743972,4.260000,30,0.050000,0.600000,5.000000,raw-zero-distortion,590.9628888758,0.0000000000,1007.8592059077,0.0000000000,592.3761043005,547.7101609771,0.0000000000,0.0000000000,1.0000000000,-0.0359937509,0.0291287486,0.0062609452,0.0003552766,-0.0208418310,0.0000000000,0.0000000000,0.0000000000,0.0000000000,0.0000000000,1,0.000000,0.000000,72.980,751.376,1,0.881,73.196,751.833,65.494,791.643,8.844,780.457,79.490,716.360,134.932,723.286,-2.836876,0.618072,1.793682,3.412796,-0.000997,0.000414,1,4.260000,0.000000,1773.610,886.458,1,1.357,1772.640,886.572,1844.071,934.453,1760.505,935.616,1705.315,839.939,1785.091,843.389,1.890396,0.835605,1.460751,2.530934,4.256262,0.000438,0.0112994697,0.0112697759,-9.3015656066,0.0008800800,-0.0111088916,8.2879667950,0.0001531451,0.0040512137,1.0000000000,0.0115251996,0.0115705001,-9.5390451141,0.0009065523,-0.0114097207,8.5085477417,0.0001519167,0.0041759508,1.0000000000
364,34139572858562,53.7608,1785360908.861,2,3.7699,0.7842,3.8053,0.5904,3.7876,0.6873,190.36,-0.0033,-0.0242,0.0076,0.0233,-0.0233,0.26,0.004514,1.0000,0.0032,0.5051,0.1971,0,frozen,2-tag corner homography,2,1920,1200,0.200000,101;102,1,1,,2-tag corner homography,0.010797,0.469904,101,102,4.729904,4.260000,30,0.050000,0.600000,5.000000,raw-zero-distortion,590.9628888758,0.0000000000,1007.8592059077,0.0000000000,592.3761043005,547.7101609771,0.0000000000,0.0000000000,1.0000000000,-0.0359937509,0.0291287486,0.0062609452,0.0003552766,-0.0208418310,0.0000000000,0.0000000000,0.0000000000,0.0000000000,0.0000000000,1,0.000000,0.000000,73.008,751.286,1,1.194,73.527,751.620,65.216,791.504,8.713,780.314,79.763,716.426,136.228,722.745,-2.822617,0.614542,1.785299,3.395897,-0.001169,0.000666,1,4.260000,0.000000,1773.264,886.266,1,1.239,1772.424,886.487,1844.042,934.340,1760.592,935.490,1705.175,840.018,1784.340,843.246,1.891006,0.835900,1.461635,2.531997,4.255745,0.000816,0.0116669302,0.0118593199,-9.7731467437,0.0009119166,-0.0114973377,8.5749961519,0.0001448133,0.0042533438,1.0000000000,0.0115251996,0.0115705001,-9.5390451141,0.0009065523,-0.0114097207,8.5085477417,0.0001519167,0.0041759508,1.0000000000
365,34139708942231,53.8969,1785360908.971,2,3.7699,0.7834,3.8047,0.5876,3.7873,0.6855,190.08,-0.0014,-0.0213,0.0051,0.0207,-0.0207,-1.36,-0.023779,1.0000,0.0036,0.5051,0.1988,0,frozen,2-tag corner homography,2,1920,1200,0.200000,101;102,1,1,,2-tag corner homography,0.011285,0.520690,101,102,4.780690,4.260000,30,0.050000,0.600000,5.000000,raw-zero-distortion,590.9628888758,0.0000000000,1007.8592059077,0.0000000000,592.3761043005,547.7101609771,0.0000000000,0.0000000000,1.0000000000,-0.0359937509,0.0291287486,0.0062609452,0.0003552766,-0.0208418310,0.0000000000,0.0000000000,0.0000000000,0.0000000000,0.0000000000,1,0.000000,0.000000,73.064,750.835,1,1.051,73.051,751.673,65.339,791.309,8.719,779.600,79.562,716.786,134.527,723.359,-2.867166,0.624086,1.812553,3.448982,-0.002276,0.001921,1,4.260000,0.000000,1773.574,886.643,1,1.391,1772.538,886.612,1843.618,934.485,1760.552,935.339,1705.328,840.029,1785.063,843.681,1.896083,0.838330,1.465339,2.538729,4.255953,0.000007,0.0116136790,0.0117098939,-9.6518654961,0.0009128457,-0.0115066723,8.5829900121,0.0001568833,0.0042013696,1.0000000000,0.0115251996,0.0115705001,-9.5390451141,0.0009065523,-0.0114097207,8.5085477417,0.0001519167,0.0041759508,1.0000000000
366,34139811407721,53.9993,1785360909.088,2,3.7704,0.7805,3.8041,0.5859,3.7872,0.6832,189.81,-0.0015,-0.0186,0.0046,0.0181,-0.0181,-1.96,-0.034239,1.0000,0.0035,0.5051,0.1975,0,frozen,2-tag corner homography,2,1920,1200,0.200000,101;102,1,1,,2-tag corner homography,0.011557,0.473218,101,102,4.733218,4.260000,30,0.050000,0.600000,5.000000,raw-zero-distortion,590.9628888758,0.0000000000,1007.8592059077,0.0000000000,592.3761043005,547.7101609771,0.0000000000,0.0000000000,1.0000000000,-0.0359937509,0.0291287486,0.0062609452,0.0003552766,-0.0208418310,0.0000000000,0.0000000000,0.0000000000,0.0000000000,0.0000000000,1,0.000000,0.000000,73.091,751.136,1,0.830,73.178,751.689,65.147,791.401,8.677,780.457,79.958,716.334,134.859,723.020,-2.831894,0.616539,1.790497,3.406703,-0.001357,0.001098,1,4.260000,0.000000,1773.097,886.206,1,1.051,1772.410,886.440,1843.853,934.568,1760.787,935.511,1705.453,839.971,1783.915,842.878,1.884576,0.832959,1.456691,2.523370,4.255454,0.000924,0.0116001886,0.0116935336,-9.6405820394,0.0009028375,-0.0113941590,8.4991516850,0.0001552448,0.0041972828,1.0000000000,0.0115251996,0.0115705001,-9.5390451141,0.0009065523,-0.0114097207,8.5085477417,0.0001519167,0.0041759508,1.0000000000
367,34139929478893,54.1174,1785360909.210,2,3.7718,0.7783,3.8049,0.5846,3.7883,0.6815,189.69,0.0026,-0.0183,0.0005,0.0185,-0.0185,-1.82,-0.031758,1.0000,0.0026,0.5051,0.1966,0,frozen,2-tag corner homography,2,1920,1200,0.200000,101;102,1,0,world_rms>0.050,2-tag corner homography,0.193897,0.483016,101,102,4.743016,4.260000,30,0.050000,0.600000,5.000000,raw-zero-distortion,590.9628888758,0.0000000000,1007.8592059077,0.0000000000,592.3761043005,547.7101609771,0.0000000000,0.0000000000,1.0000000000,-0.0359937509,0.0291287486,0.0062609452,0.0003552766,-0.0208418310,0.0000000000,0.0000000000,0.0000000000,0.0000000000,0.0000000000,1,0.000000,0.000000,73.104,751.225,1,0.827,73.173,751.805,65.549,791.665,8.685,780.433,79.631,716.290,134.800,723.252,-2.834994,0.617563,1.792447,3.410490,-0.001073,0.000856,1,4.260000,0.000000,1773.791,886.422,1,1.461,1772.765,886.608,1844.355,934.423,1760.557,935.683,1705.324,839.846,1785.292,843.611,1.891402,0.836004,1.461289,2.532127,4.256704,0.000555,3.6305640848,1.0905597762,-1108.4210822852,0.1797535424,-2.1869430932,1623.9210256195,1.3698264876,-1.0648559327,1.0000000000,0.0115251996,0.0115705001,-9.5390451141,0.0009065523,-0.0114097207,8.5085477417,0.0001519167,0.0041759508,1.0000000000
368,34140072850416,54.2608,1785360909.368,2,3.7700,0.7761,3.8049,0.5828,3.7874,0.6795,190.25,0.0011,-0.0152,0.0016,0.0152,-0.0152,0.84,0.014574,1.0000,0.0042,0.5051,0.1965,0,frozen,2-tag corner homography,2,1920,1200,0.200000,101;102,1,1,,2-tag corner homography,0.011347,0.484333,101,102,4.744333,4.260000,30,0.050000,0.600000,5.000000,raw-zero-distortion,590.9628888758,0.0000000000,1007.8592059077,0.0000000000,592.3761043005,547.7101609771,0.0000000000,0.0000000000,1.0000000000,-0.0359937509,0.0291287486,0.0062609452,0.0003552766,-0.0208418310,0.0000000000,0.0000000000,0.0000000000,0.0000000000,0.0000000000,1,0.000000,0.000000,73.198,751.129,1,0.747,73.183,751.731,65.453,791.374,8.557,780.337,79.897,716.324,134.763,723.312,-2.840949,0.618641,1.796232,3.417625,-0.001080,0.001140,1,4.260000,0.000000,1772.546,886.091,1,0.917,1772.011,886.444,1843.685,934.448,1760.589,935.484,1705.135,840.267,1783.037,842.757,1.886463,0.834237,1.458910,2.526482,4.254392,0.001087,0.0115554365,0.0115895694,-9.5595590252,0.0009021526,-0.0113859537,8.4935205239,0.0001478368,0.0041870067,1.0000000000,0.0115251996,0.0115705001,-9.5390451141,0.0009065523,-0.0114097207,8.5085477417,0.0001519167,0.0041759508,1.0000000000
369,34140214224733,54.4021,1785360909.501,2,3.7697,0.7749,3.8037,0.5796,3.7867,0.6772,189.87,-0.0040,-0.0149,0.0065,0.0140,-0.0140,0.70,0.012161,1.0000,0.0035,0.5051,0.1983,0,frozen,2-tag corner homography,2,1920,1200,0.200000,101;102,1,1,,2-tag corner homography,0.011651,0.503064,101,102,4.763064,4.260000,30,0.050000,0.600000,5.000000,raw-zero-distortion,590.9628888758,0.0000000000,1007.8592059077,0.0000000000,592.3761043005,547.7101609771,0.0000000000,0.0000000000,1.0000000000,-0.0359937509,0.0291287486,0.0062609452,0.0003552766,-0.0208418310,0.0000000000,0.0000000000,0.0000000000,0.0000000000,0.0000000000,1,0.000000,0.000000,73.348,750.812,1,0.785,73.010,751.746,65.617,791.378,8.542,780.231,79.891,716.478,133.991,723.283,-2.849758,0.620490,1.801468,3.428034,-0.001548,0.002046,1,4.260000,0.000000,1773.318,886.357,1,1.280,1772.419,886.491,1843.521,934.273,1760.665,935.270,1705.463,840.044,1784.413,843.469,1.896472,0.838332,1.465869,2.539326,4.255749,0.000617,0.0114471913,0.0114392950,-9.4368943231,0.0008957630,-0.0113058757,8.4340891889,0.0001526943,0.0041248293,1.0000000000,0.0115251996,0.0115705001,-9.5390451141,0.0009065523,-0.0114097207,8.5085477417,0.0001519167,0.0041759508,1.0000000000
370,34140348942433,54.5369,1785360909.637,2,3.7691,0.7723,3.8047,0.5789,3.7869,0.6756,190.43,-0.0026,-0.0142,0.0051,0.0135,-0.0135,0.67,0.011648,1.0000,0.0025,0.5051,0.1966,0,frozen,2-tag corner homography,2,1920,1200,0.200000,101;102,1,1,,2-tag corner homography,0.010642,0.481055,101,102,4.741055,4.260000,30,0.050000,0.600000,5.000000,raw-zero-distortion,590.9628888758,0.0000000000,1007.8592059077,0.0000000000,592.3761043005,547.7101609771,0.0000000000,0.0000000000,1.0000000000,-0.0359937509,0.0291287486,0.0062609452,0.0003552766,-0.0208418310,0.0000000000,0.0000000000,0.0000000000,0.0000000000,0.0000000000,1,0.000000,0.000000,72.962,751.426,1,0.953,73.229,751.880,65.440,791.650,8.644,780.552,79.486,716.546,135.262,723.215,-2.834267,0.617668,1.792096,3.409720,-0.000906,0.000272,1,4.260000,0.000000,1773.669,886.204,1,1.360,1772.740,886.453,1844.236,934.109,1760.493,935.751,1705.496,839.924,1785.131,843.100,1.890169,0.835102,1.460384,2.530387,4.256708,0.001033,0.0113756122,0.0114269428,-9.4261876413,0.0008844652,-0.0111802157,8.3418529171,0.0001557578,0.0040861128,1.0000000000,0.0115251996,0.0115705001,-9.5390451141,0.0009065523,-0.0114097207,8.5085477417,0.0001519167,0.0041759508,1.0000000000
371,34140512214253,54.7001,1785360909.859,2,3.7697,0.7699,3.8047,0.5784,3.7872,0.6741,190.35,0.0009,-0.0112,0.0012,0.0112,-0.0112,1.35,0.023475,1.0000,0.0033,0.5051,0.1947,0,frozen,2-tag corner homography,2,1920,1200,0.200000,101;102,1,1,,2-tag corner homography,0.010903,0.492170,101,102,4.752170,4.260000,30,0.050000,0.600000,5.000000,raw-zero-distortion,590.9628888758,0.0000000000,1007.8592059077,0.0000000000,592.3761043005,547.7101609771,0.0000000000,0.0000000000,1.0000000000,-0.0359937509,0.0291287486,0.0062609452,0.0003552766,-0.0208418310,0.0000000000,0.0000000000,0.0000000000,0.0000000000,0.0000000000,1,0.000000,0.000000,73.055,751.309,1,0.902,73.216,751.848,65.581,791.528,8.710,780.268,79.511,716.567,135.000,723.430,-2.847507,0.620448,1.800442,3.425616,-0.000977,0.000614,1,4.260000,0.000000,1773.142,886.268,1,1.149,1772.342,886.406,1843.819,934.294,1760.631,935.545,1705.150,840.066,1784.167,842.846,1.887565,0.834269,1.459131,2.527444,4.255475,0.000789,0.0114186891,0.0115407506,-9.5143738479,0.0008910725,-0.0112593922,8.4003794376,0.0001510691,0.0041179573,1.0000000000,0.0115251996,0.0115705001,-9.5390451141,0.0009065523,-0.0114097207,8.5085477417,0.0001519167,0.0041759508,1.0000000000
372,34140722565013,54.9105,1785360910.034,2,3.7676,0.7683,3.8057,0.5756,3.7867,0.6720,191.18,,,,,,,,1.0000,0.0038,0.5051,0.1965,0,frozen,2-tag corner homography,2,1920,1200,0.200000,101;102,1,1,,2-tag corner homography,0.011543,0.518194,101,102,4.778194,4.260000,30,0.050000,0.600000,5.000000,raw-zero-distortion,590.9628888758,0.0000000000,1007.8592059077,0.0000000000,592.3761043005,547.7101609771,0.0000000000,0.0000000000,1.0000000000,-0.0359937509,0.0291287486,0.0062609452,0.0003552766,-0.0208418310,0.0000000000,0.0000000000,0.0000000000,0.0000000000,0.0000000000,1,0.000000,0.000000,73.279,750.614,1,0.958,73.108,751.533,65.429,791.282,8.724,779.500,79.876,716.440,134.372,723.276,-2.861689,0.622505,1.809201,3.442381,-0.002294,0.002578,1,4.260000,0.000000,1773.476,886.593,1,1.247,1772.580,886.663,1843.399,934.383,1760.780,935.392,1705.801,840.339,1784.667,843.577,1.899332,0.839847,1.467770,2.543060,4.255801,0.000105,0.0113647222,0.0114094292,-9.4069593867,0.0008952553,-0.0112687726,8.4038108481,0.0001468475,0.0040989295,1.0000000000,0.0115251996,0.0115705001,-9.5390451141,0.0009065523,-0.0114097207,8.5085477417,0.0001519167,0.0041759508,1.0000000000
373,34140891627849,55.0795,1785360910.191,2,3.7645,0.7648,3.8053,0.5745,3.7849,0.6697,192.08,,,,,,,,1.0000,0.0025,0.5051,0.1946,0,frozen,2-tag corner homography,2,1920,1200,0.200000,101;102,1,1,,2-tag corner homography,0.010569,0.485097,101,102,4.745097,4.260000,30,0.050000,0.600000,5.000000,raw-zero-distortion,590.9628888758,0.0000000000,1007.8592059077,0.0000000000,592.3761043005,547.7101609771,0.0000000000,0.0000000000,1.0000000000,-0.0359937509,0.0291287486,0.0062609452,0.0003552766,-0.0208418310,0.0000000000,0.0000000000,0.0000000000,0.0000000000,0.0000000000,1,0.000000,0.000000,72.857,751.616,1,0.943,73.261,751.893,65.318,791.635,8.863,780.524,79.486,716.436,135.312,723.404,-2.836499,0.618214,1.793569,3.412448,-0.000668,-0.000273,1,4.260000,0.000000,1773.762,886.492,1,1.435,1772.738,886.631,1844.240,934.431,1760.414,935.691,1705.331,839.944,1785.412,843.555,1.891955,0.836333,1.461768,2.532926,4.256554,0.000389,0.0113989746,0.0114278041,-9.4290437321,0.0008883841,-0.0112147396,8.3675973091,0.0001552099,0.0040973401,1.0000000000,0.0115251996,0.0115705001,-9.5390451141,0.0009065523,-0.0114097207,8.5085477417,0.0001519167,0.0041759508,1.0000000000
374,34141033431822,55.2214,1785360910.313,2,3.7625,0.7633,3.8084,0.5735,3.7855,0.6684,193.60,-0.0041,-0.0114,0.0066,0.0101,-0.0101,7.69,0.134150,1.0000,0.0036,0.5051,0.1953,0,frozen,2-tag corner homography,2,1920,1200,0.200000,101;102,1,1,,2-tag corner homography,0.011087,0.478969,101,102,4.738969,4.260000,30,0.050000,0.600000,5.000000,raw-zero-distortion,590.9628888758,0.0000000000,1007.8592059077,0.0000000000,592.3761043005,547.7101609771,0.0000000000,0.0000000000,1.0000000000,-0.0359937509,0.0291287486,0.0062609452,0.0003552766,-0.0208418310,0.0000000000,0.0000000000,0.0000000000,0.0000000000,0.0000000000,1,0.000000,0.000000,73.141,750.963,1,1.027,73.338,751.553,65.419,791.415,8.657,780.178,79.752,716.334,135.411,722.751,-2.830425,0.615915,1.789874,3.405041,-0.001702,0.001586,1,4.260000,0.000000,1773.262,886.397,1,1.217,1772.411,886.539,1843.836,934.495,1760.586,935.380,1705.255,840.049,1784.398,843.369,1.892073,0.836514,1.462483,2.533486,4.255577,0.000514,0.0115445662,0.0116665212,-9.6162998410,0.0009035483,-0.0113816453,8.4879850794,0.0001458233,0.0041900287,1.0000000000,0.0115251996,0.0115705001,-9.5390451141,0.0009065523,-0.0114097207,8.5085477417,0.0001519167,0.0041759508,1.0000000000
375,34141174676597,55.3626,1785360910.456,2,3.7605,0.7641,3.8095,0.5715,3.7850,0.6678,194.27,-0.0008,-0.0079,0.0027,0.0075,-0.0075,7.74,0.135023,1.0000,0.0038,0.5051,0.1988,0,frozen,2-tag corner homography,2,1920,1200,0.200000,101;102,1,1,,2-tag corner homography,0.011151,0.509391,101,102,4.769391,4.260000,30,0.050000,0.600000,5.000000,raw-zero-distortion,590.9628888758,0.0000000000,1007.8592059077,0.0000000000,592.3761043005,547.7101609771,0.0000000000,0.0000000000,1.0000000000,-0.0359937509,0.0291287486,0.0062609452,0.0003552766,-0.0208418310,0.0000000000,0.0000000000,0.0000000000,0.0000000000,0.0000000000,1,0.000000,0.000000,73.413,750.699,1,0.913,73.194,751.635,65.851,791.347,8.615,779.662,79.776,716.492,134.496,723.395,-2.861617,0.622856,1.809320,3.442447,-0.001686,0.002372,1,4.260000,0.000000,1773.366,886.698,1,1.463,1772.250,886.531,1843.450,934.487,1760.827,935.425,1704.700,839.875,1784.480,843.509,1.890295,0.835886,1.461418,2.531336,4.255429,-0.000156,0.0115131622,0.0115250105,-9.5066926262,0.0009036105,-0.0113893022,8.4947934271,0.0001487527,0.0041647847,1.0000000000,0.0115251996,0.0115705001,-9.5390451141,0.0009065523,-0.0114097207,8.5085477417,0.0001519167,0.0041759508,1.0000000000
376,34141296349793,55.4843,1785360910.562,2,3.7595,0.7602,3.8103,0.5708,3.7849,0.6655,195.01,-0.0017,-0.0100,0.0042,0.0092,-0.0092,6.10,0.106389,1.0000,0.0023,0.5051,0.1961,0,frozen,2-tag corner homography,2,1920,1200,0.200000,101;102,1,1,,2-tag corner homography,0.010645,0.492704,101,102,4.752704,4.260000,30,0.050000,0.600000,5.000000,raw-zero-distortion,590.9628888758,0.0000000000,1007.8592059077,0.0000000000,592.3761043005,547.7101609771,0.0000000000,0.0000000000,1.0000000000,-0.0359937509,0.0291287486,0.0062609452,0.0003552766,-0.0208418310,0.0000000000,0.0000000000,0.0000000000,0.0000000000,0.0000000000,1,0.000000,0.000000,72.865,751.511,1,0.871,73.154,751.868,65.285,791.584,8.692,780.649,79.504,716.417,135.075,723.265,-2.832855,0.617276,1.791060,3.407930,-0.000940,0.000017,1,4.260000,0.000000,1773.843,886.111,1,1.617,1772.735,886.422,1844.108,933.406,1760.462,935.671,1705.465,840.087,1785.344,843.518,1.903771,0.841039,1.470903,2.548578,4.257205,0.001277,0.0113423855,0.0113759986,-9.3845220828,0.0008847170,-0.0111847999,8.3451982766,0.0001554235,0.0040703526,1.0000000000,0.0115251996,0.0115705001,-9.5390451141,0.0009065523,-0.0114097207,8.5085477417,0.0001519167,0.0041759508,1.0000000000
377,34141402992177,55.5909,1785360910.677,2,3.7580,0.7596,3.8126,0.5704,3.7853,0.6650,196.08,0.0001,-0.0116,0.0031,0.0112,-0.0112,7.22,0.126002,1.0000,0.0040,0.5051,0.1969,0,frozen,2-tag corner homography,2,1920,1200,0.200000,101;102,1,1,,2-tag corner homography,0.011280,0.489582,101,102,4.749582,4.260000,30,0.050000,0.600000,5.000000,raw-zero-distortion,590.9628888758,0.0000000000,1007.8592059077,0.0000000000,592.3761043005,547.7101609771,0.0000000000,0.0000000000,1.0000000000,-0.0359937509,0.0291287486,0.0062609452,0.0003552766,-0.0208418310,0.0000000000,0.0000000000,0.0000000000,0.0000000000,0.0000000000,1,0.000000,0.000000,72.970,751.306,1,0.802,73.077,751.818,65.199,791.449,8.609,780.358,79.718,716.451,134.725,723.430,-2.844112,0.619524,1.798028,3.421358,-0.001221,0.000605,1,4.260000,0.000000,1772.625,886.021,1,0.920,1772.104,886.414,1843.875,934.358,1760.543,935.412,1705.208,840.284,1783.207,842.769,1.888549,0.834984,1.460348,2.529117,4.254653,0.001263,0.0115826184,0.0116548801,-9.6104213090,0.0009041510,-0.0114216715,8.5212776018,0.0001514152,0.0041948025,1.0000000000,0.0115251996,0.0115705001,-9.5390451141,0.0009065523,-0.0114097207,8.5085477417,0.0001519167,0.0041759508,1.0000000000
378,34141524825775,55.7128,1785360910.826,2,3.7571,0.7578,3.8153,0.5690,3.7862,0.6634,197.13,0.0040,-0.0101,-0.0009,0.0108,-0.0108,8.62,0.150362,1.0000,0.0043,0.5051,0.1976,0,frozen,2-tag corner homography,2,1920,1200,0.200000,101;102,1,1,,2-tag corner homography,0.012322,0.542964,101,102,4.802964,4.260000,30,0.050000,0.600000,5.000000,raw-zero-distortion,590.9628888758,0.0000000000,1007.8592059077,0.0000000000,592.3761043005,547.7101609771,0.0000000000,0.0000000000,1.0000000000,-0.0359937509,0.0291287486,0.0062609452,0.0003552766,-0.0208418310,0.0000000000,0.0000000000,0.0000000000,0.0000000000,0.0000000000,1,0.000000,0.000000,73.053,750.493,1,0.878,72.302,751.781,65.107,791.313,8.615,779.454,79.652,716.596,132.000,724.000,-2.890767,0.629051,1.826009,3.476571,-0.003261,0.002861,1,4.260000,0.000000,1773.385,886.486,1,1.190,1772.561,886.638,1843.558,934.584,1760.758,935.421,1705.782,840.150,1784.480,843.488,1.893973,0.837436,1.463666,2.535893,4.255736,0.000334,0.0113721429,0.0112447004,-9.2774009611,0.0008917624,-0.0112504483,8.3936777576,0.0001685332,0.0040546065,1.0000000000,0.0115251996,0.0115705001,-9.5390451141,0.0009065523,-0.0114097207,8.5085477417,0.0001519167,0.0041759508,1.0000000000
379,34141668079568,55.8560,1785360910.938,2,3.7552,0.7557,3.8151,0.5669,3.7852,0.6613,197.63,0.0005,-0.0130,0.0034,0.0125,-0.0125,6.53,0.113971,1.0000,0.0034,0.5051,0.1980,0,frozen,2-tag corner homography,2,1920,1200,0.200000,101;102,1,1,,2-tag corner homography,0.011522,0.495678,101,102,4.755678,4.260000,30,0.050000,0.600000,5.000000,raw-zero-distortion,590.9628888758,0.0000000000,1007.8592059077,0.0000000000,592.3761043005,547.7101609771,0.0000000000,0.0000000000,1.0000000000,-0.0359937509,0.0291287486,0.0062609452,0.0003552766,-0.0208418310,0.0000000000,0.0000000000,0.0000000000,0.0000000000,0.0000000000,1,0.000000,0.000000,73.294,751.045,1,0.760,73.186,751.749,65.451,791.394,8.777,780.277,80.029,716.399,134.463,723.331,-2.845170,0.619618,1.798906,3.422716,-0.001047,0.001393,1,4.260000,0.000000,1773.260,886.489,1,1.264,1772.356,886.569,1843.616,934.580,1760.607,935.257,1705.239,839.993,1784.391,843.591,1.893689,0.837365,1.463839,2.535757,4.255458,0.000304,0.0115803872,0.0116367114,-9.5971275483,0.0009062907,-0.0114297487,8.5262597129,0.0001533149,0.0041896884,1.0000000000,0.0115251996,0.0115705001,-9.5390451141,0.0009065523,-0.0114097207,8.5085477417,0.0001519167,0.0041759508,1.0000000000
380,34141785361662,55.9733,1785360911.069,2,3.7555,0.7528,3.8123,0.5661,3.7839,0.6595,196.90,-0.0058,-0.0142,0.0097,0.0119,-0.0119,1.68,0.029317,1.0000,0.0026,0.5051,0.1951,0,frozen,2-tag corner homography,2,1920,1200,0.200000,101;102,1,1,,2-tag corner homography,0.010832,0.484384,101,102,4.744384,4.260000,30,0.050000,0.600000,5.000000,raw-zero-distortion,590.9628888758,0.0000000000,1007.8592059077,0.0000000000,592.3761043005,547.7101609771,0.0000000000,0.0000000000,1.0000000000,-0.0359937509,0.0291287486,0.0062609452,0.0003552766,-0.0208418310,0.0000000000,0.0000000000,0.0000000000,0.0000000000,0.0000000000,1,0.000000,0.000000,72.934,751.512,1,0.815,73.196,751.857,65.353,791.563,8.914,780.619,79.594,716.330,134.900,723.339,-2.835115,0.617762,1.792568,3.410690,-0.000745,0.000030,1,4.260000,0.000000,1773.746,886.586,1,1.471,1772.663,886.617,1843.919,934.352,1760.469,935.689,1705.282,839.985,1785.392,843.514,1.892707,0.836713,1.462492,2.534030,4.256399,0.000169,0.0113372884,0.0113247725,-9.3460234380,0.0008827215,-0.0111412415,8.3123945365,0.0001581451,0.0040601045,1.0000000000,0.0115251996,0.0115705001,-9.5390451141,0.0009065523,-0.0114097207,8.5085477417,0.0001519167,0.0041759508,1.0000000000
381,34141933546050,56.1215,1785360911.248,2,3.7570,0.7525,3.8140,0.5639,3.7855,0.6582,196.80,-0.0002,-0.0122,0.0037,0.0117,-0.0117,-1.86,-0.032384,1.0000,0.0040,0.5051,0.1971,0,frozen,2-tag corner homography,2,1920,1200,0.200000,101;102,1,1,,2-tag corner homography,0.011253,0.486357,101,102,4.746357,4.260000,30,0.050000,0.600000,5.000000,raw-zero-distortion,590.9628888758,0.0000000000,1007.8592059077,0.0000000000,592.3761043005,547.7101609771,0.0000000000,0.0000000000,1.0000000000,-0.0359937509,0.0291287486,0.0062609452,0.0003552766,-0.0208418310,0.0000000000,0.0000000000,0.0000000000,0.0000000000,0.0000000000,1,0.000000,0.000000,73.168,751.200,1,0.787,73.230,751.754,65.618,791.384,8.566,780.325,79.709,716.381,134.958,723.343,-2.842846,0.619157,1.797523,3.419974,-0.000967,0.000939,1,4.260000,0.000000,1772.673,886.061,1,0.915,1772.144,886.425,1843.838,934.476,1760.685,935.431,1705.274,840.209,1783.184,842.772,1.886521,0.834072,1.458701,2.526350,4.254706,0.001179,0.0119805435,0.0122240032,-10.0684361696,0.0009372246,-0.0118314402,8.8257739046,0.0001451063,0.0044065302,1.0000000000,0.0115251996,0.0115705001,-9.5390451141,0.0009065523,-0.0114097207,8.5085477417,0.0001519167,0.0041759508,1.0000000000
382,34142114643007,56.3026,1785360911.380,2,3.7593,0.7515,3.8119,0.5615,3.7856,0.6565,195.48,0.0040,-0.0096,-0.0013,0.0104,-0.0104,-3.96,-0.069033,1.0000,0.0042,0.5051,0.1971,0,frozen,2-tag corner homography,2,1920,1200,0.200000,101;102,1,1,,2-tag corner homography,0.011792,0.508017,101,102,4.768017,4.260000,30,0.050000,0.600000,5.000000,raw-zero-distortion,590.9628888758,0.0000000000,1007.8592059077,0.0000000000,592.3761043005,547.7101609771,0.0000000000,0.0000000000,1.0000000000,-0.0359937509,0.0291287486,0.0062609452,0.0003552766,-0.0208418310,0.0000000000,0.0000000000,0.0000000000,0.0000000000,0.0000000000,1,0.000000,0.000000,73.658,750.410,1,0.849,73.164,751.507,65.386,791.281,8.739,779.520,80.577,716.226,133.952,723.373,-2.858270,0.621719,1.807147,3.438317,-0.001812,0.003223,1,4.260000,0.000000,1773.171,886.377,1,1.208,1772.315,886.471,1843.447,934.423,1760.635,935.278,1705.340,840.002,1784.213,843.300,1.892450,0.836620,1.462959,2.534077,4.255403,0.000545,0.0115622093,0.0115974555,-9.5631874193,0.0009065835,-0.0114223762,8.5180237846,0.0001568528,0.0041738817,1.0000000000,0.0115251996,0.0115705001,-9.5390451141,0.0009065523,-0.0114097207,8.5085477417,0.0001519167,0.0041759508,1.0000000000
383,34142240133646,56.4281,1785360911.528,2,3.7662,0.7486,3.8045,0.5588,3.7853,0.6537,191.41,0.0009,-0.0128,0.0017,0.0127,-0.0127,-12.91,-0.225260,1.0000,0.0026,0.5051,0.1936,0,frozen,2-tag corner homography,2,1920,1200,0.200000,101;102,1,1,,2-tag corner homography,0.010896,0.458552,101,102,4.718552,4.260000,30,0.050000,0.600000,5.000000,raw-zero-distortion,590.9628888758,0.0000000000,1007.8592059077,0.0000000000,592.3761043005,547.7101609771,0.0000000000,0.0000000000,1.0000000000,-0.0359937509,0.0291287486,0.0062609452,0.0003552766,-0.0208418310,0.0000000000,0.0000000000,0.0000000000,0.0000000000,0.0000000000,1,0.000000,0.000000,72.821,751.384,1,1.379,73.529,751.628,65.165,791.608,8.771,780.469,79.458,716.513,136.521,722.457,-2.814110,0.612716,1.779921,3.385669,-0.001419,0.000358,1,4.260000,0.000000,1773.798,886.412,1,1.494,1772.730,886.549,1844.301,934.464,1760.471,935.678,1705.214,839.668,1785.400,843.524,1.888284,0.834515,1.458946,2.527955,4.256731,0.000579,0.0117202667,0.0115806894,-9.5677172402,0.0009099990,-0.0114795160,8.5623424160,0.0001509505,0.0042559334,1.0000000000,0.0115251996,0.0115705001,-9.5390451141,0.0009065523,-0.0114097207,8.5085477417,0.0001519167,0.0041759508,1.0000000000
384,34142393651507,56.5816,1785360911.720,2,3.7682,0.7474,3.8038,0.5573,3.7860,0.6523,190.59,0.0014,-0.0142,0.0012,0.0143,-0.0143,-16.09,-0.280871,1.0000,0.0039,0.5051,0.1934,0,frozen,2-tag corner homography,2,1920,1200,0.200000,101;102,1,1,,2-tag corner homography,0.011126,0.494604,101,102,4.754604,4.260000,30,0.050000,0.600000,5.000000,raw-zero-distortion,590.9628888758,0.0000000000,1007.8592059077,0.0000000000,592.3761043005,547.7101609771,0.0000000000,0.0000000000,1.0000000000,-0.0359937509,0.0291287486,0.0062609452,0.0003552766,-0.0208418310,0.0000000000,0.0000000000,0.0000000000,0.0000000000,0.0000000000,1,0.000000,0.000000,73.173,751.226,1,0.862,73.269,751.804,65.575,791.480,8.677,780.140,79.729,716.496,135.024,723.499,-2.849292,0.620737,1.801674,3.427799,-0.000878,0.000868,1,4.260000,0.000000,1772.694,886.111,1,1.017,1772.101,886.508,1843.900,934.491,1760.622,935.490,1705.113,840.193,1783.218,843.062,1.888179,0.835056,1.460067,2.528702,4.254690,0.001069,0.0115618111,0.0116145584,-9.5805078136,0.0009052165,-0.0114243407,8.5228689029,0.0001437471,0.0041986721,1.0000000000,0.0115251996,0.0115705001,-9.5390451141,0.0009065523,-0.0114097207,8.5085477417,0.0001519167,0.0041759508,1.0000000000
385,34142592316135,56.7802,1785360911.913,2,3.7705,0.7465,3.8025,0.5558,3.7865,0.6512,189.55,,,,,,,,1.0000,0.0038,0.5051,0.1933,0,frozen,2-tag corner homography,2,1920,1200,0.200000,101;102,1,1,,2-tag corner homography,0.011409,0.503735,101,102,4.763735,4.260000,30,0.050000,0.600000,5.000000,raw-zero-distortion,590.9628888758,0.0000000000,1007.8592059077,0.0000000000,592.3761043005,547.7101609771,0.0000000000,0.0000000000,1.0000000000,-0.0359937509,0.0291287486,0.0062609452,0.0003552766,-0.0208418310,0.0000000000,0.0000000000,0.0000000000,0.0000000000,0.0000000000,1,0.000000,0.000000,73.552,750.531,1,0.852,73.250,751.481,65.458,791.271,8.536,779.667,80.372,716.205,134.566,723.188,-2.849162,0.619714,1.801554,3.427443,-0.001766,0.002866,1,4.260000,0.000000,1773.517,886.600,1,1.296,1772.580,886.654,1843.598,934.439,1760.751,935.399,1705.585,840.228,1784.760,843.624,1.897710,0.839108,1.466518,2.540882,4.255882,0.000095,0.0114473149,0.0115182687,-9.4958706734,0.0009002549,-0.0113269766,8.4464760022,0.0001480640,0.0041372873,1.0000000000,0.0115251996,0.0115705001,-9.5390451141,0.0009065523,-0.0114097207,8.5085477417,0.0001519167,0.0041759508,1.0000000000
386,34142754738254,56.9427,1785360912.071,2,3.7738,0.7443,3.7999,0.5563,3.7868,0.6503,187.91,,,,,,,,1.0000,0.0024,0.5051,0.1898,0,frozen,2-tag corner homography,2,1920,1200,0.200000,101;102,1,1,,2-tag corner homography,0.010837,0.481645,101,102,4.741645,4.260000,30,0.050000,0.600000,5.000000,raw-zero-distortion,590.9628888758,0.0000000000,1007.8592059077,0.0000000000,592.3761043005,547.7101609771,0.0000000000,0.0000000000,1.0000000000,-0.0359937509,0.0291287486,0.0062609452,0.0003552766,-0.0208418310,0.0000000000,0.0000000000,0.0000000000,0.0000000000,0.0000000000,1,0.000000,0.000000,73.085,751.420,1,0.740,73.203,751.875,65.547,791.574,8.696,780.707,79.672,716.329,134.863,723.320,-2.832803,0.617315,1.791120,3.407926,-0.000585,0.000316,1,4.260000,0.000000,1773.826,886.418,1,1.529,1772.737,886.565,1844.236,934.319,1760.625,935.640,1705.263,839.773,1785.296,843.656,1.892337,0.836340,1.462065,2.533384,4.256785,0.000569,0.0114231661,0.0114154528,-9.4207736342,0.0008893316,-0.0112299366,8.3787426883,0.0001554440,0.0041075946,1.0000000000,0.0115251996,0.0115705001,-9.5390451141,0.0009065523,-0.0114097207,8.5085477417,0.0001519167,0.0041759508,1.0000000000
387,34142914040097,57.1020,1785360912.191,2,3.7751,0.7439,3.8007,0.5538,3.7879,0.6488,187.67,0.0043,-0.0073,-0.0033,0.0078,-0.0078,-5.93,-0.103522,1.0000,0.0033,0.5051,0.1919,0,frozen,2-tag corner homography,2,1920,1200,0.200000,101;102,1,1,,2-tag corner homography,0.011004,0.496295,101,102,4.756295,4.260000,30,0.050000,0.600000,5.000000,raw-zero-distortion,590.9628888758,0.0000000000,1007.8592059077,0.0000000000,592.3761043005,547.7101609771,0.0000000000,0.0000000000,1.0000000000,-0.0359937509,0.0291287486,0.0062609452,0.0003552766,-0.0208418310,0.0000000000,0.0000000000,0.0000000000,0.0000000000,0.0000000000,1,0.000000,0.000000,73.157,751.141,1,0.942,73.319,751.709,65.592,791.391,8.674,780.024,79.669,716.497,135.246,723.331,-2.848733,0.620360,1.801416,3.427131,-0.001161,0.001099,1,4.260000,0.000000,1773.230,886.308,1,1.214,1772.406,886.514,1843.779,934.437,1760.631,935.476,1705.356,840.005,1784.257,843.274,1.890492,0.835760,1.461272,2.531358,4.255617,0.000713,0.0114868162,0.0115804547,-9.5487946224,0.0009000344,-0.0113533141,8.4687786030,0.0001445822,0.0041631026,1.0000000000,0.0115251996,0.0115705001,-9.5390451141,0.0009065523,-0.0114097207,8.5085477417,0.0001519167,0.0041759508,1.0000000000
388,34143073124320,57.2610,1785360912.404,2,3.7740,0.7437,3.8015,0.5520,3.7878,0.6479,188.17,0.0032,-0.0077,-0.0020,0.0080,-0.0080,-0.67,-0.011779,1.0000,0.0033,0.5051,0.1937,0,frozen,2-tag corner homography,2,1920,1200,0.200000,101;102,1,1,,2-tag corner homography,0.011529,0.489627,101,102,4.749627,4.260000,30,0.050000,0.600000,5.000000,raw-zero-distortion,590.9628888758,0.0000000000,1007.8592059077,0.0000000000,592.3761043005,547.7101609771,0.0000000000,0.0000000000,1.0000000000,-0.0359937509,0.0291287486,0.0062609452,0.0003552766,-0.0208418310,0.0000000000,0.0000000000,0.0000000000,0.0000000000,0.0000000000,1,0.000000,0.000000,73.338,750.966,1,0.781,73.226,751.686,65.354,791.337,8.551,780.310,80.177,716.388,134.743,723.154,-2.838709,0.618047,1.794899,3.414955,-0.001147,0.001621,1,4.260000,0.000000,1773.340,886.367,1,1.305,1772.424,886.511,1843.565,934.437,1760.519,935.261,1705.441,839.890,1784.562,843.567,1.894309,0.837420,1.464187,2.536439,4.255784,0.000598,0.0116243119,0.0117819362,-9.7092801803,0.0009097093,-0.0114734295,8.5581148140,0.0001522622,0.0042170945,1.0000000000,0.0115251996,0.0115705001,-9.5390451141,0.0009065523,-0.0114097207,8.5085477417,0.0001519167,0.0041759508,1.0000000000
389,34143266513210,57.4544,1785360912.556,2,3.7740,0.7403,3.8018,0.5512,3.7879,0.6457,188.36,,,,,,,,1.0000,0.0026,0.5051,0.1912,0,frozen,2-tag corner homography,2,1920,1200,0.200000,101;102,1,1,,2-tag corner homography,0.010646,0.467866,101,102,4.727866,4.260000,30,0.050000,0.600000,5.000000,raw-zero-distortion,590.9628888758,0.0000000000,1007.8592059077,0.0000000000,592.3761043005,547.7101609771,0.0000000000,0.0000000000,1.0000000000,-0.0359937509,0.0291287486,0.0062609452,0.0003552766,-0.0208418310,0.0000000000,0.0000000000,0.0000000000,0.0000000000,0.0000000000,1,0.000000,0.000000,73.079,751.686,1,0.626,73.244,751.992,65.468,791.658,8.692,781.201,79.826,716.255,134.954,723.323,-2.820132,0.614935,1.783187,3.392793,0.000142,-0.000417,1,4.260000,0.000000,1773.701,886.538,1,1.431,1772.672,886.661,1844.336,934.435,1760.327,935.761,1705.116,840.031,1785.388,843.523,1.891586,0.836316,1.461608,2.532552,4.256362,0.000272,0.0114265665,0.0114173494,-9.4243346741,0.0008861712,-0.0111916227,8.3514694424,0.0001622376,0.0040947967,1.0000000000,0.0115251996,0.0115705001,-9.5390451141,0.0009065523,-0.0114097207,8.5085477417,0.0001519167,0.0041759508,1.0000000000
390,34143406195066,57.5941,1785360912.735,2,3.7737,0.7392,3.8032,0.5497,3.7884,0.6445,188.85,0.0020,-0.0101,-0.0004,0.0103,-0.0103,1.84,0.032185,1.0000,0.0042,0.5051,0.1917,0,frozen,2-tag corner homography,2,1920,1200,0.200000,101;102,1,1,,2-tag corner homography,0.011000,0.461651,101,102,4.721651,4.260000,30,0.050000,0.600000,5.000000,raw-zero-distortion,590.9628888758,0.0000000000,1007.8592059077,0.0000000000,592.3761043005,547.7101609771,0.0000000000,0.0000000000,1.0000000000,-0.0359937509,0.0291287486,0.0062609452,0.0003552766,-0.0208418310,0.0000000000,0.0000000000,0.0000000000,0.0000000000,0.0000000000,1,0.000000,0.000000,73.110,751.017,1,1.356,73.645,751.470,65.488,791.484,8.673,780.155,79.621,716.451,136.580,722.316,-2.817769,0.613112,1.782458,3.390116,-0.001638,0.001431,1,4.260000,0.000000,1772.767,886.354,1,1.031,1772.083,886.551,1843.784,934.540,1760.881,935.552,1704.893,840.301,1783.234,843.025,1.887610,0.834929,1.459660,2.528000,4.254547,0.000524,0.0117118108,0.0120411497,-9.9127235058,0.0009188511,-0.0115598283,8.6193866763,0.0001325718,0.0043034446,1.0000000000,0.0115251996,0.0115705001,-9.5390451141,0.0009065523,-0.0114097207,8.5085477417,0.0001519167,0.0041759508,1.0000000000
391,34143610715077,57.7986,1785360912.910,2,3.7733,0.7385,3.8052,0.5484,3.7892,0.6434,189.54,0.0035,-0.0071,-0.0023,0.0076,-0.0076,3.19,0.055752,1.0000,0.0034,0.5051,0.1928,0,frozen,2-tag corner homography,2,1920,1200,0.200000,101;102,1,1,,2-tag corner homography,0.011176,0.490140,101,102,4.750140,4.260000,30,0.050000,0.600000,5.000000,raw-zero-distortion,590.9628888758,0.0000000000,1007.8592059077,0.0000000000,592.3761043005,547.7101609771,0.0000000000,0.0000000000,1.0000000000,-0.0359937509,0.0291287486,0.0062609452,0.0003552766,-0.0208418310,0.0000000000,0.0000000000,0.0000000000,0.0000000000,0.0000000000,1,0.000000,0.000000,72.971,751.236,1,0.903,73.121,751.782,65.233,791.485,8.709,780.222,79.650,716.498,134.832,723.334,-2.845233,0.619688,1.798821,3.422736,-0.001412,0.000797,1,4.260000,0.000000,1773.214,886.295,1,1.157,1772.452,886.556,1844.116,934.591,1760.672,935.555,1705.286,840.026,1784.178,843.231,1.887868,0.834653,1.459155,2.527810,4.255598,0.000740,0.0115945386,0.0116625149,-9.6170609262,0.0009054290,-0.0114247933,8.5230860245,0.0001542370,0.0041955836,1.0000000000,0.0115251996,0.0115705001,-9.5390451141,0.0009065523,-0.0114097207,8.5085477417,0.0001519167,0.0041759508,1.0000000000
392,34143754405188,57.9423,1785360913.092,2,3.7728,0.7371,3.8069,0.5465,3.7898,0.6418,190.16,0.0039,-0.0074,-0.0026,0.0080,-0.0080,3.60,0.062867,1.0000,0.0038,0.5051,0.1936,0,frozen,2-tag corner homography,2,1920,1200,0.200000,101;102,1,1,,2-tag corner homography,0.011343,0.484964,101,102,4.744964,4.260000,30,0.050000,0.600000,5.000000,raw-zero-distortion,590.9628888758,0.0000000000,1007.8592059077,0.0000000000,592.3761043005,547.7101609771,0.0000000000,0.0000000000,1.0000000000,-0.0359937509,0.0291287486,0.0062609452,0.0003552766,-0.0208418310,0.0000000000,0.0000000000,0.0000000000,0.0000000000,0.0000000000,1,0.000000,0.000000,73.151,751.171,1,0.795,73.222,751.721,65.503,791.428,8.636,780.285,79.777,716.290,134.912,723.300,-2.840416,0.618521,1.795970,3.417022,-0.001095,0.001015,1,4.260000,0.000000,1772.744,885.992,1,1.037,1772.160,886.437,1843.860,934.423,1760.735,935.448,1705.292,840.057,1783.177,843.026,1.887673,0.834594,1.459563,2.527881,4.254947,0.001350,0.0114974458,0.0115073759,-9.4938313044,0.0008986043,-0.0113407672,8.4596304675,0.0001419492,0.0041701188,1.0000000000,0.0115251996,0.0115705001,-9.5390451141,0.0009065523,-0.0114097207,8.5085477417,0.0001519167,0.0041759508,1.0000000000
393,34143946560858,58.1345,1785360913.266,2,3.7733,0.7364,3.8090,0.5457,3.7911,0.6410,190.61,0.0054,-0.0070,-0.0040,0.0079,-0.0079,3.21,0.055945,1.0000,0.0027,0.5051,0.1940,0,frozen,2-tag corner homography,2,1920,1200,0.200000,101;102,1,1,,2-tag corner homography,0.010353,0.523708,101,102,4.783708,4.260000,30,0.050000,0.600000,5.000000,raw-zero-distortion,590.9628888758,0.0000000000,1007.8592059077,0.0000000000,592.3761043005,547.7101609771,0.0000000000,0.0000000000,1.0000000000,-0.0359937509,0.0291287486,0.0062609452,0.0003552766,-0.0208418310,0.0000000000,0.0000000000,0.0000000000,0.0000000000,0.0000000000,1,0.000000,0.000000,73.168,751.212,1,0.923,73.309,751.789,65.704,791.354,8.616,780.287,79.590,716.673,135.223,723.261,-2.846942,0.620207,1.800265,3.425010,-0.000934,0.000906,1,4.260000,0.000000,1776.089,888.386,1,2.749,1773.817,887.314,1843.620,934.595,1760.652,935.421,1705.481,840.073,1790.000,846.000,1.920645,0.849528,1.481844,2.570299,4.259275,-0.003529,0.0114276243,0.0115265513,-9.5045958206,0.0009032120,-0.0113448618,8.4632535887,0.0001605639,0.0041054269,1.0000000000,0.0115251996,0.0115705001,-9.5390451141,0.0009065523,-0.0114097207,8.5085477417,0.0001519167,0.0041759508,1.0000000000
394,34144136248761,58.3242,1785360913.461,2,3.7732,0.7338,3.8066,0.5427,3.7899,0.6382,189.90,,,,,,,,1.0000,0.0025,0.5051,0.1940,0,frozen,2-tag corner homography,2,1920,1200,0.200000,101;102,1,1,,2-tag corner homography,0.010775,0.483730,101,102,4.743730,4.260000,30,0.050000,0.600000,5.000000,raw-zero-distortion,590.9628888758,0.0000000000,1007.8592059077,0.0000000000,592.3761043005,547.7101609771,0.0000000000,0.0000000000,1.0000000000,-0.0359937509,0.0291287486,0.0062609452,0.0003552766,-0.0208418310,0.0000000000,0.0000000000,0.0000000000,0.0000000000,0.0000000000,1,0.000000,0.000000,72.889,751.525,1,0.955,73.208,751.917,65.354,791.673,8.620,780.531,79.452,716.552,135.312,723.351,-2.836328,0.618215,1.793358,3.412196,-0.000837,-0.000015,1,4.260000,0.000000,1773.839,886.586,1,1.450,1772.774,886.608,1843.896,934.452,1760.679,935.688,1705.503,839.895,1785.392,843.477,1.890727,0.835694,1.460751,2.531211,4.256604,0.000187,0.0113541043,0.0114109540,-9.4127775993,0.0008851201,-0.0111788553,8.3412012185,0.0001493663,0.0040884202,1.0000000000,0.0115251996,0.0115705001,-9.5390451141,0.0009065523,-0.0114097207,8.5085477417,0.0001519167,0.0041759508,1.0000000000
395,34144301272321,58.4892,1785360913.614,2,3.7755,0.7318,3.8114,0.5418,3.7935,0.6368,190.70,,,,,,,,1.0000,0.0039,0.5051,0.1933,0,frozen,2-tag corner homography,2,1920,1200,0.200000,101;102,1,1,,2-tag corner homography,0.011015,0.462598,101,102,4.722598,4.260000,30,0.050000,0.600000,5.000000,raw-zero-distortion,590.9628888758,0.0000000000,1007.8592059077,0.0000000000,592.3761043005,547.7101609771,0.0000000000,0.0000000000,1.0000000000,-0.0359937509,0.0291287486,0.0062609452,0.0003552766,-0.0208418310,0.0000000000,0.0000000000,0.0000000000,0.0000000000,0.0000000000,1,0.000000,0.000000,73.061,751.071,1,1.390,73.649,751.484,65.472,791.394,8.538,780.262,79.552,716.582,136.775,722.245,-2.816615,0.612908,1.781735,3.388740,-0.001625,0.001272,1,4.260000,0.000000,1772.829,886.001,1,1.048,1772.265,886.509,1844.137,934.417,1760.737,935.503,1705.345,840.182,1783.300,843.137,1.889815,0.835602,1.461018,2.530653,4.255124,0.001345,0.0117777935,0.0120430577,-9.9192563262,0.0009235631,-0.0116285841,8.6710967882,0.0001323772,0.0043341270,1.0000000000,0.0115251996,0.0115705001,-9.5390451141,0.0009065523,-0.0114097207,8.5085477417,0.0001519167,0.0041759508,1.0000000000
396,34144480566833,58.6685,1785360913.822,2,3.7807,0.7322,3.8084,0.5412,3.7946,0.6367,188.26,0.0135,-0.0044,-0.0127,0.0062,-0.0062,-4.84,-0.084508,1.0000,0.0039,0.5051,0.1929,0,frozen,2-tag corner homography,2,1920,1200,0.200000,101;102,1,1,,2-tag corner homography,0.011625,0.511317,101,102,4.771317,4.260000,30,0.050000,0.600000,5.000000,raw-zero-distortion,590.9628888758,0.0000000000,1007.8592059077,0.0000000000,592.3761043005,547.7101609771,0.0000000000,0.0000000000,1.0000000000,-0.0359937509,0.0291287486,0.0062609452,0.0003552766,-0.0208418310,0.0000000000,0.0000000000,0.0000000000,0.0000000000,0.0000000000,1,0.000000,0.000000,73.123,750.678,1,1.018,73.121,751.473,65.200,791.143,8.729,779.512,79.814,716.506,134.669,723.120,-2.859630,0.621883,1.807925,3.439886,-0.002549,0.002365,1,4.260000,0.000000,1773.401,886.485,1,1.287,1772.491,886.594,1843.494,934.495,1760.753,935.381,1705.578,840.030,1784.500,843.573,1.894393,0.837589,1.464124,2.536521,4.255771,0.000339,0.0116208657,0.0117461369,-9.6782489786,0.0009144177,-0.0115101988,8.5831503984,0.0001510537,0.0042177538,1.0000000000,0.0115251996,0.0115705001,-9.5390451141,0.0009065523,-0.0114097207,8.5085477417,0.0001519167,0.0041759508,1.0000000000
397,34144696172480,58.8841,1785360914.014,2,3.7866,0.7299,3.8054,0.5416,3.7960,0.6357,185.72,,,,,,,,1.0000,0.0028,0.5051,0.1893,0,frozen,2-tag corner homography,2,1920,1200,0.200000,101;102,1,1,,2-tag corner homography,0.010744,0.484126,101,102,4.744126,4.260000,30,0.050000,0.600000,5.000000,raw-zero-distortion,590.9628888758,0.0000000000,1007.8592059077,0.0000000000,592.3761043005,547.7101609771,0.0000000000,0.0000000000,1.0000000000,-0.0359937509,0.0291287486,0.0062609452,0.0003552766,-0.0208418310,0.0000000000,0.0000000000,0.0000000000,0.0000000000,0.0000000000,1,0.000000,0.000000,73.113,751.268,1,0.996,73.326,751.821,65.661,791.582,8.767,780.478,79.520,716.616,135.278,723.049,-2.835700,0.617867,1.793188,3.411521,-0.000927,0.000739,1,4.260000,0.000000,1773.611,886.497,1,1.361,1772.633,886.613,1844.141,934.490,1760.243,935.589,1705.262,839.988,1785.326,843.476,1.891795,0.836333,1.461845,2.532851,4.256216,0.000349,0.0114734224,0.0113586131,-9.3824306571,0.0008929740,-0.0112713484,8.4092168675,0.0001571827,0.0041241632,1.0000000000,0.0115251996,0.0115705001,-9.5390451141,0.0009065523,-0.0114097207,8.5085477417,0.0001519167,0.0041759508,1.0000000000
398,34144887819728,59.0757,1785360914.215,2,3.7896,0.7288,3.8037,0.5375,3.7967,0.6332,184.22,,,,,,,,1.0000,0.0034,0.5051,0.1918,0,frozen,2-tag corner homography,2,1920,1200,0.200000,101;102,1,1,,2-tag corner homography,0.011247,0.494503,101,102,4.754503,4.260000,30,0.050000,0.600000,5.000000,raw-zero-distortion,590.9628888758,0.0000000000,1007.8592059077,0.0000000000,592.3761043005,547.7101609771,0.0000000000,0.0000000000,1.0000000000,-0.0359937509,0.0291287486,0.0062609452,0.0003552766,-0.0208418310,0.0000000000,0.0000000000,0.0000000000,0.0000000000,0.0000000000,1,0.000000,0.000000,72.892,751.354,1,0.859,73.075,751.827,65.234,791.431,8.638,780.343,79.545,716.532,134.819,723.414,-2.846183,0.620002,1.799333,3.423852,-0.001306,0.000457,1,4.260000,0.000000,1773.137,886.309,1,1.152,1772.347,886.476,1843.621,934.330,1760.677,935.448,1705.368,840.137,1784.093,843.100,1.891418,0.836140,1.462101,2.532653,4.255413,0.000695,0.0114886353,0.0115644955,-9.5356333778,0.0008978227,-0.0113397442,8.4602901669,0.0001500724,0.0041525865,1.0000000000,0.0115251996,0.0115705001,-9.5390451141,0.0009065523,-0.0114097207,8.5085477417,0.0001519167,0.0041759508,1.0000000000
399,34145087400667,59.2753,1785360914.413,2,3.7900,0.7264,3.8030,0.5366,3.7965,0.6315,183.91,,,,,,,,1.0000,0.0035,0.5051,0.1902,0,frozen,2-tag corner homography,2,1920,1200,0.200000,101;102,1,1,,2-tag corner homography,0.011231,0.481876,101,102,4.741876,4.260000,30,0.050000,0.600000,5.000000,raw-zero-distortion,590.9628888758,0.0000000000,1007.8592059077,0.0000000000,592.3761043005,547.7101609771,0.0000000000,0.0000000000,1.0000000000,-0.0359937509,0.0291287486,0.0062609452,0.0003552766,-0.0208418310,0.0000000000,0.0000000000,0.0000000000,0.0000000000,0.0000000000,1,0.000000,0.000000,73.313,751.072,1,0.813,73.371,751.645,65.462,791.394,8.778,780.148,80.098,716.222,135.075,723.245,-2.839145,0.618113,1.795453,3.415620,-0.000922,0.001323,1,4.260000,0.000000,1773.068,886.123,1,1.138,1772.342,886.431,1843.878,934.508,1760.574,935.477,1705.345,839.846,1783.969,843.065,1.885782,0.833543,1.457754,2.525077,4.255495,0.001110,0.0115253190,0.0115965099,-9.5637024020,0.0008995182,-0.0113472380,8.4634442674,0.0001495157,0.0041710424,1.0000000000,0.0115251996,0.0115705001,-9.5390451141,0.0009065523,-0.0114097207,8.5085477417,0.0001519167,0.0041759508,1.0000000000
400,34145289118965,59.4770,1785360914.648,2,3.7914,0.7245,3.8029,0.5361,3.7971,0.6303,183.50,,,,,,,,1.0000,0.0034,0.5051,0.1887,0,frozen,2-tag corner homography,2,1920,1200,0.200000,101;102,1,1,,2-tag corner homography,0.011231,0.487253,101,102,4.747253,4.260000,30,0.050000,0.600000,5.000000,raw-zero-distortion,590.9628888758,0.0000000000,1007.8592059077,0.0000000000,592.3761043005,547.7101609771,0.0000000000,0.0000000000,1.0000000000,-0.0359937509,0.0291287486,0.0062609452,0.0003552766,-0.0208418310,0.0000000000,0.0000000000,0.0000000000,0.0000000000,0.0000000000,1,0.000000,0.000000,73.071,751.343,1,0.738,73.186,751.797,65.379,791.358,8.615,780.465,79.792,716.376,134.888,723.413,-2.841307,0.618922,1.796464,3.418095,-0.000838,0.000525,1,4.260000,0.000000,1773.148,886.357,1,1.077,1772.403,886.492,1843.697,934.498,1760.726,935.445,1705.432,840.149,1784.120,843.000,1.889085,0.835088,1.460190,2.529460,4.255377,0.000585,0.0114795193,0.0115475383,-9.5231758858,0.0008961287,-0.0113144067,8.4409404853,0.0001499452,0.0041480054,1.0000000000,0.0115251996,0.0115705001,-9.5390451141,0.0009065523,-0.0114097207,8.5085477417,0.0001519167,0.0041759508,1.0000000000
401,34145510169634,59.6981,1785360914.807,2,3.7927,0.7234,3.8031,0.5349,3.7979,0.6291,183.17,,,,,,,,1.0000,0.0033,0.5051,0.1887,0,frozen,2-tag corner homography,2,1920,1200,0.200000,101;102,1,1,,2-tag corner homography,0.012291,0.497649,101,102,4.757649,4.260000,30,0.050000,0.600000,5.000000,raw-zero-distortion,590.9628888758,0.0000000000,1007.8592059077,0.0000000000,592.3761043005,547.7101609771,0.0000000000,0.0000000000,1.0000000000,-0.0359937509,0.0291287486,0.0062609452,0.0003552766,-0.0208418310,0.0000000000,0.0000000000,0.0000000000,0.0000000000,0.0000000000,1,0.000000,0.000000,73.095,751.152,1,0.840,73.187,751.717,65.532,791.358,8.712,780.046,79.632,716.399,134.823,723.450,-2.851848,0.620975,1.803131,3.430733,-0.001303,0.001054,1,4.260000,0.000000,1773.256,886.220,1,1.122,1772.518,886.469,1844.124,934.477,1760.851,935.460,1705.406,840.018,1784.121,843.095,1.888565,0.834676,1.459568,2.528577,4.255785,0.000920,0.0114252041,0.0121438095,-9.9663622965,0.0008975236,-0.0113109626,8.4363304611,0.0001487987,0.0041478015,1.0000000000,0.0115251996,0.0115705001,-9.5390451141,0.0009065523,-0.0114097207,8.5085477417,0.0001519167,0.0041759508,1.0000000000
402,34145685538413,59.8735,1785360915.019,2,3.7915,0.7219,3.8043,0.5323,3.7979,0.6271,183.85,,,,,,,,1.0000,0.0030,0.5051,0.1901,0,frozen,2-tag corner homography,2,1920,1200,0.200000,101;102,1,1,,2-tag corner homography,0.011046,0.489829,101,102,4.749829,4.260000,30,0.050000,0.600000,5.000000,raw-zero-distortion,590.9628888758,0.0000000000,1007.8592059077,0.0000000000,592.3761043005,547.7101609771,0.0000000000,0.0000000000,1.0000000000,-0.0359937509,0.0291287486,0.0062609452,0.0003552766,-0.0208418310,0.0000000000,0.0000000000,0.0000000000,0.0000000000,0.0000000000,1,0.000000,0.000000,73.183,751.247,1,0.858,73.353,751.740,65.641,791.436,8.685,780.204,79.730,716.362,135.268,723.373,-2.843080,0.619245,1.797906,3.420385,-0.000794,0.000814,1,4.260000,0.000000,1773.426,886.454,1,1.357,1772.466,886.565,1843.721,934.567,1760.797,935.485,1705.285,839.817,1784.475,843.557,1.889821,0.835525,1.460639,2.530413,4.255864,0.000413,0.0114474261,0.0115027013,-9.4882362455,0.0008964297,-0.0113056595,8.4335074668,0.0001409368,0.0041497663,1.0000000000,0.0115251996,0.0115705001,-9.5390451141,0.0009065523,-0.0114097207,8.5085477417,0.0001519167,0.0041759508,1.0000000000
403,34145880637108,60.0686,1785360915.177,2,3.7910,0.7214,3.8064,0.5315,3.7987,0.6264,184.64,,,,,,,,1.0000,0.0034,0.5051,0.1905,0,frozen,2-tag corner homography,2,1920,1200,0.200000,101;102,1,1,,2-tag corner homography,0.011200,0.500482,101,102,4.760482,4.260000,30,0.050000,0.600000,5.000000,raw-zero-distortion,590.9628888758,0.0000000000,1007.8592059077,0.0000000000,592.3761043005,547.7101609771,0.0000000000,0.0000000000,1.0000000000,-0.0359937509,0.0291287486,0.0062609452,0.0003552766,-0.0208418310,0.0000000000,0.0000000000,0.0000000000,0.0000000000,0.0000000000,1,0.000000,0.000000,72.992,751.120,1,0.939,73.081,751.767,65.440,791.440,8.633,780.076,79.458,716.601,134.737,723.341,-2.852292,0.621153,1.803207,3.431174,-0.001677,0.001120,1,4.260000,0.000000,1773.267,886.338,1,1.215,1772.435,886.525,1843.782,934.411,1760.711,935.498,1705.378,840.056,1784.268,843.265,1.891058,0.836005,1.461653,2.532081,4.255661,0.000651,0.0114712278,0.0115253288,-9.5042002181,0.0008978784,-0.0113314555,8.4533563467,0.0001492037,0.0041454710,1.0000000000,0.0115251996,0.0115705001,-9.5390451141,0.0009065523,-0.0114097207,8.5085477417,0.0001519167,0.0041759508,1.0000000000
404,34146024140341,60.2121,1785360915.331,2,3.7915,0.7194,3.8065,0.5303,3.7990,0.6249,184.52,0.0032,-0.0064,-0.0027,0.0066,-0.0066,2.09,0.036526,1.0000,0.0033,0.5051,0.1898,0,frozen,2-tag corner homography,2,1920,1200,0.200000,101;102,1,1,,2-tag corner homography,0.011126,0.487558,101,102,4.747558,4.260000,30,0.050000,0.600000,5.000000,raw-zero-distortion,590.9628888758,0.0000000000,1007.8592059077,0.0000000000,592.3761043005,547.7101609771,0.0000000000,0.0000000000,1.0000000000,-0.0359937509,0.0291287486,0.0062609452,0.0003552766,-0.0208418310,0.0000000000,0.0000000000,0.0000000000,0.0000000000,0.0000000000,1,0.000000,0.000000,72.990,751.145,1,1.106,73.267,751.711,65.518,791.400,8.601,780.312,79.378,716.729,135.443,722.855,-2.838341,0.618069,1.794744,3.414571,-0.001616,0.001053,1,4.260000,0.000000,1773.402,886.486,1,1.260,1772.513,886.607,1843.880,934.528,1760.749,935.476,1705.338,840.090,1784.511,843.470,1.892535,0.836775,1.462646,2.534011,4.255771,0.000336,0.0116339378,0.0117487811,-9.6856660436,0.0009109385,-0.0114850247,8.5671036542,0.0001471246,0.0042304881,1.0000000000,0.0115251996,0.0115705001,-9.5390451141,0.0009065523,-0.0114097207,8.5085477417,0.0001519167,0.0041759508,1.0000000000
405,34146187116836,60.3750,1785360915.492,2,3.7940,0.7173,3.8044,0.5289,3.7992,0.6231,183.16,0.0018,-0.0099,-0.0013,0.0100,-0.0100,-3.41,-0.059508,1.0000,0.0039,0.5051,0.1887,0,frozen,2-tag corner homography,2,1920,1200,0.200000,101;102,1,1,,2-tag corner homography,0.011057,0.499431,101,102,4.759431,4.260000,30,0.050000,0.600000,5.000000,raw-zero-distortion,590.9628888758,0.0000000000,1007.8592059077,0.0000000000,592.3761043005,547.7101609771,0.0000000000,0.0000000000,1.0000000000,-0.0359937509,0.0291287486,0.0062609452,0.0003552766,-0.0208418310,0.0000000000,0.0000000000,0.0000000000,0.0000000000,0.0000000000,1,0.000000,0.000000,73.284,750.991,1,0.829,73.238,751.693,65.767,791.380,8.722,780.096,79.724,716.386,134.706,723.300,-2.848763,0.620266,1.801279,3.427067,-0.001228,0.001540,1,4.260000,0.000000,1773.050,886.549,1,1.220,1772.176,886.615,1843.737,934.471,1760.708,935.434,1704.813,840.289,1783.935,843.438,1.893737,0.837697,1.464220,2.536122,4.254923,0.000127,0.0115101683,0.0115214417,-9.5051002929,0.0009029869,-0.0113775544,8.4865868085,0.0001471771,0.0041657721,1.0000000000,0.0115251996,0.0115705001,-9.5390451141,0.0009065523,-0.0114097207,8.5085477417,0.0001519167,0.0041759508,1.0000000000
406,34146337016437,60.5249,1785360915.607,2,3.7976,0.7159,3.7998,0.5284,3.7987,0.6222,180.66,-0.0003,-0.0090,0.0004,0.0090,-0.0090,-10.12,-0.176642,1.0000,0.0033,0.5051,0.1875,0,frozen,2-tag corner homography,2,1920,1200,0.200000,101;102,1,1,,2-tag corner homography,0.011175,0.503304,101,102,4.763304,4.260000,30,0.050000,0.600000,5.000000,raw-zero-distortion,590.9628888758,0.0000000000,1007.8592059077,0.0000000000,592.3761043005,547.7101609771,0.0000000000,0.0000000000,1.0000000000,-0.0359937509,0.0291287486,0.0062609452,0.0003552766,-0.0208418310,0.0000000000,0.0000000000,0.0000000000,0.0000000000,0.0000000000,1,0.000000,0.000000,73.107,751.061,1,0.820,73.105,751.709,65.512,791.336,8.631,779.965,79.639,716.416,134.597,723.494,-2.855669,0.621729,1.805388,3.435232,-0.001526,0.001309,1,4.260000,0.000000,1773.433,886.472,1,1.321,1772.494,886.570,1843.807,934.510,1760.853,935.531,1705.273,839.947,1784.464,843.449,1.890346,0.835738,1.460990,2.531078,4.255856,0.000373,0.0114860130,0.0115170476,-9.4986404121,0.0009000687,-0.0113502591,8.4666390822,0.0001490082,0.0041524215,1.0000000000,0.0115251996,0.0115705001,-9.5390451141,0.0009065523,-0.0114097207,8.5085477417,0.0001519167,0.0041759508,1.0000000000
407,34146466166829,60.6541,1785360915.773,2,3.8013,0.7149,3.7955,0.5289,3.7984,0.6219,178.21,-0.0020,-0.0056,0.0018,0.0057,-0.0057,-15.44,-0.269515,1.0000,0.0034,0.5051,0.1861,0,frozen,2-tag corner homography,2,1920,1200,0.200000,101;102,1,1,,2-tag corner homography,0.011105,0.495699,101,102,4.755699,4.260000,30,0.050000,0.600000,5.000000,raw-zero-distortion,590.9628888758,0.0000000000,1007.8592059077,0.0000000000,592.3761043005,547.7101609771,0.0000000000,0.0000000000,1.0000000000,-0.0359937509,0.0291287486,0.0062609452,0.0003552766,-0.0208418310,0.0000000000,0.0000000000,0.0000000000,0.0000000000,0.0000000000,1,0.000000,0.000000,73.203,750.990,1,0.870,73.252,751.622,65.485,791.347,8.652,779.968,79.834,716.317,134.962,723.265,-2.846585,0.619584,1.799928,3.424423,-0.001455,0.001525,1,4.260000,0.000000,1773.379,886.498,1,1.330,1772.421,886.562,1843.661,934.457,1760.709,935.459,1705.217,839.987,1784.512,843.476,1.892164,0.836601,1.462535,2.533613,4.255706,0.000304,0.0114888358,0.0115588550,-9.5309961286,0.0009007012,-0.0113504744,8.4656483994,0.0001466377,0.0041595487,1.0000000000,0.0115251996,0.0115705001,-9.5390451141,0.0009065523,-0.0114097207,8.5085477417,0.0001519167,0.0041759508,1.0000000000
408,34146635020339,60.8229,1785360915.926,2,3.8025,0.7136,3.7942,0.5292,3.7983,0.6214,177.41,-0.0013,-0.0031,0.0011,0.0032,-0.0032,-11.58,-0.202176,1.0000,0.0037,0.5051,0.1846,0,frozen,2-tag corner homography,2,1920,1200,0.200000,101;102,1,0,world_rms>0.050,2-tag corner homography,0.118150,0.460808,101,102,4.720808,4.260000,30,0.050000,0.600000,5.000000,raw-zero-distortion,590.9628888758,0.0000000000,1007.8592059077,0.0000000000,592.3761043005,547.7101609771,0.0000000000,0.0000000000,1.0000000000,-0.0359937509,0.0291287486,0.0062609452,0.0003552766,-0.0208418310,0.0000000000,0.0000000000,0.0000000000,0.0000000000,0.0000000000,1,0.000000,0.000000,73.140,751.109,1,1.218,73.605,751.534,65.420,791.501,8.631,780.317,79.780,716.369,136.383,722.475,-2.816311,0.612960,1.781458,3.388351,-0.001296,0.001182,1,4.260000,0.000000,1772.997,886.323,1,1.071,1772.277,886.518,1843.798,934.502,1760.620,935.521,1705.201,840.189,1783.893,843.011,1.888293,0.834940,1.459819,2.528606,4.255088,0.000636,0.0668074773,-0.0069436434,0.3573858471,0.0013152008,-0.0179485641,13.4687873571,0.0018990117,0.0249329795,1.0000000000,0.0115251996,0.0115705001,-9.5390451141,0.0009065523,-0.0114097207,8.5085477417,0.0001519167,0.0041759508,1.0000000000
409,34146768631670,60.9566,1785360916.041,2,3.8035,0.7122,3.7918,0.5285,3.7976,0.6203,176.36,-0.0021,-0.0046,0.0018,0.0047,-0.0047,-7.63,-0.133168,1.0000,0.0031,0.5051,0.1841,0,frozen,2-tag corner homography,2,1920,1200,0.200000,101;102,1,1,,2-tag corner homography,0.010918,0.490586,101,102,4.750586,4.260000,30,0.050000,0.600000,5.000000,raw-zero-distortion,590.9628888758,0.0000000000,1007.8592059077,0.0000000000,592.3761043005,547.7101609771,0.0000000000,0.0000000000,1.0000000000,-0.0359937509,0.0291287486,0.0062609452,0.0003552766,-0.0208418310,0.0000000000,0.0000000000,0.0000000000,0.0000000000,0.0000000000,1,0.000000,0.000000,73.128,751.209,1,0.849,73.271,751.724,65.610,791.390,8.542,780.253,79.644,716.377,135.195,723.298,-2.842024,0.618912,1.797082,3.419014,-0.001054,0.000906,1,4.260000,0.000000,1773.361,886.375,1,1.249,1772.491,886.522,1843.953,934.419,1760.830,935.448,1705.271,840.034,1784.350,843.341,1.891750,0.836243,1.462082,2.532924,4.255821,0.000583,0.0114882873,0.0115800492,-9.5482568541,0.0008997568,-0.0113501380,8.4665660295,0.0001432686,0.0041667080,1.0000000000,0.0115251996,0.0115705001,-9.5390451141,0.0009065523,-0.0114097207,8.5085477417,0.0001519167,0.0041759508,1.0000000000
410,34146882407785,61.0703,1785360916.151,2,3.8042,0.7122,3.7923,0.5283,3.7983,0.6202,176.31,-0.0010,-0.0048,0.0007,0.0048,-0.0048,-5.60,-0.097741,1.0000,0.0040,0.5051,0.1843,0,frozen,2-tag corner homography,2,1920,1200,0.200000,101;102,1,1,,2-tag corner homography,0.011116,0.461967,101,102,4.721967,4.260000,30,0.050000,0.600000,5.000000,raw-zero-distortion,590.9628888758,0.0000000000,1007.8592059077,0.0000000000,592.3761043005,547.7101609771,0.0000000000,0.0000000000,1.0000000000,-0.0359937509,0.0291287486,0.0062609452,0.0003552766,-0.0208418310,0.0000000000,0.0000000000,0.0000000000,0.0000000000,0.0000000000,1,0.000000,0.000000,73.309,750.897,1,1.202,73.700,751.398,65.524,791.377,8.601,780.045,79.972,716.255,136.484,722.440,-2.819266,0.613259,1.783510,3.391939,-0.001419,0.001803,1,4.260000,0.000000,1772.742,886.003,1,1.107,1772.091,886.417,1843.748,934.435,1760.689,935.453,1705.155,839.904,1783.200,843.093,1.886339,0.834028,1.458663,2.526178,4.254929,0.001324,0.0116740124,0.0118888845,-9.7953194602,0.0009148180,-0.0115168995,8.5867324458,0.0001307059,0.0042850112,1.0000000000,0.0115251996,0.0115705001,-9.5390451141,0.0009065523,-0.0114097207,8.5085477417,0.0001519167,0.0041759508,1.0000000000
411,34147014807201,61.2027,1785360916.311,2,3.8039,0.7112,3.7927,0.5279,3.7983,0.6195,176.53,0.0016,-0.0037,-0.0018,0.0036,-0.0036,-1.11,-0.019351,1.0000,0.0033,0.5051,0.1836,0,frozen,2-tag corner homography,2,1920,1200,0.200000,101;102,1,1,,2-tag corner homography,0.010931,0.487322,101,102,4.747322,4.260000,30,0.050000,0.600000,5.000000,raw-zero-distortion,590.9628888758,0.0000000000,1007.8592059077,0.0000000000,592.3761043005,547.7101609771,0.0000000000,0.0000000000,1.0000000000,-0.0359937509,0.0291287486,0.0062609452,0.0003552766,-0.0208418310,0.0000000000,0.0000000000,0.0000000000,0.0000000000,0.0000000000,1,0.000000,0.000000,73.055,751.310,1,0.841,73.288,751.709,65.270,791.376,8.567,780.210,79.860,716.290,135.339,723.398,-2.840423,0.618532,1.796102,3.417100,-0.000973,0.000612,1,4.260000,0.000000,1773.216,886.399,1,1.189,1772.389,886.543,1843.745,934.466,1760.636,935.526,1705.291,840.105,1784.278,843.200,1.890075,0.835665,1.460981,2.530847,4.255475,0.000503,0.0115132135,0.0116252121,-9.5840925723,0.0009009790,-0.0113635382,8.4764590247,0.0001457889,0.0041741437,1.0000000000,0.0115251996,0.0115705001,-9.5390451141,0.0009065523,-0.0114097207,8.5085477417,0.0001519167,0.0041759508,1.0000000000
412,34147150337126,61.3383,1785360916.455,2,3.8030,0.7104,3.7925,0.5273,3.7977,0.6188,176.73,-0.0010,-0.0048,0.0007,0.0048,-0.0048,0.80,0.014003,1.0000,0.0039,0.5051,0.1835,0,frozen,2-tag corner homography,2,1920,1200,0.200000,101;102,1,1,,2-tag corner homography,0.011384,0.499562,101,102,4.759562,4.260000,30,0.050000,0.600000,5.000000,raw-zero-distortion,590.9628888758,0.0000000000,1007.8592059077,0.0000000000,592.3761043005,547.7101609771,0.0000000000,0.0000000000,1.0000000000,-0.0359937509,0.0291287486,0.0062609452,0.0003552766,-0.0208418310,0.0000000000,0.0000000000,0.0000000000,0.0000000000,0.0000000000,1,0.000000,0.000000,72.930,751.343,1,0.921,73.109,751.879,65.625,791.401,8.559,780.339,79.236,716.762,134.938,723.411,-2.852341,0.621525,1.803291,3.431326,-0.001230,0.000494,1,4.260000,0.000000,1772.739,886.059,1,0.979,1772.203,886.507,1843.754,934.437,1760.786,935.459,1705.511,840.260,1783.148,843.044,1.890084,0.835785,1.461345,2.531104,4.254855,0.001196,0.0115380481,0.0116188992,-9.5810964608,0.0009041449,-0.0114194684,8.5202925787,0.0001402352,0.0041956737,1.0000000000,0.0115251996,0.0115705001,-9.5390451141,0.0009065523,-0.0114097207,8.5085477417,0.0001519167,0.0041759508,1.0000000000
413,34147306115665,61.4940,1785360916.590,2,3.8018,0.7104,3.7925,0.5261,3.7972,0.6182,177.12,-0.0032,-0.0045,0.0029,0.0047,-0.0047,1.75,0.030547,1.0000,0.0033,0.5051,0.1845,0,frozen,2-tag corner homography,2,1920,1200,0.200000,101;102,1,1,,2-tag corner homography,0.015959,0.483041,101,102,4.743041,4.260000,30,0.050000,0.600000,5.000000,raw-zero-distortion,590.9628888758,0.0000000000,1007.8592059077,0.0000000000,592.3761043005,547.7101609771,0.0000000000,0.0000000000,1.0000000000,-0.0359937509,0.0291287486,0.0062609452,0.0003552766,-0.0208418310,0.0000000000,0.0000000000,0.0000000000,0.0000000000,0.0000000000,1,0.000000,0.000000,73.387,751.135,1,0.756,73.409,751.703,65.470,791.461,8.584,780.238,80.247,716.195,135.230,723.361,-2.835977,0.617622,1.793522,3.411883,-0.000539,0.001166,1,4.260000,0.000000,1773.276,886.509,1,1.224,1772.396,886.571,1843.862,934.571,1760.688,935.457,1705.096,840.086,1784.381,843.328,1.890371,0.835860,1.461198,2.531257,4.255467,0.000259,0.0134026075,0.0122383104,-10.1850504182,0.0010275114,-0.0129942298,9.6945452146,0.0001705380,0.0049960975,1.0000000000,0.0115251996,0.0115705001,-9.5390451141,0.0009065523,-0.0114097207,8.5085477417,0.0001519167,0.0041759508,1.0000000000
414,34147442651353,61.6306,1785360916.711,2,3.8003,0.7099,3.7927,0.5242,3.7965,0.6171,177.66,-0.0040,-0.0056,0.0037,0.0058,-0.0058,2.78,0.048551,1.0000,0.0032,0.5051,0.1858,0,frozen,2-tag corner homography,2,1920,1200,0.200000,101;102,1,1,,2-tag corner homography,0.011027,0.467345,101,102,4.727345,4.260000,30,0.050000,0.600000,5.000000,raw-zero-distortion,590.9628888758,0.0000000000,1007.8592059077,0.0000000000,592.3761043005,547.7101609771,0.0000000000,0.0000000000,1.0000000000,-0.0359937509,0.0291287486,0.0062609452,0.0003552766,-0.0208418310,0.0000000000,0.0000000000,0.0000000000,0.0000000000,0.0000000000,1,0.000000,0.000000,73.083,751.101,1,1.282,73.581,751.539,65.427,791.444,8.604,780.247,79.646,716.517,136.427,722.468,-2.820912,0.613961,1.784322,3.393862,-0.001479,0.001193,1,4.260000,0.000000,1773.456,886.540,1,1.381,1772.455,886.577,1843.669,934.568,1760.842,935.486,1705.199,839.851,1784.531,843.564,1.890141,0.835706,1.460906,2.530866,4.255823,0.000221,0.0116603364,0.0118862109,-9.7925533369,0.0009136247,-0.0115040633,8.5789278767,0.0001365929,0.0042677648,1.0000000000,0.0115251996,0.0115705001,-9.5390451141,0.0009065523,-0.0114097207,8.5085477417,0.0001519167,0.0041759508,1.0000000000
415,34147550072191,61.7380,1785360916.824,2,3.8000,0.7090,3.7935,0.5238,3.7968,0.6164,178.00,-0.0026,-0.0069,0.0023,0.0070,-0.0070,3.31,0.057780,1.0000,0.0035,0.5051,0.1853,0,frozen,2-tag corner homography,2,1920,1200,0.200000,101;102,1,1,,2-tag corner homography,0.011010,0.500969,101,102,4.760969,4.260000,30,0.050000,0.600000,5.000000,raw-zero-distortion,590.9628888758,0.0000000000,1007.8592059077,0.0000000000,592.3761043005,547.7101609771,0.0000000000,0.0000000000,1.0000000000,-0.0359937509,0.0291287486,0.0062609452,0.0003552766,-0.0208418310,0.0000000000,0.0000000000,0.0000000000,0.0000000000,0.0000000000,1,0.000000,0.000000,73.044,750.898,1,1.179,73.302,751.544,65.327,791.434,8.772,779.555,79.594,716.499,135.403,723.094,-2.851087,0.620359,1.802872,3.429853,-0.002153,0.001744,1,4.260000,0.000000,1773.389,886.369,1,1.351,1772.444,886.528,1843.708,934.361,1760.599,935.458,1705.321,839.913,1784.558,843.500,1.892800,0.836773,1.462983,2.534403,4.255889,0.000603,0.0114963620,0.0116052206,-9.5659559768,0.0009030910,-0.0113774036,8.4848221720,0.0001434804,0.0041711602,1.0000000000,0.0115251996,0.0115705001,-9.5390451141,0.0009065523,-0.0114097207,8.5085477417,0.0001519167,0.0041759508,1.0000000000
416,34147667497058,61.8554,1785360916.938,2,3.8000,0.7097,3.7946,0.5238,3.7973,0.6168,178.34,0.0015,-0.0031,-0.0016,0.0030,-0.0030,3.13,0.054679,1.0000,0.0040,0.5051,0.1860,0,frozen,2-tag corner homography,2,1920,1200,0.200000,101;102,1,1,,2-tag corner homography,0.011316,0.494304,101,102,4.754304,4.260000,30,0.050000,0.600000,5.000000,raw-zero-distortion,590.9628888758,0.0000000000,1007.8592059077,0.0000000000,592.3761043005,547.7101609771,0.0000000000,0.0000000000,1.0000000000,-0.0359937509,0.0291287486,0.0062609452,0.0003552766,-0.0208418310,0.0000000000,0.0000000000,0.0000000000,0.0000000000,0.0000000000,1,0.000000,0.000000,73.146,750.991,1,0.897,73.165,751.676,65.438,791.439,8.585,779.979,79.739,716.397,134.832,723.294,-2.847725,0.619939,1.800482,3.425726,-0.001612,0.001511,1,4.260000,0.000000,1772.878,886.326,1,1.112,1772.159,886.589,1843.718,934.491,1760.900,935.592,1705.101,840.245,1783.356,843.226,1.889527,0.835789,1.460997,2.530488,4.254823,0.000607,0.0115382268,0.0115912543,-9.5586349790,0.0009049510,-0.0114041040,8.5062944110,0.0001422004,0.0041910405,1.0000000000,0.0115251996,0.0115705001,-9.5390451141,0.0009065523,-0.0114097207,8.5085477417,0.0001519167,0.0041759508,1.0000000000
417,34147787916890,61.9758,1785360917.053,2,3.7993,0.7084,3.7951,0.5220,3.7972,0.6152,178.72,0.0020,-0.0041,-0.0021,0.0041,-0.0041,3.08,0.053814,1.0000,0.0032,0.5051,0.1864,0,frozen,2-tag corner homography,2,1920,1200,0.200000,101;102,1,1,,2-tag corner homography,0.010879,0.465676,101,102,4.725676,4.260000,30,0.050000,0.600000,5.000000,raw-zero-distortion,590.9628888758,0.0000000000,1007.8592059077,0.0000000000,592.3761043005,547.7101609771,0.0000000000,0.0000000000,1.0000000000,-0.0359937509,0.0291287486,0.0062609452,0.0003552766,-0.0208418310,0.0000000000,0.0000000000,0.0000000000,0.0000000000,0.0000000000,1,0.000000,0.000000,73.032,751.229,1,1.238,73.552,751.604,65.465,791.466,8.623,780.390,79.560,716.517,136.356,722.560,-2.820721,0.614098,1.784146,3.393635,-0.001263,0.000829,1,4.260000,0.000000,1773.329,886.421,1,1.358,1772.363,886.522,1843.824,934.537,1760.671,935.471,1705.004,839.787,1784.412,843.477,1.888642,0.835008,1.459924,2.528949,4.255693,0.000472,0.0116823685,0.0118782145,-9.7885829790,0.0009135475,-0.0115126208,8.5861360576,0.0001398929,0.0042705159,1.0000000000,0.0115251996,0.0115705001,-9.5390451141,0.0009065523,-0.0114097207,8.5085477417,0.0001519167,0.0041759508,1.0000000000
418,34147911038816,62.0990,1785360917.181,2,3.7981,0.7074,3.7956,0.5219,3.7968,0.6147,179.24,-0.0006,-0.0072,0.0005,0.0073,-0.0073,3.49,0.060849,1.0000,0.0036,0.5051,0.1856,0,frozen,2-tag corner homography,2,1920,1200,0.200000,101;102,1,1,,2-tag corner homography,0.010958,0.487225,101,102,4.747225,4.260000,30,0.050000,0.600000,5.000000,raw-zero-distortion,590.9628888758,0.0000000000,1007.8592059077,0.0000000000,592.3761043005,547.7101609771,0.0000000000,0.0000000000,1.0000000000,-0.0359937509,0.0291287486,0.0062609452,0.0003552766,-0.0208418310,0.0000000000,0.0000000000,0.0000000000,0.0000000000,0.0000000000,1,0.000000,0.000000,73.190,751.113,1,0.895,73.293,751.707,65.528,791.439,8.506,780.138,79.783,716.414,135.244,723.268,-2.842132,0.618901,1.797191,3.419159,-0.001148,0.001184,1,4.260000,0.000000,1773.011,886.231,1,1.001,1772.373,886.506,1843.994,934.561,1760.618,935.457,1705.385,840.186,1783.900,842.974,1.888147,0.834740,1.459523,2.528259,4.255234,0.000851,0.0115504425,0.0116599011,-9.6129039914,0.0009036222,-0.0113992401,8.5030350954,0.0001446956,0.0041943177,1.0000000000,0.0115251996,0.0115705001,-9.5390451141,0.0009065523,-0.0114097207,8.5085477417,0.0001519167,0.0041759508,1.0000000000
419,34148041490306,62.2294,1785360917.305,2,3.7966,0.7083,3.7964,0.5215,3.7965,0.6149,179.94,-0.0021,-0.0029,0.0021,0.0029,-0.0029,4.44,0.077408,1.0000,0.0032,0.5051,0.1868,0,frozen,2-tag corner homography,2,1920,1200,0.200000,101;102,1,0,world_rms>0.050,2-tag corner homography,0.119129,0.490329,101,102,4.750329,4.260000,30,0.050000,0.600000,5.000000,raw-zero-distortion,590.9628888758,0.0000000000,1007.8592059077,0.0000000000,592.3761043005,547.7101609771,0.0000000000,0.0000000000,1.0000000000,-0.0359937509,0.0291287486,0.0062609452,0.0003552766,-0.0208418310,0.0000000000,0.0000000000,0.0000000000,0.0000000000,0.0000000000,1,0.000000,0.000000,73.022,751.205,1,0.799,73.118,751.729,65.360,791.336,8.588,780.368,79.670,716.388,134.793,723.248,-2.841559,0.618727,1.796493,3.418284,-0.001358,0.000894,1,4.260000,0.000000,1773.309,886.316,1,1.164,1772.541,886.575,1844.004,934.496,1760.692,935.483,1705.536,840.126,1784.341,843.326,1.891988,0.836424,1.462170,2.533212,4.255782,0.000710,0.0162137850,0.0013479389,-2.1833196306,0.0002175381,-0.0030989894,2.3348918629,0.0003363681,0.0055523940,1.0000000000,0.0115251996,0.0115705001,-9.5390451141,0.0009065523,-0.0114097207,8.5085477417,0.0001519167,0.0041759508,1.0000000000
420,34148144149708,62.3321,1785360917.398,2,3.7970,0.7071,3.7970,0.5185,3.7970,0.6128,180.00,-0.0006,-0.0058,0.0006,0.0058,-0.0058,3.77,0.065836,1.0000,0.0036,0.5051,0.1886,0,frozen,2-tag corner homography,2,1920,1200,0.200000,101;102,1,1,,2-tag corner homography,0.011007,0.482821,101,102,4.742821,4.260000,30,0.050000,0.600000,5.000000,raw-zero-distortion,590.9628888758,0.0000000000,1007.8592059077,0.0000000000,592.3761043005,547.7101609771,0.0000000000,0.0000000000,1.0000000000,-0.0359937509,0.0291287486,0.0062609452,0.0003552766,-0.0208418310,0.0000000000,0.0000000000,0.0000000000,0.0000000000,0.0000000000,1,0.000000,0.000000,73.075,751.169,1,0.978,73.323,751.669,65.643,791.390,8.507,780.241,79.493,716.436,135.523,723.052,-2.837542,0.617805,1.794346,3.413650,-0.001312,0.001003,1,4.260000,0.000000,1773.065,886.315,1,1.063,1772.352,886.508,1843.725,934.550,1760.688,935.451,1705.405,840.127,1783.965,843.046,1.888482,0.834916,1.459822,2.528741,4.255249,0.000668,0.0115215374,0.0115305128,-9.5134302467,0.0009010262,-0.0113656680,8.4776769278,0.0001387684,0.0041885028,1.0000000000,0.0115251996,0.0115705001,-9.5390451141,0.0009065523,-0.0114097207,8.5085477417,0.0001519167,0.0041759508,1.0000000000
421,34148237816407,62.4257,1785360917.555,2,3.7968,0.7064,3.7965,0.5180,3.7966,0.6122,179.91,-0.0004,-0.0074,0.0003,0.0074,-0.0074,2.76,0.048122,1.0000,0.0034,0.5051,0.1885,0,frozen,2-tag corner homography,2,1920,1200,0.200000,101;102,1,1,,2-tag corner homography,0.016455,0.496619,101,102,4.756619,4.260000,30,0.050000,0.600000,5.000000,raw-zero-distortion,590.9628888758,0.0000000000,1007.8592059077,0.0000000000,592.3761043005,547.7101609771,0.0000000000,0.0000000000,1.0000000000,-0.0359937509,0.0291287486,0.0062609452,0.0003552766,-0.0208418310,0.0000000000,0.0000000000,0.0000000000,0.0000000000,0.0000000000,1,0.000000,0.000000,72.836,751.305,1,0.984,73.080,751.814,65.433,791.340,8.570,780.363,79.223,716.772,135.003,723.197,-2.848138,0.620392,1.800578,3.426201,-0.001595,0.000578,1,4.260000,0.000000,1773.211,886.365,1,1.152,1772.418,886.532,1843.908,934.436,1760.646,935.460,1705.280,840.173,1784.261,843.189,1.891506,0.836239,1.462032,2.532712,4.255506,0.000580,0.0077136330,0.0067071001,-5.6068845566,0.0005925145,-0.0074767791,5.5796919001,0.0001357874,0.0023100153,1.0000000000,0.0115251996,0.0115705001,-9.5390451141,0.0009065523,-0.0114097207,8.5085477417,0.0001519167,0.0041759508,1.0000000000
422,34148413480416,62.6014,1785360917.690,2,3.7961,0.7057,3.7976,0.5177,3.7969,0.6117,180.46,-0.0002,-0.0046,0.0002,0.0046,-0.0046,2.06,0.036011,1.0000,0.0032,0.5051,0.1881,0,frozen,2-tag corner homography,2,1920,1200,0.200000,101;102,1,1,,2-tag corner homography,0.025597,0.497759,101,102,4.757759,4.260000,30,0.050000,0.600000,5.000000,raw-zero-distortion,590.9628888758,0.0000000000,1007.8592059077,0.0000000000,592.3761043005,547.7101609771,0.0000000000,0.0000000000,1.0000000000,-0.0359937509,0.0291287486,0.0062609452,0.0003552766,-0.0208418310,0.0000000000,0.0000000000,0.0000000000,0.0000000000,0.0000000000,1,0.000000,0.000000,72.921,751.305,1,0.893,73.093,751.820,65.310,791.450,8.594,780.262,79.508,716.566,134.888,723.411,-2.847759,0.620335,1.800364,3.425764,-0.001360,0.000597,1,4.260000,0.000000,1773.295,886.299,1,1.288,1772.439,886.579,1843.956,934.404,1760.500,935.511,1705.321,840.023,1784.420,843.514,1.893090,0.837034,1.463217,2.534841,4.255772,0.000746,0.0110132271,0.0138415337,-11.2124036956,0.0008551636,-0.0107251922,7.9973724149,0.0001611665,0.0039981228,1.0000000000,0.0115251996,0.0115705001,-9.5390451141,0.0009065523,-0.0114097207,8.5085477417,0.0001519167,0.0041759508,1.0000000000
423,34148532379030,62.7203,1785360917.827,2,3.7940,0.7046,3.7977,0.5154,3.7958,0.6100,181.13,-0.0017,-0.0063,0.0018,0.0062,-0.0062,3.40,0.059391,1.0000,0.0033,0.5051,0.1893,0,frozen,2-tag corner homography,2,1920,1200,0.200000,101;102,1,1,,2-tag corner homography,0.011006,0.501022,101,102,4.761022,4.260000,30,0.050000,0.600000,5.000000,raw-zero-distortion,590.9628888758,0.0000000000,1007.8592059077,0.0000000000,592.3761043005,547.7101609771,0.0000000000,0.0000000000,1.0000000000,-0.0359937509,0.0291287486,0.0062609452,0.0003552766,-0.0208418310,0.0000000000,0.0000000000,0.0000000000,0.0000000000,0.0000000000,1,0.000000,0.000000,73.296,751.094,1,0.830,73.245,751.806,65.898,791.456,8.559,780.199,79.630,716.533,134.835,723.427,-2.850176,0.620921,1.802185,3.428836,-0.000907,0.001259,1,4.260000,0.000000,1773.358,886.479,1,1.257,1772.488,886.651,1843.826,934.533,1760.643,935.492,1705.408,840.141,1784.492,843.560,1.893859,0.837497,1.463717,2.535857,4.255686,0.000345,0.0113848788,0.0114151647,-9.4173210406,0.0008927741,-0.0112586254,8.3992600825,0.0001435509,0.0041133707,1.0000000000,0.0115251996,0.0115705001,-9.5390451141,0.0009065523,-0.0114097207,8.5085477417,0.0001519167,0.0041759508,1.0000000000
424,34148693953429,62.8819,1785360918.035,2,3.7930,0.7032,3.7963,0.5128,3.7947,0.6080,181.00,-0.0064,-0.0116,0.0066,0.0114,-0.0114,2.13,0.037225,1.0000,0.0034,0.5051,0.1904,0,frozen,2-tag corner homography,2,1920,1200,0.200000,101;102,1,1,,2-tag corner homography,0.026478,0.483900,101,102,4.743900,4.260000,30,0.050000,0.600000,5.000000,raw-zero-distortion,590.9628888758,0.0000000000,1007.8592059077,0.0000000000,592.3761043005,547.7101609771,0.0000000000,0.0000000000,1.0000000000,-0.0359937509,0.0291287486,0.0062609452,0.0003552766,-0.0208418310,0.0000000000,0.0000000000,0.0000000000,0.0000000000,0.0000000000,1,0.000000,0.000000,73.162,751.206,1,0.771,73.184,751.790,65.587,791.424,8.588,780.379,79.716,716.406,134.793,723.362,-2.842951,0.619257,1.797501,3.420067,-0.000968,0.000922,1,4.260000,0.000000,1773.120,886.306,1,1.140,1772.315,886.401,1843.668,934.551,1760.592,935.468,1705.189,839.851,1784.184,842.888,1.883850,0.832644,1.456311,2.522504,4.255379,0.000698,0.0058334377,0.0043033883,-3.6620159325,0.0004313538,-0.0054435196,4.0632221438,0.0001287119,0.0013926895,1.0000000000,0.0115251996,0.0115705001,-9.5390451141,0.0009065523,-0.0114097207,8.5085477417,0.0001519167,0.0041759508,1.0000000000
425,34148895506511,63.0834,1785360918.212,2,3.7835,0.7053,3.7860,0.5122,3.7847,0.6087,180.76,,,,,,,,1.0000,0.0032,0.5051,0.1932,0,frozen,2-tag corner homography,2,1920,1200,0.200000,101;102,1,1,,2-tag corner homography,0.011146,0.491857,101,102,4.751857,4.260000,30,0.050000,0.600000,5.000000,raw-zero-distortion,590.9628888758,0.0000000000,1007.8592059077,0.0000000000,592.3761043005,547.7101609771,0.0000000000,0.0000000000,1.0000000000,-0.0359937509,0.0291287486,0.0062609452,0.0003552766,-0.0208418310,0.0000000000,0.0000000000,0.0000000000,0.0000000000,0.0000000000,1,0.000000,0.000000,73.147,751.265,1,0.698,73.180,751.780,65.520,791.357,8.538,780.404,79.796,716.316,134.806,723.457,-2.842841,0.619201,1.797423,3.419925,-0.000843,0.000756,1,4.260000,0.000000,1773.302,886.476,1,1.177,1772.472,886.581,1843.797,934.521,1760.847,935.444,1705.373,840.180,1784.280,843.317,1.892207,0.836612,1.462471,2.533612,4.255566,0.000341,0.0114638731,0.0115102541,-9.4936985066,0.0008971612,-0.0113181272,8.4434370968,0.0001462028,0.0041472719,1.0000000000,0.0115251996,0.0115705001,-9.5390451141,0.0009065523,-0.0114097207,8.5085477417,0.0001519167,0.0041759508,1.0000000000
426,34149065609503,63.2535,1785360918.382,2,3.7650,0.7124,3.7672,0.5141,3.7661,0.6132,180.62,,,,,,,,1.0000,0.0031,0.5051,0.1983,0,frozen,2-tag corner homography,2,1920,1200,0.200000,101;102,1,1,,2-tag corner homography,0.010999,0.485243,101,102,4.745243,4.260000,30,0.050000,0.600000,5.000000,raw-zero-distortion,590.9628888758,0.0000000000,1007.8592059077,0.0000000000,592.3761043005,547.7101609771,0.0000000000,0.0000000000,1.0000000000,-0.0359937509,0.0291287486,0.0062609452,0.0003552766,-0.0208418310,0.0000000000,0.0000000000,0.0000000000,0.0000000000,0.0000000000,1,0.000000,0.000000,73.149,751.269,1,0.908,73.374,751.736,65.551,791.438,8.562,780.312,79.741,716.416,135.514,723.225,-2.837154,0.617957,1.794199,3.413278,-0.000826,0.000745,1,4.260000,0.000000,1773.380,886.410,1,1.349,1772.455,886.613,1843.802,934.501,1760.730,935.571,1705.319,839.931,1784.395,843.605,1.891397,0.836352,1.461877,2.532578,4.255819,0.000506,0.0115440232,0.0116767521,-9.6264071027,0.0009045579,-0.0114036819,8.5065318536,0.0001406271,0.0041998887,1.0000000000,0.0115251996,0.0115705001,-9.5390451141,0.0009065523,-0.0114097207,8.5085477417,0.0001519167,0.0041759508,1.0000000000
427,34149235807230,63.4237,1785360918.545,2,3.7515,0.7109,3.7528,0.5147,3.7521,0.6128,180.38,-0.0953,0.0118,0.0952,-0.0124,0.0124,-1.07,-0.018705,1.0000,0.0034,0.5051,0.1963,0,frozen,2-tag corner homography,2,1920,1200,0.200000,101;102,1,1,,2-tag corner homography,0.014517,0.469837,101,102,4.729837,4.260000,30,0.050000,0.600000,5.000000,raw-zero-distortion,590.9628888758,0.0000000000,1007.8592059077,0.0000000000,592.3761043005,547.7101609771,0.0000000000,0.0000000000,1.0000000000,-0.0359937509,0.0291287486,0.0062609452,0.0003552766,-0.0208418310,0.0000000000,0.0000000000,0.0000000000,0.0000000000,0.0000000000,1,0.000000,0.000000,73.094,751.094,1,1.068,73.403,751.587,65.415,791.430,8.618,780.260,79.703,716.378,135.733,722.759,-2.827779,0.615484,1.788327,3.401951,-0.001468,0.001214,1,4.260000,0.000000,1773.323,886.523,1,1.232,1772.417,886.496,1843.753,934.655,1760.971,935.480,1705.093,839.893,1784.266,843.147,1.885424,0.833465,1.457335,2.524542,4.255553,0.000238,0.0118681589,0.0133725769,-10.9234444602,0.0009330840,-0.0117320390,8.7475838419,0.0001406398,0.0044066430,1.0000000000,0.0115251996,0.0115705001,-9.5390451141,0.0009065523,-0.0114097207,8.5085477417,0.0001519167,0.0041759508,1.0000000000
428,34149404864289,63.5928,1785360918.716,2,3.7421,0.7146,3.7436,0.5175,3.7429,0.6161,180.45,-0.0740,0.0091,0.0740,-0.0096,0.0096,-0.63,-0.010924,1.0000,0.0032,0.5051,0.1971,0,frozen,2-tag corner homography,2,1920,1200,0.200000,101;102,1,1,,2-tag corner homography,0.011028,0.474022,101,102,4.734022,4.260000,30,0.050000,0.600000,5.000000,raw-zero-distortion,590.9628888758,0.0000000000,1007.8592059077,0.0000000000,592.3761043005,547.7101609771,0.0000000000,0.0000000000,1.0000000000,-0.0359937509,0.0291287486,0.0062609452,0.0003552766,-0.0208418310,0.0000000000,0.0000000000,0.0000000000,0.0000000000,0.0000000000,1,0.000000,0.000000,73.051,751.135,1,1.265,73.540,751.577,65.609,791.446,8.585,780.231,79.436,716.554,136.328,722.576,-2.825807,0.615116,1.787340,3.399726,-0.001471,0.001092,1,4.260000,0.000000,1773.350,886.331,1,1.309,1772.458,886.543,1843.759,934.372,1760.713,935.536,1705.394,839.963,1784.367,843.435,1.891852,0.836378,1.462224,2.533127,4.255852,0.000683,0.0115939472,0.0115572361,-9.5402994915,0.0009069075,-0.0114315787,8.5257586303,0.0001347243,0.0042300060,1.0000000000,0.0115251996,0.0115705001,-9.5390451141,0.0009065523,-0.0114097207,8.5085477417,0.0001519167,0.0041759508,1.0000000000
429,34149557988282,63.7459,1785360918.890,2,3.7356,0.7143,3.7349,0.5166,3.7352,0.6155,179.80,-0.0576,0.0087,0.0576,-0.0084,0.0084,-1.52,-0.026467,1.0000,0.0035,0.5051,0.1977,0,frozen,2-tag corner homography,2,1920,1200,0.200000,101;102,1,1,,2-tag corner homography,0.013208,0.492245,101,102,4.752245,4.260000,30,0.050000,0.600000,5.000000,raw-zero-distortion,590.9628888758,0.0000000000,1007.8592059077,0.0000000000,592.3761043005,547.7101609771,0.0000000000,0.0000000000,1.0000000000,-0.0359937509,0.0291287486,0.0062609452,0.0003552766,-0.0208418310,0.0000000000,0.0000000000,0.0000000000,0.0000000000,0.0000000000,1,0.000000,0.000000,72.855,751.324,1,0.811,72.952,751.858,65.319,791.382,8.465,780.449,79.386,716.606,134.581,723.403,-2.847885,0.620386,1.800172,3.425777,-0.001493,0.000531,1,4.260000,0.000000,1773.144,886.342,1,1.175,1772.339,886.508,1843.709,934.481,1760.778,935.584,1705.254,840.028,1784.004,843.096,1.887256,0.834388,1.458898,2.527117,4.255387,0.000619,0.0106378402,0.0112117974,-9.2071912272,0.0008315712,-0.0104848139,7.8220582023,0.0001547591,0.0037480788,1.0000000000,0.0115251996,0.0115705001,-9.5390451141,0.0009065523,-0.0114097207,8.5085477417,0.0001519167,0.0041759508,1.0000000000
430,34149761969652,63.9499,1785360919.049,2,3.7261,0.7178,3.7245,0.5214,3.7253,0.6196,179.52,,,,,,,,1.0000,0.0033,0.5051,0.1964,0,frozen,2-tag corner homography,2,1920,1200,0.200000,101;102,1,1,,2-tag corner homography,0.011929,0.487172,101,102,4.747172,4.260000,30,0.050000,0.600000,5.000000,raw-zero-distortion,590.9628888758,0.0000000000,1007.8592059077,0.0000000000,592.3761043005,547.7101609771,0.0000000000,0.0000000000,1.0000000000,-0.0359937509,0.0291287486,0.0062609452,0.0003552766,-0.0208418310,0.0000000000,0.0000000000,0.0000000000,0.0000000000,0.0000000000,1,0.000000,0.000000,73.104,751.199,1,0.964,73.309,751.736,65.661,791.464,8.506,780.362,79.516,716.508,135.435,723.059,-2.836098,0.617685,1.793407,3.411934,-0.001148,0.000928,1,4.260000,0.000000,1773.254,886.405,1,1.201,1772.431,886.597,1843.697,934.419,1760.477,935.457,1705.473,840.206,1784.458,843.392,1.894542,0.837729,1.464355,2.536811,4.255549,0.000495,0.0115255987,0.0110115232,-9.1241718103,0.0008969169,-0.0113247070,8.4487119733,0.0001416287,0.0041660622,1.0000000000,0.0115251996,0.0115705001,-9.5390451141,0.0009065523,-0.0114097207,8.5085477417,0.0001519167,0.0041759508,1.0000000000
431,34149891966668,64.0799,1785360919.169,2,3.7094,0.7183,3.7107,0.5248,3.7101,0.6216,180.40,-0.0722,0.0180,0.0721,-0.0185,0.0185,1.39,0.024178,1.0000,0.0031,0.5051,0.1934,0,frozen,2-tag corner homography,2,1920,1200,0.200000,101;102,1,1,,2-tag corner homography,0.010965,0.500003,101,102,4.760003,4.260000,30,0.050000,0.600000,5.000000,raw-zero-distortion,590.9628888758,0.0000000000,1007.8592059077,0.0000000000,592.3761043005,547.7101609771,0.0000000000,0.0000000000,1.0000000000,-0.0359937509,0.0291287486,0.0062609452,0.0003552766,-0.0208418310,0.0000000000,0.0000000000,0.0000000000,0.0000000000,0.0000000000,1,0.000000,0.000000,73.146,751.187,1,0.833,73.181,751.808,65.633,791.475,8.644,780.247,79.615,716.490,134.785,723.416,-2.847839,0.620376,1.800585,3.425954,-0.001066,0.000971,1,4.260000,0.000000,1773.339,886.176,1,1.282,1772.504,886.500,1844.127,934.216,1760.580,935.426,1705.363,840.043,1784.409,843.448,1.895329,0.837758,1.464823,2.537679,4.256022,0.001037,0.0114869299,0.0115217112,-9.5042383254,0.0008991065,-0.0113514660,8.4686536740,0.0001491192,0.0041524303,1.0000000000,0.0115251996,0.0115705001,-9.5390451141,0.0009065523,-0.0114097207,8.5085477417,0.0001519167,0.0041759508,1.0000000000
432,34150026251059,64.2142,1785360919.347,2,3.7037,0.7199,3.6988,0.5208,3.7012,0.6203,178.58,-0.0857,0.0070,0.0859,-0.0049,0.0049,-2.18,-0.038112,1.0000,0.0033,0.5051,0.1992,0,frozen,2-tag corner homography,2,1920,1200,0.200000,101;102,1,1,,2-tag corner homography,0.011133,0.500037,101,102,4.760037,4.260000,30,0.050000,0.600000,5.000000,raw-zero-distortion,590.9628888758,0.0000000000,1007.8592059077,0.0000000000,592.3761043005,547.7101609771,0.0000000000,0.0000000000,1.0000000000,-0.0359937509,0.0291287486,0.0062609452,0.0003552766,-0.0208418310,0.0000000000,0.0000000000,0.0000000000,0.0000000000,0.0000000000,1,0.000000,0.000000,73.178,751.128,1,0.799,73.099,751.840,65.660,791.499,8.514,780.217,79.623,716.516,134.558,723.516,-2.851172,0.621145,1.802533,3.429888,-0.001141,0.001141,1,4.260000,0.000000,1773.300,886.402,1,1.271,1772.412,886.545,1843.709,934.427,1760.679,935.477,1705.301,840.021,1784.363,843.386,1.891805,0.836411,1.462276,2.533132,4.255654,0.000510,0.0113967207,0.0114138460,-9.4159660838,0.0008917599,-0.0112579715,8.3993534981,0.0001468616,0.0041122925,1.0000000000,0.0115251996,0.0115705001,-9.5390451141,0.0009065523,-0.0114097207,8.5085477417,0.0001519167,0.0041759508,1.0000000000
433,34150198291771,64.3862,1785360919.483,2,3.7040,0.7190,3.6967,0.5209,3.7003,0.6200,177.90,-0.0415,-0.0026,0.0414,0.0041,-0.0041,-6.83,-0.119120,1.0000,0.0034,0.5051,0.1982,0,frozen,2-tag corner homography,2,1920,1200,0.200000,101;102,1,1,,2-tag corner homography,0.011013,0.495926,101,102,4.755926,4.260000,30,0.050000,0.600000,5.000000,raw-zero-distortion,590.9628888758,0.0000000000,1007.8592059077,0.0000000000,592.3761043005,547.7101609771,0.0000000000,0.0000000000,1.0000000000,-0.0359937509,0.0291287486,0.0062609452,0.0003552766,-0.0208418310,0.0000000000,0.0000000000,0.0000000000,0.0000000000,0.0000000000,1,0.000000,0.000000,72.982,751.269,1,0.881,73.141,751.789,65.292,791.425,8.601,780.146,79.637,716.516,134.952,723.475,-2.849549,0.620663,1.801588,3.427954,-0.001291,0.000707,1,4.260000,0.000000,1773.214,886.382,1,1.177,1772.389,886.508,1843.843,934.505,1760.610,935.456,1705.207,840.046,1784.313,843.170,1.889265,0.835222,1.460356,2.529735,4.255491,0.000540,0.0115586630,0.0116687994,-9.6193867033,0.0009039993,-0.0114112067,8.5130535125,0.0001514534,0.0041850853,1.0000000000,0.0115251996,0.0115705001,-9.5390451141,0.0009065523,-0.0114097207,8.5085477417,0.0001519167,0.0041759508,1.0000000000
434,34150328763228,64.5167,1785360919.594,2,3.6990,0.7219,3.6938,0.5277,3.6964,0.6248,178.45,-0.0230,0.0091,0.0232,-0.0085,0.0085,-2.43,-0.042388,1.0000,0.0034,0.5051,0.1943,0,frozen,2-tag corner homography,2,1920,1200,0.200000,101;102,1,1,,2-tag corner homography,0.011027,0.491933,101,102,4.751933,4.260000,30,0.050000,0.600000,5.000000,raw-zero-distortion,590.9628888758,0.0000000000,1007.8592059077,0.0000000000,592.3761043005,547.7101609771,0.0000000000,0.0000000000,1.0000000000,-0.0359937509,0.0291287486,0.0062609452,0.0003552766,-0.0208418310,0.0000000000,0.0000000000,0.0000000000,0.0000000000,0.0000000000,1,0.000000,0.000000,73.399,751.072,1,0.758,73.280,751.793,65.942,791.514,8.570,780.260,79.801,716.352,134.768,723.442,-2.845115,0.619802,1.799053,3.422780,-0.000682,0.001341,1,4.260000,0.000000,1773.218,886.372,1,1.178,1772.400,886.514,1843.733,934.481,1760.713,935.463,1705.329,840.055,1784.217,843.193,1.889853,0.835484,1.460790,2.530511,4.255511,0.000564,0.0112980975,0.0112902825,-9.3173538019,0.0008832671,-0.0111480691,8.3166478861,0.0001425597,0.0040717350,1.0000000000,0.0115251996,0.0115705001,-9.5390451141,0.0009065523,-0.0114097207,8.5085477417,0.0001519167,0.0041759508,1.0000000000
435,34150446280107,64.6342,1785360919.725,2,3.6902,0.7281,3.6881,0.5377,3.6892,0.6329,179.38,-0.0375,0.0377,0.0379,-0.0373,0.0373,3.20,0.055779,1.0000,0.0033,0.5051,0.1904,0,frozen,2-tag corner homography,2,1920,1200,0.200000,101;102,1,1,,2-tag corner homography,0.011248,0.494350,101,102,4.754350,4.260000,30,0.050000,0.600000,5.000000,raw-zero-distortion,590.9628888758,0.0000000000,1007.8592059077,0.0000000000,592.3761043005,547.7101609771,0.0000000000,0.0000000000,1.0000000000,-0.0359937509,0.0291287486,0.0062609452,0.0003552766,-0.0208418310,0.0000000000,0.0000000000,0.0000000000,0.0000000000,0.0000000000,1,0.000000,0.000000,73.019,751.264,1,0.795,73.130,751.769,65.344,791.441,8.706,780.318,79.690,716.345,134.738,723.382,-2.843132,0.619198,1.797509,3.420211,-0.001202,0.000732,1,4.260000,0.000000,1773.281,886.472,1,1.217,1772.432,886.617,1843.596,934.481,1760.602,935.435,1705.489,840.184,1784.418,843.463,1.894490,0.837753,1.464311,2.536755,4.255526,0.000347,0.0113792140,0.0114040468,-9.4069832366,0.0008907908,-0.0112341572,8.3807075865,0.0001468961,0.0041040201,1.0000000000,0.0115251996,0.0115705001,-9.5390451141,0.0009065523,-0.0114097207,8.5085477417,0.0001519167,0.0041759508,1.0000000000
436,34150574617711,64.7625,1785360919.841,2,3.6718,0.7371,3.6742,0.5420,3.6730,0.6395,180.72,-0.0783,0.0531,0.0777,-0.0541,0.0541,7.43,0.129605,1.0000,0.0034,0.5051,0.1951,0,frozen,2-tag corner homography,2,1920,1200,0.200000,101;102,1,1,,2-tag corner homography,0.011175,0.487609,101,102,4.747609,4.260000,30,0.050000,0.600000,5.000000,raw-zero-distortion,590.9628888758,0.0000000000,1007.8592059077,0.0000000000,592.3761043005,547.7101609771,0.0000000000,0.0000000000,1.0000000000,-0.0359937509,0.0291287486,0.0062609452,0.0003552766,-0.0208418310,0.0000000000,0.0000000000,0.0000000000,0.0000000000,0.0000000000,1,0.000000,0.000000,72.888,751.268,1,0.876,73.114,751.701,65.061,791.315,8.610,780.264,79.702,716.405,134.992,723.252,-2.841831,0.618697,1.796658,3.418591,-0.001555,0.000691,1,4.260000,0.000000,1773.194,886.345,1,1.126,1772.436,886.554,1843.969,934.546,1760.650,935.541,1705.329,840.126,1784.208,843.150,1.888877,0.835112,1.459966,2.529183,4.255493,0.000622,0.0116403716,0.0117621123,-9.6943061554,0.0009096774,-0.0114726054,8.5578406184,0.0001546926,0.0042190607,1.0000000000,0.0115251996,0.0115705001,-9.5390451141,0.0009065523,-0.0114097207,8.5085477417,0.0001519167,0.0041759508,1.0000000000
437,34150681753079,64.8697,1785360919.985,2,3.6627,0.7397,3.6679,0.5554,3.6653,0.6476,181.61,-0.0936,0.0588,0.0919,-0.0614,0.0614,8.74,0.152465,1.0000,0.0034,0.5051,0.1844,0,frozen,2-tag corner homography,2,1920,1200,0.200000,101;102,1,1,,2-tag corner homography,0.011180,0.493847,101,102,4.753847,4.260000,30,0.050000,0.600000,5.000000,raw-zero-distortion,590.9628888758,0.0000000000,1007.8592059077,0.0000000000,592.3761043005,547.7101609771,0.0000000000,0.0000000000,1.0000000000,-0.0359937509,0.0291287486,0.0062609452,0.0003552766,-0.0208418310,0.0000000000,0.0000000000,0.0000000000,0.0000000000,0.0000000000,1,0.000000,0.000000,73.206,751.089,1,0.794,73.152,751.772,65.681,791.393,8.612,780.299,79.670,716.471,134.609,723.322,-2.846888,0.620038,1.799928,3.424757,-0.001170,0.001254,1,4.260000,0.000000,1773.290,886.425,1,1.232,1772.430,886.571,1843.860,934.566,1760.642,935.493,1705.254,840.014,1784.389,843.362,1.889944,0.835632,1.460801,2.530634,4.255602,0.000455,0.0114790556,0.0115195753,-9.5013716418,0.0008973535,-0.0113199884,8.4447182284,0.0001515446,0.0041437736,1.0000000000,0.0115251996,0.0115705001,-9.5390451141,0.0009065523,-0.0114097207,8.5085477417,0.0001519167,0.0041759508,1.0000000000
438,34150832218361,65.0201,1785360920.100,2,3.6599,0.7457,3.6604,0.5515,3.6601,0.6486,180.15,-0.0598,0.0396,0.0597,-0.0397,0.0397,0.08,0.001377,1.0000,0.0038,0.5051,0.1942,0,frozen,2-tag corner homography,2,1920,1200,0.200000,101;102,1,1,,2-tag corner homography,0.010956,0.499568,101,102,4.759568,4.260000,30,0.050000,0.600000,5.000000,raw-zero-distortion,590.9628888758,0.0000000000,1007.8592059077,0.0000000000,592.3761043005,547.7101609771,0.0000000000,0.0000000000,1.0000000000,-0.0359937509,0.0291287486,0.0062609452,0.0003552766,-0.0208418310,0.0000000000,0.0000000000,0.0000000000,0.0000000000,0.0000000000,1,0.000000,0.000000,73.047,751.271,1,0.890,73.200,751.809,65.572,791.396,8.506,780.244,79.506,716.599,135.118,723.407,-2.848648,0.620567,1.801133,3.426949,-0.001105,0.000717,1,4.260000,0.000000,1773.003,886.517,1,1.163,1772.194,886.658,1843.728,934.559,1760.581,935.426,1704.999,840.323,1783.933,843.480,1.894016,0.837906,1.464402,2.536505,4.254860,0.000193,0.0117031790,0.0118966252,-9.8021685203,0.0009195975,-0.0115934466,8.6489579022,0.0001438663,0.0042723422,1.0000000000,0.0115251996,0.0115705001,-9.5390451141,0.0009065523,-0.0114097207,8.5085477417,0.0001519167,0.0041759508,1.0000000000
439,34150940915650,65.1288,1785360920.247,2,3.6542,0.7540,3.6509,0.5656,3.6525,0.6598,178.99,-0.0523,0.0429,0.0531,-0.0420,0.0420,-6.43,-0.112237,1.0000,0.0032,0.5051,0.1885,0,frozen,2-tag corner homography,2,1920,1200,0.200000,101;102,1,1,,2-tag corner homography,0.011048,0.464865,101,102,4.724865,4.260000,30,0.050000,0.600000,5.000000,raw-zero-distortion,590.9628888758,0.0000000000,1007.8592059077,0.0000000000,592.3761043005,547.7101609771,0.0000000000,0.0000000000,1.0000000000,-0.0359937509,0.0291287486,0.0062609452,0.0003552766,-0.0208418310,0.0000000000,0.0000000000,0.0000000000,0.0000000000,0.0000000000,1,0.000000,0.000000,73.256,751.086,1,1.147,73.648,751.545,65.682,791.433,8.606,780.335,79.771,716.379,136.335,722.547,-2.819620,0.613743,1.783633,3.392386,-0.001041,0.001273,1,4.260000,0.000000,1773.351,886.344,1,1.297,1772.452,886.510,1843.923,934.452,1760.779,935.536,1705.202,839.888,1784.342,843.335,1.888952,0.835019,1.459992,2.529224,4.255838,0.000654,0.0119791424,0.0125361957,-10.3053999839,0.0009394783,-0.0118296412,8.8211840214,0.0001379984,0.0044314567,1.0000000000,0.0115251996,0.0115705001,-9.5390451141,0.0009065523,-0.0114097207,8.5085477417,0.0001519167,0.0041759508,1.0000000000
440,34151110290529,65.2982,1785360920.383,2,3.6415,0.7543,3.6440,0.5656,3.6428,0.6600,180.75,-0.0600,0.0385,0.0595,-0.0393,0.0393,0.99,0.017352,1.0000,0.0039,0.5051,0.1888,0,frozen,2-tag corner homography,2,1920,1200,0.200000,101;102,1,1,,2-tag corner homography,0.011187,0.486064,101,102,4.746064,4.260000,30,0.050000,0.600000,5.000000,raw-zero-distortion,590.9628888758,0.0000000000,1007.8592059077,0.0000000000,592.3761043005,547.7101609771,0.0000000000,0.0000000000,1.0000000000,-0.0359937509,0.0291287486,0.0062609452,0.0003552766,-0.0208418310,0.0000000000,0.0000000000,0.0000000000,0.0000000000,0.0000000000,1,0.000000,0.000000,73.123,751.215,1,0.810,73.225,751.741,65.466,791.395,8.725,780.394,79.762,716.373,134.890,723.227,-2.839432,0.618370,1.795353,3.415852,-0.001051,0.000889,1,4.260000,0.000000,1772.802,886.363,1,1.053,1772.103,886.575,1843.974,934.589,1760.660,935.431,1704.805,840.289,1783.480,843.209,1.889863,0.835965,1.461365,2.531009,4.254612,0.000509,0.0119866811,0.0121991007,-10.0499996984,0.0009384962,-0.0118309258,8.8251287865,0.0001518011,0.0043947073,1.0000000000,0.0115251996,0.0115705001,-9.5390451141,0.0009065523,-0.0114097207,8.5085477417,0.0001519167,0.0041759508,1.0000000000
441,34151242071600,65.4300,1785360920.558,2,3.6333,0.7613,3.6352,0.5698,3.6342,0.6656,180.56,-0.0605,0.0241,0.0603,-0.0247,0.0247,4.16,0.072605,1.0000,0.0033,0.5051,0.1915,0,frozen,2-tag corner homography,2,1920,1200,0.200000,101;102,1,1,,2-tag corner homography,0.011337,0.478220,101,102,4.738220,4.260000,30,0.050000,0.600000,5.000000,raw-zero-distortion,590.9628888758,0.0000000000,1007.8592059077,0.0000000000,592.3761043005,547.7101609771,0.0000000000,0.0000000000,1.0000000000,-0.0359937509,0.0291287486,0.0062609452,0.0003552766,-0.0208418310,0.0000000000,0.0000000000,0.0000000000,0.0000000000,0.0000000000,1,0.000000,0.000000,73.008,751.298,1,1.136,73.495,751.622,65.310,791.425,9.412,780.303,79.701,716.411,135.505,722.795,-2.831758,0.616518,1.791019,3.406860,-0.001137,0.000634,1,4.260000,0.000000,1773.272,886.510,1,1.234,1772.393,886.601,1843.748,934.624,1760.601,935.496,1705.210,840.045,1784.427,843.384,1.889856,0.835709,1.460806,2.530597,4.255457,0.000257,0.0115595352,0.0115977568,-9.5684436098,0.0009023576,-0.0113665797,8.4774243761,0.0001544663,0.0041761172,1.0000000000,0.0115251996,0.0115705001,-9.5390451141,0.0009065523,-0.0114097207,8.5085477417,0.0001519167,0.0041759508,1.0000000000
442,34151406483844,65.5944,1785360920.687,2,3.6253,0.7652,3.6288,0.5732,3.6270,0.6692,181.03,-0.0544,0.0294,0.0539,-0.0303,0.0303,1.69,0.029490,1.0000,0.0031,0.5051,0.1921,0,frozen,2-tag corner homography,2,1920,1200,0.200000,101;102,1,1,,2-tag corner homography,0.011252,0.493462,101,102,4.753462,4.260000,30,0.050000,0.600000,5.000000,raw-zero-distortion,590.9628888758,0.0000000000,1007.8592059077,0.0000000000,592.3761043005,547.7101609771,0.0000000000,0.0000000000,1.0000000000,-0.0359937509,0.0291287486,0.0062609452,0.0003552766,-0.0208418310,0.0000000000,0.0000000000,0.0000000000,0.0000000000,0.0000000000,1,0.000000,0.000000,72.997,751.589,1,0.991,73.445,751.847,65.525,791.480,9.543,780.434,79.564,716.532,135.152,723.334,-2.844257,0.619889,1.798829,3.421965,-0.000357,-0.000167,1,4.260000,0.000000,1773.383,886.524,1,1.242,1772.501,886.623,1843.871,934.549,1760.744,935.498,1705.310,840.144,1784.503,843.435,1.892332,0.836739,1.462512,2.533771,4.255684,0.000246,0.0114582658,0.0114447593,-9.4479098382,0.0008949409,-0.0112900243,8.4229607096,0.0001549274,0.0041239630,1.0000000000,0.0115251996,0.0115705001,-9.5390451141,0.0009065523,-0.0114097207,8.5085477417,0.0001519167,0.0041759508,1.0000000000
443,34151558767591,65.7467,1785360920.838,2,3.6198,0.7631,3.6213,0.5785,3.6205,0.6708,180.48,-0.0459,0.0197,0.0457,-0.0201,0.0201,0.23,0.004089,1.0000,0.0033,0.5051,0.1847,0,frozen,2-tag corner homography,2,1920,1200,0.200000,101;102,1,1,,2-tag corner homography,0.011466,0.495261,101,102,4.755261,4.260000,30,0.050000,0.600000,5.000000,raw-zero-distortion,590.9628888758,0.0000000000,1007.8592059077,0.0000000000,592.3761043005,547.7101609771,0.0000000000,0.0000000000,1.0000000000,-0.0359937509,0.0291287486,0.0062609452,0.0003552766,-0.0208418310,0.0000000000,0.0000000000,0.0000000000,0.0000000000,0.0000000000,1,0.000000,0.000000,72.824,751.445,1,0.931,73.139,751.819,65.240,791.446,9.374,780.332,79.447,716.519,134.532,723.352,-2.849311,0.620701,1.801434,3.427682,-0.001237,0.000190,1,4.260000,0.000000,1773.247,886.406,1,1.175,1772.417,886.511,1843.743,934.518,1760.644,935.477,1705.308,840.041,1784.359,843.139,1.888831,0.835007,1.459967,2.529115,4.255531,0.000491,0.0114439400,0.0114160384,-9.4214757942,0.0008916955,-0.0112576045,8.3987722255,0.0001614432,0.0041043837,1.0000000000,0.0115251996,0.0115705001,-9.5390451141,0.0009065523,-0.0114097207,8.5085477417,0.0001519167,0.0041759508,1.0000000000
444,34151687374512,65.8753,1785360920.977,2,3.6166,0.7749,3.6178,0.5787,3.6172,0.6768,180.34,-0.0384,0.0246,0.0382,-0.0248,0.0248,-1.69,-0.029486,1.0000,0.0031,0.5051,0.1962,0,frozen,2-tag corner homography,2,1920,1200,0.200000,101;102,1,1,,2-tag corner homography,0.011179,0.493495,101,102,4.753495,4.260000,30,0.050000,0.600000,5.000000,raw-zero-distortion,590.9628888758,0.0000000000,1007.8592059077,0.0000000000,592.3761043005,547.7101609771,0.0000000000,0.0000000000,1.0000000000,-0.0359937509,0.0291287486,0.0062609452,0.0003552766,-0.0208418310,0.0000000000,0.0000000000,0.0000000000,0.0000000000,0.0000000000,1,0.000000,0.000000,73.037,751.403,1,0.914,73.299,751.831,65.516,791.542,9.163,780.339,79.583,716.467,134.924,723.367,-2.844544,0.619804,1.798727,3.422135,-0.000764,0.000351,1,4.260000,0.000000,1773.299,886.345,1,1.276,1772.417,886.522,1843.785,934.363,1760.636,935.482,1705.286,840.013,1784.377,843.360,1.892091,0.836475,1.462486,2.533489,4.255722,0.000640,0.0113930670,0.0113761565,-9.3896256041,0.0008896048,-0.0112302316,8.3783483913,0.0001513548,0.0040997719,1.0000000000,0.0115251996,0.0115705001,-9.5390451141,0.0009065523,-0.0114097207,8.5085477417,0.0001519167,0.0041759508,1.0000000000
445,34151846979784,66.0349,1785360921.137,2,3.6133,0.7849,3.6159,0.5914,3.6146,0.6882,180.77,-0.0245,0.0526,0.0238,-0.0529,0.0529,0.45,0.007923,1.0000,0.0032,0.5051,0.1935,0,frozen,2-tag corner homography,2,1920,1200,0.200000,101;102,1,1,,2-tag corner homography,0.011424,0.492111,101,102,4.752111,4.260000,30,0.050000,0.600000,5.000000,raw-zero-distortion,590.9628888758,0.0000000000,1007.8592059077,0.0000000000,592.3761043005,547.7101609771,0.0000000000,0.0000000000,1.0000000000,-0.0359937509,0.0291287486,0.0062609452,0.0003552766,-0.0208418310,0.0000000000,0.0000000000,0.0000000000,0.0000000000,0.0000000000,1,0.000000,0.000000,73.132,751.479,1,0.817,73.344,751.888,65.713,791.468,9.347,780.509,79.620,716.505,134.724,723.446,-2.846916,0.620525,1.800315,3.425071,-0.000289,0.000165,1,4.260000,0.000000,1773.186,886.200,1,1.173,1772.413,886.457,1843.780,934.429,1760.667,935.497,1705.455,839.927,1784.126,843.118,1.888118,0.834563,1.459423,2.528122,4.255656,0.000954,0.0113742179,0.0113267446,-9.3523207677,0.0008858101,-0.0111921685,8.3505976701,0.0001549046,0.0040821602,1.0000000000,0.0115251996,0.0115705001,-9.5390451141,0.0009065523,-0.0114097207,8.5085477417,0.0001519167,0.0041759508,1.0000000000
446,34151979160512,66.1671,1785360921.267,2,3.6112,0.7965,3.6137,0.6056,3.6124,0.7010,180.76,-0.0187,0.0739,0.0177,-0.0742,0.0742,1.20,0.020939,1.0000,0.0039,0.5051,0.1910,0,frozen,2-tag corner homography,2,1920,1200,0.200000,101;102,1,1,,2-tag corner homography,0.011189,0.488234,101,102,4.748234,4.260000,30,0.050000,0.600000,5.000000,raw-zero-distortion,590.9628888758,0.0000000000,1007.8592059077,0.0000000000,592.3761043005,547.7101609771,0.0000000000,0.0000000000,1.0000000000,-0.0359937509,0.0291287486,0.0062609452,0.0003552766,-0.0208418310,0.0000000000,0.0000000000,0.0000000000,0.0000000000,0.0000000000,1,0.000000,0.000000,72.902,751.630,1,0.991,73.363,751.876,65.552,791.390,9.079,780.586,79.367,716.663,135.387,723.282,-2.842226,0.619478,1.797385,3.419444,-0.000505,-0.000302,1,4.260000,0.000000,1772.715,886.271,1,1.005,1772.078,886.541,1843.830,934.455,1760.763,935.539,1704.962,840.365,1783.212,843.002,1.889134,0.835586,1.460850,2.530042,4.254537,0.000704,0.0116269953,0.0116938386,-9.6469369794,0.0009087996,-0.0114719207,8.5591035637,0.0001486193,0.0042204084,1.0000000000,0.0115251996,0.0115705001,-9.5390451141,0.0009065523,-0.0114097207,8.5085477417,0.0001519167,0.0041759508,1.0000000000
447,34152115695894,66.3036,1785360921.422,2,3.6044,0.8117,3.6079,0.6220,3.6061,0.7168,181.07,-0.0280,0.0977,0.0262,-0.0982,0.0982,1.16,0.020194,1.0000,0.0033,0.5051,0.1898,0,frozen,2-tag corner homography,2,1920,1200,0.200000,101;102,1,1,,2-tag corner homography,0.011147,0.491296,101,102,4.751296,4.260000,30,0.050000,0.600000,5.000000,raw-zero-distortion,590.9628888758,0.0000000000,1007.8592059077,0.0000000000,592.3761043005,547.7101609771,0.0000000000,0.0000000000,1.0000000000,-0.0359937509,0.0291287486,0.0062609452,0.0003552766,-0.0208418310,0.0000000000,0.0000000000,0.0000000000,0.0000000000,0.0000000000,1,0.000000,0.000000,73.175,751.137,1,0.838,73.217,751.753,65.584,791.459,8.839,780.288,79.712,716.413,134.709,723.256,-2.843621,0.619314,1.797986,3.420889,-0.001123,0.001114,1,4.260000,0.000000,1773.365,886.511,1,1.316,1772.426,886.607,1843.775,934.502,1760.591,935.587,1705.179,840.036,1784.578,843.433,1.890782,0.836096,1.461458,2.531792,4.255660,0.000272,0.0114350194,0.0114448690,-9.4425356744,0.0008932445,-0.0112634773,8.4022879455,0.0001537301,0.0041167240,1.0000000000,0.0115251996,0.0115705001,-9.5390451141,0.0009065523,-0.0114097207,8.5085477417,0.0001519167,0.0041759508,1.0000000000
448,34152293967875,66.4819,1785360921.573,2,3.5973,0.8256,3.6004,0.6365,3.5989,0.7310,180.92,-0.0402,0.0951,0.0387,-0.0958,0.0958,0.56,0.009781,1.0000,0.0036,0.5051,0.1892,0,frozen,2-tag corner homography,2,1920,1200,0.200000,101;102,1,1,,2-tag corner homography,0.011338,0.488454,101,102,4.748454,4.260000,30,0.050000,0.600000,5.000000,raw-zero-distortion,590.9628888758,0.0000000000,1007.8592059077,0.0000000000,592.3761043005,547.7101609771,0.0000000000,0.0000000000,1.0000000000,-0.0359937509,0.0291287486,0.0062609452,0.0003552766,-0.0208418310,0.0000000000,0.0000000000,0.0000000000,0.0000000000,0.0000000000,1,0.000000,0.000000,72.863,751.384,1,0.883,73.137,751.765,65.115,791.412,8.744,780.488,79.631,716.417,134.989,723.184,-2.836339,0.617712,1.793229,3.412046,-0.001301,0.000366,1,4.260000,0.000000,1773.114,886.469,1,1.235,1772.269,886.663,1843.636,934.461,1760.591,935.464,1705.213,840.260,1784.071,843.598,1.895642,0.838556,1.465514,2.538576,4.255163,0.000323,0.0115812743,0.0116656326,-9.6185723166,0.0009070433,-0.0114331253,8.5290186514,0.0001486762,0.0042001028,1.0000000000,0.0115251996,0.0115705001,-9.5390451141,0.0009065523,-0.0114097207,8.5085477417,0.0001519167,0.0041759508,1.0000000000
449,34152421116332,66.6090,1785360921.732,2,3.5910,0.8454,3.5961,0.6529,3.5935,0.7491,181.50,-0.0409,0.1014,0.0382,-0.1024,0.1024,1.05,0.018304,1.0000,0.0031,0.5051,0.1926,0,frozen,2-tag corner homography,2,1920,1200,0.200000,101;102,1,1,,2-tag corner homography,0.027512,0.486218,101,102,4.746218,4.260000,30,0.050000,0.600000,5.000000,raw-zero-distortion,590.9628888758,0.0000000000,1007.8592059077,0.0000000000,592.3761043005,547.7101609771,0.0000000000,0.0000000000,1.0000000000,-0.0359937509,0.0291287486,0.0062609452,0.0003552766,-0.0208418310,0.0000000000,0.0000000000,0.0000000000,0.0000000000,0.0000000000,1,0.000000,0.000000,73.129,751.230,1,0.756,73.182,751.768,65.436,791.455,8.806,780.431,79.810,716.300,134.654,723.299,-2.839189,0.618369,1.795116,3.415525,-0.000991,0.000849,1,4.260000,0.000000,1773.352,886.389,1,1.297,1772.456,886.568,1843.871,934.566,1760.642,935.470,1705.286,839.887,1784.456,843.509,1.890262,0.835736,1.460999,2.531020,4.255784,0.000550,0.0116598786,0.0151714545,-12.2598642321,0.0009051184,-0.0113412514,8.4550907137,0.0001415578,0.0043756387,1.0000000000,0.0115251996,0.0115705001,-9.5390451141,0.0009065523,-0.0114097207,8.5085477417,0.0001519167,0.0041759508,1.0000000000
450,34152582487381,66.7704,1785360921.855,2,3.5901,0.8610,3.5917,0.6698,3.5909,0.7654,180.47,-0.0302,0.1145,0.0292,-0.1148,0.1148,-1.14,-0.019927,1.0000,0.0033,0.5051,0.1912,0,frozen,2-tag corner homography,2,1920,1200,0.200000,101;102,1,1,,2-tag corner homography,0.011232,0.493241,101,102,4.753241,4.260000,30,0.050000,0.600000,5.000000,raw-zero-distortion,590.9628888758,0.0000000000,1007.8592059077,0.0000000000,592.3761043005,547.7101609771,0.0000000000,0.0000000000,1.0000000000,-0.0359937509,0.0291287486,0.0062609452,0.0003552766,-0.0208418310,0.0000000000,0.0000000000,0.0000000000,0.0000000000,0.0000000000,1,0.000000,0.000000,73.172,751.120,1,0.805,73.169,751.756,65.477,791.470,8.727,780.210,79.800,716.371,134.642,723.374,-2.845513,0.619703,1.799091,3.423114,-0.001177,0.001159,1,4.260000,0.000000,1773.269,886.340,1,1.167,1772.464,886.496,1843.874,934.420,1760.812,935.446,1705.358,840.094,1784.222,843.166,1.890790,0.835785,1.461391,2.531657,4.255663,0.000646,0.0114446951,0.0114832097,-9.4715633148,0.0008944378,-0.0112880940,8.4207499972,0.0001502715,0.0041297609,1.0000000000,0.0115251996,0.0115705001,-9.5390451141,0.0009065523,-0.0114097207,8.5085477417,0.0001519167,0.0041759508,1.0000000000
451,34152704361700,66.8923,1785360921.974,2,3.5810,0.8842,3.5839,0.6907,3.5824,0.7875,180.85,-0.0356,0.1275,0.0337,-0.1280,0.1280,-2.08,-0.036306,1.0000,0.0033,0.5051,0.1935,0,frozen,2-tag corner homography,2,1920,1200,0.200000,101;102,1,1,,2-tag corner homography,0.011082,0.494339,101,102,4.754339,4.260000,30,0.050000,0.600000,5.000000,raw-zero-distortion,590.9628888758,0.0000000000,1007.8592059077,0.0000000000,592.3761043005,547.7101609771,0.0000000000,0.0000000000,1.0000000000,-0.0359937509,0.0291287486,0.0062609452,0.0003552766,-0.0208418310,0.0000000000,0.0000000000,0.0000000000,0.0000000000,0.0000000000,1,0.000000,0.000000,72.996,751.225,1,0.875,73.161,751.731,65.293,791.387,8.679,780.199,79.669,716.430,134.933,723.324,-2.845180,0.619550,1.798865,3.422690,-0.001375,0.000832,1,4.260000,0.000000,1773.348,886.475,1,1.171,1772.538,886.640,1844.000,934.643,1760.607,935.449,1705.424,840.166,1784.546,843.431,1.892263,0.836709,1.462389,2.533638,4.255667,0.000352,0.0115833124,0.0116800055,-9.6292496555,0.0009070706,-0.0114348051,8.5298796686,0.0001514398,0.0041969166,1.0000000000,0.0115251996,0.0115705001,-9.5390451141,0.0009065523,-0.0114097207,8.5085477417,0.0001519167,0.0041759508,1.0000000000
452,34152817092361,67.0050,1785360922.103,2,3.5748,0.9024,3.5758,0.7088,3.5753,0.8056,180.28,-0.0558,0.1563,0.0550,-0.1566,0.1566,-1.23,-0.021434,1.0000,0.0035,0.5051,0.1937,0,frozen,2-tag corner homography,2,1920,1200,0.200000,101;102,1,1,,2-tag corner homography,0.011061,0.477192,101,102,4.737192,4.260000,30,0.050000,0.600000,5.000000,raw-zero-distortion,590.9628888758,0.0000000000,1007.8592059077,0.0000000000,592.3761043005,547.7101609771,0.0000000000,0.0000000000,1.0000000000,-0.0359937509,0.0291287486,0.0062609452,0.0003552766,-0.0208418310,0.0000000000,0.0000000000,0.0000000000,0.0000000000,0.0000000000,1,0.000000,0.000000,73.053,751.169,1,1.047,73.290,751.732,65.526,791.473,8.575,780.488,79.503,716.634,135.433,722.804,-2.831070,0.616565,1.790190,3.405861,-0.001372,0.001000,1,4.260000,0.000000,1773.101,886.216,1,1.033,1772.427,886.469,1843.990,934.444,1760.546,935.431,1705.431,840.178,1784.138,842.947,1.889576,0.835220,1.460522,2.530062,4.255450,0.000901,0.0115427631,0.0116612328,-9.6137202083,0.0009004234,-0.0113649746,8.4778343231,0.0001492294,0.0041819693,1.0000000000,0.0115251996,0.0115705001,-9.5390451141,0.0009065523,-0.0114097207,8.5085477417,0.0001519167,0.0041759508,1.0000000000
453,34152947588892,67.1355,1785360922.220,2,3.5704,0.9143,3.5725,0.7209,3.5715,0.8176,180.63,-0.0479,0.1329,0.0464,-0.1334,0.1334,-0.93,-0.016296,1.0000,0.0039,0.5051,0.1934,0,frozen,2-tag corner homography,2,1920,1200,0.200000,101;102,1,1,,2-tag corner homography,0.011210,0.485445,101,102,4.745445,4.260000,30,0.050000,0.600000,5.000000,raw-zero-distortion,590.9628888758,0.0000000000,1007.8592059077,0.0000000000,592.3761043005,547.7101609771,0.0000000000,0.0000000000,1.0000000000,-0.0359937509,0.0291287486,0.0062609452,0.0003552766,-0.0208418310,0.0000000000,0.0000000000,0.0000000000,0.0000000000,0.0000000000,1,0.000000,0.000000,73.114,751.220,1,0.831,73.242,751.738,65.606,791.369,8.693,780.247,79.625,716.398,134.981,723.343,-2.845404,0.619672,1.799162,3.423055,-0.001062,0.000872,1,4.260000,0.000000,1772.661,885.820,1,1.016,1772.129,886.335,1844.126,934.450,1760.662,935.463,1705.129,839.867,1783.058,842.812,1.882832,0.832236,1.455879,2.521360,4.254981,0.001730,0.0115272050,0.0115526609,-9.5303972775,0.0008993369,-0.0113590176,8.4734594078,0.0001464703,0.0041760735,1.0000000000,0.0115251996,0.0115705001,-9.5390451141,0.0009065523,-0.0114097207,8.5085477417,0.0001519167,0.0041759508,1.0000000000
454,34153067685399,67.2556,1785360922.353,2,3.5694,0.9258,3.5687,0.7331,3.5691,0.8295,179.81,-0.0323,0.1073,0.0327,-0.1072,0.1072,-1.54,-0.026821,1.0000,0.0034,0.5051,0.1928,0,frozen,2-tag corner homography,2,1920,1200,0.200000,101;102,1,1,,2-tag corner homography,0.011413,0.486582,101,102,4.746582,4.260000,30,0.050000,0.600000,5.000000,raw-zero-distortion,590.9628888758,0.0000000000,1007.8592059077,0.0000000000,592.3761043005,547.7101609771,0.0000000000,0.0000000000,1.0000000000,-0.0359937509,0.0291287486,0.0062609452,0.0003552766,-0.0208418310,0.0000000000,0.0000000000,0.0000000000,0.0000000000,0.0000000000,1,0.000000,0.000000,73.168,751.188,1,0.830,73.250,751.752,65.488,791.463,8.639,780.267,79.806,716.375,134.997,723.326,-2.841467,0.618864,1.796689,3.418336,-0.001001,0.000972,1,4.260000,0.000000,1773.174,886.350,1,1.186,1772.349,886.487,1843.779,934.515,1760.674,935.452,1705.189,839.972,1784.167,843.169,1.888207,0.834745,1.459614,2.528359,4.255444,0.000607,0.0121744579,0.0127455004,-10.4749078774,0.0009542298,-0.0120363438,8.9780882199,0.0001489396,0.0045051779,1.0000000000,0.0115251996,0.0115705001,-9.5390451141,0.0009065523,-0.0114097207,8.5085477417,0.0001519167,0.0041759508,1.0000000000
455,34153196576836,67.3845,1785360922.479,2,3.5673,0.9350,3.5661,0.7435,3.5667,0.8393,179.64,-0.0231,0.0929,0.0237,-0.0927,0.0927,-3.23,-0.056326,1.0000,0.0042,0.5051,0.1915,0,frozen,2-tag corner homography,2,1920,1200,0.200000,101;102,1,1,,2-tag corner homography,0.011266,0.485372,101,102,4.745372,4.260000,30,0.050000,0.600000,5.000000,raw-zero-distortion,590.9628888758,0.0000000000,1007.8592059077,0.0000000000,592.3761043005,547.7101609771,0.0000000000,0.0000000000,1.0000000000,-0.0359937509,0.0291287486,0.0062609452,0.0003552766,-0.0208418310,0.0000000000,0.0000000000,0.0000000000,0.0000000000,0.0000000000,1,0.000000,0.000000,73.106,751.057,1,0.897,73.220,751.637,65.308,791.372,8.569,780.138,79.819,716.347,135.086,723.129,-2.839692,0.618108,1.795508,3.416102,-0.001538,0.001318,1,4.260000,0.000000,1772.776,886.411,1,1.061,1772.082,886.646,1843.860,934.720,1760.699,935.499,1704.881,840.270,1783.376,843.323,1.888844,0.835712,1.460617,2.529732,4.254495,0.000395,0.0117064715,0.0119387778,-9.8324282218,0.0009187486,-0.0115657948,8.6261328882,0.0001454468,0.0042722543,1.0000000000,0.0115251996,0.0115705001,-9.5390451141,0.0009065523,-0.0114097207,8.5085477417,0.0001519167,0.0041759508,1.0000000000
456,34153327482849,67.5154,1785360922.616,2,3.5656,0.9409,3.5649,0.7503,3.5653,0.8456,179.77,-0.0171,0.0711,0.0174,-0.0710,0.0710,-1.03,-0.017893,1.0000,0.0039,0.5051,0.1905,0,frozen,2-tag corner homography,2,1920,1200,0.200000,101;102,1,1,,2-tag corner homography,0.010791,0.463674,101,102,4.723674,4.260000,30,0.050000,0.600000,5.000000,raw-zero-distortion,590.9628888758,0.0000000000,1007.8592059077,0.0000000000,592.3761043005,547.7101609771,0.0000000000,0.0000000000,1.0000000000,-0.0359937509,0.0291287486,0.0062609452,0.0003552766,-0.0208418310,0.0000000000,0.0000000000,0.0000000000,0.0000000000,0.0000000000,1,0.000000,0.000000,73.070,751.229,1,1.189,73.572,751.582,65.370,791.492,8.646,780.374,79.735,716.377,136.339,722.606,-2.818223,0.613502,1.782605,3.390641,-0.001158,0.000839,1,4.260000,0.000000,1772.915,886.470,1,1.165,1772.111,886.619,1844.036,934.594,1760.804,935.544,1704.592,840.239,1783.559,843.342,1.889236,0.835785,1.460864,2.530192,4.254727,0.000284,0.0118019052,0.0119842718,-9.8771059436,0.0009243726,-0.0116355443,8.6774017431,0.0001390795,0.0043287843,1.0000000000,0.0115251996,0.0115705001,-9.5390451141,0.0009065523,-0.0114097207,8.5085477417,0.0001519167,0.0041759508,1.0000000000
457,34153468662088,67.6566,1785360922.746,2,3.5625,0.9489,3.5625,0.7566,3.5625,0.8527,180.00,-0.0160,0.0553,0.0160,-0.0553,0.0553,0.71,0.012349,1.0000,0.0033,0.5051,0.1923,0,frozen,2-tag corner homography,2,1920,1200,0.200000,101;102,1,1,,2-tag corner homography,0.011083,0.488826,101,102,4.748826,4.260000,30,0.050000,0.600000,5.000000,raw-zero-distortion,590.9628888758,0.0000000000,1007.8592059077,0.0000000000,592.3761043005,547.7101609771,0.0000000000,0.0000000000,1.0000000000,-0.0359937509,0.0291287486,0.0062609452,0.0003552766,-0.0208418310,0.0000000000,0.0000000000,0.0000000000,0.0000000000,0.0000000000,1,0.000000,0.000000,72.945,751.282,1,0.833,73.084,751.784,65.245,791.434,8.600,780.346,79.628,716.434,134.802,723.342,-2.842756,0.619132,1.797184,3.419716,-0.001358,0.000665,1,4.260000,0.000000,1773.231,886.284,1,1.140,1772.462,886.492,1844.059,934.452,1760.652,935.495,1705.292,840.081,1784.273,843.089,1.889170,0.835061,1.460143,2.529488,4.255651,0.000768,0.0115457513,0.0116679129,-9.6171558827,0.0009013580,-0.0113784727,8.4885631724,0.0001544669,0.0041736166,1.0000000000,0.0115251996,0.0115705001,-9.5390451141,0.0009065523,-0.0114097207,8.5085477417,0.0001519167,0.0041759508,1.0000000000
458,34153592725918,67.7806,1785360922.889,2,3.5618,0.9571,3.5625,0.7654,3.5622,0.8612,180.22,-0.0131,0.0577,0.0129,-0.0577,0.0577,1.38,0.024061,1.0000,0.0033,0.5051,0.1917,0,frozen,2-tag corner homography,2,1920,1200,0.200000,101;102,1,1,,2-tag corner homography,0.011098,0.491190,101,102,4.751190,4.260000,30,0.050000,0.600000,5.000000,raw-zero-distortion,590.9628888758,0.0000000000,1007.8592059077,0.0000000000,592.3761043005,547.7101609771,0.0000000000,0.0000000000,1.0000000000,-0.0359937509,0.0291287486,0.0062609452,0.0003552766,-0.0208418310,0.0000000000,0.0000000000,0.0000000000,0.0000000000,0.0000000000,1,0.000000,0.000000,72.822,751.480,1,1.008,73.188,751.860,65.420,791.408,8.757,780.487,79.261,716.743,135.225,723.225,-2.843995,0.619700,1.798167,3.421365,-0.001148,0.000093,1,4.260000,0.000000,1773.192,886.255,1,1.159,1772.418,886.488,1843.918,934.415,1760.602,935.457,1705.345,840.054,1784.219,843.164,1.890304,0.835601,1.461104,2.531067,4.255602,0.000828,0.0115770629,0.0116791343,-9.6299479593,0.0009041383,-0.0114210104,8.5212078951,0.0001516410,0.0041930844,1.0000000000,0.0115251996,0.0115705001,-9.5390451141,0.0009065523,-0.0114097207,8.5085477417,0.0001519167,0.0041759508,1.0000000000
459,34153735812812,67.9237,1785360923.012,2,3.5600,0.9605,3.5596,0.7688,3.5598,0.8646,179.89,-0.0108,0.0475,0.0109,-0.0475,0.0475,0.01,0.000244,1.0000,0.0036,0.5051,0.1917,0,frozen,2-tag corner homography,2,1920,1200,0.200000,101;102,1,0,world_rms>0.050,2-tag corner homography,6.866218,0.483862,101,102,4.743862,4.260000,30,0.050000,0.600000,5.000000,raw-zero-distortion,590.9628888758,0.0000000000,1007.8592059077,0.0000000000,592.3761043005,547.7101609771,0.0000000000,0.0000000000,1.0000000000,-0.0359937509,0.0291287486,0.0062609452,0.0003552766,-0.0208418310,0.0000000000,0.0000000000,0.0000000000,0.0000000000,0.0000000000,1,0.000000,0.000000,73.139,751.033,1,0.975,73.278,751.649,65.475,791.457,8.681,780.065,79.704,716.406,135.168,723.094,-2.841125,0.618495,1.796527,3.417900,-0.001514,0.001392,1,4.260000,0.000000,1773.177,886.361,1,1.100,1772.401,886.453,1843.797,934.579,1760.712,935.460,1705.274,839.998,1784.204,842.929,1.885725,0.833509,1.457597,2.524933,4.255436,0.000582,-0.0006349787,0.0045842802,-2.6971647192,0.0002313519,-0.0028557154,2.0196694024,0.0009237856,-0.0030285465,1.0000000000,0.0115251996,0.0115705001,-9.5390451141,0.0009065523,-0.0114097207,8.5085477417,0.0001519167,0.0041759508,1.0000000000
460,34153855281509,68.0432,1785360923.128,2,3.5553,0.9627,3.5534,0.7717,3.5543,0.8672,179.40,-0.0233,0.0308,0.0237,-0.0306,0.0306,-2.07,-0.036215,1.0000,0.0034,0.5051,0.1910,0,frozen,2-tag corner homography,2,1920,1200,0.200000,101;102,1,1,,2-tag corner homography,0.011950,0.492490,101,102,4.752490,4.260000,30,0.050000,0.600000,5.000000,raw-zero-distortion,590.9628888758,0.0000000000,1007.8592059077,0.0000000000,592.3761043005,547.7101609771,0.0000000000,0.0000000000,1.0000000000,-0.0359937509,0.0291287486,0.0062609452,0.0003552766,-0.0208418310,0.0000000000,0.0000000000,0.0000000000,0.0000000000,0.0000000000,1,0.000000,0.000000,73.159,751.276,1,0.796,73.226,751.832,65.624,791.514,8.827,780.398,79.686,716.421,134.747,723.397,-2.843476,0.619529,1.797913,3.420769,-0.000780,0.000727,1,4.260000,0.000000,1773.103,886.264,1,1.034,1772.434,886.530,1844.072,934.470,1760.543,935.391,1705.410,840.281,1784.137,843.107,1.892197,0.836524,1.462536,2.533613,4.255396,0.000792,0.0115168668,0.0121519201,-9.9811263903,0.0009031662,-0.0113880695,8.4952095913,0.0001508489,0.0041844005,1.0000000000,0.0115251996,0.0115705001,-9.5390451141,0.0009065523,-0.0114097207,8.5085477417,0.0001519167,0.0041759508,1.0000000000
461,34153970441061,68.1584,1785360923.251,2,3.5539,0.9646,3.5514,0.7735,3.5526,0.8691,179.24,-0.0282,0.0229,0.0285,-0.0226,0.0226,-2.53,-0.044119,1.0000,0.0033,0.5051,0.1912,0,frozen,2-tag corner homography,2,1920,1200,0.200000,101;102,1,1,,2-tag corner homography,0.010944,0.484652,101,102,4.744652,4.260000,30,0.050000,0.600000,5.000000,raw-zero-distortion,590.9628888758,0.0000000000,1007.8592059077,0.0000000000,592.3761043005,547.7101609771,0.0000000000,0.0000000000,1.0000000000,-0.0359937509,0.0291287486,0.0062609452,0.0003552766,-0.0208418310,0.0000000000,0.0000000000,0.0000000000,0.0000000000,0.0000000000,1,0.000000,0.000000,73.043,751.347,1,0.851,73.227,751.815,65.476,791.448,8.619,780.412,79.622,716.481,135.108,723.346,-2.841336,0.619011,1.796562,3.418186,-0.000904,0.000507,1,4.260000,0.000000,1773.211,886.364,1,1.079,1772.471,886.526,1844.164,934.720,1760.666,935.442,1705.230,840.033,1784.271,843.093,1.886337,0.833882,1.457936,2.525708,4.255506,0.000582,0.0115735293,0.0116578586,-9.6135991623,0.0009031010,-0.0114003201,8.5051479498,0.0001513754,0.0041913845,1.0000000000,0.0115251996,0.0115705001,-9.5390451141,0.0009065523,-0.0114097207,8.5085477417,0.0001519167,0.0041759508,1.0000000000
462,34154092291042,68.2802,1785360923.356,2,3.5531,0.9686,3.5483,0.7774,3.5507,0.8730,178.54,-0.0195,0.0240,0.0201,-0.0235,0.0235,-3.30,-0.057511,1.0000,0.0034,0.5051,0.1913,0,frozen,2-tag corner homography,2,1920,1200,0.200000,101;102,1,1,,2-tag corner homography,0.011281,0.484591,101,102,4.744591,4.260000,30,0.050000,0.600000,5.000000,raw-zero-distortion,590.9628888758,0.0000000000,1007.8592059077,0.0000000000,592.3761043005,547.7101609771,0.0000000000,0.0000000000,1.0000000000,-0.0359937509,0.0291287486,0.0062609452,0.0003552766,-0.0208418310,0.0000000000,0.0000000000,0.0000000000,0.0000000000,0.0000000000,1,0.000000,0.000000,72.881,751.457,1,0.879,73.193,751.792,65.209,791.422,8.673,780.470,79.608,716.415,135.191,723.302,-2.837605,0.618106,1.794137,3.413647,-0.001046,0.000169,1,4.260000,0.000000,1773.061,886.160,1,0.990,1772.477,886.541,1843.813,934.496,1760.623,935.504,1705.861,840.252,1783.936,843.014,1.890271,0.835652,1.460965,2.530980,4.255431,0.001022,0.0114132723,0.0115008364,-9.4832544774,0.0008916969,-0.0112548749,8.3964691755,0.0001449607,0.0041266189,1.0000000000,0.0115251996,0.0115705001,-9.5390451141,0.0009065523,-0.0114097207,8.5085477417,0.0001519167,0.0041759508,1.0000000000
463,34154200779122,68.3887,1785360923.482,2,3.5531,0.9722,3.5457,0.7802,3.5494,0.8762,177.79,-0.0163,0.0257,0.0172,-0.0250,0.0250,-4.24,-0.074075,1.0000,0.0039,0.5051,0.1922,0,frozen,2-tag corner homography,2,1920,1200,0.200000,101;102,1,1,,2-tag corner homography,0.011303,0.486570,101,102,4.746570,4.260000,30,0.050000,0.600000,5.000000,raw-zero-distortion,590.9628888758,0.0000000000,1007.8592059077,0.0000000000,592.3761043005,547.7101609771,0.0000000000,0.0000000000,1.0000000000,-0.0359937509,0.0291287486,0.0062609452,0.0003552766,-0.0208418310,0.0000000000,0.0000000000,0.0000000000,0.0000000000,0.0000000000,1,0.000000,0.000000,73.193,751.214,1,0.753,73.187,751.815,65.666,791.491,8.610,780.406,79.704,716.372,134.730,723.398,-2.842280,0.619189,1.797081,3.419277,-0.000860,0.000907,1,4.260000,0.000000,1772.678,886.071,1,0.926,1772.151,886.453,1843.834,934.404,1760.850,935.517,1705.291,840.299,1783.033,842.780,1.887360,0.834503,1.459338,2.527487,4.254705,0.001157,0.0114160271,0.0114042315,-9.4109801187,0.0008914308,-0.0112568061,8.3981183690,0.0001426200,0.0041282521,1.0000000000,0.0115251996,0.0115705001,-9.5390451141,0.0009065523,-0.0114097207,8.5085477417,0.0001519167,0.0041759508,1.0000000000
464,34154324017711,68.5119,1785360923.581,2,3.5535,0.9745,3.5441,0.7838,3.5488,0.8792,177.18,-0.0105,0.0263,0.0118,-0.0258,0.0258,-5.35,-0.093425,1.0000,0.0040,0.5051,0.1910,0,frozen,2-tag corner homography,2,1920,1200,0.200000,101;102,1,1,,2-tag corner homography,0.011482,0.487683,101,102,4.747683,4.260000,30,0.050000,0.600000,5.000000,raw-zero-distortion,590.9628888758,0.0000000000,1007.8592059077,0.0000000000,592.3761043005,547.7101609771,0.0000000000,0.0000000000,1.0000000000,-0.0359937509,0.0291287486,0.0062609452,0.0003552766,-0.0208418310,0.0000000000,0.0000000000,0.0000000000,0.0000000000,0.0000000000,1,0.000000,0.000000,73.118,751.311,1,0.729,73.203,751.793,65.462,791.422,8.698,780.335,79.801,716.302,134.808,723.517,-2.844279,0.619568,1.798377,3.421688,-0.000796,0.000624,1,4.260000,0.000000,1772.556,885.983,1,0.863,1772.130,886.466,1843.955,934.507,1760.770,935.489,1705.359,840.313,1782.846,842.760,1.886368,0.834121,1.458611,2.526200,4.254549,0.001338,0.0115150278,0.0117896670,-9.7079577542,0.0009015026,-0.0113749826,8.4855907171,0.0001439681,0.0041837465,1.0000000000,0.0115251996,0.0115705001,-9.5390451141,0.0009065523,-0.0114097207,8.5085477417,0.0001519167,0.0041759508,1.0000000000
465,34154426577660,68.6145,1785360923.690,2,3.5513,0.9781,3.5412,0.7861,3.5463,0.8821,176.98,-0.0116,0.0267,0.0129,-0.0260,0.0260,-4.96,-0.086578,1.0000,0.0036,0.5051,0.1923,0,frozen,2-tag corner homography,2,1920,1200,0.200000,101;102,1,1,,2-tag corner homography,0.011010,0.475294,101,102,4.735294,4.260000,30,0.050000,0.600000,5.000000,raw-zero-distortion,590.9628888758,0.0000000000,1007.8592059077,0.0000000000,592.3761043005,547.7101609771,0.0000000000,0.0000000000,1.0000000000,-0.0359937509,0.0291287486,0.0062609452,0.0003552766,-0.0208418310,0.0000000000,0.0000000000,0.0000000000,0.0000000000,0.0000000000,1,0.000000,0.000000,72.901,751.318,1,1.191,73.382,751.704,65.392,791.459,8.668,780.356,79.386,716.650,135.922,722.828,-2.831685,0.616676,1.790757,3.406690,-0.001379,0.000556,1,4.260000,0.000000,1773.024,886.218,1,1.078,1772.307,886.430,1843.795,934.391,1760.722,935.528,1705.259,840.091,1783.841,842.864,1.886948,0.834096,1.458722,2.526689,4.255279,0.000882,0.0115840990,0.0117561629,-9.6888080790,0.0009046247,-0.0114175217,8.5166230163,0.0001437943,0.0042143344,1.0000000000,0.0115251996,0.0115705001,-9.5390451141,0.0009065523,-0.0114097207,8.5085477417,0.0001519167,0.0041759508,1.0000000000
466,34154533335460,68.7213,1785360923.809,2,3.5503,0.9779,3.5381,0.7890,3.5442,0.8834,176.31,-0.0146,0.0240,0.0161,-0.0230,0.0230,-4.49,-0.078344,1.0000,0.0035,0.5051,0.1893,0,frozen,2-tag corner homography,2,1920,1200,0.200000,101;102,1,1,,2-tag corner homography,0.011081,0.481900,101,102,4.741900,4.260000,30,0.050000,0.600000,5.000000,raw-zero-distortion,590.9628888758,0.0000000000,1007.8592059077,0.0000000000,592.3761043005,547.7101609771,0.0000000000,0.0000000000,1.0000000000,-0.0359937509,0.0291287486,0.0062609452,0.0003552766,-0.0208418310,0.0000000000,0.0000000000,0.0000000000,0.0000000000,0.0000000000,1,0.000000,0.000000,73.152,751.242,1,0.928,73.394,751.704,65.542,791.433,8.632,780.217,79.754,716.379,135.529,723.229,-2.838426,0.618152,1.795043,3.414814,-0.000894,0.000822,1,4.260000,0.000000,1772.992,886.147,1,1.031,1772.353,886.473,1844.028,934.556,1760.610,935.475,1705.359,840.057,1783.829,842.977,1.886578,0.833986,1.458347,2.526160,4.255298,0.001039,0.0115054705,0.0118509962,-9.7543953805,0.0009009845,-0.0113619982,8.4747729153,0.0001429967,0.0041839904,1.0000000000,0.0115251996,0.0115705001,-9.5390451141,0.0009065523,-0.0114097207,8.5085477417,0.0001519167,0.0041759508,1.0000000000
467,34154654981937,68.8429,1785360923.920,2,3.5473,0.9771,3.5347,0.7896,3.5410,0.8833,176.18,-0.0205,0.0160,0.0215,-0.0146,0.0146,-3.69,-0.064474,1.0000,0.0034,0.5051,0.1879,0,frozen,2-tag corner homography,2,1920,1200,0.200000,101;102,1,1,,2-tag corner homography,0.011039,0.492936,101,102,4.752936,4.260000,30,0.050000,0.600000,5.000000,raw-zero-distortion,590.9628888758,0.0000000000,1007.8592059077,0.0000000000,592.3761043005,547.7101609771,0.0000000000,0.0000000000,1.0000000000,-0.0359937509,0.0291287486,0.0062609452,0.0003552766,-0.0208418310,0.0000000000,0.0000000000,0.0000000000,0.0000000000,0.0000000000,1,0.000000,0.000000,73.165,751.149,1,0.934,73.280,751.766,65.723,791.404,8.594,780.182,79.550,716.615,135.159,723.276,-2.847926,0.620333,1.800830,3.426147,-0.001116,0.001078,1,4.260000,0.000000,1773.204,886.393,1,1.202,1772.369,886.537,1843.837,934.613,1760.665,935.477,1705.181,839.955,1784.219,843.277,1.887876,0.834702,1.459321,2.527928,4.255455,0.000513,0.0115374909,0.0115542372,-9.5330269798,0.0009022911,-0.0113858589,8.4938526171,0.0001464205,0.0041810748,1.0000000000,0.0115251996,0.0115705001,-9.5390451141,0.0009065523,-0.0114097207,8.5085477417,0.0001519167,0.0041759508,1.0000000000
468,34154759842958,68.9478,1785360924.018,2,3.5459,0.9776,3.5299,0.7911,3.5379,0.8844,175.10,-0.0235,0.0096,0.0243,-0.0076,0.0076,-4.58,-0.079879,1.0000,0.0033,0.5051,0.1871,0,frozen,2-tag corner homography,2,1920,1200,0.200000,101;102,1,1,,2-tag corner homography,0.011135,0.497858,101,102,4.757858,4.260000,30,0.050000,0.600000,5.000000,raw-zero-distortion,590.9628888758,0.0000000000,1007.8592059077,0.0000000000,592.3761043005,547.7101609771,0.0000000000,0.0000000000,1.0000000000,-0.0359937509,0.0291287486,0.0062609452,0.0003552766,-0.0208418310,0.0000000000,0.0000000000,0.0000000000,0.0000000000,0.0000000000,1,0.000000,0.000000,73.077,751.106,1,0.888,73.092,751.793,65.567,791.498,8.641,780.187,79.503,716.547,134.624,723.329,-2.849207,0.620567,1.801279,3.427491,-0.001481,0.001178,1,4.260000,0.000000,1773.336,886.412,1,1.252,1772.450,886.524,1843.844,934.456,1760.698,935.415,1705.246,840.016,1784.442,843.349,1.891641,0.836243,1.462075,2.532838,4.255720,0.000494,0.0114457893,0.0114625322,-9.4555689053,0.0008950629,-0.0112975374,8.4283141731,0.0001498478,0.0041304385,1.0000000000,0.0115251996,0.0115705001,-9.5390451141,0.0009065523,-0.0114097207,8.5085477417,0.0001519167,0.0041759508,1.0000000000
469,34154860218966,69.0481,1785360924.120,2,3.5434,0.9787,3.5270,0.7924,3.5352,0.8855,174.97,-0.0262,0.0078,0.0268,-0.0055,0.0055,-4.63,-0.080886,1.0000,0.0035,0.5051,0.1870,0,frozen,2-tag corner homography,2,1920,1200,0.200000,101;102,1,1,,2-tag corner homography,0.010943,0.485617,101,102,4.745617,4.260000,30,0.050000,0.600000,5.000000,raw-zero-distortion,590.9628888758,0.0000000000,1007.8592059077,0.0000000000,592.3761043005,547.7101609771,0.0000000000,0.0000000000,1.0000000000,-0.0359937509,0.0291287486,0.0062609452,0.0003552766,-0.0208418310,0.0000000000,0.0000000000,0.0000000000,0.0000000000,0.0000000000,1,0.000000,0.000000,72.945,751.333,1,0.916,73.224,751.740,65.195,791.433,8.581,780.214,79.697,716.397,135.307,723.351,-2.841190,0.618749,1.796463,3.417965,-0.001214,0.000524,1,4.260000,0.000000,1773.059,886.272,1,1.085,1772.319,886.442,1843.787,934.419,1760.608,935.494,1705.237,840.102,1784.034,842.888,1.887509,0.834358,1.459131,2.527431,4.255290,0.000766,0.0115134613,0.0116644676,-9.6132285563,0.0008994979,-0.0113550423,8.4705319942,0.0001481792,0.0041709358,1.0000000000,0.0115251996,0.0115705001,-9.5390451141,0.0009065523,-0.0114097207,8.5085477417,0.0001519167,0.0041759508,1.0000000000
470,34154962305947,69.1502,1785360924.220,2,3.5412,0.9808,3.5246,0.7936,3.5329,0.8872,174.91,-0.0264,0.0107,0.0272,-0.0083,0.0083,-4.17,-0.072797,1.0000,0.0034,0.5051,0.1878,0,frozen,2-tag corner homography,2,1920,1200,0.200000,101;102,1,1,,2-tag corner homography,0.011081,0.484438,101,102,4.744438,4.260000,30,0.050000,0.600000,5.000000,raw-zero-distortion,590.9628888758,0.0000000000,1007.8592059077,0.0000000000,592.3761043005,547.7101609771,0.0000000000,0.0000000000,1.0000000000,-0.0359937509,0.0291287486,0.0062609452,0.0003552766,-0.0208418310,0.0000000000,0.0000000000,0.0000000000,0.0000000000,0.0000000000,1,0.000000,0.000000,73.144,751.144,1,0.982,73.338,751.706,65.597,791.433,8.633,780.258,79.630,716.519,135.381,723.056,-2.838548,0.618147,1.795011,3.414897,-0.001189,0.001089,1,4.260000,0.000000,1773.199,886.335,1,1.130,1772.426,886.504,1843.845,934.525,1760.743,935.443,1705.361,840.061,1784.156,843.137,1.889083,0.835091,1.460144,2.529433,4.255517,0.000647,0.0115174739,0.0116130383,-9.5758211029,0.0009006098,-0.0113613719,8.4747511294,0.0001444646,0.0041782771,1.0000000000,0.0115251996,0.0115705001,-9.5390451141,0.0009065523,-0.0114097207,8.5085477417,0.0001519167,0.0041759508,1.0000000000
471,34155061370154,69.2493,1785360924.341,2,3.5418,0.9815,3.5235,0.7946,3.5326,0.8881,174.41,-0.0212,0.0119,0.0223,-0.0098,0.0098,-2.93,-0.051126,1.0000,0.0035,0.5051,0.1878,0,frozen,2-tag corner homography,2,1920,1200,0.200000,101;102,1,1,,2-tag corner homography,0.011148,0.490082,101,102,4.750082,4.260000,30,0.050000,0.600000,5.000000,raw-zero-distortion,590.9628888758,0.0000000000,1007.8592059077,0.0000000000,592.3761043005,547.7101609771,0.0000000000,0.0000000000,1.0000000000,-0.0359937509,0.0291287486,0.0062609452,0.0003552766,-0.0208418310,0.0000000000,0.0000000000,0.0000000000,0.0000000000,0.0000000000,1,0.000000,0.000000,73.204,751.082,1,0.809,73.169,751.755,65.563,791.500,8.653,780.193,79.769,716.360,134.659,723.367,-2.845129,0.619616,1.798849,3.422651,-0.001195,0.001272,1,4.260000,0.000000,1773.119,886.198,1,1.089,1772.407,886.454,1843.950,934.465,1760.651,935.463,1705.380,840.038,1784.050,843.002,1.887926,0.834477,1.459286,2.527871,4.255512,0.000947,0.0114030471,0.0114169613,-9.4186560106,0.0008899982,-0.0112356460,8.3816642953,0.0001494785,0.0041101677,1.0000000000,0.0115251996,0.0115705001,-9.5390451141,0.0009065523,-0.0114097207,8.5085477417,0.0001519167,0.0041759508,1.0000000000
472,34155191232215,69.3792,1785360924.479,2,3.5379,0.9851,3.5215,0.7965,3.5297,0.8908,175.02,-0.0172,0.0144,0.0184,-0.0129,0.0129,-1.00,-0.017373,1.0000,0.0037,0.5051,0.1893,0,frozen,2-tag corner homography,2,1920,1200,0.200000,101;102,1,1,,2-tag corner homography,0.010916,0.468523,101,102,4.728523,4.260000,30,0.050000,0.600000,5.000000,raw-zero-distortion,590.9628888758,0.0000000000,1007.8592059077,0.0000000000,592.3761043005,547.7101609771,0.0000000000,0.0000000000,1.0000000000,-0.0359937509,0.0291287486,0.0062609452,0.0003552766,-0.0208418310,0.0000000000,0.0000000000,0.0000000000,0.0000000000,0.0000000000,1,0.000000,0.000000,73.373,751.034,1,1.118,73.691,751.563,65.877,791.453,8.618,780.210,79.796,716.394,136.286,722.687,-2.825228,0.615046,1.787264,3.399193,-0.000862,0.001441,1,4.260000,0.000000,1772.920,886.174,1,1.037,1772.242,886.406,1843.622,934.401,1760.666,935.468,1705.341,840.077,1783.698,842.820,1.886781,0.834032,1.458716,2.526540,4.255107,0.000965,0.0114421155,0.0117131493,-9.6478718271,0.0008957214,-0.0112906025,8.4198434497,0.0001328538,0.0041701766,1.0000000000,0.0115251996,0.0115705001,-9.5390451141,0.0009065523,-0.0114097207,8.5085477417,0.0001519167,0.0041759508,1.0000000000
473,34155323427132,69.5113,1785360924.608,2,3.5365,0.9865,3.5198,0.7986,3.5282,0.8925,174.93,-0.0170,0.0163,0.0184,-0.0147,0.0147,1.13,0.019775,1.0000,0.0033,0.5051,0.1886,0,frozen,2-tag corner homography,2,1920,1200,0.200000,101;102,1,1,,2-tag corner homography,0.011063,0.488386,101,102,4.748386,4.260000,30,0.050000,0.600000,5.000000,raw-zero-distortion,590.9628888758,0.0000000000,1007.8592059077,0.0000000000,592.3761043005,547.7101609771,0.0000000000,0.0000000000,1.0000000000,-0.0359937509,0.0291287486,0.0062609452,0.0003552766,-0.0208418310,0.0000000000,0.0000000000,0.0000000000,0.0000000000,0.0000000000,1,0.000000,0.000000,73.208,751.137,1,0.905,73.319,751.731,65.542,791.521,8.581,780.165,79.803,716.398,135.251,723.270,-2.840357,0.618603,1.796119,3.417067,-0.001030,0.001120,1,4.260000,0.000000,1773.239,886.357,1,1.161,1772.442,886.525,1843.648,934.453,1760.683,935.449,1705.521,840.099,1784.276,843.209,1.891249,0.836083,1.461787,2.532327,4.255577,0.000603,0.0113828602,0.0114571994,-9.4488297182,0.0008909257,-0.0112399478,8.3844883298,0.0001406903,0.0041197146,1.0000000000,0.0115251996,0.0115705001,-9.5390451141,0.0009065523,-0.0114097207,8.5085477417,0.0001519167,0.0041759508,1.0000000000
474,34155460715482,69.6486,1785360924.750,2,3.5337,0.9870,3.5170,0.7996,3.5253,0.8933,174.92,-0.0163,0.0112,0.0173,-0.0097,0.0097,0.03,0.000576,1.0000,0.0033,0.5051,0.1882,0,frozen,2-tag corner homography,2,1920,1200,0.200000,101;102,1,1,,2-tag corner homography,0.010771,0.462824,101,102,4.722824,4.260000,30,0.050000,0.600000,5.000000,raw-zero-distortion,590.9628888758,0.0000000000,1007.8592059077,0.0000000000,592.3761043005,547.7101609771,0.0000000000,0.0000000000,1.0000000000,-0.0359937509,0.0291287486,0.0062609452,0.0003552766,-0.0208418310,0.0000000000,0.0000000000,0.0000000000,0.0000000000,0.0000000000,1,0.000000,0.000000,73.183,751.171,1,1.196,73.663,751.561,65.618,791.526,8.612,780.415,79.713,716.340,136.506,722.494,-2.814279,0.612640,1.780284,3.385986,-0.001005,0.001021,1,4.260000,0.000000,1773.227,886.347,1,1.056,1772.536,886.599,1843.943,934.592,1760.560,935.410,1705.666,840.253,1784.355,843.248,1.892517,0.836724,1.462588,2.533948,4.255564,0.000624,0.0114275286,0.0115918347,-9.5553521643,0.0008946697,-0.0112659619,8.4015909847,0.0001325545,0.0041605211,1.0000000000,0.0115251996,0.0115705001,-9.5390451141,0.0009065523,-0.0114097207,8.5085477417,0.0001519167,0.0041759508,1.0000000000
475,34155618366108,69.8063,1785360924.899,2,3.5304,0.9872,3.5130,0.7995,3.5217,0.8934,174.73,-0.0207,0.0046,0.0210,-0.0027,0.0027,-0.54,-0.009444,1.0000,0.0031,0.5051,0.1885,0,frozen,2-tag corner homography,2,1920,1200,0.200000,101;102,1,1,,2-tag corner homography,0.011017,0.493830,101,102,4.753830,4.260000,30,0.050000,0.600000,5.000000,raw-zero-distortion,590.9628888758,0.0000000000,1007.8592059077,0.0000000000,592.3761043005,547.7101609771,0.0000000000,0.0000000000,1.0000000000,-0.0359937509,0.0291287486,0.0062609452,0.0003552766,-0.0208418310,0.0000000000,0.0000000000,0.0000000000,0.0000000000,0.0000000000,1,0.000000,0.000000,73.169,751.137,1,0.828,73.156,751.806,65.700,791.456,8.499,780.334,79.580,716.522,134.784,723.318,-2.845244,0.619786,1.798896,3.422803,-0.001142,0.001113,1,4.260000,0.000000,1773.408,886.388,1,1.184,1772.607,886.605,1844.148,934.535,1760.761,935.529,1705.467,840.147,1784.484,843.349,1.891674,0.836287,1.461801,2.532720,4.255907,0.000562,0.0114585525,0.0115001723,-9.4856691283,0.0008962526,-0.0113078115,8.4360606549,0.0001485969,0.0041401219,1.0000000000,0.0115251996,0.0115705001,-9.5390451141,0.0009065523,-0.0114097207,8.5085477417,0.0001519167,0.0041759508,1.0000000000
476,34155742763029,69.9307,1785360924.998,2,3.5257,0.9878,3.5091,0.8018,3.5174,0.8948,174.92,-0.0257,0.0049,0.0260,-0.0026,0.0026,-0.21,-0.003584,1.0000,0.0041,0.5051,0.1867,0,frozen,2-tag corner homography,2,1920,1200,0.200000,101;102,1,1,,2-tag corner homography,0.010970,0.466469,101,102,4.726469,4.260000,30,0.050000,0.600000,5.000000,raw-zero-distortion,590.9628888758,0.0000000000,1007.8592059077,0.0000000000,592.3761043005,547.7101609771,0.0000000000,0.0000000000,1.0000000000,-0.0359937509,0.0291287486,0.0062609452,0.0003552766,-0.0208418310,0.0000000000,0.0000000000,0.0000000000,0.0000000000,0.0000000000,1,0.000000,0.000000,73.158,751.060,1,1.286,73.638,751.525,65.571,791.436,8.606,780.243,79.649,716.521,136.506,722.422,-2.820366,0.613839,1.784087,3.393263,-0.001384,0.001321,1,4.260000,0.000000,1772.688,886.127,1,1.004,1772.101,886.518,1843.838,934.445,1760.569,935.470,1705.169,840.276,1783.265,843.061,1.889843,0.835816,1.461353,2.530938,4.254657,0.001030,0.0116717843,0.0118709191,-9.7824057872,0.0009147877,-0.0115199850,8.5906217316,0.0001336476,0.0042771808,1.0000000000,0.0115251996,0.0115705001,-9.5390451141,0.0009065523,-0.0114097207,8.5085477417,0.0001519167,0.0041759508,1.0000000000
477,34155839422444,70.0273,1785360925.095,2,3.5227,0.9898,3.5065,0.8025,3.5146,0.8961,175.07,-0.0295,0.0093,0.0302,-0.0067,0.0067,0.83,0.014484,1.0000,0.0034,0.5051,0.1880,0,frozen,2-tag corner homography,2,1920,1200,0.200000,101;102,1,1,,2-tag corner homography,0.011226,0.490836,101,102,4.750836,4.260000,30,0.050000,0.600000,5.000000,raw-zero-distortion,590.9628888758,0.0000000000,1007.8592059077,0.0000000000,592.3761043005,547.7101609771,0.0000000000,0.0000000000,1.0000000000,-0.0359937509,0.0291287486,0.0062609452,0.0003552766,-0.0208418310,0.0000000000,0.0000000000,0.0000000000,0.0000000000,0.0000000000,1,0.000000,0.000000,73.172,751.106,1,0.815,73.122,751.802,65.656,791.466,8.592,780.307,79.616,716.497,134.590,723.334,-2.846543,0.620034,1.799651,3.424324,-0.001220,0.001200,1,4.260000,0.000000,1773.221,886.293,1,1.241,1772.367,886.465,1843.846,934.477,1760.733,935.500,1705.160,839.858,1784.156,843.205,1.887207,0.834230,1.458807,2.526976,4.255617,0.000747,0.0114805150,0.0115033936,-9.4893086046,0.0008959036,-0.0113127921,8.4397741407,0.0001506973,0.0041455248,1.0000000000,0.0115251996,0.0115705001,-9.5390451141,0.0009065523,-0.0114097207,8.5085477417,0.0001519167,0.0041759508,1.0000000000
478,34155946950922,70.1349,1785360925.204,2,3.5208,0.9915,3.5065,0.8028,3.5137,0.8972,175.66,-0.0266,0.0108,0.0273,-0.0088,0.0088,2.02,0.035333,1.0000,0.0034,0.5051,0.1893,0,frozen,2-tag corner homography,2,1920,1200,0.200000,101;102,1,1,,2-tag corner homography,0.011019,0.486974,101,102,4.746974,4.260000,30,0.050000,0.600000,5.000000,raw-zero-distortion,590.9628888758,0.0000000000,1007.8592059077,0.0000000000,592.3761043005,547.7101609771,0.0000000000,0.0000000000,1.0000000000,-0.0359937509,0.0291287486,0.0062609452,0.0003552766,-0.0208418310,0.0000000000,0.0000000000,0.0000000000,0.0000000000,0.0000000000,1,0.000000,0.000000,73.021,751.299,1,0.967,73.262,751.795,65.568,791.368,8.642,780.414,79.459,716.688,135.274,723.145,-2.842505,0.619229,1.797368,3.419621,-0.001100,0.000636,1,4.260000,0.000000,1773.142,886.295,1,1.077,1772.424,886.513,1844.120,934.589,1760.653,935.483,1705.244,840.097,1784.119,843.057,1.887496,0.834415,1.458921,2.527319,4.255441,0.000727,0.0117854879,0.0119393658,-9.8409691379,0.0009205286,-0.0116200314,8.6687832646,0.0001530080,0.0042933454,1.0000000000,0.0115251996,0.0115705001,-9.5390451141,0.0009065523,-0.0114097207,8.5085477417,0.0001519167,0.0041759508,1.0000000000
479,34156044901051,70.2328,1785360925.302,2,3.5194,0.9906,3.5052,0.8053,3.5123,0.8979,175.62,-0.0202,0.0106,0.0210,-0.0090,0.0090,2.43,0.042396,1.0000,0.0033,0.5051,0.1858,0,frozen,2-tag corner homography,2,1920,1200,0.200000,101;102,1,1,,2-tag corner homography,0.011128,0.494191,101,102,4.754191,4.260000,30,0.050000,0.600000,5.000000,raw-zero-distortion,590.9628888758,0.0000000000,1007.8592059077,0.0000000000,592.3761043005,547.7101609771,0.0000000000,0.0000000000,1.0000000000,-0.0359937509,0.0291287486,0.0062609452,0.0003552766,-0.0208418310,0.0000000000,0.0000000000,0.0000000000,0.0000000000,0.0000000000,1,0.000000,0.000000,73.032,751.272,1,0.747,73.089,751.795,65.228,791.413,8.668,780.342,79.817,716.373,134.603,723.463,-2.844729,0.619599,1.798442,3.422102,-0.001143,0.000712,1,4.260000,0.000000,1773.225,886.284,1,1.183,1772.413,886.467,1843.901,934.293,1760.545,935.410,1705.270,840.122,1784.356,843.158,1.892641,0.836588,1.462920,2.534188,4.255638,0.000768,0.0115323817,0.0115847672,-9.5538868747,0.0009003566,-0.0113697480,8.4822774792,0.0001566044,0.0041602129,1.0000000000,0.0115251996,0.0115705001,-9.5390451141,0.0009065523,-0.0114097207,8.5085477417,0.0001519167,0.0041759508,1.0000000000
480,34156149578639,70.3375,1785360925.439,2,3.5175,0.9922,3.5039,0.8050,3.5107,0.8986,175.85,-0.0155,0.0090,0.0161,-0.0079,0.0079,2.32,0.040564,1.0000,0.0042,0.5051,0.1876,0,frozen,2-tag corner homography,2,1920,1200,0.200000,101;102,1,1,,2-tag corner homography,0.011049,0.463104,101,102,4.723104,4.260000,30,0.050000,0.600000,5.000000,raw-zero-distortion,590.9628888758,0.0000000000,1007.8592059077,0.0000000000,592.3761043005,547.7101609771,0.0000000000,0.0000000000,1.0000000000,-0.0359937509,0.0291287486,0.0062609452,0.0003552766,-0.0208418310,0.0000000000,0.0000000000,0.0000000000,0.0000000000,0.0000000000,1,0.000000,0.000000,73.051,751.167,1,1.202,73.518,751.574,65.388,791.434,8.579,780.345,79.653,716.470,136.253,722.563,-2.821088,0.614064,1.784315,3.394023,-0.001386,0.001005,1,4.260000,0.000000,1772.550,886.067,1,0.897,1772.039,886.440,1843.895,934.578,1760.559,935.389,1705.079,840.190,1783.063,842.819,1.885617,0.833825,1.458204,2.525307,4.254430,0.001144,0.0117479755,0.0119682416,-9.8603877239,0.0009185662,-0.0115779045,8.6344763234,0.0001379457,0.0043064528,1.0000000000,0.0115251996,0.0115705001,-9.5390451141,0.0009065523,-0.0114097207,8.5085477417,0.0001519167,0.0041759508,1.0000000000
481,34156294868648,70.4828,1785360925.552,2,3.5177,0.9930,3.5020,0.8056,3.5099,0.8993,175.21,-0.0122,0.0068,0.0127,-0.0058,0.0058,-0.23,-0.004000,1.0000,0.0033,0.5051,0.1881,0,frozen,2-tag corner homography,2,1920,1200,0.200000,101;102,1,1,,2-tag corner homography,0.011195,0.495684,101,102,4.755684,4.260000,30,0.050000,0.600000,5.000000,raw-zero-distortion,590.9628888758,0.0000000000,1007.8592059077,0.0000000000,592.3761043005,547.7101609771,0.0000000000,0.0000000000,1.0000000000,-0.0359937509,0.0291287486,0.0062609452,0.0003552766,-0.0208418310,0.0000000000,0.0000000000,0.0000000000,0.0000000000,0.0000000000,1,0.000000,0.000000,73.108,751.114,1,0.797,73.083,751.770,65.569,791.419,8.625,780.172,79.596,716.431,134.515,723.442,-2.850849,0.620851,1.802298,3.429443,-0.001373,0.001164,1,4.260000,0.000000,1773.321,886.318,1,1.198,1772.505,886.508,1844.011,934.538,1760.817,935.528,1705.335,839.943,1784.278,843.197,1.887609,0.834364,1.458854,2.527348,4.255805,0.000707,0.0113971882,0.0114595239,-9.4493824406,0.0008907167,-0.0112408500,8.3856890172,0.0001509280,0.0041065618,1.0000000000,0.0115251996,0.0115705001,-9.5390451141,0.0009065523,-0.0114097207,8.5085477417,0.0001519167,0.0041759508,1.0000000000
482,34156397092419,70.5850,1785360925.656,2,3.5147,0.9929,3.4997,0.8057,3.5072,0.8993,175.41,-0.0132,0.0044,0.0135,-0.0033,0.0033,-1.28,-0.022400,1.0000,0.0032,0.5051,0.1878,0,frozen,2-tag corner homography,2,1920,1200,0.200000,101;102,1,1,,2-tag corner homography,0.011256,0.489101,101,102,4.749101,4.260000,30,0.050000,0.600000,5.000000,raw-zero-distortion,590.9628888758,0.0000000000,1007.8592059077,0.0000000000,592.3761043005,547.7101609771,0.0000000000,0.0000000000,1.0000000000,-0.0359937509,0.0291287486,0.0062609452,0.0003552766,-0.0208418310,0.0000000000,0.0000000000,0.0000000000,0.0000000000,0.0000000000,1,0.000000,0.000000,72.955,751.317,1,0.785,73.099,751.773,65.160,791.362,8.626,780.448,79.752,716.397,134.794,723.314,-2.840143,0.618537,1.795562,3.416583,-0.001232,0.000570,1,4.260000,0.000000,1773.279,886.256,1,1.158,1772.515,886.517,1844.006,934.390,1760.668,935.453,1705.489,840.121,1784.308,843.230,1.892246,0.836423,1.462419,2.533548,4.255790,0.000843,0.0115804539,0.0116609365,-9.6145808027,0.0009043917,-0.0114155277,8.5161443607,0.0001544508,0.0041890812,1.0000000000,0.0115251996,0.0115705001,-9.5390451141,0.0009065523,-0.0114097207,8.5085477417,0.0001519167,0.0041759508,1.0000000000
483,34156503025510,70.6909,1785360925.801,2,3.5124,0.9933,3.4982,0.8058,3.5053,0.8995,175.66,-0.0189,0.0023,0.0190,-0.0009,0.0009,0.87,0.015197,1.0000,0.0034,0.5051,0.1880,0,frozen,2-tag corner homography,2,1920,1200,0.200000,101;102,1,0,world_rms>0.050,2-tag corner homography,0.106062,0.487825,101,102,4.747825,4.260000,30,0.050000,0.600000,5.000000,raw-zero-distortion,590.9628888758,0.0000000000,1007.8592059077,0.0000000000,592.3761043005,547.7101609771,0.0000000000,0.0000000000,1.0000000000,-0.0359937509,0.0291287486,0.0062609452,0.0003552766,-0.0208418310,0.0000000000,0.0000000000,0.0000000000,0.0000000000,0.0000000000,1,0.000000,0.000000,73.075,751.241,1,0.829,73.168,751.792,65.419,791.464,8.738,780.352,79.699,716.441,134.773,723.324,-2.842899,0.619243,1.797436,3.419987,-0.001110,0.000807,1,4.260000,0.000000,1773.136,886.196,1,1.177,1772.355,886.445,1843.840,934.391,1760.584,935.509,1705.286,839.948,1784.110,843.079,1.887983,0.834536,1.459430,2.528016,4.255551,0.000953,0.0154697457,0.0018988699,-2.5480168543,0.0003921611,-0.0052769293,3.9578545024,0.0002952525,0.0053168200,1.0000000000,0.0115251996,0.0115705001,-9.5390451141,0.0009065523,-0.0114097207,8.5085477417,0.0001519167,0.0041759508,1.0000000000
484,34156650896591,70.8388,1785360925.955,2,3.5097,0.9951,3.4966,0.8058,3.5031,0.9004,176.05,-0.0165,0.0041,0.0168,-0.0029,0.0029,2.12,0.036999,1.0000,0.0036,0.5051,0.1898,0,frozen,2-tag corner homography,2,1920,1200,0.200000,101;102,1,1,,2-tag corner homography,0.010991,0.486592,101,102,4.746592,4.260000,30,0.050000,0.600000,5.000000,raw-zero-distortion,590.9628888758,0.0000000000,1007.8592059077,0.0000000000,592.3761043005,547.7101609771,0.0000000000,0.0000000000,1.0000000000,-0.0359937509,0.0291287486,0.0062609452,0.0003552766,-0.0208418310,0.0000000000,0.0000000000,0.0000000000,0.0000000000,0.0000000000,1,0.000000,0.000000,73.328,751.200,1,0.752,73.325,751.799,65.837,791.489,8.655,780.403,79.809,716.340,134.947,723.376,-2.840424,0.618827,1.796173,3.417191,-0.000522,0.000974,1,4.260000,0.000000,1773.026,886.352,1,1.031,1772.321,886.508,1843.742,934.526,1760.593,935.426,1705.318,840.227,1784.014,842.982,1.889334,0.835328,1.460539,2.529927,4.255117,0.000575,0.0113279543,0.0113408905,-9.3582089162,0.0008846629,-0.0111661092,8.3301447578,0.0001446531,0.0040824047,1.0000000000,0.0115251996,0.0115705001,-9.5390451141,0.0009065523,-0.0114097207,8.5085477417,0.0001519167,0.0041759508,1.0000000000
485,34156798315373,70.9862,1785360926.077,2,3.5089,0.9939,3.4951,0.8071,3.5020,0.9005,175.77,-0.0124,0.0036,0.0126,-0.0027,0.0027,0.82,0.014228,1.0000,0.0033,0.5051,0.1873,0,frozen,2-tag corner homography,2,1920,1200,0.200000,101;102,1,1,,2-tag corner homography,0.010811,0.485044,101,102,4.745044,4.260000,30,0.050000,0.600000,5.000000,raw-zero-distortion,590.9628888758,0.0000000000,1007.8592059077,0.0000000000,592.3761043005,547.7101609771,0.0000000000,0.0000000000,1.0000000000,-0.0359937509,0.0291287486,0.0062609452,0.0003552766,-0.0208418310,0.0000000000,0.0000000000,0.0000000000,0.0000000000,0.0000000000,1,0.000000,0.000000,73.098,751.222,1,1.060,73.442,751.671,65.550,791.441,8.609,780.235,79.618,716.476,135.835,722.996,-2.834154,0.617153,1.792432,3.409710,-0.001101,0.000863,1,4.260000,0.000000,1773.230,886.278,1,1.146,1772.464,886.512,1843.874,934.327,1760.570,935.386,1705.486,840.201,1784.326,843.235,1.894394,0.837418,1.464177,2.536496,4.255655,0.000783,0.0114765264,0.0115676864,-9.5394514003,0.0008990222,-0.0113388699,8.4575655661,0.0001397274,0.0041676586,1.0000000000,0.0115251996,0.0115705001,-9.5390451141,0.0009065523,-0.0114097207,8.5085477417,0.0001519167,0.0041759508,1.0000000000
486,34156924483843,71.1124,1785360926.256,2,3.5052,0.9949,3.4949,0.8078,3.5001,0.9014,176.86,-0.0115,0.0034,0.0117,-0.0028,0.0028,2.22,0.038746,1.0000,0.0035,0.5051,0.1874,0,frozen,2-tag corner homography,2,1920,1200,0.200000,101;102,1,1,,2-tag corner homography,0.011130,0.496845,101,102,4.756845,4.260000,30,0.050000,0.600000,5.000000,raw-zero-distortion,590.9628888758,0.0000000000,1007.8592059077,0.0000000000,592.3761043005,547.7101609771,0.0000000000,0.0000000000,1.0000000000,-0.0359937509,0.0291287486,0.0062609452,0.0003552766,-0.0208418310,0.0000000000,0.0000000000,0.0000000000,0.0000000000,0.0000000000,1,0.000000,0.000000,72.970,751.322,1,0.930,73.112,751.907,65.564,791.559,8.713,780.283,79.341,716.710,134.786,723.462,-2.851770,0.621487,1.802937,3.430659,-0.001174,0.000560,1,4.260000,0.000000,1773.035,886.152,1,1.043,1772.354,886.399,1843.837,934.383,1760.566,935.429,1705.393,840.075,1783.995,842.839,1.887871,0.834376,1.459346,2.527831,4.255384,0.001035,0.0114550403,0.0113690029,-9.3874127227,0.0008925219,-0.0112885543,8.4232204631,0.0001506996,0.0041290861,1.0000000000,0.0115251996,0.0115705001,-9.5390451141,0.0009065523,-0.0114097207,8.5085477417,0.0001519167,0.0041759508,1.0000000000
487,34157099452759,71.2874,1785360926.372,2,3.5038,0.9950,3.4925,0.8083,3.4982,0.9017,176.53,-0.0125,0.0035,0.0127,-0.0028,0.0028,2.25,0.039289,1.0000,0.0033,0.5051,0.1871,0,frozen,2-tag corner homography,2,1920,1200,0.200000,101;102,1,1,,2-tag corner homography,0.012094,0.488744,101,102,4.748744,4.260000,30,0.050000,0.600000,5.000000,raw-zero-distortion,590.9628888758,0.0000000000,1007.8592059077,0.0000000000,592.3761043005,547.7101609771,0.0000000000,0.0000000000,1.0000000000,-0.0359937509,0.0291287486,0.0062609452,0.0003552766,-0.0208418310,0.0000000000,0.0000000000,0.0000000000,0.0000000000,0.0000000000,1,0.000000,0.000000,73.047,751.238,1,0.896,73.197,751.780,65.464,791.409,8.680,780.400,79.594,716.559,134.979,723.179,-2.841483,0.618917,1.796597,3.418310,-0.001196,0.000808,1,4.260000,0.000000,1773.218,886.300,1,1.169,1772.414,886.466,1843.769,934.374,1760.720,935.444,1705.358,840.061,1784.200,843.116,1.890444,0.835614,1.461220,2.531244,4.255600,0.000729,0.0115593797,0.0122401183,-10.0496303166,0.0009061770,-0.0114283780,8.5248185565,0.0001507229,0.0042071748,1.0000000000,0.0115251996,0.0115705001,-9.5390451141,0.0009065523,-0.0114097207,8.5085477417,0.0001519167,0.0041759508,1.0000000000
488,34157226426607,71.4143,1785360926.557,2,3.5000,0.9957,3.4899,0.8103,3.4950,0.9030,176.87,-0.0153,0.0046,0.0156,-0.0037,0.0037,0.62,0.010840,1.0000,0.0035,0.5051,0.1857,0,frozen,2-tag corner homography,2,1920,1200,0.200000,101;102,1,1,,2-tag corner homography,0.011122,0.487882,101,102,4.747882,4.260000,30,0.050000,0.600000,5.000000,raw-zero-distortion,590.9628888758,0.0000000000,1007.8592059077,0.0000000000,592.3761043005,547.7101609771,0.0000000000,0.0000000000,1.0000000000,-0.0359937509,0.0291287486,0.0062609452,0.0003552766,-0.0208418310,0.0000000000,0.0000000000,0.0000000000,0.0000000000,0.0000000000,1,0.000000,0.000000,73.143,751.078,1,0.862,73.151,751.750,65.576,791.483,8.506,780.320,79.627,716.450,134.831,723.171,-2.840356,0.618549,1.795796,3.416886,-0.001376,0.001269,1,4.260000,0.000000,1773.224,886.443,1,1.178,1772.395,886.558,1843.773,934.535,1760.667,935.449,1705.264,840.116,1784.286,843.269,1.890747,0.835993,1.461490,2.531751,4.255435,0.000402,0.0114517571,0.0114892939,-9.4763599365,0.0008951561,-0.0112921553,8.4237519877,0.0001469818,0.0041395245,1.0000000000,0.0115251996,0.0115705001,-9.5390451141,0.0009065523,-0.0114097207,8.5085477417,0.0001519167,0.0041759508,1.0000000000
489,34157411830674,71.5998,1785360926.711,2,3.4995,0.9949,3.4888,0.8091,3.4941,0.9020,176.69,-0.0127,0.0014,0.0128,-0.0006,0.0006,0.45,0.007813,1.0000,0.0034,0.5051,0.1861,0,frozen,2-tag corner homography,2,1920,1200,0.200000,101;102,1,0,world_rms>0.050,2-tag corner homography,0.176101,0.488921,101,102,4.748921,4.260000,30,0.050000,0.600000,5.000000,raw-zero-distortion,590.9628888758,0.0000000000,1007.8592059077,0.0000000000,592.3761043005,547.7101609771,0.0000000000,0.0000000000,1.0000000000,-0.0359937509,0.0291287486,0.0062609452,0.0003552766,-0.0208418310,0.0000000000,0.0000000000,0.0000000000,0.0000000000,0.0000000000,1,0.000000,0.000000,73.201,751.042,1,0.822,73.187,751.703,65.527,791.450,8.433,780.224,79.792,716.331,134.915,723.236,-2.840055,0.618366,1.795675,3.416539,-0.001317,0.001382,1,4.260000,0.000000,1773.276,886.377,1,1.281,1772.383,886.532,1843.612,934.420,1760.562,935.436,1705.339,839.974,1784.410,843.415,1.892143,0.836559,1.462592,2.533616,4.255632,0.000563,4.6400406224,8.6089135464,-6798.7661078167,-0.2331804555,2.9969190018,-2238.0042615179,0.0236697812,2.3531942317,1.0000000000,0.0115251996,0.0115705001,-9.5390451141,0.0009065523,-0.0114097207,8.5085477417,0.0001519167,0.0041759508,1.0000000000
490,34157570168525,71.7581,1785360926.874,2,3.4952,0.9983,3.4874,0.8100,3.4913,0.9041,177.62,-0.0110,0.0028,0.0111,-0.0023,0.0023,1.71,0.029837,1.0000,0.0034,0.5051,0.1884,0,frozen,2-tag corner homography,2,1920,1200,0.200000,101;102,1,1,,2-tag corner homography,0.012004,0.490253,101,102,4.750253,4.260000,30,0.050000,0.600000,5.000000,raw-zero-distortion,590.9628888758,0.0000000000,1007.8592059077,0.0000000000,592.3761043005,547.7101609771,0.0000000000,0.0000000000,1.0000000000,-0.0359937509,0.0291287486,0.0062609452,0.0003552766,-0.0208418310,0.0000000000,0.0000000000,0.0000000000,0.0000000000,0.0000000000,1,0.000000,0.000000,73.064,751.202,1,0.811,73.157,751.738,65.323,791.414,8.568,780.255,79.772,716.353,134.890,723.351,-2.842474,0.618978,1.797146,3.419434,-0.001251,0.000912,1,4.260000,0.000000,1773.249,886.461,1,1.181,1772.408,886.551,1843.833,934.552,1760.613,935.408,1705.212,840.107,1784.398,843.275,1.890939,0.836046,1.461614,2.531984,4.255468,0.000365,0.0117163797,0.0124760313,-10.2374379313,0.0009202835,-0.0115947793,8.6483002820,0.0001500838,0.0042876517,1.0000000000,0.0115251996,0.0115705001,-9.5390451141,0.0009065523,-0.0114097207,8.5085477417,0.0001519167,0.0041759508,1.0000000000
491,34157729388175,71.9173,1785360926.999,2,3.4932,0.9958,3.4848,0.8098,3.4890,0.9028,177.41,-0.0151,0.0026,0.0152,-0.0019,0.0019,2.12,0.037051,1.0000,0.0035,0.5051,0.1862,0,frozen,2-tag corner homography,2,1920,1200,0.200000,101;102,1,1,,2-tag corner homography,0.011200,0.489197,101,102,4.749197,4.260000,30,0.050000,0.600000,5.000000,raw-zero-distortion,590.9628888758,0.0000000000,1007.8592059077,0.0000000000,592.3761043005,547.7101609771,0.0000000000,0.0000000000,1.0000000000,-0.0359937509,0.0291287486,0.0062609452,0.0003552766,-0.0208418310,0.0000000000,0.0000000000,0.0000000000,0.0000000000,0.0000000000,1,0.000000,0.000000,73.097,751.273,1,0.776,73.168,751.807,65.474,791.467,8.627,780.380,79.714,716.383,134.807,723.412,-2.842490,0.619199,1.797178,3.419504,-0.000961,0.000724,1,4.260000,0.000000,1773.094,886.338,1,1.087,1772.353,886.507,1843.608,934.425,1760.657,935.504,1705.441,840.200,1784.056,843.004,1.889844,0.835514,1.460872,2.530561,4.255283,0.000621,0.0113658348,0.0114826433,-9.4659340630,0.0008881430,-0.0112109062,8.3637088009,0.0001471638,0.0040999846,1.0000000000,0.0115251996,0.0115705001,-9.5390451141,0.0009065523,-0.0114097207,8.5085477417,0.0001519167,0.0041759508,1.0000000000
492,34157840511347,72.0284,1785360927.131,2,3.4909,0.9973,3.4832,0.8118,3.4870,0.9045,177.61,-0.0154,0.0014,0.0154,-0.0008,0.0008,0.66,0.011439,1.0000,0.0034,0.5051,0.1856,0,frozen,2-tag corner homography,2,1920,1200,0.200000,101;102,1,1,,2-tag corner homography,0.011068,0.491825,101,102,4.751825,4.260000,30,0.050000,0.600000,5.000000,raw-zero-distortion,590.9628888758,0.0000000000,1007.8592059077,0.0000000000,592.3761043005,547.7101609771,0.0000000000,0.0000000000,1.0000000000,-0.0359937509,0.0291287486,0.0062609452,0.0003552766,-0.0208418310,0.0000000000,0.0000000000,0.0000000000,0.0000000000,0.0000000000,1,0.000000,0.000000,73.083,751.216,1,0.865,73.163,751.814,65.607,791.474,8.574,780.291,79.522,716.538,134.886,723.361,-2.846405,0.620070,1.799644,3.424212,-0.001159,0.000877,1,4.260000,0.000000,1773.187,886.318,1,1.112,1772.447,886.545,1843.843,934.527,1760.625,935.574,1705.477,840.118,1784.213,843.086,1.888364,0.834851,1.459549,2.528474,4.255512,0.000684,0.0113922944,0.0114199796,-9.4207015409,0.0008898278,-0.0112325368,8.3800840082,0.0001476923,0.0041088331,1.0000000000,0.0115251996,0.0115705001,-9.5390451141,0.0009065523,-0.0114097207,8.5085477417,0.0001519167,0.0041759508,1.0000000000
493,34158001712834,72.1896,1785360927.336,2,3.4897,0.9991,3.4821,0.8112,3.4859,0.9052,177.71,-0.0120,0.0068,0.0122,-0.0063,0.0063,0.98,0.017174,1.0000,0.0039,0.5051,0.1881,0,frozen,2-tag corner homography,2,1920,1200,0.200000,101;102,1,1,,2-tag corner homography,0.011262,0.491735,101,102,4.751735,4.260000,30,0.050000,0.600000,5.000000,raw-zero-distortion,590.9628888758,0.0000000000,1007.8592059077,0.0000000000,592.3761043005,547.7101609771,0.0000000000,0.0000000000,1.0000000000,-0.0359937509,0.0291287486,0.0062609452,0.0003552766,-0.0208418310,0.0000000000,0.0000000000,0.0000000000,0.0000000000,0.0000000000,1,0.000000,0.000000,73.137,751.194,1,0.763,73.140,751.792,65.488,791.502,8.597,780.327,79.753,716.334,134.683,723.413,-2.842576,0.619153,1.797178,3.419567,-0.001069,0.000948,1,4.260000,0.000000,1772.760,886.174,1,0.966,1772.213,886.589,1843.873,934.488,1760.613,935.455,1705.417,840.420,1783.367,843.147,1.892392,0.836996,1.463109,2.534245,4.254758,0.000936,0.0114204096,0.0114314524,-9.4309736056,0.0008941395,-0.0112781227,8.4137166622,0.0001428973,0.0041308300,1.0000000000,0.0115251996,0.0115705001,-9.5390451141,0.0009065523,-0.0114097207,8.5085477417,0.0001519167,0.0041759508,1.0000000000
494,34158180110341,72.3680,1785360927.440,2,3.4857,0.9989,3.4805,0.8131,3.4831,0.9060,178.39,-0.0117,0.0049,0.0118,-0.0045,0.0045,2.09,0.036561,1.0000,0.0034,0.5051,0.1859,0,frozen,2-tag corner homography,2,1920,1200,0.200000,101;102,1,1,,2-tag corner homography,0.011099,0.485686,101,102,4.745686,4.260000,30,0.050000,0.600000,5.000000,raw-zero-distortion,590.9628888758,0.0000000000,1007.8592059077,0.0000000000,592.3761043005,547.7101609771,0.0000000000,0.0000000000,1.0000000000,-0.0359937509,0.0291287486,0.0062609452,0.0003552766,-0.0208418310,0.0000000000,0.0000000000,0.0000000000,0.0000000000,0.0000000000,1,0.000000,0.000000,73.260,751.157,1,0.773,73.279,751.746,65.676,791.459,8.645,780.320,79.820,716.297,134.924,723.325,-2.840241,0.618598,1.795970,3.416890,-0.000833,0.001079,1,4.260000,0.000000,1773.088,886.174,1,1.045,1772.407,886.419,1843.837,934.385,1760.705,935.437,1705.484,840.106,1783.970,842.879,1.888589,0.834685,1.459799,2.528731,4.255474,0.000996,0.0113551974,0.0113794701,-9.3881292654,0.0008862372,-0.0111901760,8.3475832482,0.0001452916,0.0040954191,1.0000000000,0.0115251996,0.0115705001,-9.5390451141,0.0009065523,-0.0114097207,8.5085477417,0.0001519167,0.0041759508,1.0000000000
495,34158297421105,72.4853,1785360927.597,2,3.4853,1.0003,3.4768,0.8116,3.4811,0.9060,177.43,-0.0148,0.0035,0.0149,-0.0028,0.0028,0.33,0.005695,1.0000,0.0035,0.5051,0.1889,0,frozen,2-tag corner homography,2,1920,1200,0.200000,101;102,1,1,,2-tag corner homography,0.010913,0.482700,101,102,4.742700,4.260000,30,0.050000,0.600000,5.000000,raw-zero-distortion,590.9628888758,0.0000000000,1007.8592059077,0.0000000000,592.3761043005,547.7101609771,0.0000000000,0.0000000000,1.0000000000,-0.0359937509,0.0291287486,0.0062609452,0.0003552766,-0.0208418310,0.0000000000,0.0000000000,0.0000000000,0.0000000000,0.0000000000,1,0.000000,0.000000,72.850,751.161,1,1.192,73.246,751.653,65.331,791.388,8.575,780.217,79.293,716.691,135.636,722.778,-2.836644,0.617510,1.793632,3.412475,-0.001959,0.000977,1,4.260000,0.000000,1773.149,886.162,1,1.068,1772.471,886.472,1844.273,934.441,1760.591,935.458,1705.331,840.128,1784.139,843.018,1.889318,0.835066,1.460240,2.529656,4.255621,0.001033,0.0116826066,0.0118501713,-9.7644740521,0.0009132643,-0.0115204345,8.5928826112,0.0001501969,0.0042502349,1.0000000000,0.0115251996,0.0115705001,-9.5390451141,0.0009065523,-0.0114097207,8.5085477417,0.0001519167,0.0041759508,1.0000000000
496,34158461608802,72.6495,1785360927.784,2,3.4852,0.9970,3.4770,0.8126,3.4811,0.9048,177.46,-0.0085,-0.0029,0.0083,0.0033,-0.0033,-2.35,-0.041081,1.0000,0.0033,0.5051,0.1846,0,frozen,2-tag corner homography,2,1920,1200,0.200000,101;102,1,1,,2-tag corner homography,0.010988,0.492286,101,102,4.752286,4.260000,30,0.050000,0.600000,5.000000,raw-zero-distortion,590.9628888758,0.0000000000,1007.8592059077,0.0000000000,592.3761043005,547.7101609771,0.0000000000,0.0000000000,1.0000000000,-0.0359937509,0.0291287486,0.0062609452,0.0003552766,-0.0208418310,0.0000000000,0.0000000000,0.0000000000,0.0000000000,0.0000000000,1,0.000000,0.000000,73.203,751.148,1,0.832,73.218,751.790,65.664,791.551,8.520,780.296,79.686,716.399,134.934,723.329,-2.841206,0.618899,1.796461,3.418006,-0.001016,0.001091,1,4.260000,0.000000,1773.303,886.421,1,1.213,1772.467,886.596,1843.773,934.447,1760.612,935.435,1705.449,840.176,1784.435,843.432,1.894400,0.837624,1.464176,2.536568,4.255638,0.000469,0.0113287940,0.0113615136,-9.3724438877,0.0008871100,-0.0111904818,8.3482838895,0.0001418565,0.0040897577,1.0000000000,0.0115251996,0.0115705001,-9.5390451141,0.0009065523,-0.0114097207,8.5085477417,0.0001519167,0.0041759508,1.0000000000
497,34158633392591,72.8213,1785360927.893,2,3.4820,0.9986,3.4752,0.8127,3.4786,0.9056,177.89,-0.0076,-0.0013,0.0075,0.0016,-0.0016,0.64,0.011083,1.0000,0.0034,0.5051,0.1860,0,frozen,2-tag corner homography,2,1920,1200,0.200000,101;102,1,1,,2-tag corner homography,0.011582,0.471917,101,102,4.731917,4.260000,30,0.050000,0.600000,5.000000,raw-zero-distortion,590.9628888758,0.0000000000,1007.8592059077,0.0000000000,592.3761043005,547.7101609771,0.0000000000,0.0000000000,1.0000000000,-0.0359937509,0.0291287486,0.0062609452,0.0003552766,-0.0208418310,0.0000000000,0.0000000000,0.0000000000,0.0000000000,0.0000000000,1,0.000000,0.000000,73.274,751.001,1,1.009,73.456,751.598,65.755,791.447,8.540,780.365,79.711,716.371,135.681,722.692,-2.825555,0.615069,1.787020,3.399340,-0.001229,0.001511,1,4.260000,0.000000,1773.276,886.336,1,1.217,1772.434,886.490,1843.749,934.404,1760.773,935.490,1705.354,840.008,1784.251,843.193,1.889959,0.835434,1.460806,2.530583,4.255684,0.000657,0.0099824460,0.0096579974,-7.9935466323,0.0007774117,-0.0097986129,7.3084678919,0.0001347628,0.0034374452,1.0000000000,0.0115251996,0.0115705001,-9.5390451141,0.0009065523,-0.0114097207,8.5085477417,0.0001519167,0.0041759508,1.0000000000
498,34158733194591,72.9211,1785360928.011,2,3.4814,0.9983,3.4733,0.8129,3.4773,0.9056,177.49,-0.0114,0.0015,0.0115,-0.0010,0.0010,0.47,0.008275,1.0000,0.0034,0.5051,0.1855,0,frozen,2-tag corner homography,2,1920,1200,0.200000,101;102,1,1,,2-tag corner homography,0.011263,0.494842,101,102,4.754842,4.260000,30,0.050000,0.600000,5.000000,raw-zero-distortion,590.9628888758,0.0000000000,1007.8592059077,0.0000000000,592.3761043005,547.7101609771,0.0000000000,0.0000000000,1.0000000000,-0.0359937509,0.0291287486,0.0062609452,0.0003552766,-0.0208418310,0.0000000000,0.0000000000,0.0000000000,0.0000000000,0.0000000000,1,0.000000,0.000000,73.066,751.173,1,0.789,73.078,751.783,65.479,791.490,8.701,780.304,79.617,716.366,134.503,723.368,-2.844869,0.619585,1.798508,3.422250,-0.001325,0.000991,1,4.260000,0.000000,1773.174,886.256,1,1.135,1772.411,886.468,1843.589,934.223,1760.628,935.460,1705.576,840.207,1784.190,843.054,1.893167,0.836824,1.463331,2.534895,4.255560,0.000823,0.0112608367,0.0112505217,-9.2824562355,0.0008795537,-0.0111061063,8.2854618181,0.0001481246,0.0040431245,1.0000000000,0.0115251996,0.0115705001,-9.5390451141,0.0009065523,-0.0114097207,8.5085477417,0.0001519167,0.0041759508,1.0000000000
499,34158859272865,73.0472,1785360928.155,2,3.4806,0.9996,3.4716,0.8138,3.4761,0.9067,177.22,-0.0111,0.0039,0.0113,-0.0033,0.0033,-1.90,-0.033156,1.0000,0.0028,0.5051,0.1860,0,frozen,2-tag corner homography,2,1920,1200,0.200000,101;102,1,1,,2-tag corner homography,0.011084,0.490908,101,102,4.750908,4.260000,30,0.050000,0.600000,5.000000,raw-zero-distortion,590.9628888758,0.0000000000,1007.8592059077,0.0000000000,592.3761043005,547.7101609771,0.0000000000,0.0000000000,1.0000000000,-0.0359937509,0.0291287486,0.0062609452,0.0003552766,-0.0208418310,0.0000000000,0.0000000000,0.0000000000,0.0000000000,0.0000000000,1,0.000000,0.000000,73.028,751.217,1,0.867,73.177,751.736,65.396,791.466,8.729,780.364,79.635,716.369,134.898,723.171,-2.838132,0.618041,1.794439,3.414232,-0.001308,0.000861,1,4.260000,0.000000,1773.629,886.425,1,1.313,1772.712,886.592,1844.082,934.379,1760.740,935.427,1705.556,840.091,1784.901,843.574,1.896235,0.838156,1.465124,2.538661,4.256346,0.000517,0.0114745245,0.0115181912,-9.4999289618,0.0008975854,-0.0113204687,8.4446579623,0.0001501028,0.0041453934,1.0000000000,0.0115251996,0.0115705001,-9.5390451141,0.0009065523,-0.0114097207,8.5085477417,0.0001519167,0.0041759508,1.0000000000
500,34159028450368,73.2164,1785360928.342,2,3.4805,0.9993,3.4699,0.8122,3.4752,0.9058,176.76,-0.0080,0.0010,0.0081,-0.0005,0.0005,-2.38,-0.041491,1.0000,0.0033,0.5051,0.1874,0,frozen,2-tag corner homography,2,1920,1200,0.200000,101;102,1,1,,2-tag corner homography,0.010878,0.494600,101,102,4.754600,4.260000,30,0.050000,0.600000,5.000000,raw-zero-distortion,590.9628888758,0.0000000000,1007.8592059077,0.0000000000,592.3761043005,547.7101609771,0.0000000000,0.0000000000,1.0000000000,-0.0359937509,0.0291287486,0.0062609452,0.0003552766,-0.0208418310,0.0000000000,0.0000000000,0.0000000000,0.0000000000,0.0000000000,1,0.000000,0.000000,73.115,751.238,1,0.819,73.210,751.786,65.677,791.423,8.478,780.265,79.557,716.435,135.045,723.426,-2.845893,0.619902,1.799410,3.423632,-0.001008,0.000823,1,4.260000,0.000000,1773.233,886.427,1,1.163,1772.431,886.595,1843.759,934.533,1760.531,935.483,1705.420,840.172,1784.400,843.300,1.891787,0.836505,1.462225,2.533121,4.255476,0.000441,0.0113453536,0.0113310869,-9.3505727791,0.0008879946,-0.0112034467,8.3580606014,0.0001428783,0.0040940353,1.0000000000,0.0115251996,0.0115705001,-9.5390451141,0.0009065523,-0.0114097207,8.5085477417,0.0001519167,0.0041759508,1.0000000000
501,34159186960648,73.3749,1785360928.545,2,3.4788,0.9998,3.4697,0.8141,3.4742,0.9069,177.22,-0.0062,0.0007,0.0063,-0.0004,0.0004,-0.56,-0.009813,1.0000,0.0033,0.5051,0.1859,0,frozen,2-tag corner homography,2,1920,1200,0.200000,101;102,1,1,,2-tag corner homography,0.011077,0.496572,101,102,4.756572,4.260000,30,0.050000,0.600000,5.000000,raw-zero-distortion,590.9628888758,0.0000000000,1007.8592059077,0.0000000000,592.3761043005,547.7101609771,0.0000000000,0.0000000000,1.0000000000,-0.0359937509,0.0291287486,0.0062609452,0.0003552766,-0.0208418310,0.0000000000,0.0000000000,0.0000000000,0.0000000000,0.0000000000,1,0.000000,0.000000,73.003,751.270,1,0.787,73.116,751.767,65.347,791.413,8.577,780.267,79.663,716.347,134.816,723.449,-2.844960,0.619580,1.798639,3.422393,-0.001229,0.000709,1,4.260000,0.000000,1773.278,886.420,1,1.110,1772.527,886.620,1843.903,934.501,1760.692,935.417,1705.570,840.324,1784.343,843.343,1.894833,0.837809,1.464395,2.537079,4.255584,0.000466,0.0114127595,0.0114495367,-9.4433921655,0.0008941892,-0.0112775157,8.4130632685,0.0001458755,0.0041231215,1.0000000000,0.0115251996,0.0115705001,-9.5390451141,0.0009065523,-0.0114097207,8.5085477417,0.0001519167,0.0041759508,1.0000000000
502,34159402620691,73.5905,1785360928.717,2,3.4786,0.9979,3.4687,0.8140,3.4737,0.9060,176.93,,,,,,,,1.0000,0.0030,0.5051,0.1842,0,frozen,2-tag corner homography,2,1920,1200,0.200000,101;102,1,1,,2-tag corner homography,0.011253,0.492443,101,102,4.752443,4.260000,30,0.050000,0.600000,5.000000,raw-zero-distortion,590.9628888758,0.0000000000,1007.8592059077,0.0000000000,592.3761043005,547.7101609771,0.0000000000,0.0000000000,1.0000000000,-0.0359937509,0.0291287486,0.0062609452,0.0003552766,-0.0208418310,0.0000000000,0.0000000000,0.0000000000,0.0000000000,0.0000000000,1,0.000000,0.000000,72.803,751.470,1,0.829,73.005,751.897,65.216,791.406,8.626,780.602,79.423,716.626,134.702,723.372,-2.843875,0.619665,1.797740,3.421035,-0.001227,0.000118,1,4.260000,0.000000,1773.348,886.226,1,1.244,1772.516,886.478,1844.106,934.374,1760.699,935.408,1705.335,839.946,1784.378,843.341,1.891752,0.836107,1.462035,2.532853,4.255979,0.000923,0.0116496000,0.0117269916,-9.6696408294,0.0009089096,-0.0114863302,8.5705183448,0.0001567248,0.0042179816,1.0000000000,0.0115251996,0.0115705001,-9.5390451141,0.0009065523,-0.0114097207,8.5085477417,0.0001519167,0.0041759508,1.0000000000
503,34159558056643,73.7460,1785360928.835,2,3.4771,1.0007,3.4677,0.8136,3.4724,0.9071,177.14,,,,,,,,1.0000,0.0037,0.5051,0.1873,0,frozen,2-tag corner homography,2,1920,1200,0.200000,101;102,1,1,,2-tag corner homography,0.011084,0.475977,101,102,4.735977,4.260000,30,0.050000,0.600000,5.000000,raw-zero-distortion,590.9628888758,0.0000000000,1007.8592059077,0.0000000000,592.3761043005,547.7101609771,0.0000000000,0.0000000000,1.0000000000,-0.0359937509,0.0291287486,0.0062609452,0.0003552766,-0.0208418310,0.0000000000,0.0000000000,0.0000000000,0.0000000000,0.0000000000,1,0.000000,0.000000,73.314,751.295,1,0.819,73.472,751.770,65.812,791.524,8.607,780.430,79.842,716.287,135.523,723.286,-2.833240,0.617274,1.791913,3.408699,-0.000295,0.000709,1,4.260000,0.000000,1772.808,886.090,1,1.083,1772.164,886.477,1843.731,934.499,1760.740,935.546,1705.279,839.997,1783.307,843.067,1.885998,0.833947,1.458260,2.525664,4.254967,0.001137,0.0114125798,0.0114733872,-9.4654144840,0.0008919989,-0.0112565271,8.3971072356,0.0001337872,0.0041461196,1.0000000000,0.0115251996,0.0115705001,-9.5390451141,0.0009065523,-0.0114097207,8.5085477417,0.0001519167,0.0041759508,1.0000000000
504,34159686695029,73.8746,1785360929.002,2,3.4778,1.0006,3.4657,0.8140,3.4717,0.9073,176.30,-0.0070,0.0048,0.0073,-0.0043,0.0043,-2.08,-0.036293,1.0000,0.0041,0.5051,0.1870,0,frozen,2-tag corner homography,2,1920,1200,0.200000,101;102,1,1,,2-tag corner homography,0.011284,0.489926,101,102,4.749926,4.260000,30,0.050000,0.600000,5.000000,raw-zero-distortion,590.9628888758,0.0000000000,1007.8592059077,0.0000000000,592.3761043005,547.7101609771,0.0000000000,0.0000000000,1.0000000000,-0.0359937509,0.0291287486,0.0062609452,0.0003552766,-0.0208418310,0.0000000000,0.0000000000,0.0000000000,0.0000000000,0.0000000000,1,0.000000,0.000000,73.174,751.145,1,0.757,73.141,751.777,65.652,791.410,8.534,780.342,79.667,716.393,134.668,723.368,-2.844674,0.619567,1.798507,3.422084,-0.001103,0.001093,1,4.260000,0.000000,1772.557,885.950,1,0.983,1771.998,886.363,1843.675,934.293,1760.528,935.371,1705.150,840.130,1783.050,842.837,1.888306,0.834867,1.460362,2.528905,4.254590,0.001413,0.0114542043,0.0114783173,-9.4685085424,0.0008948215,-0.0113029824,8.4321855799,0.0001441915,0.0041448985,1.0000000000,0.0115251996,0.0115705001,-9.5390451141,0.0009065523,-0.0114097207,8.5085477417,0.0001519167,0.0041759508,1.0000000000
505,34159851314334,74.0392,1785360929.143,2,3.4765,1.0015,3.4641,0.8136,3.4703,0.9076,176.22,-0.0071,0.0021,0.0073,-0.0017,0.0017,-2.81,-0.049041,1.0000,0.0036,0.5051,0.1883,0,frozen,2-tag corner homography,2,1920,1200,0.200000,101;102,1,1,,2-tag corner homography,0.011118,0.489243,101,102,4.749243,4.260000,30,0.050000,0.600000,5.000000,raw-zero-distortion,590.9628888758,0.0000000000,1007.8592059077,0.0000000000,592.3761043005,547.7101609771,0.0000000000,0.0000000000,1.0000000000,-0.0359937509,0.0291287486,0.0062609452,0.0003552766,-0.0208418310,0.0000000000,0.0000000000,0.0000000000,0.0000000000,0.0000000000,1,0.000000,0.000000,73.009,751.330,1,0.856,73.149,751.852,65.389,791.498,8.551,780.454,79.608,716.548,134.968,723.335,-2.841143,0.619028,1.796290,3.417886,-0.001045,0.000548,1,4.260000,0.000000,1772.986,886.252,1,0.953,1772.371,886.500,1843.857,934.477,1760.516,935.360,1705.505,840.333,1783.985,842.937,1.891342,0.836140,1.461995,2.532536,4.255154,0.000798,0.0114692149,0.0116308469,-9.5852258880,0.0008963591,-0.0113193750,8.4451928835,0.0001486930,0.0041487188,1.0000000000,0.0115251996,0.0115705001,-9.5390451141,0.0009065523,-0.0114097207,8.5085477417,0.0001519167,0.0041759508,1.0000000000
506,34159997472592,74.1854,1785360929.314,2,3.4764,1.0009,3.4647,0.8143,3.4706,0.9076,176.43,-0.0047,0.0013,0.0047,-0.0010,0.0010,-0.41,-0.007103,1.0000,0.0032,0.5051,0.1870,0,frozen,2-tag corner homography,2,1920,1200,0.200000,101;102,1,1,,2-tag corner homography,0.010929,0.490549,101,102,4.750549,4.260000,30,0.050000,0.600000,5.000000,raw-zero-distortion,590.9628888758,0.0000000000,1007.8592059077,0.0000000000,592.3761043005,547.7101609771,0.0000000000,0.0000000000,1.0000000000,-0.0359937509,0.0291287486,0.0062609452,0.0003552766,-0.0208418310,0.0000000000,0.0000000000,0.0000000000,0.0000000000,0.0000000000,1,0.000000,0.000000,73.135,751.337,1,0.791,73.223,751.869,65.725,791.508,8.608,780.435,79.566,716.473,134.938,723.467,-2.844099,0.619775,1.798300,3.421535,-0.000677,0.000556,1,4.260000,0.000000,1773.184,886.219,1,1.069,1772.472,886.439,1844.060,934.412,1760.684,935.407,1705.383,840.117,1784.178,842.961,1.889524,0.835074,1.460397,2.529903,4.255629,0.000909,0.0116443335,0.0118428211,-9.7584020870,0.0009098468,-0.0114955597,8.5766429468,0.0001479270,0.0042367415,1.0000000000,0.0115251996,0.0115705001,-9.5390451141,0.0009065523,-0.0114097207,8.5085477417,0.0001519167,0.0041759508,1.0000000000
507,34160167241499,74.3552,1785360929.474,2,3.4738,1.0023,3.4624,0.8152,3.4681,0.9088,176.53,-0.0067,0.0034,0.0069,-0.0030,0.0030,0.70,0.012228,1.0000,0.0034,0.5051,0.1875,0,frozen,2-tag corner homography,2,1920,1200,0.200000,101;102,1,1,,2-tag corner homography,0.011319,0.501601,101,102,4.761601,4.260000,30,0.050000,0.600000,5.000000,raw-zero-distortion,590.9628888758,0.0000000000,1007.8592059077,0.0000000000,592.3761043005,547.7101609771,0.0000000000,0.0000000000,1.0000000000,-0.0359937509,0.0291287486,0.0062609452,0.0003552766,-0.0208418310,0.0000000000,0.0000000000,0.0000000000,0.0000000000,0.0000000000,1,0.000000,0.000000,72.912,751.214,1,0.919,72.996,751.849,65.380,791.449,8.558,780.212,79.369,716.721,134.621,723.406,-2.853567,0.621626,1.803849,3.432657,-0.001641,0.000846,1,4.260000,0.000000,1773.239,886.252,1,1.173,1772.453,886.479,1843.781,934.476,1760.611,935.350,1705.511,839.953,1784.293,843.270,1.890878,0.835795,1.461481,2.531778,4.255706,0.000843,0.0115119120,0.0115677580,-9.5390818668,0.0009001653,-0.0113721778,8.4848375326,0.0001503723,0.0041630581,1.0000000000,0.0115251996,0.0115705001,-9.5390451141,0.0009065523,-0.0114097207,8.5085477417,0.0001519167,0.0041759508,1.0000000000
508,34160316650426,74.5046,1785360929.640,1,3.4719,1.0003,3.4628,0.8156,3.4673,0.9080,177.17,-0.0094,0.0018,0.0094,-0.0013,0.0013,1.90,0.033174,1.0000,0.0049,0.5051,0.1850,0,frozen,2-tag corner homography,2,1920,1200,0.200000,102,0,0,insufficient,insufficient,,,,,,,30,0.050000,0.600000,5.000000,raw-zero-distortion,590.9628888758,0.0000000000,1007.8592059077,0.0000000000,592.3761043005,547.7101609771,0.0000000000,0.0000000000,1.0000000000,-0.0359937509,0.0291287486,0.0062609452,0.0003552766,-0.0208418310,0.0000000000,0.0000000000,0.0000000000,0.0000000000,0.0000000000,0,0.000000,0.000000,,,,,,,,,,,,,,,,,,,,,1,4.260000,0.000000,1773.034,886.313,1,0.957,1772.401,886.512,1843.766,934.588,1760.701,935.457,1705.550,840.255,1783.935,842.875,1.887991,0.834657,1.459349,2.528016,4.255182,0.000666,,,,,,,,,,0.0115251996,0.0115705001,-9.5390451141,0.0009065523,-0.0114097207,8.5085477417,0.0001519167,0.0041759508,1.0000000000
509,34160497902279,74.6858,1785360929.776,2,3.4696,1.0034,3.4617,0.8124,3.4656,0.9079,177.62,-0.0078,-0.0018,0.0078,0.0021,-0.0021,3.01,0.052461,1.0000,0.0034,0.5051,0.1912,0,frozen,2-tag corner homography,2,1920,1200,0.200000,101;102,1,1,,2-tag corner homography,0.010916,0.469486,101,102,4.729486,4.260000,30,0.050000,0.600000,5.000000,raw-zero-distortion,590.9628888758,0.0000000000,1007.8592059077,0.0000000000,592.3761043005,547.7101609771,0.0000000000,0.0000000000,1.0000000000,-0.0359937509,0.0291287486,0.0062609452,0.0003552766,-0.0208418310,0.0000000000,0.0000000000,0.0000000000,0.0000000000,0.0000000000,1,0.000000,0.000000,72.919,751.169,1,1.382,73.524,751.554,65.317,791.441,8.568,780.310,79.437,716.639,136.538,722.359,-2.819536,0.613671,1.783344,3.392152,-0.001746,0.000971,1,4.260000,0.000000,1773.303,886.385,1,1.236,1772.437,886.528,1843.672,934.367,1760.537,935.400,1705.411,840.093,1784.512,843.344,1.893843,0.837243,1.463804,2.535811,4.255680,0.000549,0.0116091687,0.0118417916,-9.7549142360,0.0009093759,-0.0114577893,8.5447772361,0.0001382796,0.0042399765,1.0000000000,0.0115251996,0.0115705001,-9.5390451141,0.0009065523,-0.0114097207,8.5085477417,0.0001519167,0.0041759508,1.0000000000
510,34160643538293,74.8315,1785360929.913,2,3.4682,1.0031,3.4584,0.8148,3.4633,0.9089,177.00,-0.0111,0.0016,0.0112,-0.0010,0.0010,0.45,0.007863,1.0000,0.0033,0.5051,0.1886,0,frozen,2-tag corner homography,2,1920,1200,0.200000,101;102,1,1,,2-tag corner homography,0.011102,0.491680,101,102,4.751680,4.260000,30,0.050000,0.600000,5.000000,raw-zero-distortion,590.9628888758,0.0000000000,1007.8592059077,0.0000000000,592.3761043005,547.7101609771,0.0000000000,0.0000000000,1.0000000000,-0.0359937509,0.0291287486,0.0062609452,0.0003552766,-0.0208418310,0.0000000000,0.0000000000,0.0000000000,0.0000000000,0.0000000000,1,0.000000,0.000000,73.047,751.413,1,0.821,73.226,751.865,65.518,791.457,8.786,780.397,79.610,716.508,134.938,723.500,-2.846448,0.620274,1.799791,3.424362,-0.000707,0.000326,1,4.260000,0.000000,1773.167,886.405,1,1.123,1772.379,886.514,1843.785,934.545,1760.738,935.485,1705.250,840.107,1784.141,843.067,1.888178,0.834767,1.459535,2.528299,4.255358,0.000479,0.0114679541,0.0115113648,-9.4962865530,0.0008953289,-0.0113069484,8.4360852519,0.0001501378,0.0041407316,1.0000000000,0.0115251996,0.0115705001,-9.5390451141,0.0009065523,-0.0114097207,8.5085477417,0.0001519167,0.0041759508,1.0000000000
511,34160761560561,74.9495,1785360930.077,2,3.4669,1.0008,3.4586,0.8140,3.4627,0.9074,177.43,-0.0112,-0.0004,0.0111,0.0009,-0.0009,-0.42,-0.007290,1.0000,0.0033,0.5051,0.1870,0,frozen,2-tag corner homography,2,1920,1200,0.200000,101;102,1,1,,2-tag corner homography,0.011383,0.482925,101,102,4.742925,4.260000,30,0.050000,0.600000,5.000000,raw-zero-distortion,590.9628888758,0.0000000000,1007.8592059077,0.0000000000,592.3761043005,547.7101609771,0.0000000000,0.0000000000,1.0000000000,-0.0359937509,0.0291287486,0.0062609452,0.0003552766,-0.0208418310,0.0000000000,0.0000000000,0.0000000000,0.0000000000,0.0000000000,1,0.000000,0.000000,72.955,751.216,1,0.908,73.153,751.709,65.163,791.417,8.597,780.341,79.701,716.412,135.057,723.112,-2.836479,0.617582,1.793348,3.412201,-0.001512,0.000848,1,4.260000,0.000000,1773.231,886.220,1,1.107,1772.531,886.541,1844.146,934.524,1760.708,935.506,1705.523,840.102,1784.165,843.189,1.889734,0.835356,1.460448,2.530182,4.255729,0.000915,0.0115926595,0.0119450204,-9.8288883734,0.0009071971,-0.0114374758,8.5313053288,0.0001512536,0.0042111367,1.0000000000,0.0115251996,0.0115705001,-9.5390451141,0.0009065523,-0.0114097207,8.5085477417,0.0001519167,0.0041759508,1.0000000000
512,34160963216663,75.1511,1785360930.261,2,3.4691,0.9997,3.4584,0.8141,3.4638,0.9069,176.68,-0.0001,-0.0052,-0.0002,0.0052,-0.0052,-1.16,-0.020235,1.0000,0.0032,0.5051,0.1859,0,frozen,2-tag corner homography,2,1920,1200,0.200000,101;102,1,1,,2-tag corner homography,0.010938,0.489588,101,102,4.749588,4.260000,30,0.050000,0.600000,5.000000,raw-zero-distortion,590.9628888758,0.0000000000,1007.8592059077,0.0000000000,592.3761043005,547.7101609771,0.0000000000,0.0000000000,1.0000000000,-0.0359937509,0.0291287486,0.0062609452,0.0003552766,-0.0208418310,0.0000000000,0.0000000000,0.0000000000,0.0000000000,0.0000000000,1,0.000000,0.000000,73.190,751.193,1,0.838,73.291,751.744,65.570,791.456,8.608,780.279,79.781,716.367,135.124,723.300,-2.840313,0.618615,1.796038,3.416989,-0.000925,0.000963,1,4.260000,0.000000,1773.323,886.392,1,1.244,1772.450,886.526,1843.888,934.406,1760.661,935.423,1705.243,840.068,1784.441,843.340,1.892549,0.836651,1.462778,2.534057,4.255718,0.000538,0.0116973374,0.0118595749,-9.7742380157,0.0009157679,-0.0115531210,8.6180948900,0.0001469486,0.0042631125,1.0000000000,0.0115251996,0.0115705001,-9.5390451141,0.0009065523,-0.0114097207,8.5085477417,0.0001519167,0.0041759508,1.0000000000
513,34161110348361,75.2983,1785360930.392,2,3.4659,1.0005,3.4580,0.8128,3.4619,0.9067,177.59,-0.0015,-0.0029,0.0013,0.0029,-0.0029,-0.14,-0.002409,1.0000,0.0034,0.5051,0.1879,0,frozen,2-tag corner homography,2,1920,1200,0.200000,101;102,1,1,,2-tag corner homography,0.011124,0.503568,101,102,4.763568,4.260000,30,0.050000,0.600000,5.000000,raw-zero-distortion,590.9628888758,0.0000000000,1007.8592059077,0.0000000000,592.3761043005,547.7101609771,0.0000000000,0.0000000000,1.0000000000,-0.0359937509,0.0291287486,0.0062609452,0.0003552766,-0.0208418310,0.0000000000,0.0000000000,0.0000000000,0.0000000000,0.0000000000,1,0.000000,0.000000,72.887,751.262,1,0.956,73.091,751.794,65.393,791.398,8.670,780.208,79.350,716.653,134.884,723.316,-2.850560,0.620866,1.802131,3.429117,-0.001574,0.000708,1,4.260000,0.000000,1773.175,886.132,1,1.064,1772.537,886.524,1844.062,934.183,1760.682,935.481,1705.726,840.411,1784.067,843.108,1.896120,0.838131,1.465371,2.538709,4.255718,0.001108,0.0114570732,0.0115014532,-9.4856592473,0.0008974401,-0.0113299304,8.4526109317,0.0001490161,0.0041388227,1.0000000000,0.0115251996,0.0115705001,-9.5390451141,0.0009065523,-0.0114097207,8.5085477417,0.0001519167,0.0041759508,1.0000000000
514,34161238101192,75.4260,1785360930.541,2,3.4670,1.0005,3.4564,0.8126,3.4617,0.9066,176.77,-0.0057,-0.0017,0.0056,0.0020,-0.0020,0.29,0.005060,1.0000,0.0033,0.5051,0.1881,0,frozen,2-tag corner homography,2,1920,1200,0.200000,101;102,1,1,,2-tag corner homography,0.010986,0.493372,101,102,4.753372,4.260000,30,0.050000,0.600000,5.000000,raw-zero-distortion,590.9628888758,0.0000000000,1007.8592059077,0.0000000000,592.3761043005,547.7101609771,0.0000000000,0.0000000000,1.0000000000,-0.0359937509,0.0291287486,0.0062609452,0.0003552766,-0.0208418310,0.0000000000,0.0000000000,0.0000000000,0.0000000000,0.0000000000,1,0.000000,0.000000,73.169,751.276,1,0.841,73.241,751.869,65.899,791.540,8.667,780.433,79.441,716.539,134.916,723.364,-2.844422,0.619856,1.798539,3.421944,-0.000753,0.000730,1,4.260000,0.000000,1773.195,886.280,1,1.057,1772.520,886.575,1844.097,934.545,1760.609,935.426,1705.564,840.242,1784.222,843.216,1.892090,0.836492,1.462289,2.533380,4.255576,0.000772,0.0113151634,0.0114377796,-9.4299256599,0.0008855884,-0.0111767090,8.3387188704,0.0001439863,0.0040819649,1.0000000000,0.0115251996,0.0115705001,-9.5390451141,0.0009065523,-0.0114097207,8.5085477417,0.0001519167,0.0041759508,1.0000000000
515,34161391893762,75.5798,1785360930.680,2,3.4642,1.0014,3.4570,0.8141,3.4606,0.9078,177.79,-0.0049,0.0027,0.0050,-0.0025,0.0025,0.77,0.013389,1.0000,0.0039,0.5051,0.1874,0,frozen,2-tag corner homography,2,1920,1200,0.200000,101;102,1,1,,2-tag corner homography,0.011114,0.486822,101,102,4.746822,4.260000,30,0.050000,0.600000,5.000000,raw-zero-distortion,590.9628888758,0.0000000000,1007.8592059077,0.0000000000,592.3761043005,547.7101609771,0.0000000000,0.0000000000,1.0000000000,-0.0359937509,0.0291287486,0.0062609452,0.0003552766,-0.0208418310,0.0000000000,0.0000000000,0.0000000000,0.0000000000,0.0000000000,1,0.000000,0.000000,72.933,751.414,1,0.826,73.113,751.866,65.409,791.481,8.625,780.496,79.488,716.501,134.873,723.401,-2.842430,0.619328,1.797034,3.419401,-0.001025,0.000300,1,4.260000,0.000000,1772.722,886.239,1,0.996,1772.107,886.550,1844.080,934.600,1760.720,935.499,1704.887,840.267,1783.240,843.070,1.887470,0.834840,1.459507,2.527778,4.254591,0.000778,0.0116455929,0.0116895317,-9.6420204459,0.0009098035,-0.0114841336,8.5682922685,0.0001486392,0.0042294601,1.0000000000,0.0115251996,0.0115705001,-9.5390451141,0.0009065523,-0.0114097207,8.5085477417,0.0001519167,0.0041759508,1.0000000000
516,34161534213078,75.7221,1785360930.806,2,3.4637,0.9992,3.4551,0.8126,3.4594,0.9059,177.38,-0.0070,-0.0008,0.0070,0.0012,-0.0012,1.77,0.030885,1.0000,0.0034,0.5051,0.1867,0,frozen,2-tag corner homography,2,1920,1200,0.200000,101;102,1,1,,2-tag corner homography,0.015018,0.490144,101,102,4.750144,4.260000,30,0.050000,0.600000,5.000000,raw-zero-distortion,590.9628888758,0.0000000000,1007.8592059077,0.0000000000,592.3761043005,547.7101609771,0.0000000000,0.0000000000,1.0000000000,-0.0359937509,0.0291287486,0.0062609452,0.0003552766,-0.0208418310,0.0000000000,0.0000000000,0.0000000000,0.0000000000,0.0000000000,1,0.000000,0.000000,73.096,751.191,1,0.795,73.142,751.771,65.565,791.463,8.596,780.342,79.610,716.363,134.753,723.325,-2.842304,0.619031,1.797009,3.419230,-0.001190,0.000947,1,4.260000,0.000000,1773.136,886.202,1,1.150,1772.375,886.451,1843.816,934.303,1760.573,935.451,1705.369,840.084,1784.135,843.086,1.891030,0.835877,1.461747,2.532072,4.255544,0.000939,0.0110969254,0.0123268380,-10.0800687811,0.0008704345,-0.0109609097,8.1750542179,0.0001490724,0.0040056930,1.0000000000,0.0115251996,0.0115705001,-9.5390451141,0.0009065523,-0.0114097207,8.5085477417,0.0001519167,0.0041759508,1.0000000000
517,34161647909138,75.8358,1785360930.909,2,3.4651,0.9998,3.4552,0.8135,3.4602,0.9067,176.95,-0.0037,-0.0034,0.0035,0.0036,-0.0036,-1.53,-0.026779,1.0000,0.0033,0.5051,0.1866,0,frozen,2-tag corner homography,2,1920,1200,0.200000,101;102,1,1,,2-tag corner homography,0.010687,0.489802,101,102,4.749802,4.260000,30,0.050000,0.600000,5.000000,raw-zero-distortion,590.9628888758,0.0000000000,1007.8592059077,0.0000000000,592.3761043005,547.7101609771,0.0000000000,0.0000000000,1.0000000000,-0.0359937509,0.0291287486,0.0062609452,0.0003552766,-0.0208418310,0.0000000000,0.0000000000,0.0000000000,0.0000000000,0.0000000000,1,0.000000,0.000000,73.337,751.045,1,0.927,73.418,751.691,65.773,791.546,8.576,780.103,79.816,716.351,135.402,723.196,-2.838833,0.618216,1.795346,3.415323,-0.000932,0.001404,1,4.260000,0.000000,1773.207,886.216,1,1.186,1772.429,886.499,1844.053,934.238,1760.564,935.445,1705.302,840.187,1784.243,843.248,1.894339,0.837398,1.464202,2.536462,4.255684,0.000922,0.0113961264,0.0114562676,-9.4496742127,0.0008927688,-0.0112604684,8.3992202626,0.0001407596,0.0041254252,1.0000000000,0.0115251996,0.0115705001,-9.5390451141,0.0009065523,-0.0114097207,8.5085477417,0.0001519167,0.0041759508,1.0000000000
518,34161772103855,75.9600,1785360931.096,2,3.4643,0.9997,3.4544,0.8120,3.4594,0.9059,176.99,-0.0013,-0.0013,0.0013,0.0014,-0.0014,-1.57,-0.027413,1.0000,0.0031,0.5051,0.1880,0,frozen,2-tag corner homography,2,1920,1200,0.200000,101;102,1,1,,2-tag corner homography,0.011088,0.493160,101,102,4.753160,4.260000,30,0.050000,0.600000,5.000000,raw-zero-distortion,590.9628888758,0.0000000000,1007.8592059077,0.0000000000,592.3761043005,547.7101609771,0.0000000000,0.0000000000,1.0000000000,-0.0359937509,0.0291287486,0.0062609452,0.0003552766,-0.0208418310,0.0000000000,0.0000000000,0.0000000000,0.0000000000,0.0000000000,1,0.000000,0.000000,73.012,751.339,1,0.781,73.121,751.839,65.545,791.427,8.592,780.469,79.509,716.464,134.789,723.405,-2.843884,0.619569,1.797968,3.421145,-0.001010,0.000522,1,4.260000,0.000000,1773.382,886.430,1,1.224,1772.528,886.575,1843.865,934.516,1760.682,935.431,1705.437,840.075,1784.535,843.402,1.892455,0.836645,1.462556,2.533857,4.255798,0.000461,0.0114212432,0.0114607219,-9.4533134970,0.0008929768,-0.0112713715,8.4093014779,0.0001479680,0.0041229865,1.0000000000,0.0115251996,0.0115705001,-9.5390451141,0.0009065523,-0.0114097207,8.5085477417,0.0001519167,0.0041759508,1.0000000000
519,34161939023812,76.1269,1785360931.240,2,3.4633,0.9988,3.4535,0.8129,3.4584,0.9059,176.99,-0.0050,-0.0023,0.0049,0.0026,-0.0026,-0.22,-0.003920,1.0000,0.0036,0.5051,0.1862,0,frozen,2-tag corner homography,2,1920,1200,0.200000,101;102,1,1,,2-tag corner homography,0.011184,0.501859,101,102,4.761859,4.260000,30,0.050000,0.600000,5.000000,raw-zero-distortion,590.9628888758,0.0000000000,1007.8592059077,0.0000000000,592.3761043005,547.7101609771,0.0000000000,0.0000000000,1.0000000000,-0.0359937509,0.0291287486,0.0062609452,0.0003552766,-0.0208418310,0.0000000000,0.0000000000,0.0000000000,0.0000000000,0.0000000000,1,0.000000,0.000000,73.053,751.046,1,0.933,73.084,751.750,65.418,791.477,8.669,779.955,79.567,716.554,134.637,723.394,-2.854226,0.621524,1.804435,3.433495,-0.001715,0.001338,1,4.260000,0.000000,1773.188,886.442,1,1.133,1772.394,886.559,1843.684,934.542,1760.610,935.467,1705.369,840.167,1784.289,843.177,1.890411,0.835849,1.461232,2.531303,4.255360,0.000399,0.0114188588,0.0114558620,-9.4479633353,0.0008938666,-0.0112764747,8.4121339887,0.0001499510,0.0041178118,1.0000000000,0.0115251996,0.0115705001,-9.5390451141,0.0009065523,-0.0114097207,8.5085477417,0.0001519167,0.0041759508,1.0000000000
520,34162085767494,76.2737,1785360931.360,2,3.4631,0.9991,3.4531,0.8123,3.4581,0.9057,176.94,-0.0043,-0.0009,0.0043,0.0012,-0.0012,-0.17,-0.002997,1.0000,0.0037,0.5051,0.1870,0,frozen,2-tag corner homography,2,1920,1200,0.200000,101;102,1,1,,2-tag corner homography,0.011241,0.486871,101,102,4.746871,4.260000,30,0.050000,0.600000,5.000000,raw-zero-distortion,590.9628888758,0.0000000000,1007.8592059077,0.0000000000,592.3761043005,547.7101609771,0.0000000000,0.0000000000,1.0000000000,-0.0359937509,0.0291287486,0.0062609452,0.0003552766,-0.0208418310,0.0000000000,0.0000000000,0.0000000000,0.0000000000,0.0000000000,1,0.000000,0.000000,73.021,750.992,1,1.017,73.159,751.641,65.304,791.463,8.592,780.096,79.604,716.468,135.047,722.973,-2.839606,0.618061,1.795337,3.415933,-0.001956,0.001480,1,4.260000,0.000000,1773.119,886.317,1,1.112,1772.369,886.517,1843.690,934.456,1760.604,935.460,1705.433,840.147,1784.120,843.121,1.890491,0.835807,1.461341,2.531412,4.255363,0.000672,0.0114669477,0.0115417732,-9.5157849143,0.0008968153,-0.0113080851,8.4344111459,0.0001468398,0.0041487963,1.0000000000,0.0115251996,0.0115705001,-9.5390451141,0.0009065523,-0.0114097207,8.5085477417,0.0001519167,0.0041759508,1.0000000000
521,34162199900713,76.3878,1785360931.482,2,3.4635,0.9976,3.4525,0.8143,3.4580,0.9059,176.58,-0.0026,-0.0001,0.0026,0.0003,-0.0003,-1.07,-0.018603,1.0000,0.0031,0.5051,0.1836,0,frozen,2-tag corner homography,2,1920,1200,0.200000,101;102,1,1,,2-tag corner homography,0.011112,0.486958,101,102,4.746958,4.260000,30,0.050000,0.600000,5.000000,raw-zero-distortion,590.9628888758,0.0000000000,1007.8592059077,0.0000000000,592.3761043005,547.7101609771,0.0000000000,0.0000000000,1.0000000000,-0.0359937509,0.0291287486,0.0062609452,0.0003552766,-0.0208418310,0.0000000000,0.0000000000,0.0000000000,0.0000000000,0.0000000000,1,0.000000,0.000000,72.924,751.464,1,0.828,73.190,751.813,65.147,791.447,8.607,780.400,79.748,716.375,135.160,723.465,-2.839867,0.618659,1.795561,3.416376,-0.000909,0.000159,1,4.260000,0.000000,1773.354,886.487,1,1.134,1772.573,886.644,1843.953,934.682,1760.832,935.531,1705.528,840.184,1784.376,843.320,1.890290,0.835808,1.460796,2.530948,4.255667,0.000326,0.0115301031,0.0116254743,-9.5856696002,0.0009018069,-0.0113756006,8.4867051710,0.0001470097,0.0041796162,1.0000000000,0.0115251996,0.0115705001,-9.5390451141,0.0009065523,-0.0114097207,8.5085477417,0.0001519167,0.0041759508,1.0000000000
522,34162343837497,76.5318,1785360931.647,2,3.4609,0.9981,3.4525,0.8116,3.4567,0.9048,177.42,-0.0047,-0.0027,0.0046,0.0029,-0.0029,1.22,0.021326,1.0000,0.0033,0.5051,0.1866,0,frozen,2-tag corner homography,2,1920,1200,0.200000,101;102,1,1,,2-tag corner homography,0.011288,0.490273,101,102,4.750273,4.260000,30,0.050000,0.600000,5.000000,raw-zero-distortion,590.9628888758,0.0000000000,1007.8592059077,0.0000000000,592.3761043005,547.7101609771,0.0000000000,0.0000000000,1.0000000000,-0.0359937509,0.0291287486,0.0062609452,0.0003552766,-0.0208418310,0.0000000000,0.0000000000,0.0000000000,0.0000000000,0.0000000000,1,0.000000,0.000000,73.041,751.210,1,0.722,73.051,751.765,65.317,791.413,8.612,780.433,79.749,716.295,134.501,723.333,-2.840417,0.618542,1.795643,3.416855,-0.001292,0.000884,1,4.260000,0.000000,1773.310,886.473,1,1.215,1772.458,886.606,1843.722,934.520,1760.593,935.446,1705.420,840.146,1784.490,843.420,1.893167,0.837113,1.463240,2.534938,4.255588,0.000350,0.0114240231,0.0114403072,-9.4366296605,0.0008927248,-0.0112595847,8.3996899958,0.0001516179,0.0041163570,1.0000000000,0.0115251996,0.0115705001,-9.5390451141,0.0009065523,-0.0114097207,8.5085477417,0.0001519167,0.0041759508,1.0000000000
523,34162508898128,76.6968,1785360931.836,2,3.4651,0.9980,3.4516,0.8097,3.4584,0.9039,175.88,0.0001,-0.0059,-0.0005,0.0058,-0.0058,-1.66,-0.029042,1.0000,0.0036,0.5051,0.1887,0,frozen,2-tag corner homography,2,1920,1200,0.200000,101;102,1,1,,2-tag corner homography,0.011015,0.490468,101,102,4.750468,4.260000,30,0.050000,0.600000,5.000000,raw-zero-distortion,590.9628888758,0.0000000000,1007.8592059077,0.0000000000,592.3761043005,547.7101609771,0.0000000000,0.0000000000,1.0000000000,-0.0359937509,0.0291287486,0.0062609452,0.0003552766,-0.0208418310,0.0000000000,0.0000000000,0.0000000000,0.0000000000,0.0000000000,1,0.000000,0.000000,73.148,751.146,1,0.919,73.267,751.745,65.576,791.481,8.607,780.165,79.657,716.477,135.139,723.275,-2.843914,0.619385,1.798268,3.421293,-0.001171,0.001083,1,4.260000,0.000000,1773.002,886.101,1,1.059,1772.345,886.435,1843.941,934.338,1760.619,935.454,1705.397,840.131,1783.827,842.960,1.889628,0.835249,1.460720,2.530225,4.255377,0.001147,0.0114534067,0.0115316210,-9.5094883316,0.0008955732,-0.0113061854,8.4341072583,0.0001447476,0.0041459893,1.0000000000,0.0115251996,0.0115705001,-9.5390451141,0.0009065523,-0.0114097207,8.5085477417,0.0001519167,0.0041759508,1.0000000000
524,34162699121344,76.8870,1785360932.047,2,3.4638,0.9967,3.4515,0.8105,3.4576,0.9036,176.22,,,,,,,,1.0000,0.0034,0.5051,0.1865,0,frozen,2-tag corner homography,2,1920,1200,0.200000,101;102,1,1,,2-tag corner homography,0.011100,0.495665,101,102,4.755665,4.260000,30,0.050000,0.600000,5.000000,raw-zero-distortion,590.9628888758,0.0000000000,1007.8592059077,0.0000000000,592.3761043005,547.7101609771,0.0000000000,0.0000000000,1.0000000000,-0.0359937509,0.0291287486,0.0062609452,0.0003552766,-0.0208418310,0.0000000000,0.0000000000,0.0000000000,0.0000000000,0.0000000000,1,0.000000,0.000000,73.083,751.136,1,0.846,73.179,751.697,65.343,791.392,8.647,780.103,79.772,716.351,134.887,723.352,-2.845857,0.619605,1.799328,3.423506,-0.001381,0.001097,1,4.260000,0.000000,1773.265,886.370,1,1.133,1772.494,886.559,1844.016,934.432,1760.723,935.457,1705.375,840.252,1784.290,843.225,1.892922,0.836851,1.462982,2.534519,4.255617,0.000577,0.0117200160,0.0116844663,-9.6424007914,0.0009168285,-0.0115651124,8.6268769049,0.0001507981,0.0042599290,1.0000000000,0.0115251996,0.0115705001,-9.5390451141,0.0009065523,-0.0114097207,8.5085477417,0.0001519167,0.0041759508,1.0000000000
525,34162898463905,77.0864,1785360932.172,2,3.4642,0.9979,3.4502,0.8113,3.4572,0.9046,175.73,,,,,,,,1.0000,0.0034,0.5051,0.1871,0,frozen,2-tag corner homography,2,1920,1200,0.200000,101;102,1,1,,2-tag corner homography,0.011028,0.493225,101,102,4.753225,4.260000,30,0.050000,0.600000,5.000000,raw-zero-distortion,590.9628888758,0.0000000000,1007.8592059077,0.0000000000,592.3761043005,547.7101609771,0.0000000000,0.0000000000,1.0000000000,-0.0359937509,0.0291287486,0.0062609452,0.0003552766,-0.0208418310,0.0000000000,0.0000000000,0.0000000000,0.0000000000,0.0000000000,1,0.000000,0.000000,73.180,751.080,1,0.963,73.230,751.791,65.768,791.538,8.517,780.191,79.491,716.627,135.058,723.222,-2.845764,0.619905,1.799366,3.423503,-0.001270,0.001273,1,4.260000,0.000000,1773.281,886.385,1,1.266,1772.389,886.504,1843.663,934.379,1760.715,935.507,1705.259,840.001,1784.313,843.257,1.890509,0.835761,1.461318,2.531397,4.255632,0.000545,0.0114027387,0.0114562330,-9.4491755863,0.0008920273,-0.0112603862,8.4005137257,0.0001431932,0.0041236149,1.0000000000,0.0115251996,0.0115705001,-9.5390451141,0.0009065523,-0.0114097207,8.5085477417,0.0001519167,0.0041759508,1.0000000000
526,34163024183020,77.2121,1785360932.306,2,3.4650,0.9983,3.4507,0.8103,3.4579,0.9043,175.66,0.0004,0.0024,-0.0002,-0.0024,0.0024,-1.78,-0.031015,1.0000,0.0033,0.5051,0.1885,0,frozen,2-tag corner homography,2,1920,1200,0.200000,101;102,1,1,,2-tag corner homography,0.011224,0.489631,101,102,4.749631,4.260000,30,0.050000,0.600000,5.000000,raw-zero-distortion,590.9628888758,0.0000000000,1007.8592059077,0.0000000000,592.3761043005,547.7101609771,0.0000000000,0.0000000000,1.0000000000,-0.0359937509,0.0291287486,0.0062609452,0.0003552766,-0.0208418310,0.0000000000,0.0000000000,0.0000000000,0.0000000000,0.0000000000,1,0.000000,0.000000,73.262,751.087,1,0.792,73.211,751.763,65.653,791.535,8.588,780.310,79.801,716.325,134.760,723.298,-2.840045,0.618562,1.795715,3.416587,-0.001022,0.001271,1,4.260000,0.000000,1773.296,886.406,1,1.198,1772.459,886.539,1843.771,934.366,1760.810,935.477,1705.377,840.185,1784.277,843.246,1.892889,0.836824,1.463023,2.534510,4.255640,0.000501,0.0118213181,0.0121237544,-9.9812837225,0.0009262268,-0.0116833339,8.7152122411,0.0001456611,0.0043310392,1.0000000000,0.0115251996,0.0115705001,-9.5390451141,0.0009065523,-0.0114097207,8.5085477417,0.0001519167,0.0041759508,1.0000000000
527,34163147970091,77.3359,1785360932.406,2,3.4633,0.9953,3.4509,0.8094,3.4571,0.9024,176.18,-0.0001,-0.0054,-0.0003,0.0054,-0.0054,0.68,0.011787,1.0000,0.0034,0.5051,0.1863,0,frozen,2-tag corner homography,2,1920,1200,0.200000,101;102,1,1,,2-tag corner homography,0.011310,0.494695,101,102,4.754695,4.260000,30,0.050000,0.600000,5.000000,raw-zero-distortion,590.9628888758,0.0000000000,1007.8592059077,0.0000000000,592.3761043005,547.7101609771,0.0000000000,0.0000000000,1.0000000000,-0.0359937509,0.0291287486,0.0062609452,0.0003552766,-0.0208418310,0.0000000000,0.0000000000,0.0000000000,0.0000000000,0.0000000000,1,0.000000,0.000000,73.090,751.090,1,0.835,73.101,751.733,65.340,791.466,8.602,780.274,79.752,716.387,134.664,723.225,-2.841231,0.618655,1.796254,3.417873,-0.001489,0.001224,1,4.260000,0.000000,1773.296,886.377,1,1.038,1772.621,886.635,1843.869,934.381,1760.768,935.480,1705.884,840.523,1784.308,843.213,1.896861,0.838640,1.465783,2.539669,4.255676,0.000568,0.0113495330,0.0113949302,-9.3972533900,0.0008888911,-0.0112075392,8.3604727877,0.0001471644,0.0040905018,1.0000000000,0.0115251996,0.0115705001,-9.5390451141,0.0009065523,-0.0114097207,8.5085477417,0.0001519167,0.0041759508,1.0000000000
528,34163258106387,77.4460,1785360932.520,2,3.4651,0.9954,3.4524,0.8073,3.4587,0.9013,176.13,0.0022,-0.0102,-0.0029,0.0100,-0.0100,1.57,0.027440,1.0000,0.0032,0.5051,0.1884,0,frozen,2-tag corner homography,2,1920,1200,0.200000,101;102,1,1,,2-tag corner homography,0.011339,0.490893,101,102,4.750893,4.260000,30,0.050000,0.600000,5.000000,raw-zero-distortion,590.9628888758,0.0000000000,1007.8592059077,0.0000000000,592.3761043005,547.7101609771,0.0000000000,0.0000000000,1.0000000000,-0.0359937509,0.0291287486,0.0062609452,0.0003552766,-0.0208418310,0.0000000000,0.0000000000,0.0000000000,0.0000000000,0.0000000000,1,0.000000,0.000000,72.920,751.254,1,0.855,73.043,751.790,65.162,791.469,8.590,780.439,79.630,716.472,134.731,723.213,-2.838975,0.618299,1.794715,3.415125,-0.001504,0.000736,1,4.260000,0.000000,1773.290,886.183,1,1.190,1772.521,886.499,1843.975,934.201,1760.602,935.444,1705.569,840.179,1784.344,843.266,1.895366,0.837751,1.464818,2.537702,4.255905,0.001012,0.0114767478,0.0113467486,-9.3703317925,0.0008949214,-0.0113035333,8.4331670430,0.0001528111,0.0041346835,1.0000000000,0.0115251996,0.0115705001,-9.5390451141,0.0009065523,-0.0114097207,8.5085477417,0.0001519167,0.0041759508,1.0000000000
529,34163368843878,77.5568,1785360932.631,2,3.4681,0.9952,3.4538,0.8042,3.4609,0.8997,175.74,0.0068,-0.0121,-0.0077,0.0116,-0.0116,0.70,0.012162,1.0000,0.0033,0.5051,0.1916,0,frozen,2-tag corner homography,2,1920,1200,0.200000,101;102,1,1,,2-tag corner homography,0.011154,0.493633,101,102,4.753633,4.260000,30,0.050000,0.600000,5.000000,raw-zero-distortion,590.9628888758,0.0000000000,1007.8592059077,0.0000000000,592.3761043005,547.7101609771,0.0000000000,0.0000000000,1.0000000000,-0.0359937509,0.0291287486,0.0062609452,0.0003552766,-0.0208418310,0.0000000000,0.0000000000,0.0000000000,0.0000000000,0.0000000000,1,0.000000,0.000000,73.033,751.225,1,0.855,73.110,751.818,65.495,791.490,8.554,780.329,79.530,716.518,134.803,723.345,-2.844859,0.619709,1.798564,3.422293,-0.001271,0.000841,1,4.260000,0.000000,1773.286,886.447,1,1.131,1772.506,886.606,1843.785,934.546,1760.719,935.497,1705.546,840.229,1784.351,843.262,1.891899,0.836499,1.462167,2.533169,4.255567,0.000405,0.0113931951,0.0114396027,-9.4350090203,0.0008912619,-0.0112459022,8.3900744185,0.0001463485,0.0041128315,1.0000000000,0.0115251996,0.0115705001,-9.5390451141,0.0009065523,-0.0114097207,8.5085477417,0.0001519167,0.0041759508,1.0000000000
530,34163478128101,77.6661,1785360932.738,2,3.4713,0.9925,3.4562,0.8014,3.4637,0.8970,175.48,0.0153,-0.0148,-0.0164,0.0135,-0.0135,-1.20,-0.020937,1.0000,0.0036,0.5051,0.1918,0,frozen,2-tag corner homography,2,1920,1200,0.200000,101;102,1,1,,2-tag corner homography,0.011068,0.494277,101,102,4.754277,4.260000,30,0.050000,0.600000,5.000000,raw-zero-distortion,590.9628888758,0.0000000000,1007.8592059077,0.0000000000,592.3761043005,547.7101609771,0.0000000000,0.0000000000,1.0000000000,-0.0359937509,0.0291287486,0.0062609452,0.0003552766,-0.0208418310,0.0000000000,0.0000000000,0.0000000000,0.0000000000,0.0000000000,1,0.000000,0.000000,72.917,751.303,1,0.993,73.155,751.824,65.423,791.463,8.459,780.296,79.374,716.699,135.246,723.268,-2.845054,0.619801,1.798774,3.422583,-0.001377,0.000600,1,4.260000,0.000000,1773.067,886.354,1,0.913,1772.475,886.581,1843.761,934.569,1760.601,935.397,1705.775,840.459,1784.093,842.977,1.892361,0.836677,1.462585,2.533814,4.255204,0.000578,0.0114163076,0.0115176996,-9.4959576056,0.0008940201,-0.0112846193,8.4191109026,0.0001427117,0.0041330939,1.0000000000,0.0115251996,0.0115705001,-9.5390451141,0.0009065523,-0.0114097207,8.5085477417,0.0001519167,0.0041759508,1.0000000000
531,34163580675338,77.7686,1785360932.835,2,3.4741,0.9917,3.4566,0.7964,3.4654,0.8940,174.88,0.0189,-0.0198,-0.0206,0.0180,-0.0180,-2.77,-0.048284,1.0000,0.0034,0.5051,0.1961,0,frozen,2-tag corner homography,2,1920,1200,0.200000,101;102,1,1,,2-tag corner homography,0.010992,0.460029,101,102,4.720029,4.260000,30,0.050000,0.600000,5.000000,raw-zero-distortion,590.9628888758,0.0000000000,1007.8592059077,0.0000000000,592.3761043005,547.7101609771,0.0000000000,0.0000000000,1.0000000000,-0.0359937509,0.0291287486,0.0062609452,0.0003552766,-0.0208418310,0.0000000000,0.0000000000,0.0000000000,0.0000000000,0.0000000000,1,0.000000,0.000000,73.259,750.954,1,1.265,73.676,751.475,65.546,791.472,8.581,780.265,79.834,716.418,136.519,722.286,-2.814344,0.612403,1.780350,3.386032,-0.001400,0.001636,1,4.260000,0.000000,1773.209,886.122,1,1.006,1772.614,886.507,1844.226,934.536,1760.761,935.446,1705.778,840.153,1784.081,843.039,1.889542,0.835096,1.460140,2.529776,4.255804,0.001138,0.0115793459,0.0117874635,-9.7127603422,0.0009057654,-0.0114068046,8.5056410314,0.0001359408,0.0042295884,1.0000000000,0.0115251996,0.0115705001,-9.5390451141,0.0009065523,-0.0114097207,8.5085477417,0.0001519167,0.0041759508,1.0000000000
532,34163675028033,77.8629,1785360932.957,2,3.4740,0.9920,3.4583,0.7978,3.4661,0.8949,175.38,0.0178,-0.0182,-0.0192,0.0167,-0.0167,-2.14,-0.037376,1.0000,0.0032,0.5051,0.1948,0,frozen,2-tag corner homography,2,1920,1200,0.200000,101;102,1,1,,2-tag corner homography,0.011096,0.487326,101,102,4.747326,4.260000,30,0.050000,0.600000,5.000000,raw-zero-distortion,590.9628888758,0.0000000000,1007.8592059077,0.0000000000,592.3761043005,547.7101609771,0.0000000000,0.0000000000,1.0000000000,-0.0359937509,0.0291287486,0.0062609452,0.0003552766,-0.0208418310,0.0000000000,0.0000000000,0.0000000000,0.0000000000,0.0000000000,1,0.000000,0.000000,73.041,751.264,1,0.945,73.249,751.782,65.545,791.494,8.564,780.304,79.514,716.526,135.274,723.235,-2.840927,0.618837,1.796346,3.417701,-0.001141,0.000735,1,4.260000,0.000000,1773.257,886.278,1,1.170,1772.482,886.534,1844.034,934.612,1760.554,935.398,1705.407,839.943,1784.362,843.342,1.889547,0.835308,1.460396,2.529997,4.255715,0.000786,0.0115020380,0.0118165340,-9.7274919279,0.0009009744,-0.0113650790,8.4781055249,0.0001445360,0.0041786251,1.0000000000,0.0115251996,0.0115705001,-9.5390451141,0.0009065523,-0.0114097207,8.5085477417,0.0001519167,0.0041759508,1.0000000000
533,34163803165199,77.9911,1785360933.071,2,3.4781,0.9899,3.4598,0.7943,3.4690,0.8921,174.66,0.0163,-0.0145,-0.0176,0.0129,-0.0129,-2.00,-0.034822,1.0000,0.0038,0.5051,0.1965,0,frozen,2-tag corner homography,2,1920,1200,0.200000,101;102,1,1,,2-tag corner homography,0.014241,0.482935,101,102,4.742935,4.260000,30,0.050000,0.600000,5.000000,raw-zero-distortion,590.9628888758,0.0000000000,1007.8592059077,0.0000000000,592.3761043005,547.7101609771,0.0000000000,0.0000000000,1.0000000000,-0.0359937509,0.0291287486,0.0062609452,0.0003552766,-0.0208418310,0.0000000000,0.0000000000,0.0000000000,0.0000000000,0.0000000000,1,0.000000,0.000000,73.056,751.209,1,0.927,73.230,751.750,65.524,791.411,8.627,780.470,79.552,716.543,135.129,723.018,-2.836373,0.617733,1.793428,3.412182,-0.001251,0.000889,1,4.260000,0.000000,1772.843,886.217,1,1.066,1772.194,886.569,1843.702,934.560,1760.737,935.468,1705.344,840.167,1783.400,843.263,1.889882,0.835858,1.461207,2.530897,4.254884,0.000852,0.0116022458,0.0128373441,-10.5017863599,0.0009130175,-0.0114885310,8.5683388708,0.0001413400,0.0042656922,1.0000000000,0.0115251996,0.0115705001,-9.5390451141,0.0009065523,-0.0114097207,8.5085477417,0.0001519167,0.0041759508,1.0000000000
534,34163909741846,78.0977,1785360933.168,2,3.4796,0.9874,3.4613,0.7915,3.4705,0.8894,174.64,0.0163,-0.0149,-0.0177,0.0133,-0.0133,-1.62,-0.028310,1.0000,0.0033,0.5051,0.1967,0,frozen,2-tag corner homography,2,1920,1200,0.200000,101;102,1,1,,2-tag corner homography,0.011816,0.495170,101,102,4.755170,4.260000,30,0.050000,0.600000,5.000000,raw-zero-distortion,590.9628888758,0.0000000000,1007.8592059077,0.0000000000,592.3761043005,547.7101609771,0.0000000000,0.0000000000,1.0000000000,-0.0359937509,0.0291287486,0.0062609452,0.0003552766,-0.0208418310,0.0000000000,0.0000000000,0.0000000000,0.0000000000,0.0000000000,1,0.000000,0.000000,73.126,751.201,1,0.779,73.174,751.762,65.507,791.363,8.616,780.319,79.725,716.411,134.792,723.366,-2.844908,0.619594,1.798718,3.422395,-0.001082,0.000928,1,4.260000,0.000000,1773.351,886.504,1,1.243,1772.470,886.608,1843.750,934.468,1760.724,935.489,1705.354,840.176,1784.459,843.415,1.893430,0.837221,1.463420,2.535274,4.255639,0.000286,0.0119074326,0.0115528143,-9.5578964730,0.0009279047,-0.0117145667,8.7396159346,0.0001522093,0.0043363664,1.0000000000,0.0115251996,0.0115705001,-9.5390451141,0.0009065523,-0.0114097207,8.5085477417,0.0001519167,0.0041759508,1.0000000000
535,34164007868697,78.1958,1785360933.268,2,3.4803,0.9883,3.4615,0.7910,3.4709,0.8897,174.56,0.0152,-0.0161,-0.0167,0.0146,-0.0146,-2.05,-0.035792,1.0000,0.0033,0.5051,0.1982,0,frozen,2-tag corner homography,2,1920,1200,0.200000,101;102,1,1,,2-tag corner homography,0.012430,0.485139,101,102,4.745139,4.260000,30,0.050000,0.600000,5.000000,raw-zero-distortion,590.9628888758,0.0000000000,1007.8592059077,0.0000000000,592.3761043005,547.7101609771,0.0000000000,0.0000000000,1.0000000000,-0.0359937509,0.0291287486,0.0062609452,0.0003552766,-0.0208418310,0.0000000000,0.0000000000,0.0000000000,0.0000000000,0.0000000000,1,0.000000,0.000000,73.231,751.132,1,0.816,73.317,751.678,65.421,791.371,8.685,780.284,79.991,716.303,135.086,723.195,-2.837547,0.617830,1.794338,3.413654,-0.000981,0.001140,1,4.260000,0.000000,1773.319,886.444,1,1.228,1772.455,886.563,1843.724,934.516,1760.725,935.481,1705.373,840.051,1784.392,843.333,1.890872,0.835994,1.461472,2.531834,4.255643,0.000417,0.0114606979,0.0122324577,-10.0367753308,0.0008999966,-0.0113306114,8.4503940335,0.0001486321,0.0041666304,1.0000000000,0.0115251996,0.0115705001,-9.5390451141,0.0009065523,-0.0114097207,8.5085477417,0.0001519167,0.0041759508,1.0000000000
536,34164107925042,78.2958,1785360933.373,2,3.4795,0.9876,3.4600,0.7885,3.4698,0.8881,174.41,0.0076,-0.0135,-0.0089,0.0127,-0.0127,-1.29,-0.022590,1.0000,0.0035,0.5051,0.2000,0,frozen,2-tag corner homography,2,1920,1200,0.200000,101;102,1,1,,2-tag corner homography,0.011147,0.488997,101,102,4.748997,4.260000,30,0.050000,0.600000,5.000000,raw-zero-distortion,590.9628888758,0.0000000000,1007.8592059077,0.0000000000,592.3761043005,547.7101609771,0.0000000000,0.0000000000,1.0000000000,-0.0359937509,0.0291287486,0.0062609452,0.0003552766,-0.0208418310,0.0000000000,0.0000000000,0.0000000000,0.0000000000,0.0000000000,1,0.000000,0.000000,73.244,750.988,1,0.814,73.190,751.685,65.644,791.408,8.586,780.262,79.759,716.333,134.726,723.151,-2.840630,0.618436,1.796044,3.417224,-0.001348,0.001540,1,4.260000,0.000000,1773.220,886.360,1,1.173,1772.409,886.517,1843.753,934.341,1760.692,935.522,1705.345,840.187,1784.236,843.130,1.891602,0.836255,1.462124,2.532842,4.255531,0.000593,0.0113834401,0.0114144088,-9.4147743622,0.0008897373,-0.0112214597,8.3702247987,0.0001486052,0.0041030606,1.0000000000,0.0115251996,0.0115705001,-9.5390451141,0.0009065523,-0.0114097207,8.5085477417,0.0001519167,0.0041759508,1.0000000000
537,34164217026801,78.4049,1785360933.476,2,3.4798,0.9860,3.4617,0.7895,3.4707,0.8877,174.72,0.0026,-0.0091,-0.0034,0.0088,-0.0088,-0.39,-0.006870,1.0000,0.0040,0.5051,0.1973,0,frozen,2-tag corner homography,2,1920,1200,0.200000,101;102,1,1,,2-tag corner homography,0.011476,0.476029,101,102,4.736029,4.260000,30,0.050000,0.600000,5.000000,raw-zero-distortion,590.9628888758,0.0000000000,1007.8592059077,0.0000000000,592.3761043005,547.7101609771,0.0000000000,0.0000000000,1.0000000000,-0.0359937509,0.0291287486,0.0062609452,0.0003552766,-0.0208418310,0.0000000000,0.0000000000,0.0000000000,0.0000000000,0.0000000000,1,0.000000,0.000000,73.408,751.011,1,0.702,73.239,751.727,65.588,791.433,8.488,780.371,80.134,716.239,134.688,723.296,-2.837224,0.617856,1.793985,3.413205,-0.000828,0.001512,1,4.260000,0.000000,1772.619,885.903,1,0.984,1772.090,886.373,1843.849,934.538,1760.620,935.507,1705.240,839.898,1783.053,842.776,1.881818,0.831923,1.455169,2.520089,4.254786,0.001531,0.0115411501,0.0115768049,-9.5495557145,0.0008989384,-0.0113503932,8.4668858096,0.0001472727,0.0041814011,1.0000000000,0.0115251996,0.0115705001,-9.5390451141,0.0009065523,-0.0114097207,8.5085477417,0.0001519167,0.0041759508,1.0000000000
538,34164334685422,78.5226,1785360933.592,2,3.4785,0.9896,3.4598,0.7907,3.4692,0.8902,174.62,-0.0017,-0.0021,0.0015,0.0022,-0.0022,0.17,0.003003,1.0000,0.0033,0.5051,0.1998,0,frozen,2-tag corner homography,2,1920,1200,0.200000,101;102,1,1,,2-tag corner homography,0.011134,0.498533,101,102,4.758533,4.260000,30,0.050000,0.600000,5.000000,raw-zero-distortion,590.9628888758,0.0000000000,1007.8592059077,0.0000000000,592.3761043005,547.7101609771,0.0000000000,0.0000000000,1.0000000000,-0.0359937509,0.0291287486,0.0062609452,0.0003552766,-0.0208418310,0.0000000000,0.0000000000,0.0000000000,0.0000000000,0.0000000000,1,0.000000,0.000000,72.900,751.172,1,1.014,73.080,751.781,65.483,791.458,8.617,780.134,79.248,716.691,134.903,723.238,-2.850707,0.620850,1.802203,3.429274,-0.001788,0.000957,1,4.260000,0.000000,1773.307,886.275,1,1.310,1772.404,886.458,1843.734,934.268,1760.706,935.516,1705.270,839.910,1784.312,843.275,1.890744,0.835737,1.461470,2.531652,4.255828,0.000804,0.0115266208,0.0115984289,-9.5633368590,0.0009016221,-0.0113855142,8.4938731073,0.0001483890,0.0041746216,1.0000000000,0.0115251996,0.0115705001,-9.5390451141,0.0009065523,-0.0114097207,8.5085477417,0.0001519167,0.0041759508,1.0000000000
539,34164439272400,78.6272,1785360933.693,2,3.4779,0.9882,3.4587,0.7900,3.4683,0.8891,174.48,-0.0040,0.0025,0.0042,-0.0021,0.0021,0.13,0.002266,1.0000,0.0035,0.5051,0.1991,0,frozen,2-tag corner homography,2,1920,1200,0.200000,101;102,1,1,,2-tag corner homography,0.010930,0.498758,101,102,4.758758,4.260000,30,0.050000,0.600000,5.000000,raw-zero-distortion,590.9628888758,0.0000000000,1007.8592059077,0.0000000000,592.3761043005,547.7101609771,0.0000000000,0.0000000000,1.0000000000,-0.0359937509,0.0291287486,0.0062609452,0.0003552766,-0.0208418310,0.0000000000,0.0000000000,0.0000000000,0.0000000000,0.0000000000,1,0.000000,0.000000,73.031,751.095,1,1.037,73.214,751.718,65.531,791.487,8.609,779.869,79.440,716.576,135.180,723.336,-2.852535,0.621147,1.803617,3.431590,-0.001641,0.001200,1,4.260000,0.000000,1773.172,886.280,1,1.138,1772.407,886.490,1843.803,934.439,1760.637,935.508,1705.395,840.067,1784.174,843.076,1.888987,0.835036,1.460107,2.529322,4.255526,0.000767,0.0114067237,0.0114834073,-9.4687929944,0.0008935066,-0.0112746555,8.4103422875,0.0001433144,0.0041265018,1.0000000000,0.0115251996,0.0115705001,-9.5390451141,0.0009065523,-0.0114097207,8.5085477417,0.0001519167,0.0041759508,1.0000000000
540,34164535489261,78.7234,1785360933.788,2,3.4761,0.9882,3.4572,0.7918,3.4667,0.8900,174.49,-0.0089,0.0043,0.0093,-0.0034,0.0034,-0.40,-0.007035,1.0000,0.0038,0.5051,0.1973,0,frozen,2-tag corner homography,2,1920,1200,0.200000,101;102,1,1,,2-tag corner homography,0.010890,0.456278,101,102,4.716278,4.260000,30,0.050000,0.600000,5.000000,raw-zero-distortion,590.9628888758,0.0000000000,1007.8592059077,0.0000000000,592.3761043005,547.7101609771,0.0000000000,0.0000000000,1.0000000000,-0.0359937509,0.0291287486,0.0062609452,0.0003552766,-0.0208418310,0.0000000000,0.0000000000,0.0000000000,0.0000000000,0.0000000000,1,0.000000,0.000000,73.089,751.113,1,1.351,73.661,751.516,65.556,791.499,8.595,780.338,79.548,716.485,136.713,722.282,-2.813744,0.612386,1.779943,3.385317,-0.001429,0.001161,1,4.260000,0.000000,1772.892,886.076,1,0.979,1772.289,886.388,1843.938,934.473,1760.660,935.386,1705.338,840.056,1783.624,842.814,1.886342,0.833744,1.458287,2.525870,4.255168,0.001186,0.0115522438,0.0117920729,-9.7144971345,0.0009027700,-0.0113791491,8.4854911457,0.0001331772,0.0042222614,1.0000000000,0.0115251996,0.0115705001,-9.5390451141,0.0009065523,-0.0114097207,8.5085477417,0.0001519167,0.0041759508,1.0000000000
541,34164634777563,78.8227,1785360933.899,2,3.4753,0.9891,3.4559,0.7915,3.4656,0.8903,174.41,-0.0110,0.0023,0.0112,-0.0013,0.0013,-0.53,-0.009164,1.0000,0.0036,0.5051,0.1985,0,frozen,2-tag corner homography,2,1920,1200,0.200000,101;102,1,1,,2-tag corner homography,0.011085,0.470921,101,102,4.730921,4.260000,30,0.050000,0.600000,5.000000,raw-zero-distortion,590.9628888758,0.0000000000,1007.8592059077,0.0000000000,592.3761043005,547.7101609771,0.0000000000,0.0000000000,1.0000000000,-0.0359937509,0.0291287486,0.0062609452,0.0003552766,-0.0208418310,0.0000000000,0.0000000000,0.0000000000,0.0000000000,0.0000000000,1,0.000000,0.000000,72.969,751.213,1,1.325,73.516,751.632,65.625,791.448,8.538,780.412,79.265,716.723,136.420,722.458,-2.823284,0.614716,1.785699,3.396694,-0.001482,0.000859,1,4.260000,0.000000,1773.015,886.177,1,0.870,1772.523,886.556,1843.754,934.513,1760.660,935.468,1706.090,840.448,1783.872,842.865,1.891334,0.836109,1.461698,2.532347,4.255310,0.000974,0.0114054160,0.0116096953,-9.5662911499,0.0008933256,-0.0112606836,8.3987026961,0.0001315229,0.0041534929,1.0000000000,0.0115251996,0.0115705001,-9.5390451141,0.0009065523,-0.0114097207,8.5085477417,0.0001519167,0.0041759508,1.0000000000
542,34164737868266,78.9258,1785360933.993,2,3.4735,0.9885,3.4548,0.7952,3.4641,0.8919,174.49,-0.0127,0.0063,0.0132,-0.0050,0.0050,-0.24,-0.004142,1.0000,0.0033,0.5051,0.1942,0,frozen,2-tag corner homography,2,1920,1200,0.200000,101;102,1,0,world_rms>0.050,2-tag corner homography,0.101251,0.487466,101,102,4.747466,4.260000,30,0.050000,0.600000,5.000000,raw-zero-distortion,590.9628888758,0.0000000000,1007.8592059077,0.0000000000,592.3761043005,547.7101609771,0.0000000000,0.0000000000,1.0000000000,-0.0359937509,0.0291287486,0.0062609452,0.0003552766,-0.0208418310,0.0000000000,0.0000000000,0.0000000000,0.0000000000,0.0000000000,1,0.000000,0.000000,73.263,751.133,1,0.753,73.235,751.755,65.597,791.417,8.588,780.416,79.883,716.348,134.814,723.266,-2.838824,0.618286,1.794988,3.415141,-0.000888,0.001143,1,4.260000,0.000000,1773.252,886.298,1,1.113,1772.527,886.569,1843.963,934.479,1760.698,935.491,1705.595,840.198,1784.243,843.229,1.891934,0.836402,1.462155,2.533156,4.255678,0.000740,0.0113250209,0.0241312441,-18.9607679083,0.0004448436,-0.0053354050,3.9606563269,0.0000151552,0.0048031767,1.0000000000,0.0115251996,0.0115705001,-9.5390451141,0.0009065523,-0.0114097207,8.5085477417,0.0001519167,0.0041759508,1.0000000000
543,34164832205229,79.0201,1785360934.098,2,3.4716,0.9889,3.4522,0.7949,3.4619,0.8919,174.31,-0.0146,0.0070,0.0152,-0.0055,0.0055,-0.37,-0.006454,1.0000,0.0033,0.5051,0.1949,0,frozen,2-tag corner homography,2,1920,1200,0.200000,101;102,1,1,,2-tag corner homography,0.011083,0.495353,101,102,4.755353,4.260000,30,0.050000,0.600000,5.000000,raw-zero-distortion,590.9628888758,0.0000000000,1007.8592059077,0.0000000000,592.3761043005,547.7101609771,0.0000000000,0.0000000000,1.0000000000,-0.0359937509,0.0291287486,0.0062609452,0.0003552766,-0.0208418310,0.0000000000,0.0000000000,0.0000000000,0.0000000000,0.0000000000,1,0.000000,0.000000,72.992,751.267,1,0.859,73.126,751.799,65.444,791.359,8.486,780.346,79.522,716.578,134.962,723.331,-2.845980,0.619906,1.799304,3.423650,-0.001270,0.000717,1,4.260000,0.000000,1773.249,886.316,1,1.144,1772.476,886.524,1843.919,934.439,1760.638,935.398,1705.441,840.141,1784.318,843.242,1.892492,0.836593,1.462683,2.533941,4.255650,0.000698,0.0116869338,0.0118622176,-9.7741946486,0.0009150295,-0.0115504602,8.6169932009,0.0001496186,0.0042535857,1.0000000000,0.0115251996,0.0115705001,-9.5390451141,0.0009065523,-0.0114097207,8.5085477417,0.0001519167,0.0041759508,1.0000000000
544,34164944460206,79.1324,1785360934.199,2,3.4700,0.9901,3.4527,0.7963,3.4614,0.8932,174.92,-0.0145,0.0081,0.0151,-0.0068,0.0068,0.76,0.013203,1.0000,0.0033,0.5051,0.1946,0,frozen,2-tag corner homography,2,1920,1200,0.200000,101;102,1,1,,2-tag corner homography,0.011046,0.492804,101,102,4.752804,4.260000,30,0.050000,0.600000,5.000000,raw-zero-distortion,590.9628888758,0.0000000000,1007.8592059077,0.0000000000,592.3761043005,547.7101609771,0.0000000000,0.0000000000,1.0000000000,-0.0359937509,0.0291287486,0.0062609452,0.0003552766,-0.0208418310,0.0000000000,0.0000000000,0.0000000000,0.0000000000,0.0000000000,1,0.000000,0.000000,73.261,751.135,1,0.832,73.228,751.832,65.941,791.547,8.590,780.362,79.535,716.496,134.807,723.319,-2.844134,0.619671,1.798333,3.421563,-0.000890,0.001139,1,4.260000,0.000000,1773.242,886.376,1,1.228,1772.395,886.549,1843.681,934.463,1760.578,935.449,1705.370,840.042,1784.343,843.362,1.891818,0.836444,1.462318,2.533178,4.255560,0.000559,0.0112843172,0.0112756791,-9.3052242584,0.0008823593,-0.0111372170,8.3090313977,0.0001424376,0.0040652349,1.0000000000,0.0115251996,0.0115705001,-9.5390451141,0.0009065523,-0.0114097207,8.5085477417,0.0001519167,0.0041759508,1.0000000000
545,34165039166970,79.2271,1785360934.314,2,3.4692,0.9901,3.4516,0.7977,3.4604,0.8939,174.79,-0.0127,0.0076,0.0133,-0.0064,0.0064,1.23,0.021404,1.0000,0.0032,0.5051,0.1932,0,frozen,2-tag corner homography,2,1920,1200,0.200000,101;102,1,1,,2-tag corner homography,0.011067,0.482883,101,102,4.742883,4.260000,30,0.050000,0.600000,5.000000,raw-zero-distortion,590.9628888758,0.0000000000,1007.8592059077,0.0000000000,592.3761043005,547.7101609771,0.0000000000,0.0000000000,1.0000000000,-0.0359937509,0.0291287486,0.0062609452,0.0003552766,-0.0208418310,0.0000000000,0.0000000000,0.0000000000,0.0000000000,0.0000000000,1,0.000000,0.000000,73.081,751.468,1,0.845,73.329,751.859,65.653,791.478,8.688,780.568,79.577,716.478,135.312,723.346,-2.837905,0.618464,1.794588,3.414198,-0.000460,0.000182,1,4.260000,0.000000,1773.207,886.267,1,1.129,1772.457,886.499,1843.853,934.537,1760.736,935.475,1705.487,839.995,1784.137,843.137,1.888177,0.834643,1.459384,2.528169,4.255619,0.000804,0.0114182163,0.0114736214,-9.4653959478,0.0008912139,-0.0112560246,8.3979641425,0.0001431524,0.0041309240,1.0000000000,0.0115251996,0.0115705001,-9.5390451141,0.0009065523,-0.0114097207,8.5085477417,0.0001519167,0.0041759508,1.0000000000
546,34165155530479,79.3435,1785360934.409,2,3.4679,0.9898,3.4512,0.7983,3.4596,0.8940,175.03,-0.0092,0.0069,0.0098,-0.0061,0.0061,1.69,0.029574,1.0000,0.0033,0.5051,0.1922,0,frozen,2-tag corner homography,2,1920,1200,0.200000,101;102,1,1,,2-tag corner homography,0.013549,0.491495,101,102,4.751495,4.260000,30,0.050000,0.600000,5.000000,raw-zero-distortion,590.9628888758,0.0000000000,1007.8592059077,0.0000000000,592.3761043005,547.7101609771,0.0000000000,0.0000000000,1.0000000000,-0.0359937509,0.0291287486,0.0062609452,0.0003552766,-0.0208418310,0.0000000000,0.0000000000,0.0000000000,0.0000000000,0.0000000000,1,0.000000,0.000000,72.936,751.307,1,0.842,73.090,751.800,65.227,791.473,8.619,780.302,79.630,716.433,134.823,723.408,-2.844011,0.619457,1.797989,3.421241,-0.001312,0.000594,1,4.260000,0.000000,1773.204,886.234,1,1.075,1772.509,886.510,1844.174,934.489,1760.700,935.424,1705.435,840.155,1784.163,843.125,1.890595,0.835683,1.461154,2.531342,4.255653,0.000878,0.0118160626,0.0108959978,-9.0567716477,0.0009122489,-0.0115410453,8.6116207372,0.0001540158,0.0042687059,1.0000000000,0.0115251996,0.0115705001,-9.5390451141,0.0009065523,-0.0114097207,8.5085477417,0.0001519167,0.0041759508,1.0000000000
547,34165253454305,79.4414,1785360934.511,2,3.4678,0.9910,3.4522,0.7985,3.4600,0.8948,175.34,-0.0065,0.0055,0.0069,-0.0050,0.0050,1.55,0.027101,1.0000,0.0035,0.5051,0.1931,0,frozen,2-tag corner homography,2,1920,1200,0.200000,101;102,1,1,,2-tag corner homography,0.011011,0.485836,101,102,4.745836,4.260000,30,0.050000,0.600000,5.000000,raw-zero-distortion,590.9628888758,0.0000000000,1007.8592059077,0.0000000000,592.3761043005,547.7101609771,0.0000000000,0.0000000000,1.0000000000,-0.0359937509,0.0291287486,0.0062609452,0.0003552766,-0.0208418310,0.0000000000,0.0000000000,0.0000000000,0.0000000000,0.0000000000,1,0.000000,0.000000,73.272,751.219,1,0.857,73.380,751.779,65.706,791.504,8.672,780.326,79.808,716.420,135.247,723.295,-2.839408,0.618583,1.795636,3.416019,-0.000624,0.000910,1,4.260000,0.000000,1772.999,886.190,1,0.948,1772.406,886.478,1843.885,934.451,1760.628,935.439,1705.586,840.294,1783.887,842.843,1.889625,0.835288,1.460601,2.530168,4.255259,0.000942,0.0113757955,0.0113956810,-9.4033131932,0.0008884595,-0.0112169004,8.3678793540,0.0001433400,0.0041086870,1.0000000000,0.0115251996,0.0115705001,-9.5390451141,0.0009065523,-0.0114097207,8.5085477417,0.0001519167,0.0041759508,1.0000000000
548,34165351174492,79.5391,1785360934.606,2,3.4681,0.9891,3.4525,0.7989,3.4603,0.8940,175.32,-0.0026,0.0028,0.0028,-0.0026,0.0026,1.73,0.030123,1.0000,0.0037,0.5051,0.1909,0,frozen,2-tag corner homography,2,1920,1200,0.200000,101;102,1,1,,2-tag corner homography,0.010920,0.469776,101,102,4.729776,4.260000,30,0.050000,0.600000,5.000000,raw-zero-distortion,590.9628888758,0.0000000000,1007.8592059077,0.0000000000,592.3761043005,547.7101609771,0.0000000000,0.0000000000,1.0000000000,-0.0359937509,0.0291287486,0.0062609452,0.0003552766,-0.0208418310,0.0000000000,0.0000000000,0.0000000000,0.0000000000,0.0000000000,1,0.000000,0.000000,73.219,751.027,1,1.251,73.676,751.493,65.682,791.402,8.668,780.186,79.675,716.442,136.470,722.455,-2.821892,0.614100,1.785124,3.395123,-0.001308,0.001428,1,4.260000,0.000000,1772.980,886.076,1,1.012,1772.378,886.453,1843.909,934.321,1760.655,935.409,1705.584,840.234,1783.748,842.976,1.891620,0.836140,1.462197,2.532860,4.255360,0.001202,0.0115097813,0.0116961288,-9.6391308957,0.0009019414,-0.0113628623,8.4730993313,0.0001331337,0.0042000249,1.0000000000,0.0115251996,0.0115705001,-9.5390451141,0.0009065523,-0.0114097207,8.5085477417,0.0001519167,0.0041759508,1.0000000000
549,34165444900187,79.6328,1785360934.705,2,3.4703,0.9897,3.4530,0.7973,3.4617,0.8935,174.84,0.0029,-0.0003,-0.0029,-0.0000,0.0000,0.36,0.006363,1.0000,0.0034,0.5051,0.1931,0,frozen,2-tag corner homography,2,1920,1200,0.200000,101;102,1,1,,2-tag corner homography,0.010791,0.481332,101,102,4.741332,4.260000,30,0.050000,0.600000,5.000000,raw-zero-distortion,590.9628888758,0.0000000000,1007.8592059077,0.0000000000,592.3761043005,547.7101609771,0.0000000000,0.0000000000,1.0000000000,-0.0359937509,0.0291287486,0.0062609452,0.0003552766,-0.0208418310,0.0000000000,0.0000000000,0.0000000000,0.0000000000,0.0000000000,1,0.000000,0.000000,73.167,751.180,1,0.956,73.406,751.670,65.643,791.400,8.590,780.303,79.674,716.403,135.590,723.029,-2.834397,0.617178,1.792517,3.409961,-0.001025,0.000995,1,4.260000,0.000000,1773.215,886.396,1,1.090,1772.480,886.599,1844.143,934.633,1760.623,935.475,1705.309,840.214,1784.289,843.230,1.890272,0.835793,1.460961,2.531025,4.255475,0.000510,0.0116703596,0.0118572425,-9.7709427994,0.0009139089,-0.0115167785,8.5900058628,0.0001447750,0.0042550926,1.0000000000,0.0115251996,0.0115705001,-9.5390451141,0.0009065523,-0.0114097207,8.5085477417,0.0001519167,0.0041759508,1.0000000000
550,34165544707882,79.7326,1785360934.800,2,3.4704,0.9894,3.4535,0.7970,3.4620,0.8932,174.96,0.0056,-0.0033,-0.0059,0.0028,-0.0028,-0.87,-0.015143,1.0000,0.0034,0.5051,0.1931,0,frozen,2-tag corner homography,2,1920,1200,0.200000,101;102,1,1,,2-tag corner homography,0.017152,0.483433,101,102,4.743433,4.260000,30,0.050000,0.600000,5.000000,raw-zero-distortion,590.9628888758,0.0000000000,1007.8592059077,0.0000000000,592.3761043005,547.7101609771,0.0000000000,0.0000000000,1.0000000000,-0.0359937509,0.0291287486,0.0062609452,0.0003552766,-0.0208418310,0.0000000000,0.0000000000,0.0000000000,0.0000000000,0.0000000000,1,0.000000,0.000000,73.081,751.076,1,1.100,73.363,751.632,65.588,791.479,8.635,780.171,79.496,716.487,135.610,722.846,-2.834346,0.617025,1.792403,3.409831,-0.001555,0.001261,1,4.260000,0.000000,1773.336,886.476,1,1.142,1772.547,886.639,1844.097,934.661,1760.705,935.415,1705.386,840.206,1784.448,843.421,1.892497,0.836800,1.462551,2.533937,4.255640,0.000347,0.0158782123,0.0149226284,-12.3829814977,0.0012157292,-0.0153647568,11.4614033797,0.0001979303,0.0061516124,1.0000000000,0.0115251996,0.0115705001,-9.5390451141,0.0009065523,-0.0114097207,8.5085477417,0.0001519167,0.0041759508,1.0000000000
551,34165640423231,79.8283,1785360934.896,2,3.4731,0.9870,3.4533,0.7961,3.4632,0.8915,174.05,0.0078,-0.0061,-0.0083,0.0052,-0.0052,-2.60,-0.045445,1.0000,0.0044,0.5051,0.1919,0,frozen,2-tag corner homography,2,1920,1200,0.200000,101;102,1,1,,2-tag corner homography,0.011224,0.486183,101,102,4.746183,4.260000,30,0.050000,0.600000,5.000000,raw-zero-distortion,590.9628888758,0.0000000000,1007.8592059077,0.0000000000,592.3761043005,547.7101609771,0.0000000000,0.0000000000,1.0000000000,-0.0359937509,0.0291287486,0.0062609452,0.0003552766,-0.0208418310,0.0000000000,0.0000000000,0.0000000000,0.0000000000,0.0000000000,1,0.000000,0.000000,73.115,751.059,1,0.883,73.144,751.723,65.456,791.482,8.582,780.214,79.677,716.424,134.802,723.189,-2.841925,0.618803,1.796774,3.418750,-0.001509,0.001316,1,4.260000,0.000000,1772.544,886.210,1,0.929,1771.952,886.452,1843.742,934.466,1760.670,935.418,1704.837,840.321,1783.016,842.809,1.887348,0.834712,1.459707,2.527760,4.254238,0.000813,0.0115899624,0.0116367156,-9.5969359750,0.0009058332,-0.0114294847,8.5258426700,0.0001467610,0.0042063602,1.0000000000,0.0115251996,0.0115705001,-9.5390451141,0.0009065523,-0.0114097207,8.5085477417,0.0001519167,0.0041759508,1.0000000000
