frame,t_s,t_unix_s,n_ref,green_x_m,green_y_m,red_x_m,red_y_m,x_m,y_m,heading_deg,vx_m_s,vy_m_s,u_m_s,v_m_s,r_deg_s,scale,ref_world_rms_m,ref_range_rms_m,color_spacing_m,motion_reset,homography_state,reference_method,calibration_debug_schema_version,frame_width_px,frame_height_px,ref_tag_size_m,visible_ref_ids,candidate_available,candidate_accepted,candidate_reject_reason,candidate_method,candidate_world_rms_m,candidate_pnp_baseline_error_m,pnp_baseline_tag_a,pnp_baseline_tag_b,pnp_baseline_measured_m,pnp_baseline_expected_m,accepted_calibration_samples,max_ref_world_error_m,max_ref_range_error_m,camera_K_00,camera_K_01,camera_K_02,camera_K_10,camera_K_11,camera_K_12,camera_K_20,camera_K_21,camera_K_22,camera_dist_0,camera_dist_1,camera_dist_2,camera_dist_3,camera_dist_4,ref_101_detected,ref_101_target_x_m,ref_101_target_y_m,ref_101_center_px_x,ref_101_center_px_y,ref_101_corner0_px_x,ref_101_corner0_px_y,ref_101_corner1_px_x,ref_101_corner1_px_y,ref_101_corner2_px_x,ref_101_corner2_px_y,ref_101_corner3_px_x,ref_101_corner3_px_y,ref_101_cam_x_m,ref_101_cam_y_m,ref_101_cam_z_m,ref_101_range_m,ref_101_map_x_m,ref_101_map_y_m,ref_102_detected,ref_102_target_x_m,ref_102_target_y_m,ref_102_center_px_x,ref_102_center_px_y,ref_102_corner0_px_x,ref_102_corner0_px_y,ref_102_corner1_px_x,ref_102_corner1_px_y,ref_102_corner2_px_x,ref_102_corner2_px_y,ref_102_corner3_px_x,ref_102_corner3_px_y,ref_102_cam_x_m,ref_102_cam_y_m,ref_102_cam_z_m,ref_102_range_m,ref_102_map_x_m,ref_102_map_y_m,candidate_H_00,candidate_H_01,candidate_H_02,candidate_H_10,candidate_H_11,candidate_H_12,candidate_H_20,candidate_H_21,candidate_H_22,active_map_H_00,active_map_H_01,active_map_H_02,active_map_H_10,active_map_H_11,active_map_H_12,active_map_H_20,active_map_H_21,active_map_H_22
0,0.2758,1785357755.251,2,,,,,,,,,,,,,,,,,0,acquiring:0/30,none,1,1920,1200,0.200000,101;102,1,0,world_rms>0.050;pnp_baseline_error>0.500,2-tag corner homography,0.369706,0.894853,101,102,3.365147,4.260000,0,0.050000,0.500000,590.9628888758,0.0000000000,1007.8592059077,0.0000000000,592.3761043005,547.7101609771,0.0000000000,0.0000000000,1.0000000000,-0.0359937509,0.0291287486,0.0062609452,0.0003552766,-0.0208418310,1,0.000000,0.000000,321.998,706.969,65.236,791.437,9.537,779.253,80.445,715.957,134.743,722.872,-2.845427,0.618456,1.799646,3.423108,,,1,4.260000,0.000000,1689.874,854.341,1842.848,934.335,1760.696,935.274,1705.811,840.641,1784.366,844.179,-1.231037,-0.538169,-0.917002,1.626644,,,0.0094396929,0.0093733750,-7.7342707582,0.0007801910,-0.0092636701,6.9044369642,0.0003932803,0.0027206536,1.0000000000,,,,,,,,,
1,0.8527,1785357755.753,2,,,,,,,,,,,,,,,,,0,acquiring:0/30,none,1,1920,1200,0.200000,101;102,1,0,world_rms>0.050;pnp_baseline_error>0.500,2-tag corner homography,0.373420,0.902165,101,102,3.357835,4.260000,0,0.050000,0.500000,590.9628888758,0.0000000000,1007.8592059077,0.0000000000,592.3761043005,547.7101609771,0.0000000000,0.0000000000,1.0000000000,-0.0359937509,0.0291287486,0.0062609452,0.0003552766,-0.0208418310,1,0.000000,0.000000,322.030,707.335,65.702,791.647,9.553,780.300,80.171,716.148,135.118,723.350,-2.836028,0.617957,1.793981,3.412227,,,1,4.260000,0.000000,1689.966,854.067,1843.534,934.415,1760.721,935.431,1705.164,840.193,1784.495,843.533,-1.236562,-0.540043,-0.921861,1.634185,,,0.0173228571,0.0171835440,-14.1909031687,0.0013638599,-0.0163015849,12.1548430201,0.0006541340,0.0060552491,1.0000000000,,,,,,,,,
2,1.0231,1785357755.919,2,,,,,,,,,,,,,,,,,0,acquiring:0/30,none,1,1920,1200,0.200000,101;102,1,0,world_rms>0.050;pnp_baseline_error>0.500,2-tag corner homography,0.378162,0.899207,101,102,3.360793,4.260000,0,0.050000,0.500000,590.9628888758,0.0000000000,1007.8592059077,0.0000000000,592.3761043005,547.7101609771,0.0000000000,0.0000000000,1.0000000000,-0.0359937509,0.0291287486,0.0062609452,0.0003552766,-0.0208418310,1,0.000000,0.000000,322.180,707.250,65.575,791.650,9.614,780.161,79.869,716.136,134.756,723.331,-2.841057,0.618819,1.796789,3.418040,,,1,4.260000,0.000000,1689.974,854.078,1843.647,934.563,1760.675,935.434,1705.538,840.212,1784.473,843.472,-1.230697,-0.537479,-0.916999,1.626157,,,0.0197282029,0.0194830787,-16.0914713296,0.0015363287,-0.0183467641,13.6787701808,0.0007759007,0.0069882355,1.0000000000,,,,,,,,,
3,1.1650,1785357756.033,2,,,,,,,,,,,,,,,,,0,acquiring:0/30,none,1,1920,1200,0.200000,101;102,1,0,world_rms>0.050;pnp_baseline_error>0.500,2-tag corner homography,0.385363,0.901857,101,102,3.358143,4.260000,0,0.050000,0.500000,590.9628888758,0.0000000000,1007.8592059077,0.0000000000,592.3761043005,547.7101609771,0.0000000000,0.0000000000,1.0000000000,-0.0359937509,0.0291287486,0.0062609452,0.0003552766,-0.0208418310,1,0.000000,0.000000,322.071,707.275,65.586,791.439,9.614,780.059,79.711,716.369,135.322,723.331,-2.847531,0.620245,1.801119,3.425955,,,1,4.260000,0.000000,1689.966,854.153,1843.397,934.412,1760.519,935.137,1706.359,840.845,1784.385,843.553,-1.196847,-0.522800,-0.890686,1.580849,,,0.0398995525,0.0398531870,-32.8837688727,0.0030183032,-0.0359519574,26.7995832842,0.0016789269,0.0150761872,1.0000000000,,,,,,,,,
4,1.2886,1785357756.137,2,,,,,,,,,,,,,,,,,0,acquiring:0/30,none,1,1920,1200,0.200000,101;102,1,0,world_rms>0.050;pnp_baseline_error>0.500,2-tag corner homography,0.378919,0.929043,101,102,3.330957,4.260000,0,0.050000,0.500000,590.9628888758,0.0000000000,1007.8592059077,0.0000000000,592.3761043005,547.7101609771,0.0000000000,0.0000000000,1.0000000000,-0.0359937509,0.0291287486,0.0062609452,0.0003552766,-0.0208418310,1,0.000000,0.000000,322.256,707.207,65.750,792.093,9.413,780.500,79.612,716.049,134.674,722.623,-2.815776,0.613197,1.780613,3.387505,,,1,4.260000,0.000000,1690.038,853.904,1843.960,934.542,1760.462,935.510,1705.448,840.058,1784.266,842.846,-1.220544,-0.532694,-0.909637,1.612740,,,0.0194352650,0.0190242065,-15.7230727738,0.0014954736,-0.0178851783,13.3344711374,0.0007635152,0.0068636947,1.0000000000,,,,,,,,,
5,1.3869,1785357756.251,2,,,,,,,,,,,,,,,,,0,acquiring:0/30,none,1,1920,1200,0.200000,101;102,1,0,world_rms>0.050;pnp_baseline_error>0.500,2-tag corner homography,0.369965,0.904850,101,102,3.355150,4.260000,0,0.050000,0.500000,590.9628888758,0.0000000000,1007.8592059077,0.0000000000,592.3761043005,547.7101609771,0.0000000000,0.0000000000,1.0000000000,-0.0359937509,0.0291287486,0.0062609452,0.0003552766,-0.0208418310,1,0.000000,0.000000,322.057,707.147,65.671,791.613,9.678,779.854,79.738,716.272,135.001,722.794,-2.839540,0.617961,1.795974,3.416194,,,1,4.260000,0.000000,1689.945,854.153,1843.513,934.569,1760.529,935.407,1705.919,840.393,1783.161,843.075,-1.215992,-0.531208,-0.905976,1.606739,,,0.0081289504,0.0080710946,-6.6618658832,0.0006669948,-0.0079461014,5.9251958337,0.0003645233,0.0021354252,1.0000000000,,,,,,,,,
6,1.5154,1785357756.392,2,,,,,,,,,,,,,,,,,0,acquiring:0/30,none,1,1920,1200,0.200000,101;102,1,0,world_rms>0.050;pnp_baseline_error>0.500,2-tag corner homography,0.381774,0.902419,101,102,3.357581,4.260000,0,0.050000,0.500000,590.9628888758,0.0000000000,1007.8592059077,0.0000000000,592.3761043005,547.7101609771,0.0000000000,0.0000000000,1.0000000000,-0.0359937509,0.0291287486,0.0062609452,0.0003552766,-0.0208418310,1,0.000000,0.000000,322.228,707.217,65.440,791.565,9.563,780.205,79.505,716.219,135.016,723.229,-2.840620,0.618628,1.796387,3.417431,,,1,4.260000,0.000000,1689.951,854.128,1843.692,934.541,1760.552,935.374,1705.734,840.374,1783.168,843.098,-1.220538,-0.533152,-0.909548,1.612836,,,0.0247465514,0.0245199644,-20.2428480990,0.0019024414,-0.0227148671,16.9343067147,0.0010022951,0.0089946808,1.0000000000,,,,,,,,,
7,1.6387,1785357756.509,2,,,,,,,,,,,,,,,,,0,acquiring:0/30,none,1,1920,1200,0.200000,101;102,1,0,world_rms>0.050;pnp_baseline_error>0.500,2-tag corner homography,0.385572,0.890589,101,102,3.369411,4.260000,0,0.050000,0.500000,590.9628888758,0.0000000000,1007.8592059077,0.0000000000,592.3761043005,547.7101609771,0.0000000000,0.0000000000,1.0000000000,-0.0359937509,0.0291287486,0.0062609452,0.0003552766,-0.0208418310,1,0.000000,0.000000,322.033,707.096,65.797,791.449,9.633,779.280,79.728,716.156,134.930,723.280,-2.859907,0.622162,1.808855,3.440655,,,1,4.260000,0.000000,1689.950,854.195,1843.366,934.337,1760.646,935.334,1706.349,841.048,1784.248,843.481,-1.190136,-0.519950,-0.885654,1.571991,,,0.0360111595,0.0356881970,-29.4567720095,0.0027409864,-0.0325738912,24.2732746616,0.0015065809,0.0135077830,1.0000000000,,,,,,,,,
8,1.7587,1785357756.607,2,,,,,,,,,,,,,,,,,0,acquiring:0/30,none,1,1920,1200,0.200000,101;102,1,0,world_rms>0.050;pnp_baseline_error>0.500,2-tag corner homography,0.380922,0.917042,101,102,3.342958,4.260000,0,0.050000,0.500000,590.9628888758,0.0000000000,1007.8592059077,0.0000000000,592.3761043005,547.7101609771,0.0000000000,0.0000000000,1.0000000000,-0.0359937509,0.0291287486,0.0062609452,0.0003552766,-0.0208418310,1,0.000000,0.000000,322.344,707.186,65.525,791.857,9.405,780.421,79.456,716.217,134.644,722.817,-2.827085,0.615643,1.787574,3.401007,,,1,4.260000,0.000000,1690.003,853.985,1843.862,934.609,1760.487,935.591,1705.411,840.163,1784.010,842.853,-1.220425,-0.532815,-0.909657,1.612701,,,0.0225590553,0.0222147202,-18.3479388659,0.0017272657,-0.0206518863,15.3973103917,0.0008968513,0.0081298852,1.0000000000,,,,,,,,,
9,1.8610,1785357756.745,2,,,,,,,,,,,,,,,,,0,acquiring:0/30,none,1,1920,1200,0.200000,101;102,1,0,world_rms>0.050;pnp_baseline_error>0.500,2-tag corner homography,0.383983,0.899090,101,102,3.360910,4.260000,0,0.050000,0.500000,590.9628888758,0.0000000000,1007.8592059077,0.0000000000,592.3761043005,547.7101609771,0.0000000000,0.0000000000,1.0000000000,-0.0359937509,0.0291287486,0.0062609452,0.0003552766,-0.0208418310,1,0.000000,0.000000,322.187,707.185,65.554,791.593,9.718,779.972,79.651,716.133,134.749,723.250,-2.845043,0.619424,1.799235,3.422748,,,1,4.260000,0.000000,1689.990,854.068,1843.520,934.498,1760.700,935.452,1706.099,840.243,1784.063,843.271,-1.217647,-0.531732,-0.906711,1.608579,,,0.0270090463,0.0266523980,-22.0101875767,0.0020622583,-0.0246012467,18.3385648436,0.0011197270,0.0098663040,1.0000000000,,,,,,,,,
10,1.9999,1785357756.853,2,,,,,,,,,,,,,,,,,0,acquiring:0/30,none,1,1920,1200,0.200000,101;102,1,0,world_rms>0.050;pnp_baseline_error>0.500,2-tag corner homography,0.384782,0.896414,101,102,3.363586,4.260000,0,0.050000,0.500000,590.9628888758,0.0000000000,1007.8592059077,0.0000000000,592.3761043005,547.7101609771,0.0000000000,0.0000000000,1.0000000000,-0.0359937509,0.0291287486,0.0062609452,0.0003552766,-0.0208418310,1,0.000000,0.000000,322.084,707.270,65.813,791.434,9.762,780.193,79.878,716.226,134.792,723.329,-2.846312,0.619971,1.800320,3.424472,,,1,4.260000,0.000000,1690.006,854.029,1843.074,933.853,1760.865,935.294,1706.001,840.400,1784.539,843.664,-1.221499,-0.533333,-0.909585,1.613644,,,0.0632124734,0.0640192152,-52.7590924720,0.0047256200,-0.0563997495,42.0391697243,0.0026216361,0.0246450037,1.0000000000,,,,,,,,,
11,2.1101,1785357756.985,2,,,,,,,,,,,,,,,,,0,acquiring:0/30,none,1,1920,1200,0.200000,101;102,1,0,world_rms>0.050;pnp_baseline_error>0.500,2-tag corner homography,0.378998,0.907224,101,102,3.352776,4.260000,0,0.050000,0.500000,590.9628888758,0.0000000000,1007.8592059077,0.0000000000,592.3761043005,547.7101609771,0.0000000000,0.0000000000,1.0000000000,-0.0359937509,0.0291287486,0.0062609452,0.0003552766,-0.0208418310,1,0.000000,0.000000,322.163,707.197,65.796,791.597,9.614,780.294,79.753,715.911,134.650,723.176,-2.834633,0.617187,1.792709,3.410259,,,1,4.260000,0.000000,1690.016,853.964,1843.189,933.962,1760.729,935.353,1705.564,840.230,1784.250,843.267,-1.226606,-0.535460,-0.914090,1.620753,,,0.0200949510,0.0197305090,-16.3026717090,0.0015574505,-0.0186128912,13.8756582557,0.0007921761,0.0071313122,1.0000000000,,,,,,,,,
12,2.2295,1785357757.075,2,,,,,,,,,,,,,,,,,0,acquiring:0/30,none,1,1920,1200,0.200000,101;102,1,0,world_rms>0.050;pnp_baseline_error>0.500,2-tag corner homography,0.242152,0.910217,101,102,3.349783,4.260000,0,0.050000,0.500000,590.9628888758,0.0000000000,1007.8592059077,0.0000000000,592.3761043005,547.7101609771,0.0000000000,0.0000000000,1.0000000000,-0.0359937509,0.0291287486,0.0062609452,0.0003552766,-0.0208418310,1,0.000000,0.000000,322.343,707.317,65.760,791.936,9.423,780.505,79.271,716.362,134.828,723.145,-2.833322,0.617542,1.791641,3.408673,,,1,4.260000,0.000000,1690.040,853.909,1843.941,934.422,1760.636,935.568,1705.549,840.085,1784.167,842.894,-1.221002,-0.532895,-0.909833,1.613263,,,-0.0008446162,-0.0022137366,1.7726475396,0.0001270021,-0.0011387097,0.8089234153,-0.0003998143,-0.0007725817,1.0000000000,,,,,,,,,
13,2.3210,1785357757.186,2,,,,,,,,,,,,,,,,,0,acquiring:0/30,none,1,1920,1200,0.200000,101;102,1,0,world_rms>0.050;pnp_baseline_error>0.500,2-tag corner homography,0.381257,0.911798,101,102,3.348202,4.260000,0,0.050000,0.500000,590.9628888758,0.0000000000,1007.8592059077,0.0000000000,592.3761043005,547.7101609771,0.0000000000,0.0000000000,1.0000000000,-0.0359937509,0.0291287486,0.0062609452,0.0003552766,-0.0208418310,1,0.000000,0.000000,322.005,707.340,65.799,791.624,9.718,780.444,80.135,716.057,135.038,723.294,-2.832677,0.617228,1.791915,3.408224,,,1,4.260000,0.000000,1689.996,854.053,1843.587,934.467,1760.675,935.483,1705.998,840.294,1784.435,843.345,-1.217411,-0.531598,-0.906524,1.608251,,,0.0248511255,0.0245707856,-20.2971223643,0.0019018237,-0.0226994801,16.9232693422,0.0010193424,0.0090101341,1.0000000000,,,,,,,,,
14,2.4306,1785357757.281,2,,,,,,,,,,,,,,,,,0,acquiring:0/30,none,1,1920,1200,0.200000,101;102,1,0,world_rms>0.050;pnp_baseline_error>0.500,2-tag corner homography,0.380476,0.913208,101,102,3.346792,4.260000,0,0.050000,0.500000,590.9628888758,0.0000000000,1007.8592059077,0.0000000000,592.3761043005,547.7101609771,0.0000000000,0.0000000000,1.0000000000,-0.0359937509,0.0291287486,0.0062609452,0.0003552766,-0.0208418310,1,0.000000,0.000000,321.886,707.247,65.897,791.662,9.676,780.050,80.492,715.854,134.937,723.146,-2.832166,0.616634,1.791739,3.407599,,,1,4.260000,0.000000,1689.981,854.107,1843.594,934.572,1760.526,935.240,1706.221,840.373,1784.615,843.644,-1.215203,-0.530731,-0.904554,1.605183,,,1.1953904947,1.2044967821,-993.1937573107,0.0843770896,-1.0053620547,749.1607289207,0.0448588934,0.4952925329,1.0000000000,,,,,,,,,
15,2.5252,1785357757.396,2,,,,,,,,,,,,,,,,,0,acquiring:0/30,none,1,1920,1200,0.200000,101;102,1,0,world_rms>0.050;pnp_baseline_error>0.500,2-tag corner homography,0.737022,0.899803,101,102,3.360197,4.260000,0,0.050000,0.500000,590.9628888758,0.0000000000,1007.8592059077,0.0000000000,592.3761043005,547.7101609771,0.0000000000,0.0000000000,1.0000000000,-0.0359937509,0.0291287486,0.0062609452,0.0003552766,-0.0208418310,1,0.000000,0.000000,322.155,707.206,65.510,791.433,9.628,780.119,80.129,716.146,134.559,723.312,-2.844723,0.619416,1.799114,3.422416,,,1,4.260000,0.000000,1689.969,854.121,1843.266,934.348,1760.505,935.098,1706.044,840.531,1784.446,843.644,-1.215840,-0.531052,-0.905343,1.606216,,,-0.0001670305,0.0029640691,-0.6644686355,0.0000720750,0.0002813997,-0.3814192986,-0.0007536100,0.0008479939,1.0000000000,,,,,,,,,
16,2.6413,1785357757.495,2,,,,,,,,,,,,,,,,,0,acquiring:0/30,none,1,1920,1200,0.200000,101;102,1,0,world_rms>0.050;pnp_baseline_error>0.500,2-tag corner homography,0.380243,0.911539,101,102,3.348461,4.260000,0,0.050000,0.500000,590.9628888758,0.0000000000,1007.8592059077,0.0000000000,592.3761043005,547.7101609771,0.0000000000,0.0000000000,1.0000000000,-0.0359937509,0.0291287486,0.0062609452,0.0003552766,-0.0208418310,1,0.000000,0.000000,322.332,707.133,65.902,791.862,9.545,780.195,78.889,716.226,134.678,722.699,-2.832941,0.616690,1.791251,3.407996,,,1,4.260000,0.000000,1690.003,853.998,1843.867,934.265,1760.474,935.555,1705.487,840.318,1784.201,843.180,-1.218619,-0.532044,-0.908113,1.610209,,,0.0206430041,0.0201810784,-16.6771658717,0.0015934674,-0.0190320364,14.1882124620,0.0008086316,0.0073642836,1.0000000000,,,,,,,,,
17,2.7406,1785357757.586,2,,,,,,,,,,,,,,,,,0,acquiring:0/30,none,1,1920,1200,0.200000,101;102,1,0,world_rms>0.050;pnp_baseline_error>0.500,2-tag corner homography,0.378877,0.914434,101,102,3.345566,4.260000,0,0.050000,0.500000,590.9628888758,0.0000000000,1007.8592059077,0.0000000000,592.3761043005,547.7101609771,0.0000000000,0.0000000000,1.0000000000,-0.0359937509,0.0291287486,0.0062609452,0.0003552766,-0.0208418310,1,0.000000,0.000000,322.283,707.145,65.548,791.802,9.343,780.142,79.430,715.846,134.873,723.171,-2.831525,0.616392,1.790462,3.406351,,,1,4.260000,0.000000,1690.048,853.893,1844.040,934.302,1760.532,935.547,1705.605,840.214,1784.008,842.810,-1.213738,-0.529689,-0.904361,1.603621,,,0.0193537725,0.0189910908,-15.6893273038,0.0014991845,-0.0179181516,13.3579697460,0.0007574280,0.0068392064,1.0000000000,,,,,,,,,
18,2.8313,1785357757.682,2,,,,,,,,,,,,,,,,,0,acquiring:0/30,none,1,1920,1200,0.200000,101;102,1,0,world_rms>0.050;pnp_baseline_error>0.500,2-tag corner homography,0.381142,0.902426,101,102,3.357574,4.260000,0,0.050000,0.500000,590.9628888758,0.0000000000,1007.8592059077,0.0000000000,592.3761043005,547.7101609771,0.0000000000,0.0000000000,1.0000000000,-0.0359937509,0.0291287486,0.0062609452,0.0003552766,-0.0208418310,1,0.000000,0.000000,321.864,707.158,65.745,791.639,9.608,779.557,80.277,716.054,135.234,722.966,-2.840156,0.617986,1.796752,3.417120,,,1,4.260000,0.000000,1689.938,854.179,1843.257,934.392,1760.572,935.371,1706.060,840.284,1783.312,843.398,-1.221915,-0.533844,-0.910255,1.614506,,,0.0375026865,0.0379463274,-31.2713031455,0.0028524687,-0.0339641264,25.3081944256,0.0015348959,0.0142052674,1.0000000000,,,,,,,,,
19,2.9268,1785357757.786,2,,,,,,,,,,,,,,,,,0,acquiring:0/30,none,1,1920,1200,0.200000,101;102,1,0,world_rms>0.050;pnp_baseline_error>0.500,2-tag corner homography,0.349578,0.902122,101,102,3.357878,4.260000,0,0.050000,0.500000,590.9628888758,0.0000000000,1007.8592059077,0.0000000000,592.3761043005,547.7101609771,0.0000000000,0.0000000000,1.0000000000,-0.0359937509,0.0291287486,0.0062609452,0.0003552766,-0.0208418310,1,0.000000,0.000000,321.936,707.221,65.556,791.472,9.732,780.004,80.158,716.125,135.249,723.085,-2.838159,0.617872,1.795406,3.414732,,,1,4.260000,0.000000,1689.959,854.115,1843.358,934.490,1760.594,935.237,1705.591,840.321,1784.410,843.571,-1.230249,-0.537361,-0.916680,1.625598,,,0.0033389290,-0.0004809901,0.1222925733,-0.0001603370,0.0018696028,-1.3911766550,-0.0001161434,0.0006122217,1.0000000000,,,,,,,,,
20,3.0421,1785357757.893,2,,,,,,,,,,,,,,,,,0,acquiring:0/30,none,1,1920,1200,0.200000,101;102,1,0,world_rms>0.050;pnp_baseline_error>0.500,2-tag corner homography,0.377645,0.894508,101,102,3.365492,4.260000,0,0.050000,0.500000,590.9628888758,0.0000000000,1007.8592059077,0.0000000000,592.3761043005,547.7101609771,0.0000000000,0.0000000000,1.0000000000,-0.0359937509,0.0291287486,0.0062609452,0.0003552766,-0.0208418310,1,0.000000,0.000000,322.257,707.254,65.799,791.620,9.603,780.263,79.493,716.398,134.627,723.158,-2.844199,0.619583,1.798629,3.421757,,,1,4.260000,0.000000,1689.967,854.072,1843.626,934.513,1760.640,935.449,1705.279,840.162,1784.407,843.464,-1.234854,-0.539300,-0.920476,1.631866,,,0.0193182147,0.0190641101,-15.7460066951,0.0015069568,-0.0180126181,13.4307040406,0.0007485717,0.0068408891,1.0000000000,,,,,,,,,
21,3.1493,1785357757.996,2,,,,,,,,,,,,,,,,,0,acquiring:0/30,none,1,1920,1200,0.200000,101;102,1,0,world_rms>0.050;pnp_baseline_error>0.500,2-tag corner homography,0.363947,0.908253,101,102,3.351747,4.260000,0,0.050000,0.500000,590.9628888758,0.0000000000,1007.8592059077,0.0000000000,592.3761043005,547.7101609771,0.0000000000,0.0000000000,1.0000000000,-0.0359937509,0.0291287486,0.0062609452,0.0003552766,-0.0208418310,1,0.000000,0.000000,322.453,707.233,65.658,791.874,9.404,780.355,78.898,716.477,134.719,723.021,-2.838491,0.618411,1.794617,3.414691,,,1,4.260000,0.000000,1690.031,853.947,1844.220,934.521,1760.551,935.593,1705.656,840.354,1784.112,842.851,-1.209534,-0.527957,-0.901037,1.597992,,,1.7553429810,2.0325484667,-1656.1370247608,0.1320730280,-1.5755977153,1174.2784476977,0.0608485733,0.7479741422,1.0000000000,,,,,,,,,
22,3.2534,1785357758.099,2,,,,,,,,,,,,,,,,,0,acquiring:0/30,none,1,1920,1200,0.200000,101;102,1,0,world_rms>0.050;pnp_baseline_error>0.500,2-tag corner homography,0.370860,0.900320,101,102,3.359680,4.260000,0,0.050000,0.500000,590.9628888758,0.0000000000,1007.8592059077,0.0000000000,592.3761043005,547.7101609771,0.0000000000,0.0000000000,1.0000000000,-0.0359937509,0.0291287486,0.0062609452,0.0003552766,-0.0208418310,1,0.000000,0.000000,322.271,707.221,65.497,791.591,9.751,780.173,79.346,716.505,134.793,723.042,-2.845076,0.619650,1.799125,3.422758,,,1,4.260000,0.000000,1690.002,854.049,1843.458,934.413,1760.628,935.359,1706.073,840.410,1784.883,843.495,-1.213740,-0.529976,-0.903569,1.603270,,,0.0067789692,0.0066713350,-5.5109547016,0.0005564540,-0.0066367807,4.9512298055,0.0003266799,0.0015486442,1.0000000000,,,,,,,,,
23,3.3461,1785357758.193,2,,,,,,,,,,,,,,,,,0,acquiring:0/30,none,1,1920,1200,0.200000,101;102,1,0,world_rms>0.050;pnp_baseline_error>0.500,2-tag corner homography,3.542915,0.891256,101,102,3.368744,4.260000,0,0.050000,0.500000,590.9628888758,0.0000000000,1007.8592059077,0.0000000000,592.3761043005,547.7101609771,0.0000000000,0.0000000000,1.0000000000,-0.0359937509,0.0291287486,0.0062609452,0.0003552766,-0.0208418310,1,0.000000,0.000000,322.075,707.179,65.427,791.603,9.723,779.542,79.991,716.121,134.939,723.428,-2.852618,0.620959,1.804240,3.431954,,,1,4.260000,0.000000,1689.998,854.048,1843.369,934.380,1760.532,935.278,1706.079,840.301,1784.299,843.351,-1.216149,-0.531037,-0.905614,1.606597,,,0.0011917956,-0.0085482101,6.0503198217,-0.0000611285,0.0005275451,-0.3745066107,0.0002071629,-0.0014025803,1.0000000000,,,,,,,,,
24,3.4352,1785357758.285,2,,,,,,,,,,,,,,,,,0,acquiring:0/30,none,1,1920,1200,0.200000,101;102,1,0,world_rms>0.050;pnp_baseline_error>0.500,2-tag corner homography,0.398816,0.901199,101,102,3.358801,4.260000,0,0.050000,0.500000,590.9628888758,0.0000000000,1007.8592059077,0.0000000000,592.3761043005,547.7101609771,0.0000000000,0.0000000000,1.0000000000,-0.0359937509,0.0291287486,0.0062609452,0.0003552766,-0.0208418310,1,0.000000,0.000000,321.890,707.272,65.762,791.478,9.739,779.850,80.265,716.114,135.222,723.383,-2.846428,0.619847,1.800775,3.424785,,,1,4.260000,0.000000,1689.940,854.213,1843.185,934.401,1760.785,935.292,1706.536,840.626,1783.566,843.525,-1.202736,-0.525498,-0.895149,1.588714,,,-0.0085600104,-0.0102256145,8.3120425487,-0.0004842678,0.0057610829,-4.2898939580,-0.0004084998,-0.0045575097,1.0000000000,,,,,,,,,
25,3.5268,1785357758.370,2,,,,,,,,,,,,,,,,,0,acquiring:0/30,none,1,1920,1200,0.200000,101;102,1,0,world_rms>0.050;pnp_baseline_error>0.500,2-tag corner homography,0.172369,0.911166,101,102,3.348834,4.260000,0,0.050000,0.500000,590.9628888758,0.0000000000,1007.8592059077,0.0000000000,592.3761043005,547.7101609771,0.0000000000,0.0000000000,1.0000000000,-0.0359937509,0.0291287486,0.0062609452,0.0003552766,-0.0208418310,1,0.000000,0.000000,322.229,707.258,65.463,791.674,9.549,780.379,79.825,716.198,134.779,723.188,-2.834779,0.617524,1.792730,3.410453,,,1,4.260000,0.000000,1690.007,854.022,1843.495,934.364,1760.781,935.464,1706.030,840.349,1783.942,843.070,-1.212930,-0.529582,-0.903275,1.602362,,,0.1804741428,0.4464585919,-348.3816212019,-0.0145086211,0.1742879385,-129.8826487382,-0.0163568541,0.1305567678,1.0000000000,,,,,,,,,
26,3.6134,1785357758.453,2,,,,,,,,,,,,,,,,,0,acquiring:0/30,none,1,1920,1200,0.200000,101;102,1,0,world_rms>0.050;pnp_baseline_error>0.500,2-tag corner homography,0.381843,0.913990,101,102,3.346010,4.260000,0,0.050000,0.500000,590.9628888758,0.0000000000,1007.8592059077,0.0000000000,592.3761043005,547.7101609771,0.0000000000,0.0000000000,1.0000000000,-0.0359937509,0.0291287486,0.0062609452,0.0003552766,-0.0208418310,1,0.000000,0.000000,322.103,707.099,65.924,791.775,9.588,779.884,79.742,715.983,134.611,722.732,-2.833240,0.616431,1.791854,3.408515,,,1,4.260000,0.000000,1690.024,853.961,1844.005,934.407,1760.469,935.561,1705.649,840.409,1784.129,842.883,-1.208211,-0.527411,-0.900114,1.596290,,,0.0245399563,0.0240684075,-19.8851265220,0.0018743761,-0.0223579663,16.6630877971,0.0009889449,0.0089131694,1.0000000000,,,,,,,,,
27,3.6965,1785357758.541,2,,,,,,,,,,,,,,,,,0,acquiring:0/30,none,1,1920,1200,0.200000,101;102,1,0,world_rms>0.050;pnp_baseline_error>0.500,2-tag corner homography,0.380693,0.900137,101,102,3.359863,4.260000,0,0.050000,0.500000,590.9628888758,0.0000000000,1007.8592059077,0.0000000000,592.3761043005,547.7101609771,0.0000000000,0.0000000000,1.0000000000,-0.0359937509,0.0291287486,0.0062609452,0.0003552766,-0.0208418310,1,0.000000,0.000000,322.292,707.261,65.891,791.593,9.573,780.412,79.407,716.337,134.539,723.200,-2.842731,0.619323,1.797640,3.419970,,,1,4.260000,0.000000,1689.976,854.075,1843.507,934.479,1760.686,935.434,1705.601,840.407,1784.224,843.245,-1.221193,-0.533322,-0.909887,1.613580,,,0.0214253209,0.0210906042,-17.4232217967,0.0016560943,-0.0197849133,14.7522136627,0.0008568653,0.0076545751,1.0000000000,,,,,,,,,
28,3.7842,1785357758.629,2,,,,,,,,,,,,,,,,,0,acquiring:0/30,none,1,1920,1200,0.200000,101;102,1,0,world_rms>0.050;pnp_baseline_error>0.500,2-tag corner homography,0.378866,0.905931,101,102,3.354069,4.260000,0,0.050000,0.500000,590.9628888758,0.0000000000,1007.8592059077,0.0000000000,592.3761043005,547.7101609771,0.0000000000,0.0000000000,1.0000000000,-0.0359937509,0.0291287486,0.0062609452,0.0003552766,-0.0208418310,1,0.000000,0.000000,322.115,707.226,65.707,791.547,9.662,780.302,79.696,716.139,134.956,723.061,-2.835494,0.617457,1.793374,3.411374,,,1,4.260000,0.000000,1689.985,854.058,1843.612,934.581,1760.598,935.324,1705.662,840.207,1784.461,843.420,-1.228062,-0.536280,-0.914914,1.622591,,,0.0209122878,0.0206643863,-17.0660484979,0.0016204728,-0.0193439243,14.4206740375,0.0008308875,0.0074586855,1.0000000000,,,,,,,,,
29,3.8707,1785357758.718,2,,,,,,,,,,,,,,,,,0,acquiring:0/30,none,1,1920,1200,0.200000,101;102,1,0,world_rms>0.050;pnp_baseline_error>0.500,2-tag corner homography,0.380205,0.899803,101,102,3.360197,4.260000,0,0.050000,0.500000,590.9628888758,0.0000000000,1007.8592059077,0.0000000000,592.3761043005,547.7101609771,0.0000000000,0.0000000000,1.0000000000,-0.0359937509,0.0291287486,0.0062609452,0.0003552766,-0.0208418310,1,0.000000,0.000000,321.971,707.232,65.577,791.368,9.697,780.027,80.208,716.079,135.101,723.318,-2.843327,0.619072,1.798617,3.420932,,,1,4.260000,0.000000,1689.979,854.083,1843.376,934.304,1760.537,935.225,1705.862,840.431,1784.337,843.509,-1.219638,-0.532645,-0.908431,1.611358,,,0.0250285757,0.0249170885,-20.5662127925,0.0019303175,-0.0230201703,17.1588858663,0.0010156820,0.0091110015,1.0000000000,,,,,,,,,
30,3.9597,1785357758.804,2,,,,,,,,,,,,,,,,,0,acquiring:0/30,none,1,1920,1200,0.200000,101;102,1,0,world_rms>0.050;pnp_baseline_error>0.500,2-tag corner homography,0.369579,0.896403,101,102,3.363597,4.260000,0,0.050000,0.500000,590.9628888758,0.0000000000,1007.8592059077,0.0000000000,592.3761043005,547.7101609771,0.0000000000,0.0000000000,1.0000000000,-0.0359937509,0.0291287486,0.0062609452,0.0003552766,-0.0208418310,1,0.000000,0.000000,322.264,707.253,65.522,791.593,9.602,780.232,79.655,716.305,134.694,723.322,-2.844499,0.619649,1.798803,3.422109,,,1,4.260000,0.000000,1689.977,854.070,1843.356,934.448,1760.705,935.403,1705.608,840.259,1784.402,843.378,-1.227966,-0.536268,-0.914952,1.622536,,,0.0088449852,0.0087150752,-7.1992507896,0.0007265646,-0.0086776048,6.4724824552,0.0003676747,0.0024770878,1.0000000000,,,,,,,,,
31,4.0453,1785357758.886,2,,,,,,,,,,,,,,,,,0,acquiring:0/30,none,1,1920,1200,0.200000,101;102,1,0,world_rms>0.050;pnp_baseline_error>0.500,2-tag corner homography,0.381611,0.916630,101,102,3.343370,4.260000,0,0.050000,0.500000,590.9628888758,0.0000000000,1007.8592059077,0.0000000000,592.3761043005,547.7101609771,0.0000000000,0.0000000000,1.0000000000,-0.0359937509,0.0291287486,0.0062609452,0.0003552766,-0.0208418310,1,0.000000,0.000000,322.252,707.293,65.870,791.996,9.505,780.393,79.586,715.976,134.684,723.273,-2.830110,0.616670,1.789765,3.404859,,,1,4.260000,0.000000,1690.006,853.999,1843.805,934.522,1760.339,935.503,1705.678,840.365,1783.969,842.838,-1.209581,-0.528093,-0.901244,1.598189,,,0.0229107848,0.0223904398,-18.5104920549,0.0017499587,-0.0209193568,15.5980373559,0.0009164565,0.0082560560,1.0000000000,,,,,,,,,
32,4.1280,1785357758.968,2,,,,,,,,,,,,,,,,,0,acquiring:0/30,none,1,1920,1200,0.200000,101;102,1,0,world_rms>0.050;pnp_baseline_error>0.500,2-tag corner homography,0.378774,0.921144,101,102,3.338856,4.260000,0,0.050000,0.500000,590.9628888758,0.0000000000,1007.8592059077,0.0000000000,592.3761043005,547.7101609771,0.0000000000,0.0000000000,1.0000000000,-0.0359937509,0.0291287486,0.0062609452,0.0003552766,-0.0208418310,1,0.000000,0.000000,322.302,707.250,65.593,791.981,9.540,780.529,79.379,716.139,134.826,722.902,-2.823379,0.615066,1.785372,3.396664,,,1,4.260000,0.000000,1690.035,853.914,1843.888,934.460,1760.632,935.552,1705.468,840.136,1784.093,842.808,-1.219734,-0.532360,-0.909010,1.611663,,,0.0190062848,0.0186372389,-15.4016172117,0.0014681654,-0.0175662992,13.0982803846,0.0007468200,0.0066883177,1.0000000000,,,,,,,,,
33,4.2126,1785357759.056,2,,,,,,,,,,,,,,,,,0,acquiring:0/30,none,1,1920,1200,0.200000,101;102,1,0,world_rms>0.050;pnp_baseline_error>0.500,2-tag corner homography,0.381156,0.911221,101,102,3.348779,4.260000,0,0.050000,0.500000,590.9628888758,0.0000000000,1007.8592059077,0.0000000000,592.3761043005,547.7101609771,0.0000000000,0.0000000000,1.0000000000,-0.0359937509,0.0291287486,0.0062609452,0.0003552766,-0.0208418310,1,0.000000,0.000000,322.129,707.228,65.602,791.617,9.674,780.443,80.066,716.026,134.652,723.013,-2.828913,0.616041,1.789187,3.403446,,,1,4.260000,0.000000,1689.922,854.183,1843.522,934.595,1760.608,935.393,1705.533,840.276,1783.349,843.332,-1.232522,-0.538515,-0.918738,1.628861,,,0.0236053463,0.0232970410,-19.2424262416,0.0018134900,-0.0216449834,16.1357381554,0.0009556002,0.0085241499,1.0000000000,,,,,,,,,
34,4.2984,1785357759.146,2,,,,,,,,,,,,,,,,,0,acquiring:0/30,none,1,1920,1200,0.200000,101;102,1,0,world_rms>0.050;pnp_baseline_error>0.500,2-tag corner homography,0.384483,0.893635,101,102,3.366365,4.260000,0,0.050000,0.500000,590.9628888758,0.0000000000,1007.8592059077,0.0000000000,592.3761043005,547.7101609771,0.0000000000,0.0000000000,1.0000000000,-0.0359937509,0.0291287486,0.0062609452,0.0003552766,-0.0208418310,1,0.000000,0.000000,322.075,707.263,65.826,791.517,9.818,779.994,79.804,716.304,134.821,723.303,-2.849914,0.620719,1.802608,3.428804,,,1,4.260000,0.000000,1689.953,854.163,1842.938,934.339,1760.637,935.259,1706.094,840.501,1784.451,843.632,-1.217230,-0.531745,-0.906373,1.608077,,,0.0324011038,0.0320628449,-26.4777942562,0.0024622443,-0.0293564832,21.8834751458,0.0013465599,0.0120534587,1.0000000000,,,,,,,,,
35,4.3886,1785357759.233,2,,,,,,,,,,,,,,,,,0,acquiring:0/30,none,1,1920,1200,0.200000,101;102,1,0,world_rms>0.050;pnp_baseline_error>0.500,2-tag corner homography,0.382449,0.908599,101,102,3.351401,4.260000,0,0.050000,0.500000,590.9628888758,0.0000000000,1007.8592059077,0.0000000000,592.3761043005,547.7101609771,0.0000000000,0.0000000000,1.0000000000,-0.0359937509,0.0291287486,0.0062609452,0.0003552766,-0.0208418310,1,0.000000,0.000000,321.971,707.249,65.671,791.510,9.753,780.149,80.230,715.844,135.001,723.372,-2.836856,0.617731,1.794540,3.413168,,,1,4.260000,0.000000,1690.000,854.051,1843.225,934.139,1760.655,935.220,1706.139,840.462,1784.556,843.565,-1.213772,-0.529998,-0.903646,1.603345,,,0.0275887136,0.0272716947,-22.5244871267,0.0021075671,-0.0251282876,18.7300912109,0.0011373720,0.0101156654,1.0000000000,,,,,,,,,
36,4.4755,1785357759.321,2,,,,,,,,,,,,,,,,,0,acquiring:0/30,none,1,1920,1200,0.200000,101;102,1,0,world_rms>0.050;pnp_baseline_error>0.500,2-tag corner homography,0.379121,0.898679,101,102,3.361321,4.260000,0,0.050000,0.500000,590.9628888758,0.0000000000,1007.8592059077,0.0000000000,592.3761043005,547.7101609771,0.0000000000,0.0000000000,1.0000000000,-0.0359937509,0.0291287486,0.0062609452,0.0003552766,-0.0208418310,1,0.000000,0.000000,322.146,707.251,65.659,791.609,9.726,780.127,79.600,716.245,134.961,723.233,-2.843039,0.619229,1.798109,3.420455,,,1,4.260000,0.000000,1689.979,854.071,1843.384,934.330,1760.572,935.396,1705.649,840.314,1784.518,843.478,-1.224973,-0.534959,-0.912645,1.618536,,,0.0213853911,0.0211355022,-17.4552473297,0.0016580489,-0.0197973511,14.7596176833,0.0008475918,0.0076567649,1.0000000000,,,,,,,,,
37,4.5683,1785357759.411,2,,,,,,,,,,,,,,,,,0,acquiring:0/30,none,1,1920,1200,0.200000,101;102,1,0,world_rms>0.050;pnp_baseline_error>0.500,2-tag corner homography,1.725845,0.909869,101,102,3.350131,4.260000,0,0.050000,0.500000,590.9628888758,0.0000000000,1007.8592059077,0.0000000000,592.3761043005,547.7101609771,0.0000000000,0.0000000000,1.0000000000,-0.0359937509,0.0291287486,0.0062609452,0.0003552766,-0.0208418310,1,0.000000,0.000000,322.227,707.208,65.934,792.003,9.631,780.033,79.025,716.360,134.971,722.763,-2.835331,0.617438,1.793037,3.411058,,,1,4.260000,0.000000,1690.032,853.935,1844.088,934.307,1760.606,935.544,1705.624,840.284,1783.880,842.916,-1.214840,-0.530257,-0.905144,1.605084,,,0.0005396240,-0.0080776389,5.7405452238,0.0000380307,-0.0004765833,0.3437599275,-0.0001424431,-0.0009384859,1.0000000000,,,,,,,,,
38,4.6563,1785357759.502,2,,,,,,,,,,,,,,,,,0,acquiring:0/30,none,1,1920,1200,0.200000,101;102,1,0,world_rms>0.050;pnp_baseline_error>0.500,2-tag corner homography,0.381607,0.900536,101,102,3.359464,4.260000,0,0.050000,0.500000,590.9628888758,0.0000000000,1007.8592059077,0.0000000000,592.3761043005,547.7101609771,0.0000000000,0.0000000000,1.0000000000,-0.0359937509,0.0291287486,0.0062609452,0.0003552766,-0.0208418310,1,0.000000,0.000000,322.148,707.358,65.790,791.628,9.680,780.379,79.550,716.388,135.108,723.367,-2.842792,0.619620,1.798048,3.420289,,,1,4.260000,0.000000,1689.977,854.107,1843.472,934.479,1760.632,935.388,1706.082,840.316,1784.581,843.609,-1.219938,-0.532809,-0.908287,1.611558,,,0.0246612692,0.0244138942,-20.1637807309,0.0018951402,-0.0226240987,16.8695039931,0.0010065882,0.0089445142,1.0000000000,,,,,,,,,
39,4.7440,1785357759.591,2,,,,,,,,,,,,,,,,,0,acquiring:0/30,none,1,1920,1200,0.200000,101;102,1,0,world_rms>0.050;pnp_baseline_error>0.500,2-tag corner homography,0.382786,0.908786,101,102,3.351214,4.260000,0,0.050000,0.500000,590.9628888758,0.0000000000,1007.8592059077,0.0000000000,592.3761043005,547.7101609771,0.0000000000,0.0000000000,1.0000000000,-0.0359937509,0.0291287486,0.0062609452,0.0003552766,-0.0208418310,1,0.000000,0.000000,322.167,707.285,65.499,791.589,9.420,780.387,80.108,716.112,134.868,723.373,-2.835721,0.617792,1.793472,3.411674,,,1,4.260000,0.000000,1690.000,854.039,1843.389,934.322,1760.611,935.350,1706.052,840.270,1784.195,843.321,-1.217555,-0.531636,-0.906711,1.608478,,,0.0270501414,0.0268622236,-22.1761926734,0.0020647079,-0.0246586869,18.3844380790,0.0011174628,0.0098958677,1.0000000000,,,,,,,,,
40,4.8330,1785357759.677,2,,,,,,,,,,,,,,,,,0,acquiring:0/30,none,1,1920,1200,0.200000,101;102,1,0,world_rms>0.050;pnp_baseline_error>0.500,2-tag corner homography,0.380299,0.898652,101,102,3.361348,4.260000,0,0.050000,0.500000,590.9628888758,0.0000000000,1007.8592059077,0.0000000000,592.3761043005,547.7101609771,0.0000000000,0.0000000000,1.0000000000,-0.0359937509,0.0291287486,0.0062609452,0.0003552766,-0.0208418310,1,0.000000,0.000000,322.028,707.231,65.440,791.417,9.756,780.063,80.272,716.025,134.904,723.390,-2.842871,0.619014,1.798216,3.420332,,,1,4.260000,0.000000,1689.974,854.095,1843.410,934.447,1760.930,935.267,1705.772,840.424,1784.311,843.501,-1.225963,-0.535432,-0.913153,1.619729,,,0.0244503558,0.0242896632,-20.0516240656,0.0018870860,-0.0225072093,16.7772708998,0.0009884630,0.0088803882,1.0000000000,,,,,,,,,
41,4.9186,1785357759.762,2,,,,,,,,,,,,,,,,,0,acquiring:0/30,none,1,1920,1200,0.200000,101;102,1,0,world_rms>0.050;pnp_baseline_error>0.500,2-tag corner homography,0.384439,0.909231,101,102,3.350769,4.260000,0,0.050000,0.500000,590.9628888758,0.0000000000,1007.8592059077,0.0000000000,592.3761043005,547.7101609771,0.0000000000,0.0000000000,1.0000000000,-0.0359937509,0.0291287486,0.0062609452,0.0003552766,-0.0208418310,1,0.000000,0.000000,322.185,707.202,65.590,791.705,9.629,780.166,79.828,716.103,134.668,723.083,-2.835898,0.617501,1.793472,3.411769,,,1,4.260000,0.000000,1690.000,854.050,1843.388,934.365,1760.728,935.414,1706.114,840.302,1784.374,843.365,-1.216448,-0.531165,-0.905713,1.606922,,,0.0285436976,0.0281697129,-23.2640940510,0.0021685802,-0.0258712053,19.2854672569,0.0011877020,0.0104818599,1.0000000000,,,,,,,,,
42,5.0032,1785357759.843,2,,,,,,,,,,,,,,,,,0,acquiring:0/30,none,1,1920,1200,0.200000,101;102,1,0,world_rms>0.050;pnp_baseline_error>0.500,2-tag corner homography,0.369095,0.903562,101,102,3.356438,4.260000,0,0.050000,0.500000,590.9628888758,0.0000000000,1007.8592059077,0.0000000000,592.3761043005,547.7101609771,0.0000000000,0.0000000000,1.0000000000,-0.0359937509,0.0291287486,0.0062609452,0.0003552766,-0.0208418310,1,0.000000,0.000000,322.369,707.187,65.981,791.791,9.419,780.253,78.902,716.579,134.634,722.707,-2.839343,0.618337,1.795277,3.415733,,,1,4.260000,0.000000,1690.020,853.942,1843.727,934.372,1760.592,935.495,1705.428,840.155,1783.963,842.882,-1.222171,-0.533487,-0.910962,1.614980,,,0.0081727326,0.0079930483,-6.6058333100,0.0006709011,-0.0080222260,5.9838135022,0.0003407658,0.0021997035,1.0000000000,,,,,,,,,
43,5.0866,1785357759.930,2,,,,,,,,,,,,,,,,,0,acquiring:0/30,none,1,1920,1200,0.200000,101;102,1,0,world_rms>0.050;pnp_baseline_error>0.500,2-tag corner homography,0.382594,0.909836,101,102,3.350164,4.260000,0,0.050000,0.500000,590.9628888758,0.0000000000,1007.8592059077,0.0000000000,592.3761043005,547.7101609771,0.0000000000,0.0000000000,1.0000000000,-0.0359937509,0.0291287486,0.0062609452,0.0003552766,-0.0208418310,1,0.000000,0.000000,322.202,707.313,65.744,791.754,9.550,780.467,79.796,716.165,134.761,723.268,-2.834043,0.617569,1.792368,3.409659,,,1,4.260000,0.000000,1689.975,854.089,1843.452,934.507,1760.602,935.277,1705.781,840.435,1784.238,843.333,-1.219331,-0.532527,-0.908296,1.611011,,,0.0270117493,0.0266265828,-21.9972075425,0.0020579524,-0.0245812190,18.3277995485,0.0010948453,0.0099134479,1.0000000000,,,,,,,,,
44,5.1725,1785357760.016,2,,,,,,,,,,,,,,,,,0,acquiring:0/30,none,1,1920,1200,0.200000,101;102,1,0,world_rms>0.050;pnp_baseline_error>0.500,2-tag corner homography,0.373338,0.893045,101,102,3.366955,4.260000,0,0.050000,0.500000,590.9628888758,0.0000000000,1007.8592059077,0.0000000000,592.3761043005,547.7101609771,0.0000000000,0.0000000000,1.0000000000,-0.0359937509,0.0291287486,0.0062609452,0.0003552766,-0.0208418310,1,0.000000,0.000000,322.081,707.279,65.772,791.533,9.762,780.183,79.912,716.140,134.834,723.367,-2.843663,0.619429,1.798659,3.421299,,,1,4.260000,0.000000,1689.954,854.071,1843.500,934.458,1760.607,935.321,1704.967,840.146,1784.284,843.492,-1.239758,-0.541465,-0.924611,1.638625,,,0.0163482569,0.0161363993,-13.3301620296,0.0012931427,-0.0154595795,11.5265608912,0.0006129793,0.0056570995,1.0000000000,,,,,,,,,
45,5.2597,1785357760.104,2,,,,,,,,,,,,,,,,,0,acquiring:0/30,none,1,1920,1200,0.200000,101;102,1,0,world_rms>0.050;pnp_baseline_error>0.500,2-tag corner homography,0.367939,0.882541,101,102,3.377459,4.260000,0,0.050000,0.500000,590.9628888758,0.0000000000,1007.8592059077,0.0000000000,592.3761043005,547.7101609771,0.0000000000,0.0000000000,1.0000000000,-0.0359937509,0.0291287486,0.0062609452,0.0003552766,-0.0208418310,1,0.000000,0.000000,322.100,707.075,65.492,791.390,9.612,779.386,79.806,716.133,134.858,723.299,-2.857752,0.621663,1.807339,3.437977,,,1,4.260000,0.000000,1689.937,854.169,1842.935,934.286,1760.788,935.409,1705.581,840.502,1784.428,843.593,-1.227235,-0.536158,-0.914442,1.621658,,,0.0055771493,0.0055952870,-4.6130466667,0.0004531701,-0.0053942971,4.0235843166,0.0002991123,0.0010191503,1.0000000000,,,,,,,,,
46,5.3460,1785357760.193,2,,,,,,,,,,,,,,,,,0,acquiring:0/30,none,1,1920,1200,0.200000,101;102,1,0,world_rms>0.050;pnp_baseline_error>0.500,2-tag corner homography,0.371931,0.903494,101,102,3.356506,4.260000,0,0.050000,0.500000,590.9628888758,0.0000000000,1007.8592059077,0.0000000000,592.3761043005,547.7101609771,0.0000000000,0.0000000000,1.0000000000,-0.0359937509,0.0291287486,0.0062609452,0.0003552766,-0.0208418310,1,0.000000,0.000000,322.233,707.230,65.495,791.573,9.680,780.279,79.620,716.307,134.764,723.132,-2.840455,0.618649,1.796286,3.417244,,,1,4.260000,0.000000,1690.003,854.030,1843.576,934.535,1760.629,935.408,1705.984,840.200,1784.211,843.203,-1.219087,-0.532288,-0.907903,1.610525,,,0.0057436564,0.0057145797,-4.7160447058,0.0004602267,-0.0054922827,4.0982209877,0.0003167626,0.0010636515,1.0000000000,,,,,,,,,
47,5.4342,1785357760.274,2,,,,,,,,,,,,,,,,,0,acquiring:0/30,none,1,1920,1200,0.200000,101;102,1,0,world_rms>0.050;pnp_baseline_error>0.500,2-tag corner homography,0.381037,0.912718,101,102,3.347282,4.260000,0,0.050000,0.500000,590.9628888758,0.0000000000,1007.8592059077,0.0000000000,592.3761043005,547.7101609771,0.0000000000,0.0000000000,1.0000000000,-0.0359937509,0.0291287486,0.0062609452,0.0003552766,-0.0208418310,1,0.000000,0.000000,322.066,707.207,66.377,791.637,9.519,780.233,79.276,716.197,135.027,722.780,-2.834561,0.617137,1.792864,3.410272,,,1,4.260000,0.000000,1690.026,853.963,1844.161,934.544,1760.485,935.507,1705.763,840.400,1783.946,842.824,-1.206994,-0.526879,-0.899078,1.594609,,,0.0247326878,0.0243089507,-20.0847946919,0.0018899921,-0.0225580158,16.8147355083,0.0009910314,0.0090045522,1.0000000000,,,,,,,,,
48,5.5160,1785357760.357,2,,,,,,,,,,,,,,,,,0,acquiring:0/30,none,1,1920,1200,0.200000,101;102,1,0,world_rms>0.050;pnp_baseline_error>0.500,2-tag corner homography,0.380124,0.903985,101,102,3.356015,4.260000,0,0.050000,0.500000,590.9628888758,0.0000000000,1007.8592059077,0.0000000000,592.3761043005,547.7101609771,0.0000000000,0.0000000000,1.0000000000,-0.0359937509,0.0291287486,0.0062609452,0.0003552766,-0.0208418310,1,0.000000,0.000000,322.256,707.102,65.677,791.796,9.726,779.904,79.163,716.267,134.685,722.706,-2.838584,0.617729,1.794937,3.414813,,,1,4.260000,0.000000,1690.039,853.894,1844.027,934.429,1760.448,935.510,1705.472,839.964,1783.869,842.820,-1.223893,-0.534140,-0.912240,1.617220,,,0.0209210568,0.0205498340,-16.9744333189,0.0016133589,-0.0192864556,14.3765085161,0.0008285507,0.0074639725,1.0000000000,,,,,,,,,
49,5.5997,1785357760.447,2,,,,,,,,,,,,,,,,,0,acquiring:0/30,none,1,1920,1200,0.200000,101;102,1,0,world_rms>0.050;pnp_baseline_error>0.500,2-tag corner homography,0.383460,0.909033,101,102,3.350967,4.260000,0,0.050000,0.500000,590.9628888758,0.0000000000,1007.8592059077,0.0000000000,592.3761043005,547.7101609771,0.0000000000,0.0000000000,1.0000000000,-0.0359937509,0.0291287486,0.0062609452,0.0003552766,-0.0208418310,1,0.000000,0.000000,321.948,707.337,65.809,791.604,9.772,780.332,80.522,716.009,134.827,723.341,-2.834659,0.617600,1.793278,3.410655,,,1,4.260000,0.000000,1689.960,854.118,1843.477,934.453,1760.670,935.400,1705.934,840.352,1783.183,843.088,-1.217971,-0.532000,-0.907411,1.609308,,,0.0299684684,0.0296511107,-24.4928610407,0.0022742221,-0.0271466480,20.2370408621,0.0012530170,0.0110459958,1.0000000000,,,,,,,,,
50,5.6900,1785357760.536,2,,,,,,,,,,,,,,,,,0,acquiring:0/30,none,1,1920,1200,0.200000,101;102,1,0,world_rms>0.050;pnp_baseline_error>0.500,2-tag corner homography,0.378703,0.899178,101,102,3.360822,4.260000,0,0.050000,0.500000,590.9628888758,0.0000000000,1007.8592059077,0.0000000000,592.3761043005,547.7101609771,0.0000000000,0.0000000000,1.0000000000,-0.0359937509,0.0291287486,0.0062609452,0.0003552766,-0.0208418310,1,0.000000,0.000000,321.886,707.338,65.907,791.526,9.855,780.164,80.247,716.132,135.152,723.336,-2.840870,0.618908,1.797329,3.418183,,,1,4.260000,0.000000,1689.939,854.166,1843.512,934.508,1760.486,935.035,1705.663,840.444,1783.990,843.684,-1.229193,-0.537006,-0.915878,1.624230,,,0.0236957091,0.0234839460,-19.3967592677,0.0018336170,-0.0218752364,16.3073096071,0.0009441303,0.0085945673,1.0000000000,,,,,,,,,
51,5.7782,1785357760.624,2,,,,,,,,,,,,,,,,,0,acquiring:0/30,none,1,1920,1200,0.200000,101;102,1,0,world_rms>0.050;pnp_baseline_error>0.500,2-tag corner homography,0.383437,0.893173,101,102,3.366827,4.260000,0,0.050000,0.500000,590.9628888758,0.0000000000,1007.8592059077,0.0000000000,592.3761043005,547.7101609771,0.0000000000,0.0000000000,1.0000000000,-0.0359937509,0.0291287486,0.0062609452,0.0003552766,-0.0208418310,1,0.000000,0.000000,322.038,707.212,65.435,791.383,9.755,779.815,80.157,716.206,134.934,723.399,-2.851444,0.620810,1.803602,3.430615,,,1,4.260000,0.000000,1689.973,854.113,1843.151,934.270,1760.573,935.212,1706.102,840.523,1784.292,843.516,-1.213153,-0.529861,-0.903331,1.602654,,,0.0304460464,0.0303443459,-25.0406239702,0.0023281798,-0.0277516605,20.6852480386,0.0012689767,0.0112604355,1.0000000000,,,,,,,,,
52,5.8661,1785357760.710,2,,,,,,,,,,,,,,,,,0,acquiring:0/30,none,1,1920,1200,0.200000,101;102,1,0,world_rms>0.050;pnp_baseline_error>0.500,2-tag corner homography,0.382205,0.893696,101,102,3.366304,4.260000,0,0.050000,0.500000,590.9628888758,0.0000000000,1007.8592059077,0.0000000000,592.3761043005,547.7101609771,0.0000000000,0.0000000000,1.0000000000,-0.0359937509,0.0291287486,0.0062609452,0.0003552766,-0.0208418310,1,0.000000,0.000000,322.118,707.258,65.724,791.580,9.816,779.961,79.687,716.274,134.860,723.359,-2.849940,0.620740,1.802535,3.428791,,,1,4.260000,0.000000,1689.987,854.066,1843.509,934.497,1760.663,935.400,1705.897,840.377,1784.207,843.237,-1.216760,-0.531349,-0.906232,1.607512,,,0.0258050218,0.0254963933,-21.0574891830,0.0019788816,-0.0236182382,17.6072722830,0.0010531055,0.0094096446,1.0000000000,,,,,,,,,
53,5.9513,1785357760.792,2,,,,,,,,,,,,,,,,,0,acquiring:0/30,none,1,1920,1200,0.200000,101;102,1,0,world_rms>0.050;pnp_baseline_error>0.500,2-tag corner homography,0.378155,0.918084,101,102,3.341916,4.260000,0,0.050000,0.500000,590.9628888758,0.0000000000,1007.8592059077,0.0000000000,592.3761043005,547.7101609771,0.0000000000,0.0000000000,1.0000000000,-0.0359937509,0.0291287486,0.0062609452,0.0003552766,-0.0208418310,1,0.000000,0.000000,322.315,707.289,65.653,791.800,9.613,780.766,79.152,716.406,134.928,722.806,-2.825493,0.615698,1.786719,3.399244,,,1,4.260000,0.000000,1690.000,853.989,1843.860,934.560,1760.551,935.534,1705.330,840.223,1784.108,842.958,-1.221753,-0.533405,-0.910683,1.614480,,,0.0187683601,0.0184841342,-15.2704270862,0.0014547232,-0.0174044261,12.9786722611,0.0007360893,0.0065953472,1.0000000000,,,,,,,,,
54,6.0340,1785357760.879,2,,,,,,,,,,,,,,,,,0,acquiring:0/30,none,1,1920,1200,0.200000,101;102,1,0,world_rms>0.050;pnp_baseline_error>0.500,2-tag corner homography,0.387001,0.914433,101,102,3.345567,4.260000,0,0.050000,0.500000,590.9628888758,0.0000000000,1007.8592059077,0.0000000000,592.3761043005,547.7101609771,0.0000000000,0.0000000000,1.0000000000,-0.0359937509,0.0291287486,0.0062609452,0.0003552766,-0.0208418310,1,0.000000,0.000000,322.141,707.270,65.821,791.669,9.601,780.411,79.794,716.155,134.801,723.090,-2.833147,0.617150,1.791881,3.408583,,,1,4.260000,0.000000,1689.999,854.037,1843.321,934.092,1760.497,935.314,1706.174,840.411,1783.276,843.024,-1.206200,-0.526678,-0.898382,1.593549,,,0.0374420058,0.0369479447,-30.5185828591,0.0028064992,-0.0335170876,24.9860742417,0.0015893438,0.0140316839,1.0000000000,,,,,,,,,
55,6.1209,1785357760.966,2,,,,,,,,,,,,,,,,,0,acquiring:0/30,none,1,1920,1200,0.200000,101;102,1,0,world_rms>0.050;pnp_baseline_error>0.500,2-tag corner homography,0.370522,0.902659,101,102,3.357341,4.260000,0,0.050000,0.500000,590.9628888758,0.0000000000,1007.8592059077,0.0000000000,592.3761043005,547.7101609771,0.0000000000,0.0000000000,1.0000000000,-0.0359937509,0.0291287486,0.0062609452,0.0003552766,-0.0208418310,1,0.000000,0.000000,321.998,707.301,66.024,791.626,9.682,780.170,79.646,716.254,135.274,723.139,-2.839594,0.618567,1.796269,3.416505,,,1,4.260000,0.000000,1689.937,854.190,1843.385,934.477,1760.495,935.278,1705.946,840.409,1784.107,843.691,-1.223194,-0.534419,-0.911057,1.616116,,,0.0102403423,0.0100938784,-8.3399995972,0.0008357142,-0.0099613842,7.4282751073,0.0004192045,0.0030569194,1.0000000000,,,,,,,,,
56,6.2150,1785357761.088,2,,,,,,,,,,,,,,,,,0,acquiring:0/30,none,1,1920,1200,0.200000,101;102,1,0,world_rms>0.050;pnp_baseline_error>0.500,2-tag corner homography,0.387434,0.901517,101,102,3.358483,4.260000,0,0.050000,0.500000,590.9628888758,0.0000000000,1007.8592059077,0.0000000000,592.3761043005,547.7101609771,0.0000000000,0.0000000000,1.0000000000,-0.0359937509,0.0291287486,0.0062609452,0.0003552766,-0.0208418310,1,0.000000,0.000000,322.075,707.173,65.793,791.399,9.681,779.892,79.867,716.084,134.750,723.288,-2.849030,0.620151,1.801964,3.427629,,,1,4.260000,0.000000,1689.942,854.213,1843.333,934.440,1760.642,935.236,1706.337,841.047,1784.350,843.559,-1.192692,-0.521104,-0.887549,1.575375,,,0.0420728028,0.0416431994,-34.3812006376,0.0031705033,-0.0377030005,28.0992966167,0.0017889367,0.0159079491,1.0000000000,,,,,,,,,
57,6.3359,1785357761.200,2,,,,,,,,,,,,,,,,,0,acquiring:0/30,none,1,1920,1200,0.200000,101;102,1,0,world_rms>0.050;pnp_baseline_error>0.500,2-tag corner homography,0.377518,0.904740,101,102,3.355260,4.260000,0,0.050000,0.500000,590.9628888758,0.0000000000,1007.8592059077,0.0000000000,592.3761043005,547.7101609771,0.0000000000,0.0000000000,1.0000000000,-0.0359937509,0.0291287486,0.0062609452,0.0003552766,-0.0208418310,1,0.000000,0.000000,322.142,707.211,65.475,791.591,9.551,780.168,79.709,716.144,135.115,723.128,-2.836400,0.617612,1.793880,3.412421,,,1,4.260000,0.000000,1689.978,854.062,1843.458,934.435,1760.576,935.326,1705.553,840.251,1784.396,843.425,-1.228559,-0.536515,-0.915475,1.623360,,,0.0200541959,0.0198813238,-16.4137189864,0.0015614459,-0.0186437932,13.8989015716,0.0007847059,0.0071332410,1.0000000000,,,,,,,,,
58,6.4420,1785357761.286,2,,,,,,,,,,,,,,,,,0,acquiring:0/30,none,1,1920,1200,0.200000,101;102,1,0,world_rms>0.050;pnp_baseline_error>0.500,2-tag corner homography,0.377851,0.914635,101,102,3.345365,4.260000,0,0.050000,0.500000,590.9628888758,0.0000000000,1007.8592059077,0.0000000000,592.3761043005,547.7101609771,0.0000000000,0.0000000000,1.0000000000,-0.0359937509,0.0291287486,0.0062609452,0.0003552766,-0.0208418310,1,0.000000,0.000000,322.089,707.281,65.901,791.968,9.509,780.105,79.539,715.980,135.281,723.217,-2.831729,0.616845,1.791096,3.406936,,,1,4.260000,0.000000,1690.011,853.991,1844.208,934.593,1760.490,935.596,1705.660,840.369,1783.918,842.864,-1.210224,-0.528353,-0.901618,1.598973,,,0.0199062419,0.0195297139,-16.1410680979,0.0015405313,-0.0183985229,13.7168974365,0.0007760978,0.0070703988,1.0000000000,,,,,,,,,
59,6.5286,1785357761.375,2,,,,,,,,,,,,,,,,,0,acquiring:0/30,none,1,1920,1200,0.200000,101;102,1,0,world_rms>0.050;pnp_baseline_error>0.500,2-tag corner homography,0.387493,0.907501,101,102,3.352499,4.260000,0,0.050000,0.500000,590.9628888758,0.0000000000,1007.8592059077,0.0000000000,592.3761043005,547.7101609771,0.0000000000,0.0000000000,1.0000000000,-0.0359937509,0.0291287486,0.0062609452,0.0003552766,-0.0208418310,1,0.000000,0.000000,322.112,707.238,65.613,791.574,9.702,780.204,79.738,716.325,134.990,723.001,-2.838386,0.618132,1.795221,3.414870,,,1,4.260000,0.000000,1689.999,854.045,1843.492,934.502,1760.653,935.387,1706.040,840.385,1784.199,843.149,-1.211963,-0.529203,-0.902486,1.601059,,,0.0464198940,0.0458741924,-37.8849270231,0.0034549332,-0.0412332634,30.7357128908,0.0019617679,0.0176851937,1.0000000000,,,,,,,,,
60,6.6179,1785357761.463,2,,,,,,,,,,,,,,,,,0,acquiring:0/30,none,1,1920,1200,0.200000,101;102,1,0,world_rms>0.050;pnp_baseline_error>0.500,2-tag corner homography,0.379804,0.895820,101,102,3.364180,4.260000,0,0.050000,0.500000,590.9628888758,0.0000000000,1007.8592059077,0.0000000000,592.3761043005,547.7101609771,0.0000000000,0.0000000000,1.0000000000,-0.0359937509,0.0291287486,0.0062609452,0.0003552766,-0.0208418310,1,0.000000,0.000000,321.888,707.246,65.456,791.378,9.820,779.806,80.455,716.092,135.206,723.417,-2.847412,0.619950,1.801378,3.425939,,,1,4.260000,0.000000,1689.994,854.056,1843.089,934.035,1760.528,935.113,1705.889,840.527,1784.994,843.766,-1.218339,-0.532011,-0.907278,1.609515,,,0.0267343026,0.0267036512,-22.0360760440,0.0020612273,-0.0245748456,18.3167530257,0.0010816939,0.0098181059,1.0000000000,,,,,,,,,
61,6.7072,1785357761.555,2,,,,,,,,,,,,,,,,,0,acquiring:0/30,none,1,1920,1200,0.200000,101;102,1,0,world_rms>0.050;pnp_baseline_error>0.500,2-tag corner homography,0.380647,0.899576,101,102,3.360424,4.260000,0,0.050000,0.500000,590.9628888758,0.0000000000,1007.8592059077,0.0000000000,592.3761043005,547.7101609771,0.0000000000,0.0000000000,1.0000000000,-0.0359937509,0.0291287486,0.0062609452,0.0003552766,-0.0208418310,1,0.000000,0.000000,322.037,707.249,65.465,791.449,9.686,780.084,80.163,716.065,135.043,723.407,-2.842556,0.619026,1.798016,3.419967,,,1,4.260000,0.000000,1689.975,854.116,1843.217,934.201,1760.717,935.098,1706.023,840.470,1785.082,844.060,-1.225032,-0.535047,-0.911999,1.618246,,,0.0253652955,0.0252219176,-20.8199062743,0.0019582980,-0.0233422430,17.4001171767,0.0010271827,0.0092532981,1.0000000000,,,,,,,,,
62,6.7966,1785357761.640,2,,,,,,,,,,,,,,,,,0,acquiring:0/30,none,1,1920,1200,0.200000,101;102,1,0,world_rms>0.050;pnp_baseline_error>0.500,2-tag corner homography,0.383549,0.909816,101,102,3.350184,4.260000,0,0.050000,0.500000,590.9628888758,0.0000000000,1007.8592059077,0.0000000000,592.3761043005,547.7101609771,0.0000000000,0.0000000000,1.0000000000,-0.0359937509,0.0291287486,0.0062609452,0.0003552766,-0.0208418310,1,0.000000,0.000000,322.192,707.239,65.591,791.550,9.635,780.409,79.771,716.077,134.753,723.222,-2.835742,0.617625,1.793394,3.411620,,,1,4.260000,0.000000,1689.976,854.099,1843.443,934.521,1760.560,935.386,1706.005,840.419,1784.272,843.319,-1.213982,-0.530200,-0.904036,1.603791,,,0.0264274347,0.0260961319,-21.5522527784,0.0020164217,-0.0240568124,17.9344465523,0.0010946141,0.0096312726,1.0000000000,,,,,,,,,
63,6.9018,1785357761.754,2,,,,,,,,,,,,,,,,,0,acquiring:0/30,none,1,1920,1200,0.200000,101;102,1,0,world_rms>0.050;pnp_baseline_error>0.500,2-tag corner homography,0.379616,0.916469,101,102,3.343531,4.260000,0,0.050000,0.500000,590.9628888758,0.0000000000,1007.8592059077,0.0000000000,592.3761043005,547.7101609771,0.0000000000,0.0000000000,1.0000000000,-0.0359937509,0.0291287486,0.0062609452,0.0003552766,-0.0208418310,1,0.000000,0.000000,322.104,707.199,65.989,791.945,9.664,780.130,79.487,716.077,134.912,722.738,-2.827818,0.615664,1.788516,3.402115,,,1,4.260000,0.000000,1690.011,853.988,1843.759,934.262,1760.643,935.589,1705.580,840.287,1784.282,843.166,-1.219452,-0.532379,-0.908585,1.611217,,,0.0218374147,0.0213744044,-17.6665070492,0.0016783806,-0.0200387066,14.9374555601,0.0008596055,0.0078467216,1.0000000000,,,,,,,,,
64,7.0095,1785357761.860,2,,,,,,,,,,,,,,,,,0,acquiring:0/30,none,1,1920,1200,0.200000,101;102,1,0,world_rms>0.050;pnp_baseline_error>0.500,2-tag corner homography,0.381397,0.894778,101,102,3.365222,4.260000,0,0.050000,0.500000,590.9628888758,0.0000000000,1007.8592059077,0.0000000000,592.3761043005,547.7101609771,0.0000000000,0.0000000000,1.0000000000,-0.0359937509,0.0291287486,0.0062609452,0.0003552766,-0.0208418310,1,0.000000,0.000000,322.195,707.311,65.527,791.652,9.679,780.089,79.537,716.328,135.100,723.530,-2.848731,0.620756,1.801669,3.427334,,,1,4.260000,0.000000,1689.991,854.062,1843.471,934.366,1760.655,935.432,1706.017,840.302,1784.232,843.358,-1.217892,-0.531829,-0.906953,1.608933,,,0.0239280499,0.0236976743,-19.5688503010,0.0018436275,-0.0220195414,16.4182417170,0.0009717882,0.0086558456,1.0000000000,,,,,,,,,
65,7.1092,1785357761.954,2,,,,,,,,,,,,,,,,,0,acquiring:0/30,none,1,1920,1200,0.200000,101;102,1,0,world_rms>0.050;pnp_baseline_error>0.500,2-tag corner homography,0.382562,0.900000,101,102,3.360000,4.260000,0,0.050000,0.500000,590.9628888758,0.0000000000,1007.8592059077,0.0000000000,592.3761043005,547.7101609771,0.0000000000,0.0000000000,1.0000000000,-0.0359937509,0.0291287486,0.0062609452,0.0003552766,-0.0208418310,1,0.000000,0.000000,322.055,707.190,65.589,791.505,10.039,779.990,79.394,716.443,135.172,722.799,-2.842922,0.618878,1.798156,3.420319,,,1,4.260000,0.000000,1689.999,854.039,1843.577,934.494,1760.574,935.318,1705.936,840.223,1784.458,843.402,-1.221779,-0.533482,-0.909899,1.614083,,,0.0278777663,0.0276500147,-22.8262223999,0.0021293732,-0.0253998237,18.9321437286,0.0011470685,0.0102412601,1.0000000000,,,,,,,,,
66,7.1973,1785357762.059,2,,,,,,,,,,,,,,,,,0,acquiring:0/30,none,1,1920,1200,0.200000,101;102,1,0,world_rms>0.050;pnp_baseline_error>0.500,2-tag corner homography,0.371120,0.909013,101,102,3.350987,4.260000,0,0.050000,0.500000,590.9628888758,0.0000000000,1007.8592059077,0.0000000000,592.3761043005,547.7101609771,0.0000000000,0.0000000000,1.0000000000,-0.0359937509,0.0291287486,0.0062609452,0.0003552766,-0.0208418310,1,0.000000,0.000000,322.154,707.221,65.759,791.617,9.576,780.209,79.905,716.063,134.639,723.197,-2.838044,0.618023,1.794908,3.414402,,,1,4.260000,0.000000,1689.989,854.074,1843.389,934.452,1760.560,935.345,1706.219,840.397,1783.898,843.160,-1.208133,-0.527586,-0.899546,1.595968,,,0.0070139987,0.0069357060,-5.7272543228,0.0005731665,-0.0068333925,5.0972117280,0.0003401915,0.0016375719,1.0000000000,,,,,,,,,
67,7.3086,1785357762.158,2,,,,,,,,,,,,,,,,,0,acquiring:0/30,none,1,1920,1200,0.200000,101;102,1,0,world_rms>0.050;pnp_baseline_error>0.500,2-tag corner homography,0.383846,0.898790,101,102,3.361210,4.260000,0,0.050000,0.500000,590.9628888758,0.0000000000,1007.8592059077,0.0000000000,592.3761043005,547.7101609771,0.0000000000,0.0000000000,1.0000000000,-0.0359937509,0.0291287486,0.0062609452,0.0003552766,-0.0208418310,1,0.000000,0.000000,322.027,707.250,65.697,791.571,9.950,779.942,80.014,716.118,134.797,723.329,-2.846432,0.619867,1.800489,3.424642,,,1,4.260000,0.000000,1689.996,854.061,1843.608,934.557,1760.601,935.286,1706.110,840.405,1784.346,843.325,-1.212299,-0.529376,-0.902579,1.601423,,,0.0289109955,0.0285565258,-23.5864005265,0.0022025543,-0.0262635291,19.5770323905,0.0012061050,0.0106245702,1.0000000000,,,,,,,,,
68,7.4105,1785357762.265,2,,,,,,,,,,,,,,,,,0,acquiring:0/30,none,1,1920,1200,0.200000,101;102,1,0,world_rms>0.050;pnp_baseline_error>0.500,2-tag corner homography,0.383341,0.905418,101,102,3.354582,4.260000,0,0.050000,0.500000,590.9628888758,0.0000000000,1007.8592059077,0.0000000000,592.3761043005,547.7101609771,0.0000000000,0.0000000000,1.0000000000,-0.0359937509,0.0291287486,0.0062609452,0.0003552766,-0.0208418310,1,0.000000,0.000000,322.151,707.197,65.630,791.517,9.560,780.158,79.876,716.035,134.758,723.251,-2.839905,0.618327,1.796068,3.416614,,,1,4.260000,0.000000,1690.005,854.044,1843.330,934.172,1760.595,935.274,1706.160,840.383,1784.714,843.621,-1.214998,-0.530514,-0.904499,1.604924,,,0.0268502672,0.0265464579,-21.9201625198,0.0020537156,-0.0244924498,18.2573235761,0.0011094555,0.0098116961,1.0000000000,,,,,,,,,
69,7.5131,1785357762.357,2,,,,,,,,,,,,,,,,,0,acquiring:0/30,none,1,1920,1200,0.200000,101;102,1,0,world_rms>0.050;pnp_baseline_error>0.500,2-tag corner homography,0.374453,0.900438,101,102,3.359562,4.260000,0,0.050000,0.500000,590.9628888758,0.0000000000,1007.8592059077,0.0000000000,592.3761043005,547.7101609771,0.0000000000,0.0000000000,1.0000000000,-0.0359937509,0.0291287486,0.0062609452,0.0003552766,-0.0208418310,1,0.000000,0.000000,322.097,707.264,65.688,791.563,9.544,780.214,79.800,716.231,135.101,723.198,-2.839179,0.618401,1.795775,3.415870,,,1,4.260000,0.000000,1689.954,854.088,1843.528,934.513,1760.541,935.317,1705.142,840.319,1784.236,843.379,-1.231148,-0.537728,-0.917942,1.627112,,,0.0178517704,0.0177052169,-14.6189800072,0.0014034848,-0.0167684703,12.5019766501,0.0006770275,0.0062686161,1.0000000000,,,,,,,,,
70,7.6004,1785357762.445,2,,,,,,,,,,,,,,,,,0,acquiring:0/30,none,1,1920,1200,0.200000,101;102,1,0,world_rms>0.050;pnp_baseline_error>0.500,2-tag corner homography,0.381129,0.905793,101,102,3.354207,4.260000,0,0.050000,0.500000,590.9628888758,0.0000000000,1007.8592059077,0.0000000000,592.3761043005,547.7101609771,0.0000000000,0.0000000000,1.0000000000,-0.0359937509,0.0291287486,0.0062609452,0.0003552766,-0.0208418310,1,0.000000,0.000000,322.022,707.259,66.257,791.577,9.634,780.255,79.905,715.867,134.718,723.302,-2.837654,0.617988,1.794954,3.414096,,,1,4.260000,0.000000,1689.988,854.075,1843.632,934.532,1760.729,935.421,1705.994,840.293,1784.484,843.473,-1.220800,-0.533122,-0.909012,1.612723,,,0.0232573161,0.0227893819,-18.8371688626,0.0017871397,-0.0213117887,15.8866450293,0.0009401498,0.0083817118,1.0000000000,,,,,,,,,
71,7.6890,1785357762.546,2,,,,,,,,,,,,,,,,,0,acquiring:0/30,none,1,1920,1200,0.200000,101;102,1,0,world_rms>0.050;pnp_baseline_error>0.500,2-tag corner homography,0.380911,0.910024,101,102,3.349976,4.260000,0,0.050000,0.500000,590.9628888758,0.0000000000,1007.8592059077,0.0000000000,592.3761043005,547.7101609771,0.0000000000,0.0000000000,1.0000000000,-0.0359937509,0.0291287486,0.0062609452,0.0003552766,-0.0208418310,1,0.000000,0.000000,321.909,707.226,65.683,791.545,9.764,780.034,80.194,715.848,135.205,723.219,-2.834783,0.617134,1.793328,3.410700,,,1,4.260000,0.000000,1689.995,854.053,1843.331,934.375,1760.538,935.270,1706.040,840.342,1784.349,843.356,-1.215917,-0.530948,-0.905471,1.606312,,,0.0255465779,0.0252720278,-20.8713770825,0.0019573997,-0.0233364908,17.3933268464,0.0010425128,0.0093056692,1.0000000000,,,,,,,,,
72,7.8013,1785357762.651,2,,,,,,,,,,,,,,,,,0,acquiring:0/30,none,1,1920,1200,0.200000,101;102,1,0,world_rms>0.050;pnp_baseline_error>0.500,2-tag corner homography,0.402136,0.900499,101,102,3.359501,4.260000,0,0.050000,0.500000,590.9628888758,0.0000000000,1007.8592059077,0.0000000000,592.3761043005,547.7101609771,0.0000000000,0.0000000000,1.0000000000,-0.0359937509,0.0291287486,0.0062609452,0.0003552766,-0.0208418310,1,0.000000,0.000000,321.985,707.097,65.567,791.621,9.628,779.452,79.879,716.014,135.192,723.038,-2.844310,0.618735,1.799084,3.421934,,,1,4.260000,0.000000,1690.007,854.033,1843.522,934.386,1760.527,935.235,1706.140,840.297,1784.439,843.439,-1.215533,-0.530729,-0.904999,1.605682,,,1.4870640642,1.3471005791,-1121.2922589334,0.1023761810,-1.2224760376,911.0075641902,0.0646829521,0.5929799114,1.0000000000,,,,,,,,,
73,7.8996,1785357762.748,2,,,,,,,,,,,,,,,,,0,acquiring:0/30,none,1,1920,1200,0.200000,101;102,1,0,world_rms>0.050;pnp_baseline_error>0.500,2-tag corner homography,0.384860,0.907590,101,102,3.352410,4.260000,0,0.050000,0.500000,590.9628888758,0.0000000000,1007.8592059077,0.0000000000,592.3761043005,547.7101609771,0.0000000000,0.0000000000,1.0000000000,-0.0359937509,0.0291287486,0.0062609452,0.0003552766,-0.0208418310,1,0.000000,0.000000,322.156,707.214,65.697,791.553,9.677,780.291,79.815,716.099,134.669,723.115,-2.837010,0.617770,1.794243,3.413147,,,1,4.260000,0.000000,1689.981,854.089,1843.354,934.429,1760.687,935.369,1706.045,840.357,1784.183,843.362,-1.217357,-0.531652,-0.906536,1.608235,,,0.0303597706,0.0299640378,-24.7469285283,0.0023014408,-0.0274534193,20.4646643676,0.0012662032,0.0112128046,1.0000000000,,,,,,,,,
74,7.9962,1785357762.846,2,,,,,,,,,,,,,,,,,0,acquiring:0/30,none,1,1920,1200,0.200000,101;102,1,0,world_rms>0.050;pnp_baseline_error>0.500,2-tag corner homography,0.383427,0.886230,101,102,3.373770,4.260000,0,0.050000,0.500000,590.9628888758,0.0000000000,1007.8592059077,0.0000000000,592.3761043005,547.7101609771,0.0000000000,0.0000000000,1.0000000000,-0.0359937509,0.0291287486,0.0062609452,0.0003552766,-0.0208418310,1,0.000000,0.000000,322.067,707.098,65.997,791.558,9.652,779.367,79.662,716.204,134.676,723.113,-2.857020,0.621572,1.806963,3.437155,,,1,4.260000,0.000000,1689.981,854.090,1843.407,934.485,1760.750,935.414,1706.038,840.345,1784.208,843.342,-1.217898,-0.531888,-0.906914,1.608936,,,0.0300778180,0.0297217528,-24.5387699920,0.0022962453,-0.0273547423,20.3856282044,0.0012286668,0.0111530736,1.0000000000,,,,,,,,,
75,8.0934,1785357762.956,2,,,,,,,,,,,,,,,,,0,acquiring:0/30,none,1,1920,1200,0.200000,101;102,1,0,world_rms>0.050;pnp_baseline_error>0.500,2-tag corner homography,0.383580,0.901336,101,102,3.358664,4.260000,0,0.050000,0.500000,590.9628888758,0.0000000000,1007.8592059077,0.0000000000,592.3761043005,547.7101609771,0.0000000000,0.0000000000,1.0000000000,-0.0359937509,0.0291287486,0.0062609452,0.0003552766,-0.0208418310,1,0.000000,0.000000,322.237,707.221,65.483,791.601,9.624,780.219,79.712,716.180,134.710,723.250,-2.840744,0.618680,1.796453,3.417578,,,1,4.260000,0.000000,1689.965,854.116,1843.379,934.530,1760.696,935.419,1705.835,840.291,1784.394,843.485,-1.225427,-0.535243,-0.912761,1.619039,,,0.0278584180,0.0274792895,-22.6953664778,0.0021230711,-0.0253395111,18.8908580354,0.0011383129,0.0102429747,1.0000000000,,,,,,,,,
76,8.2120,1785357763.069,2,,,,,,,,,,,,,,,,,0,acquiring:0/30,none,1,1920,1200,0.200000,101;102,1,0,world_rms>0.050;pnp_baseline_error>0.500,2-tag corner homography,0.382577,0.897956,101,102,3.362044,4.260000,0,0.050000,0.500000,590.9628888758,0.0000000000,1007.8592059077,0.0000000000,592.3761043005,547.7101609771,0.0000000000,0.0000000000,1.0000000000,-0.0359937509,0.0291287486,0.0062609452,0.0003552766,-0.0208418310,1,0.000000,0.000000,322.282,707.262,65.638,791.564,9.602,780.315,79.436,716.286,134.751,723.360,-2.844808,0.619769,1.798973,3.422477,,,1,4.260000,0.000000,1689.973,854.107,1843.454,934.589,1760.827,935.372,1705.945,840.340,1784.208,843.387,-1.222259,-0.533832,-0.910247,1.614758,,,0.0245264537,0.0242179531,-20.0009106077,0.0018842391,-0.0224952947,16.7724909530,0.0009997782,0.0088904781,1.0000000000,,,,,,,,,
77,8.3217,1785357763.174,2,,,,,,,,,,,,,,,,,0,acquiring:0/30,none,1,1920,1200,0.200000,101;102,1,0,world_rms>0.050;pnp_baseline_error>0.500,2-tag corner homography,0.382742,0.893625,101,102,3.366375,4.260000,0,0.050000,0.500000,590.9628888758,0.0000000000,1007.8592059077,0.0000000000,592.3761043005,547.7101609771,0.0000000000,0.0000000000,1.0000000000,-0.0359937509,0.0291287486,0.0062609452,0.0003552766,-0.0208418310,1,0.000000,0.000000,322.109,707.140,65.533,791.553,9.663,779.580,79.596,716.128,135.071,723.296,-2.851563,0.620591,1.803470,3.430605,,,1,4.260000,0.000000,1690.015,854.013,1843.639,934.442,1760.681,935.373,1706.118,840.322,1784.246,843.210,-1.212463,-0.529348,-0.902721,1.601618,,,0.0280047736,0.0277471695,-22.9044880384,0.0021429728,-0.0255517569,19.0444142773,0.0011441645,0.0103104475,1.0000000000,,,,,,,,,
78,8.4193,1785357763.268,2,,,,,,,,,,,,,,,,,0,acquiring:0/30,none,1,1920,1200,0.200000,101;102,1,0,world_rms>0.050;pnp_baseline_error>0.500,2-tag corner homography,0.382637,0.895016,101,102,3.364984,4.260000,0,0.050000,0.500000,590.9628888758,0.0000000000,1007.8592059077,0.0000000000,592.3761043005,547.7101609771,0.0000000000,0.0000000000,1.0000000000,-0.0359937509,0.0291287486,0.0062609452,0.0003552766,-0.0208418310,1,0.000000,0.000000,322.029,707.238,65.755,791.557,9.847,779.857,79.870,716.241,134.930,723.248,-2.848616,0.620293,1.801855,3.427252,,,1,4.260000,0.000000,1689.987,854.076,1843.257,934.323,1760.683,935.323,1706.044,840.386,1784.431,843.462,-1.217424,-0.531651,-0.906531,1.608283,,,0.0277112764,0.0274217308,-22.6447451924,0.0021202997,-0.0252863583,18.8485487245,0.0011400600,0.0101710628,1.0000000000,,,,,,,,,
79,8.5198,1785357763.371,2,,,,,,,,,,,,,,,,,0,acquiring:0/30,none,1,1920,1200,0.200000,101;102,1,0,world_rms>0.050;pnp_baseline_error>0.500,2-tag corner homography,0.382495,0.908397,101,102,3.351603,4.260000,0,0.050000,0.500000,590.9628888758,0.0000000000,1007.8592059077,0.0000000000,592.3761043005,547.7101609771,0.0000000000,0.0000000000,1.0000000000,-0.0359937509,0.0291287486,0.0062609452,0.0003552766,-0.0208418310,1,0.000000,0.000000,322.077,707.272,65.740,791.710,9.674,780.182,80.057,716.094,134.807,723.216,-2.836612,0.617862,1.794199,3.412809,,,1,4.260000,0.000000,1689.975,854.110,1843.411,934.452,1760.624,935.345,1706.123,840.393,1784.243,843.459,-1.215403,-0.530834,-0.904954,1.605594,,,0.0252563416,0.0249607376,-20.6158660266,0.0019350454,-0.0230763327,17.2029469323,0.0010452907,0.0091572261,1.0000000000,,,,,,,,,
80,8.6225,1785357763.473,2,,,,,,,,,,,,,,,,,0,acquiring:0/30,none,1,1920,1200,0.200000,101;102,1,0,world_rms>0.050;pnp_baseline_error>0.500,2-tag corner homography,0.382797,0.913684,101,102,3.346316,4.260000,0,0.050000,0.500000,590.9628888758,0.0000000000,1007.8592059077,0.0000000000,592.3761043005,547.7101609771,0.0000000000,0.0000000000,1.0000000000,-0.0359937509,0.0291287486,0.0062609452,0.0003552766,-0.0208418310,1,0.000000,0.000000,322.056,707.215,65.956,791.598,9.542,780.259,79.526,716.241,135.194,722.795,-2.832335,0.616677,1.791483,3.407612,,,1,4.260000,0.000000,1689.989,854.074,1843.410,934.346,1760.759,935.415,1706.076,840.447,1784.192,843.325,-1.213064,-0.529742,-0.903237,1.602495,,,0.0290894507,0.0287916384,-23.7740168185,0.0022124789,-0.0263794081,19.6626824579,0.0011931144,0.0107405642,1.0000000000,,,,,,,,,
81,8.7247,1785357763.576,2,,,,,,,,,,,,,,,,,0,acquiring:0/30,none,1,1920,1200,0.200000,101;102,1,0,world_rms>0.050;pnp_baseline_error>0.500,2-tag corner homography,0.384333,0.903293,101,102,3.356707,4.260000,0,0.050000,0.500000,590.9628888758,0.0000000000,1007.8592059077,0.0000000000,592.3761043005,547.7101609771,0.0000000000,0.0000000000,1.0000000000,-0.0359937509,0.0291287486,0.0062609452,0.0003552766,-0.0208418310,1,0.000000,0.000000,322.141,707.273,65.800,791.572,9.540,780.245,79.820,716.135,134.846,723.369,-2.841631,0.619011,1.797249,3.418793,,,1,4.260000,0.000000,1689.993,854.066,1843.333,934.331,1760.570,935.405,1706.114,840.332,1784.475,843.428,-1.214861,-0.530507,-0.904549,1.604847,,,0.0314520610,0.0310906119,-25.6768056425,0.0023828706,-0.0284389280,21.2012068888,0.0013016813,0.0116783883,1.0000000000,,,,,,,,,
82,8.8244,1785357763.674,2,,,,,,,,,,,,,,,,,0,acquiring:0/30,none,1,1920,1200,0.200000,101;102,1,0,world_rms>0.050;pnp_baseline_error>0.500,2-tag corner homography,0.384014,0.898985,101,102,3.361015,4.260000,0,0.050000,0.500000,590.9628888758,0.0000000000,1007.8592059077,0.0000000000,592.3761043005,547.7101609771,0.0000000000,0.0000000000,1.0000000000,-0.0359937509,0.0291287486,0.0062609452,0.0003552766,-0.0208418310,1,0.000000,0.000000,322.172,707.239,65.838,791.685,9.668,780.009,79.641,716.291,134.694,723.205,-2.846109,0.619870,1.799990,3.424112,,,1,4.260000,0.000000,1689.983,854.092,1843.316,934.403,1760.614,935.386,1706.084,840.435,1784.533,843.443,-1.213474,-0.529955,-0.903493,1.603019,,,0.0282988870,0.0279076544,-23.0509437026,0.0021566144,-0.0257240440,19.1768023860,0.0011687721,0.0103984633,1.0000000000,,,,,,,,,
83,8.9227,1785357763.767,2,,,,,,,,,,,,,,,,,0,acquiring:0/30,none,1,1920,1200,0.200000,101;102,1,0,world_rms>0.050;pnp_baseline_error>0.500,2-tag corner homography,0.384280,0.904584,101,102,3.355416,4.260000,0,0.050000,0.500000,590.9628888758,0.0000000000,1007.8592059077,0.0000000000,592.3761043005,547.7101609771,0.0000000000,0.0000000000,1.0000000000,-0.0359937509,0.0291287486,0.0062609452,0.0003552766,-0.0208418310,1,0.000000,0.000000,322.194,707.233,65.512,791.544,9.633,780.246,79.812,716.204,134.758,723.233,-2.840625,0.618665,1.796472,3.417486,,,1,4.260000,0.000000,1689.971,854.123,1843.379,934.459,1760.584,935.362,1706.127,840.424,1784.412,843.520,-1.214620,-0.530517,-0.904324,1.604541,,,0.0283091179,0.0280431411,-23.1531307290,0.0021587589,-0.0257438544,19.1917719259,0.0011821332,0.0103814037,1.0000000000,,,,,,,,,
84,9.0096,1785357763.860,2,,,,,,,,,,,,,,,,,0,acquiring:0/30,none,1,1920,1200,0.200000,101;102,1,0,world_rms>0.050;pnp_baseline_error>0.500,2-tag corner homography,0.382593,0.901498,101,102,3.358502,4.260000,0,0.050000,0.500000,590.9628888758,0.0000000000,1007.8592059077,0.0000000000,592.3761043005,547.7101609771,0.0000000000,0.0000000000,1.0000000000,-0.0359937509,0.0291287486,0.0062609452,0.0003552766,-0.0208418310,1,0.000000,0.000000,322.263,707.265,65.451,791.627,9.688,780.286,79.515,716.370,134.843,723.236,-2.842329,0.619226,1.797444,3.419515,,,1,4.260000,0.000000,1689.982,854.088,1843.445,934.444,1760.623,935.353,1705.973,840.366,1784.540,843.510,-1.219107,-0.532412,-0.907813,1.610530,,,0.0247229664,0.0244775678,-20.2109504415,0.0018986869,-0.0226657219,16.8994537348,0.0010142397,0.0089603604,1.0000000000,,,,,,,,,
85,9.1050,1785357763.950,2,,,,,,,,,,,,,,,,,0,acquiring:0/30,none,1,1920,1200,0.200000,101;102,1,0,world_rms>0.050;pnp_baseline_error>0.500,2-tag corner homography,0.376087,0.888959,101,102,3.371041,4.260000,0,0.050000,0.500000,590.9628888758,0.0000000000,1007.8592059077,0.0000000000,592.3761043005,547.7101609771,0.0000000000,0.0000000000,1.0000000000,-0.0359937509,0.0291287486,0.0062609452,0.0003552766,-0.0208418310,1,0.000000,0.000000,322.240,707.307,65.817,791.621,9.687,780.244,79.383,716.487,134.797,723.311,-2.848643,0.620758,1.801521,3.427183,,,1,4.260000,0.000000,1689.972,854.049,1843.493,934.548,1760.809,935.431,1705.244,840.108,1784.164,843.275,-1.237030,-0.540209,-0.922223,1.634799,,,0.0176563489,0.0174273332,-14.3956250871,0.0013861866,-0.0165831645,12.3661794510,0.0006778580,0.0061685113,1.0000000000,,,,,,,,,
86,9.1982,1785357764.048,2,,,,,,,,,,,,,,,,,0,acquiring:0/30,none,1,1920,1200,0.200000,101;102,1,0,world_rms>0.050;pnp_baseline_error>0.500,2-tag corner homography,0.381926,0.898703,101,102,3.361297,4.260000,0,0.050000,0.500000,590.9628888758,0.0000000000,1007.8592059077,0.0000000000,592.3761043005,547.7101609771,0.0000000000,0.0000000000,1.0000000000,-0.0359937509,0.0291287486,0.0062609452,0.0003552766,-0.0208418310,1,0.000000,0.000000,322.121,707.232,65.971,791.626,9.545,780.074,79.666,716.096,134.842,723.264,-2.842625,0.619041,1.797880,3.419956,,,1,4.260000,0.000000,1689.981,854.050,1843.564,934.542,1760.531,935.353,1705.641,840.177,1783.783,843.111,-1.225871,-0.535321,-0.913555,1.619849,,,0.0285000713,0.0280948925,-23.2070691957,0.0021689483,-0.0259107899,19.3152416726,0.0011378494,0.0105556908,1.0000000000,,,,,,,,,
87,9.2973,1785357764.143,2,,,,,,,,,,,,,,,,,0,acquiring:0/30,none,1,1920,1200,0.200000,101;102,1,0,world_rms>0.050;pnp_baseline_error>0.500,2-tag corner homography,0.379868,0.898551,101,102,3.361449,4.260000,0,0.050000,0.500000,590.9628888758,0.0000000000,1007.8592059077,0.0000000000,592.3761043005,547.7101609771,0.0000000000,0.0000000000,1.0000000000,-0.0359937509,0.0291287486,0.0062609452,0.0003552766,-0.0208418310,1,0.000000,0.000000,322.082,707.178,65.591,791.513,9.808,779.933,79.769,716.028,134.909,723.237,-2.843888,0.619057,1.798703,3.421442,,,1,4.260000,0.000000,1689.984,854.068,1843.399,934.452,1760.600,935.373,1705.791,840.292,1784.487,843.403,-1.222908,-0.534043,-0.910932,1.615706,,,0.0217447044,0.0214621368,-17.7249844383,0.0016837428,-0.0200826747,14.9695785488,0.0008724078,0.0077829537,1.0000000000,,,,,,,,,
88,9.3892,1785357764.248,2,,,,,,,,,,,,,,,,,0,acquiring:0/30,none,1,1920,1200,0.200000,101;102,1,0,world_rms>0.050;pnp_baseline_error>0.500,2-tag corner homography,0.382296,0.907188,101,102,3.352812,4.260000,0,0.050000,0.500000,590.9628888758,0.0000000000,1007.8592059077,0.0000000000,592.3761043005,547.7101609771,0.0000000000,0.0000000000,1.0000000000,-0.0359937509,0.0291287486,0.0062609452,0.0003552766,-0.0208418310,1,0.000000,0.000000,322.100,707.205,65.629,791.556,9.799,780.184,79.645,716.123,134.981,723.042,-2.837080,0.617704,1.794389,3.413270,,,1,4.260000,0.000000,1689.989,854.068,1843.355,934.408,1760.595,935.267,1706.010,840.344,1784.394,843.429,-1.218408,-0.532067,-0.907329,1.609615,,,0.0252997579,0.0249851317,-20.6342774998,0.0019383851,-0.0231197338,17.2337915117,0.0010378932,0.0091931802,1.0000000000,,,,,,,,,
89,9.4979,1785357764.346,2,,,,,,,,,,,,,,,,,0,acquiring:0/30,none,1,1920,1200,0.200000,101;102,1,0,world_rms>0.050;pnp_baseline_error>0.500,2-tag corner homography,0.383024,0.888472,101,102,3.371528,4.260000,0,0.050000,0.500000,590.9628888758,0.0000000000,1007.8592059077,0.0000000000,592.3761043005,547.7101609771,0.0000000000,0.0000000000,1.0000000000,-0.0359937509,0.0291287486,0.0062609452,0.0003552766,-0.0208418310,1,0.000000,0.000000,322.040,707.058,65.715,791.558,9.692,779.229,79.827,716.040,134.779,723.168,-2.855443,0.621041,1.805983,3.435232,,,1,4.260000,0.000000,1689.992,854.065,1843.319,934.379,1760.643,935.372,1706.131,840.290,1784.183,843.328,-1.216167,-0.531078,-0.905585,1.606609,,,0.0819498178,0.0844795421,-69.4815469855,0.0061346773,-0.0730294755,54.4097526783,0.0033604313,0.0324225530,1.0000000000,,,,,,,,,
90,9.5887,1785357764.433,2,,,,,,,,,,,,,,,,,0,acquiring:0/30,none,1,1920,1200,0.200000,101;102,1,0,world_rms>0.050;pnp_baseline_error>0.500,2-tag corner homography,0.383546,0.883535,101,102,3.376465,4.260000,0,0.050000,0.500000,590.9628888758,0.0000000000,1007.8592059077,0.0000000000,592.3761043005,547.7101609771,0.0000000000,0.0000000000,1.0000000000,-0.0359937509,0.0291287486,0.0062609452,0.0003552766,-0.0208418310,1,0.000000,0.000000,322.142,707.070,65.840,791.574,9.627,779.300,79.673,716.204,134.495,723.161,-2.859240,0.621997,1.808193,3.439723,,,1,4.260000,0.000000,1689.968,854.124,1843.260,934.431,1760.583,935.321,1706.114,840.313,1784.285,843.547,-1.219726,-0.532756,-0.908248,1.611359,,,0.0264720508,0.0260914013,-21.5441882954,0.0020348250,-0.0242361648,18.0622002618,0.0010864218,0.0096700755,1.0000000000,,,,,,,,,
91,9.6752,1785357764.520,2,,,,,,,,,,,,,,,,,0,acquiring:0/30,none,1,1920,1200,0.200000,101;102,1,0,world_rms>0.050;pnp_baseline_error>0.500,2-tag corner homography,0.319877,0.893254,101,102,3.366746,4.260000,0,0.050000,0.500000,590.9628888758,0.0000000000,1007.8592059077,0.0000000000,592.3761043005,547.7101609771,0.0000000000,0.0000000000,1.0000000000,-0.0359937509,0.0291287486,0.0062609452,0.0003552766,-0.0208418310,1,0.000000,0.000000,322.079,707.137,65.759,791.577,9.585,779.568,79.641,716.178,134.996,723.166,-2.850762,0.620382,1.803019,3.429664,,,1,4.260000,0.000000,1689.971,854.125,1843.397,934.464,1760.681,935.451,1706.193,840.333,1784.387,843.552,-1.216966,-0.531544,-0.905996,1.607599,,,0.0035768378,0.0003826127,-0.5429958443,-0.0002222392,0.0026097304,-1.9430025716,-0.0001880538,0.0008983911,1.0000000000,,,,,,,,,
92,9.7621,1785357764.609,2,,,,,,,,,,,,,,,,,0,acquiring:0/30,none,1,1920,1200,0.200000,101;102,1,0,world_rms>0.050;pnp_baseline_error>0.500,2-tag corner homography,0.382344,0.902893,101,102,3.357107,4.260000,0,0.050000,0.500000,590.9628888758,0.0000000000,1007.8592059077,0.0000000000,592.3761043005,547.7101609771,0.0000000000,0.0000000000,1.0000000000,-0.0359937509,0.0291287486,0.0062609452,0.0003552766,-0.0208418310,1,0.000000,0.000000,322.173,707.170,65.389,791.570,9.647,780.002,79.883,715.988,134.765,723.302,-2.841400,0.618558,1.796944,3.418359,,,1,4.260000,0.000000,1689.974,854.108,1843.336,934.410,1760.554,935.266,1706.084,840.370,1784.342,843.543,-1.217981,-0.531961,-0.906939,1.609037,,,0.0234251395,0.0231295099,-19.0996834940,0.0018056480,-0.0215270525,16.0468066244,0.0009635992,0.0084246059,1.0000000000,,,,,,,,,
93,9.8511,1785357764.695,2,,,,,,,,,,,,,,,,,0,acquiring:0/30,none,1,1920,1200,0.200000,101;102,1,0,world_rms>0.050;pnp_baseline_error>0.500,2-tag corner homography,0.383342,0.905913,101,102,3.354087,4.260000,0,0.050000,0.500000,590.9628888758,0.0000000000,1007.8592059077,0.0000000000,592.3761043005,547.7101609771,0.0000000000,0.0000000000,1.0000000000,-0.0359937509,0.0291287486,0.0062609452,0.0003552766,-0.0208418310,1,0.000000,0.000000,321.951,707.166,65.603,791.526,9.696,779.819,80.356,715.978,134.907,723.101,-2.839546,0.617959,1.796204,3.416320,,,1,4.260000,0.000000,1690.000,854.045,1843.349,934.323,1760.616,935.306,1706.098,840.376,1784.186,843.283,-1.213133,-0.529713,-0.903339,1.602594,,,0.0304897069,0.0302564651,-24.9768991433,0.0023188469,-0.0276363843,20.5961942206,0.0012700227,0.0112753141,1.0000000000,,,,,,,,,
94,9.9376,1785357764.781,2,,,,,,,,,,,,,,,,,0,acquiring:0/30,none,1,1920,1200,0.200000,101;102,1,0,world_rms>0.050;pnp_baseline_error>0.500,2-tag corner homography,0.383706,0.904914,101,102,3.355086,4.260000,0,0.050000,0.500000,590.9628888758,0.0000000000,1007.8592059077,0.0000000000,592.3761043005,547.7101609771,0.0000000000,0.0000000000,1.0000000000,-0.0359937509,0.0291287486,0.0062609452,0.0003552766,-0.0208418310,1,0.000000,0.000000,322.191,707.246,65.616,791.530,9.642,780.272,79.544,716.307,134.940,723.180,-2.841708,0.618956,1.797174,3.418808,,,1,4.260000,0.000000,1690.005,854.035,1843.440,934.339,1760.570,935.321,1706.096,840.449,1784.261,843.228,-1.208865,-0.527825,-0.900105,1.596916,,,0.0276020048,0.0273474162,-22.5789447568,0.0021059005,-0.0251357140,18.7390195802,0.0011462082,0.0101072823,1.0000000000,,,,,,,,,
95,10.0235,1785357764.883,2,,,,,,,,,,,,,,,,,0,acquiring:0/30,none,1,1920,1200,0.200000,101;102,1,0,world_rms>0.050;pnp_baseline_error>0.500,2-tag corner homography,4.621966,0.889705,101,102,3.370295,4.260000,0,0.050000,0.500000,590.9628888758,0.0000000000,1007.8592059077,0.0000000000,592.3761043005,547.7101609771,0.0000000000,0.0000000000,1.0000000000,-0.0359937509,0.0291287486,0.0062609452,0.0003552766,-0.0208418310,1,0.000000,0.000000,322.084,707.071,65.547,791.479,9.573,779.413,80.075,716.024,134.649,723.245,-2.853124,0.620624,1.804441,3.432419,,,1,4.260000,0.000000,1689.987,854.074,1843.422,934.487,1760.762,935.440,1706.031,840.245,1784.192,843.328,-1.220737,-0.533096,-0.909067,1.612698,,,0.0013457538,-0.0091444043,6.7961187058,0.0000615360,-0.0007278057,0.5443921378,0.0002662367,-0.0013536169,1.0000000000,,,,,,,,,
96,10.1345,1785357764.979,2,,,,,,,,,,,,,,,,,0,acquiring:0/30,none,1,1920,1200,0.200000,101;102,1,0,world_rms>0.050;pnp_baseline_error>0.500,2-tag corner homography,0.372880,0.883666,101,102,3.376334,4.260000,0,0.050000,0.500000,590.9628888758,0.0000000000,1007.8592059077,0.0000000000,592.3761043005,547.7101609771,0.0000000000,0.0000000000,1.0000000000,-0.0359937509,0.0291287486,0.0062609452,0.0003552766,-0.0208418310,1,0.000000,0.000000,322.142,707.087,65.678,791.513,9.520,779.318,79.508,716.361,134.908,723.151,-2.859824,0.622196,1.808580,3.440448,,,1,4.260000,0.000000,1689.978,854.098,1843.210,934.311,1760.625,935.461,1706.118,840.307,1784.174,843.394,-1.216666,-0.531366,-0.906002,1.607316,,,0.0108097330,0.0106885391,-8.8237714359,0.0008817889,-0.0105039180,7.8307645940,0.0004469653,0.0032830033,1.0000000000,,,,,,,,,
97,10.2279,1785357765.072,2,,,,,,,,,,,,,,,,,0,acquiring:0/30,none,1,1920,1200,0.200000,101;102,1,0,world_rms>0.050;pnp_baseline_error>0.500,2-tag corner homography,0.384136,0.901798,101,102,3.358202,4.260000,0,0.050000,0.500000,590.9628888758,0.0000000000,1007.8592059077,0.0000000000,592.3761043005,547.7101609771,0.0000000000,0.0000000000,1.0000000000,-0.0359937509,0.0291287486,0.0062609452,0.0003552766,-0.0208418310,1,0.000000,0.000000,322.108,707.223,65.602,791.502,9.789,780.091,79.905,716.158,134.762,723.245,-2.843838,0.619254,1.798662,3.421414,,,1,4.260000,0.000000,1689.978,854.116,1843.506,934.634,1760.620,935.320,1706.314,840.363,1784.482,843.526,-1.212715,-0.529660,-0.902626,1.601859,,,0.0273149947,0.0270765787,-22.3543755881,0.0020884399,-0.0248850280,18.5499077733,0.0011518881,0.0099566628,1.0000000000,,,,,,,,,
98,10.3145,1785357765.158,2,,,,,,,,,,,,,,,,,0,acquiring:0/30,none,1,1920,1200,0.200000,101;102,1,0,world_rms>0.050;pnp_baseline_error>0.500,2-tag corner homography,0.382618,0.903900,101,102,3.356100,4.260000,0,0.050000,0.500000,590.9628888758,0.0000000000,1007.8592059077,0.0000000000,592.3761043005,547.7101609771,0.0000000000,0.0000000000,1.0000000000,-0.0359937509,0.0291287486,0.0062609452,0.0003552766,-0.0208418310,1,0.000000,0.000000,322.063,707.214,65.575,791.503,9.770,780.068,79.789,716.080,135.069,723.224,-2.841084,0.618584,1.797001,3.418130,,,1,4.260000,0.000000,1689.996,854.053,1843.423,934.495,1760.387,935.142,1706.103,840.318,1784.282,843.342,-1.214601,-0.530372,-0.904455,1.604553,,,0.0266731346,0.0264031454,-21.8014388788,0.0020403305,-0.0243375534,18.1412334791,0.0011004179,0.0097427808,1.0000000000,,,,,,,,,
99,10.4006,1785357765.249,2,,,,,,,,,,,,,,,,,0,acquiring:0/30,none,1,1920,1200,0.200000,101;102,1,0,world_rms>0.050;pnp_baseline_error>0.500,2-tag corner homography,0.373966,0.894630,101,102,3.365370,4.260000,0,0.050000,0.500000,590.9628888758,0.0000000000,1007.8592059077,0.0000000000,592.3761043005,547.7101609771,0.0000000000,0.0000000000,1.0000000000,-0.0359937509,0.0291287486,0.0062609452,0.0003552766,-0.0208418310,1,0.000000,0.000000,322.123,707.086,65.470,791.540,9.600,779.497,79.817,716.032,134.824,723.250,-2.850857,0.620228,1.802945,3.429677,,,1,4.260000,0.000000,1689.988,854.083,1843.458,934.476,1760.576,935.297,1706.208,840.386,1784.297,843.403,-1.212070,-0.529318,-0.902353,1.601103,,,0.0111891277,0.0110402037,-9.1159824436,0.0009081005,-0.0108126068,8.0605604679,0.0004664750,0.0034291650,1.0000000000,,,,,,,,,
100,10.4927,1785357765.337,2,,,,,,,,,,,,,,,,,0,acquiring:0/30,none,1,1920,1200,0.200000,101;102,1,0,world_rms>0.050;pnp_baseline_error>0.500,2-tag corner homography,0.384469,0.894332,101,102,3.365668,4.260000,0,0.050000,0.500000,590.9628888758,0.0000000000,1007.8592059077,0.0000000000,592.3761043005,547.7101609771,0.0000000000,0.0000000000,1.0000000000,-0.0359937509,0.0291287486,0.0062609452,0.0003552766,-0.0208418310,1,0.000000,0.000000,322.156,707.096,65.502,791.551,9.566,779.583,79.897,716.059,134.643,723.240,-2.850110,0.620132,1.802417,3.428761,,,1,4.260000,0.000000,1689.992,854.067,1843.549,934.306,1760.616,935.444,1706.055,840.352,1784.337,843.455,-1.215887,-0.530959,-0.905354,1.606227,,,0.0285629102,0.0281227644,-23.2250587511,0.0021802863,-0.0259849490,19.3666354954,0.0011792770,0.0105067283,1.0000000000,,,,,,,,,
101,10.5792,1785357765.428,2,,,,,,,,,,,,,,,,,0,acquiring:0/30,none,1,1920,1200,0.200000,101;102,1,0,world_rms>0.050;pnp_baseline_error>0.500,2-tag corner homography,0.381160,0.907424,101,102,3.352576,4.260000,0,0.050000,0.500000,590.9628888758,0.0000000000,1007.8592059077,0.0000000000,592.3761043005,547.7101609771,0.0000000000,0.0000000000,1.0000000000,-0.0359937509,0.0291287486,0.0062609452,0.0003552766,-0.0208418310,1,0.000000,0.000000,322.070,707.286,65.828,791.565,9.592,780.295,79.519,716.232,135.347,723.173,-2.837670,0.618145,1.794896,3.414107,,,1,4.260000,0.000000,1689.996,854.059,1843.665,934.554,1760.614,935.328,1706.087,840.339,1784.277,843.330,-1.214824,-0.530476,-0.904513,1.604789,,,0.0252827364,0.0250478862,-20.6838121511,0.0019390925,-0.0231373456,17.2489583969,0.0010274558,0.0092084758,1.0000000000,,,,,,,,,
102,10.6708,1785357765.515,2,,,,,,,,,,,,,,,,,0,acquiring:0/30,none,1,1920,1200,0.200000,101;102,1,0,world_rms>0.050;pnp_baseline_error>0.500,2-tag corner homography,0.378040,0.896048,101,102,3.363952,4.260000,0,0.050000,0.500000,590.9628888758,0.0000000000,1007.8592059077,0.0000000000,592.3761043005,547.7101609771,0.0000000000,0.0000000000,1.0000000000,-0.0359937509,0.0291287486,0.0062609452,0.0003552766,-0.0208418310,1,0.000000,0.000000,322.147,707.156,65.642,791.560,9.742,779.968,79.558,716.229,134.826,722.980,-2.842751,0.618773,1.797836,3.419989,,,1,4.260000,0.000000,1689.947,854.119,1843.448,934.621,1760.545,935.374,1705.288,840.209,1784.396,843.487,-1.234852,-0.539401,-0.920521,1.631922,,,0.0208844198,0.0206215144,-17.0290661623,0.0016228870,-0.0193692620,14.4382696841,0.0008104185,0.0074844431,1.0000000000,,,,,,,,,
103,10.7585,1785357765.613,2,,,,,,,,,,,,,,,,,0,acquiring:0/30,none,1,1920,1200,0.200000,101;102,1,0,world_rms>0.050;pnp_baseline_error>0.500,2-tag corner homography,0.380678,0.909264,101,102,3.350736,4.260000,0,0.050000,0.500000,590.9628888758,0.0000000000,1007.8592059077,0.0000000000,592.3761043005,547.7101609771,0.0000000000,0.0000000000,1.0000000000,-0.0359937509,0.0291287486,0.0062609452,0.0003552766,-0.0208418310,1,0.000000,0.000000,322.014,707.165,65.717,791.530,9.473,780.016,79.784,716.139,135.285,722.875,-2.834744,0.616958,1.793041,3.410485,,,1,4.260000,0.000000,1689.990,854.062,1843.396,934.282,1760.688,935.449,1705.989,840.291,1784.234,843.399,-1.219712,-0.532627,-0.908358,1.611367,,,0.0257595974,0.0256013414,-21.1303374679,0.0019768783,-0.0235680046,17.5656432223,0.0010428938,0.0094146628,1.0000000000,,,,,,,,,
104,10.8556,1785357765.706,2,,,,,,,,,,,,,,,,,0,acquiring:0/30,none,1,1920,1200,0.200000,101;102,1,0,world_rms>0.050;pnp_baseline_error>0.500,2-tag corner homography,0.372611,0.883514,101,102,3.376486,4.260000,0,0.050000,0.500000,590.9628888758,0.0000000000,1007.8592059077,0.0000000000,592.3761043005,547.7101609771,0.0000000000,0.0000000000,1.0000000000,-0.0359937509,0.0291287486,0.0062609452,0.0003552766,-0.0208418310,1,0.000000,0.000000,321.997,707.095,65.874,791.539,9.668,779.351,79.563,716.116,135.130,723.099,-2.853204,0.620673,1.804687,3.432623,,,1,4.260000,0.000000,1689.958,854.070,1843.366,934.501,1760.645,935.368,1705.098,840.112,1784.342,843.424,-1.239033,-0.541139,-0.923922,1.637580,,,0.0165068426,0.0162926652,-13.4543165645,0.0013098828,-0.0156292280,11.6485445571,0.0006084997,0.0057454479,1.0000000000,,,,,,,,,
105,10.9496,1785357765.795,2,,,,,,,,,,,,,,,,,0,acquiring:0/30,none,1,1920,1200,0.200000,101;102,1,0,world_rms>0.050;pnp_baseline_error>0.500,2-tag corner homography,0.376215,0.899849,101,102,3.360151,4.260000,0,0.050000,0.500000,590.9628888758,0.0000000000,1007.8592059077,0.0000000000,592.3761043005,547.7101609771,0.0000000000,0.0000000000,1.0000000000,-0.0359937509,0.0291287486,0.0062609452,0.0003552766,-0.0208418310,1,0.000000,0.000000,322.115,707.194,65.607,791.568,9.551,780.033,79.806,716.062,134.979,723.212,-2.840103,0.618326,1.796259,3.416878,,,1,4.260000,0.000000,1689.950,854.113,1843.465,934.633,1760.487,935.340,1705.347,840.261,1784.244,843.372,-1.230931,-0.537674,-0.917565,1.626718,,,0.0187288876,0.0185246218,-15.2966189043,0.0014658200,-0.0174971940,13.0436467229,0.0007215773,0.0066080948,1.0000000000,,,,,,,,,
106,11.0418,1785357765.887,2,,,,,,,,,,,,,,,,,0,acquiring:0/30,none,1,1920,1200,0.200000,101;102,1,0,world_rms>0.050;pnp_baseline_error>0.500,2-tag corner homography,0.382455,0.895039,101,102,3.364961,4.260000,0,0.050000,0.500000,590.9628888758,0.0000000000,1007.8592059077,0.0000000000,592.3761043005,547.7101609771,0.0000000000,0.0000000000,1.0000000000,-0.0359937509,0.0291287486,0.0062609452,0.0003552766,-0.0208418310,1,0.000000,0.000000,322.137,707.230,65.831,791.577,9.743,780.003,79.616,716.159,134.780,723.327,-2.847586,0.620125,1.800984,3.425908,,,1,4.260000,0.000000,1689.972,854.109,1843.487,934.489,1760.615,935.369,1705.966,840.314,1784.300,843.504,-1.221622,-0.533559,-0.909775,1.613920,,,0.0255284151,0.0251473881,-20.7733199430,0.0019587583,-0.0233650812,17.4178442464,0.0010393131,0.0092995191,1.0000000000,,,,,,,,,
107,11.1356,1785357765.981,2,,,,,,,,,,,,,,,,,0,acquiring:0/30,none,1,1920,1200,0.200000,101;102,1,0,world_rms>0.050;pnp_baseline_error>0.500,2-tag corner homography,0.383283,0.907489,101,102,3.352511,4.260000,0,0.050000,0.500000,590.9628888758,0.0000000000,1007.8592059077,0.0000000000,592.3761043005,547.7101609771,0.0000000000,0.0000000000,1.0000000000,-0.0359937509,0.0291287486,0.0062609452,0.0003552766,-0.0208418310,1,0.000000,0.000000,322.120,707.265,65.757,791.552,9.835,780.385,79.524,716.267,134.978,723.040,-2.837066,0.617963,1.794396,3.413309,,,1,4.260000,0.000000,1689.988,854.073,1843.625,934.520,1760.654,935.417,1705.970,840.363,1784.452,843.397,-1.217118,-0.531512,-0.906308,1.607879,,,0.0282264269,0.0278952288,-23.0387428762,0.0021483603,-0.0256322326,19.1084739460,0.0011638203,0.0103741913,1.0000000000,,,,,,,,,
108,11.2257,1785357766.070,2,,,,,,,,,,,,,,,,,0,acquiring:0/30,none,1,1920,1200,0.200000,101;102,1,0,world_rms>0.050;pnp_baseline_error>0.500,2-tag corner homography,0.402842,0.889620,101,102,3.370380,4.260000,0,0.050000,0.500000,590.9628888758,0.0000000000,1007.8592059077,0.0000000000,592.3761043005,547.7101609771,0.0000000000,0.0000000000,1.0000000000,-0.0359937509,0.0291287486,0.0062609452,0.0003552766,-0.0208418310,1,0.000000,0.000000,322.050,707.132,65.949,791.583,9.631,779.474,79.790,716.077,134.750,723.250,-2.853705,0.620976,1.804932,3.433224,,,1,4.260000,0.000000,1689.999,854.041,1843.158,934.174,1760.597,935.298,1706.094,840.268,1784.160,843.371,-1.218014,-0.531840,-0.907077,1.609099,,,0.0299195830,0.0249159327,-20.9170159642,0.0021388040,-0.0255803233,19.0698142099,0.0012803205,0.0107952009,1.0000000000,,,,,,,,,
109,11.3179,1785357766.162,2,,,,,,,,,,,,,,,,,0,acquiring:0/30,none,1,1920,1200,0.200000,101;102,1,0,world_rms>0.050;pnp_baseline_error>0.500,2-tag corner homography,0.366409,0.894494,101,102,3.365506,4.260000,0,0.050000,0.500000,590.9628888758,0.0000000000,1007.8592059077,0.0000000000,592.3761043005,547.7101609771,0.0000000000,0.0000000000,1.0000000000,-0.0359937509,0.0291287486,0.0062609452,0.0003552766,-0.0208418310,1,0.000000,0.000000,322.279,707.225,65.668,791.617,9.572,780.239,79.487,716.287,134.649,723.198,-2.842839,0.619186,1.797700,3.420066,,,1,4.260000,0.000000,1689.951,854.090,1843.462,934.495,1760.689,935.363,1705.054,840.178,1784.430,843.552,-1.239528,-0.541396,-0.924262,1.638231,,,0.0062075718,0.0060418092,-4.9961285718,0.0005122632,-0.0061205237,4.5664756836,0.0002850306,0.0013482911,1.0000000000,,,,,,,,,
110,11.4111,1785357766.255,2,,,,,,,,,,,,,,,,,0,acquiring:0/30,none,1,1920,1200,0.200000,101;102,1,0,world_rms>0.050;pnp_baseline_error>0.500,2-tag corner homography,0.405525,0.887896,101,102,3.372104,4.260000,0,0.050000,0.500000,590.9628888758,0.0000000000,1007.8592059077,0.0000000000,592.3761043005,547.7101609771,0.0000000000,0.0000000000,1.0000000000,-0.0359937509,0.0291287486,0.0062609452,0.0003552766,-0.0208418310,1,0.000000,0.000000,322.255,707.230,65.605,791.528,9.867,779.914,79.260,716.441,134.755,723.392,-2.857277,0.622330,1.806880,3.437461,,,1,4.260000,0.000000,1689.981,854.097,1843.386,934.393,1760.550,935.401,1706.185,840.412,1784.246,843.385,-1.210774,-0.528784,-0.901450,1.599437,,,0.0039984558,0.0040059907,-3.3026211140,0.0002336881,-0.0027812076,2.0770559451,0.0003903111,0.0000633576,1.0000000000,,,,,,,,,
111,11.5032,1785357766.347,2,,,,,,,,,,,,,,,,,0,acquiring:0/30,none,1,1920,1200,0.200000,101;102,1,0,world_rms>0.050;pnp_baseline_error>0.500,2-tag corner homography,0.383860,0.902631,101,102,3.357369,4.260000,0,0.050000,0.500000,590.9628888758,0.0000000000,1007.8592059077,0.0000000000,592.3761043005,547.7101609771,0.0000000000,0.0000000000,1.0000000000,-0.0359937509,0.0291287486,0.0062609452,0.0003552766,-0.0208418310,1,0.000000,0.000000,322.277,707.243,65.506,791.618,9.548,780.247,79.340,716.393,134.982,723.182,-2.842281,0.619137,1.797366,3.419417,,,1,4.260000,0.000000,1689.997,854.058,1843.325,934.411,1760.656,935.355,1706.147,840.299,1784.374,843.361,-1.215749,-0.530877,-0.905187,1.606001,,,0.0278140974,0.0275715510,-22.7614454938,0.0021213848,-0.0253271566,18.8829285684,0.0011495522,0.0102055912,1.0000000000,,,,,,,,,
112,11.5959,1785357766.441,2,,,,,,,,,,,,,,,,,0,acquiring:0/30,none,1,1920,1200,0.200000,101;102,1,0,world_rms>0.050;pnp_baseline_error>0.500,2-tag corner homography,0.372224,0.902999,101,102,3.357001,4.260000,0,0.050000,0.500000,590.9628888758,0.0000000000,1007.8592059077,0.0000000000,592.3761043005,547.7101609771,0.0000000000,0.0000000000,1.0000000000,-0.0359937509,0.0291287486,0.0062609452,0.0003552766,-0.0208418310,1,0.000000,0.000000,322.155,707.212,65.636,791.551,9.583,780.080,79.837,716.193,134.771,723.214,-2.843075,0.619080,1.798077,3.420441,,,1,4.260000,0.000000,1689.993,854.068,1843.556,934.591,1760.545,935.258,1706.115,840.434,1784.410,843.316,-1.210897,-0.528779,-0.901529,1.599573,,,0.0095101884,0.0093839151,-7.7503990982,0.0007762925,-0.0092541832,6.9011237166,0.0004080867,0.0027233255,1.0000000000,,,,,,,,,
113,11.6887,1785357766.535,2,,,,,,,,,,,,,,,,,0,acquiring:0/30,none,1,1920,1200,0.200000,101;102,1,0,world_rms>0.050;pnp_baseline_error>0.500,2-tag corner homography,0.385679,0.910316,101,102,3.349684,4.260000,0,0.050000,0.500000,590.9628888758,0.0000000000,1007.8592059077,0.0000000000,592.3761043005,547.7101609771,0.0000000000,0.0000000000,1.0000000000,-0.0359937509,0.0291287486,0.0062609452,0.0003552766,-0.0208418310,1,0.000000,0.000000,322.002,707.243,65.751,791.560,9.702,780.199,80.214,715.922,134.860,723.230,-2.834980,0.617324,1.793287,3.410877,,,1,4.260000,0.000000,1689.983,854.090,1843.454,934.549,1760.593,935.324,1706.112,840.367,1784.315,843.369,-1.214662,-0.530470,-0.904400,1.604600,,,0.0432476432,0.0429410275,-35.4505637231,0.0032350875,-0.0385685266,28.7464733436,0.0018146582,0.0164336464,1.0000000000,,,,,,,,,
114,11.7834,1785357766.628,2,,,,,,,,,,,,,,,,,0,acquiring:0/30,none,1,1920,1200,0.200000,101;102,1,0,world_rms>0.050;pnp_baseline_error>0.500,2-tag corner homography,0.403200,0.908905,101,102,3.351095,4.260000,0,0.050000,0.500000,590.9628888758,0.0000000000,1007.8592059077,0.0000000000,592.3761043005,547.7101609771,0.0000000000,0.0000000000,1.0000000000,-0.0359937509,0.0291287486,0.0062609452,0.0003552766,-0.0208418310,1,0.000000,0.000000,322.052,707.191,65.749,791.567,9.701,780.152,79.743,716.131,135.017,722.902,-2.834594,0.617065,1.792897,3.410304,,,1,4.260000,0.000000,1689.984,854.079,1843.497,934.474,1760.656,935.415,1705.965,840.260,1784.313,843.417,-1.221580,-0.533477,-0.909746,1.613845,,,0.7052191570,0.6294745257,-524.8178299157,0.0479061235,-0.5727807482,426.9462787513,0.0305922101,0.2803789933,1.0000000000,,,,,,,,,
115,11.8785,1785357766.752,2,,,,,,,,,,,,,,,,,0,acquiring:0/30,none,1,1920,1200,0.200000,101;102,1,0,world_rms>0.050;pnp_baseline_error>0.500,2-tag corner homography,0.380330,0.892364,101,102,3.367636,4.260000,0,0.050000,0.500000,590.9628888758,0.0000000000,1007.8592059077,0.0000000000,592.3761043005,547.7101609771,0.0000000000,0.0000000000,1.0000000000,-0.0359937509,0.0291287486,0.0062609452,0.0003552766,-0.0208418310,1,0.000000,0.000000,322.112,707.211,65.875,791.589,9.712,779.985,79.730,716.140,134.718,723.214,-2.845236,0.619512,1.799528,3.423078,,,1,4.260000,0.000000,1689.916,854.171,1843.476,934.427,1760.592,935.313,1705.339,840.260,1782.855,843.249,-1.236771,-0.540369,-0.922326,1.634713,,,0.0241539922,0.0237829669,-19.6469706812,0.0018620905,-0.0222397194,16.5783992840,0.0009527059,0.0087955629,1.0000000000,,,,,,,,,
116,12.0083,1785357766.861,2,,,,,,,,,,,,,,,,,0,acquiring:0/30,none,1,1920,1200,0.200000,101;102,1,0,world_rms>0.050;pnp_baseline_error>0.500,2-tag corner homography,0.380226,0.899084,101,102,3.360916,4.260000,0,0.050000,0.500000,590.9628888758,0.0000000000,1007.8592059077,0.0000000000,592.3761043005,547.7101609771,0.0000000000,0.0000000000,1.0000000000,-0.0359937509,0.0291287486,0.0062609452,0.0003552766,-0.0208418310,1,0.000000,0.000000,322.150,707.224,65.710,791.554,9.631,780.115,79.651,716.087,134.893,723.324,-2.843069,0.619127,1.798096,3.420455,,,1,4.260000,0.000000,1689.981,854.073,1843.084,934.154,1760.632,935.375,1705.839,840.302,1784.390,843.494,-1.223989,-0.534527,-0.911778,1.617161,,,0.0221413659,0.0218459153,-18.0433690961,0.0017123527,-0.0204406538,15.2383818658,0.0008864023,0.0079485479,1.0000000000,,,,,,,,,
117,12.1104,1785357766.958,2,,,,,,,,,,,,,,,,,0,acquiring:0/30,none,1,1920,1200,0.200000,101;102,1,0,world_rms>0.050;pnp_baseline_error>0.500,2-tag corner homography,0.377885,0.903216,101,102,3.356784,4.260000,0,0.050000,0.500000,590.9628888758,0.0000000000,1007.8592059077,0.0000000000,592.3761043005,547.7101609771,0.0000000000,0.0000000000,1.0000000000,-0.0359937509,0.0291287486,0.0062609452,0.0003552766,-0.0208418310,1,0.000000,0.000000,322.116,707.140,65.646,791.542,9.775,779.917,79.638,716.163,134.809,722.974,-2.842550,0.618639,1.797755,3.419756,,,1,4.260000,0.000000,1689.974,854.120,1843.445,934.572,1760.692,935.432,1706.193,840.416,1784.396,843.429,-1.212771,-0.529700,-0.902826,1.602027,,,0.0151912708,0.0150037311,-12.3891814379,0.0012035621,-0.0143309572,10.6828297780,0.0006290612,0.0050634567,1.0000000000,,,,,,,,,
118,12.2074,1785357767.088,2,,,,,,,,,,,,,,,,,0,acquiring:0/30,none,1,1920,1200,0.200000,101;102,1,0,world_rms>0.050;pnp_baseline_error>0.500,2-tag corner homography,0.372486,0.897970,101,102,3.362030,4.260000,0,0.050000,0.500000,590.9628888758,0.0000000000,1007.8592059077,0.0000000000,592.3761043005,547.7101609771,0.0000000000,0.0000000000,1.0000000000,-0.0359937509,0.0291287486,0.0062609452,0.0003552766,-0.0208418310,1,0.000000,0.000000,322.169,707.210,65.632,791.612,9.880,779.987,79.521,716.325,134.768,723.111,-2.846505,0.619830,1.800218,3.424553,,,1,4.260000,0.000000,1689.991,854.072,1843.639,934.653,1760.609,935.312,1706.130,840.292,1784.297,843.344,-1.216088,-0.531053,-0.905417,1.606446,,,0.0091346309,0.0089790804,-7.4184762514,0.0007465891,-0.0089011644,6.6380773993,0.0003967386,0.0025608657,1.0000000000,,,,,,,,,
119,12.3376,1785357767.203,2,,,,,,,,,,,,,,,,,0,acquiring:0/30,none,1,1920,1200,0.200000,101;102,1,0,world_rms>0.050;pnp_baseline_error>0.500,2-tag corner homography,0.151975,0.895819,101,102,3.364181,4.260000,0,0.050000,0.500000,590.9628888758,0.0000000000,1007.8592059077,0.0000000000,592.3761043005,547.7101609771,0.0000000000,0.0000000000,1.0000000000,-0.0359937509,0.0291287486,0.0062609452,0.0003552766,-0.0208418310,1,0.000000,0.000000,321.961,707.052,65.914,791.528,9.666,779.386,79.765,715.946,134.969,722.969,-2.847606,0.619247,1.801175,3.425866,,,1,4.260000,0.000000,1689.984,854.084,1843.261,934.356,1760.570,935.356,1706.093,840.263,1784.390,843.492,-1.219582,-0.532610,-0.908156,1.611149,,,-0.0007575411,-0.0019194265,1.5025963711,0.0000146738,-0.0001762016,0.1298070842,-0.0004388138,-0.0006493190,1.0000000000,,,,,,,,,
120,12.4472,1785357767.294,2,,,,,,,,,,,,,,,,,0,acquiring:0/30,none,1,1920,1200,0.200000,101;102,1,0,world_rms>0.050;pnp_baseline_error>0.500,2-tag corner homography,0.543575,0.906481,101,102,3.353519,4.260000,0,0.050000,0.500000,590.9628888758,0.0000000000,1007.8592059077,0.0000000000,592.3761043005,547.7101609771,0.0000000000,0.0000000000,1.0000000000,-0.0359937509,0.0291287486,0.0062609452,0.0003552766,-0.0208418310,1,0.000000,0.000000,322.184,707.212,65.781,791.590,9.516,780.296,79.480,716.216,134.932,723.011,-2.836261,0.617623,1.793712,3.412218,,,1,4.260000,0.000000,1689.985,854.073,1843.411,934.410,1760.585,935.322,1705.952,840.220,1784.391,843.513,-1.224317,-0.534663,-0.911831,1.617483,,,-0.0044341867,-0.0004582084,0.6816465324,-0.0000431854,0.0005060787,-0.3755866589,-0.0020160439,0.0009107347,1.0000000000,,,,,,,,,
121,12.5405,1785357767.388,2,,,,,,,,,,,,,,,,,0,acquiring:0/30,none,1,1920,1200,0.200000,101;102,1,0,world_rms>0.050;pnp_baseline_error>0.500,2-tag corner homography,0.383896,0.897751,101,102,3.362249,4.260000,0,0.050000,0.500000,590.9628888758,0.0000000000,1007.8592059077,0.0000000000,592.3761043005,547.7101609771,0.0000000000,0.0000000000,1.0000000000,-0.0359937509,0.0291287486,0.0062609452,0.0003552766,-0.0208418310,1,0.000000,0.000000,322.188,707.206,65.542,791.509,9.563,780.065,79.665,716.329,134.892,723.171,-2.845209,0.619546,1.799357,3.422972,,,1,4.260000,0.000000,1689.966,854.129,1843.362,934.523,1760.617,935.318,1706.053,840.314,1784.377,843.574,-1.221681,-0.533621,-0.909717,1.613952,,,0.0304015987,0.0301991075,-24.9255136820,0.0023165188,-0.0276279904,20.5952504856,0.0012553914,0.0112626592,1.0000000000,,,,,,,,,
122,12.6364,1785357767.480,2,,,,,,,,,,,,,,,,,0,acquiring:0/30,none,1,1920,1200,0.200000,101;102,1,0,world_rms>0.050;pnp_baseline_error>0.500,2-tag corner homography,0.383800,0.907232,101,102,3.352768,4.260000,0,0.050000,0.500000,590.9628888758,0.0000000000,1007.8592059077,0.0000000000,592.3761043005,547.7101609771,0.0000000000,0.0000000000,1.0000000000,-0.0359937509,0.0291287486,0.0062609452,0.0003552766,-0.0208418310,1,0.000000,0.000000,322.108,707.215,65.335,791.561,9.711,780.125,80.090,716.078,134.881,723.220,-2.837871,0.617925,1.794881,3.414227,,,1,4.260000,0.000000,1689.992,854.063,1843.395,934.459,1760.540,935.258,1706.099,840.328,1784.190,843.317,-1.215174,-0.530643,-0.904878,1.605315,,,0.0286578881,0.0284356846,-23.4742777974,0.0021825989,-0.0260368228,19.4084016200,0.0011976490,0.0105225771,1.0000000000,,,,,,,,,
123,12.7239,1785357767.568,2,,,,,,,,,,,,,,,,,0,acquiring:0/30,none,1,1920,1200,0.200000,101;102,1,0,world_rms>0.050;pnp_baseline_error>0.500,2-tag corner homography,0.378438,0.901949,101,102,3.358051,4.260000,0,0.050000,0.500000,590.9628888758,0.0000000000,1007.8592059077,0.0000000000,592.3761043005,547.7101609771,0.0000000000,0.0000000000,1.0000000000,-0.0359937509,0.0291287486,0.0062609452,0.0003552766,-0.0208418310,1,0.000000,0.000000,322.122,707.268,65.779,791.615,9.621,780.161,79.820,716.151,134.862,723.325,-2.842073,0.619070,1.797563,3.419336,,,1,4.260000,0.000000,1689.984,854.084,1843.312,934.345,1760.609,935.345,1706.104,840.309,1784.189,843.430,-1.217736,-0.531805,-0.906790,1.608715,,,0.0169900479,0.0167601788,-13.8446674399,0.0013349346,-0.0159281191,11.8757267367,0.0006936241,0.0058128296,1.0000000000,,,,,,,,,
124,12.8169,1785357767.664,2,,,,,,,,,,,,,,,,,0,acquiring:0/30,none,1,1920,1200,0.200000,101;102,1,0,world_rms>0.050;pnp_baseline_error>0.500,2-tag corner homography,0.385089,0.903280,101,102,3.356720,4.260000,0,0.050000,0.500000,590.9628888758,0.0000000000,1007.8592059077,0.0000000000,592.3761043005,547.7101609771,0.0000000000,0.0000000000,1.0000000000,-0.0359937509,0.0291287486,0.0062609452,0.0003552766,-0.0208418310,1,0.000000,0.000000,322.166,707.153,65.603,791.508,9.743,780.035,79.550,716.023,134.806,723.182,-2.842427,0.618705,1.797592,3.419579,,,1,4.260000,0.000000,1690.002,854.044,1843.246,934.362,1760.591,935.334,1706.191,840.301,1784.263,843.269,-1.212879,-0.529595,-0.903065,1.602209,,,0.0298945899,0.0294669813,-24.3355059773,0.0022683256,-0.0270527020,20.1640960786,0.0012472148,0.0110234800,1.0000000000,,,,,,,,,
125,12.9149,1785357767.766,2,,,,,,,,,,,,,,,,,0,acquiring:0/30,none,1,1920,1200,0.200000,101;102,1,0,world_rms>0.050;pnp_baseline_error>0.500,2-tag corner homography,0.374236,0.884070,101,102,3.375930,4.260000,0,0.050000,0.500000,590.9628888758,0.0000000000,1007.8592059077,0.0000000000,592.3761043005,547.7101609771,0.0000000000,0.0000000000,1.0000000000,-0.0359937509,0.0291287486,0.0062609452,0.0003552766,-0.0208418310,1,0.000000,0.000000,322.180,707.144,65.861,791.505,9.584,779.546,79.431,716.341,134.725,723.298,-2.860359,0.622580,1.808895,3.441128,,,1,4.260000,0.000000,1689.972,854.122,1843.042,934.262,1760.653,935.480,1706.255,840.370,1784.282,843.472,-1.213159,-0.529877,-0.903202,1.602591,,,0.0109707434,0.0108059165,-8.9245655158,0.0008924950,-0.0106327173,7.9276619250,0.0004587043,0.0033368043,1.0000000000,,,,,,,,,
126,13.0090,1785357767.858,2,,,,,,,,,,,,,,,,,0,acquiring:0/30,none,1,1920,1200,0.200000,101;102,1,0,world_rms>0.050;pnp_baseline_error>0.500,2-tag corner homography,0.374163,0.893987,101,102,3.366013,4.260000,0,0.050000,0.500000,590.9628888758,0.0000000000,1007.8592059077,0.0000000000,592.3761043005,547.7101609771,0.0000000000,0.0000000000,1.0000000000,-0.0359937509,0.0291287486,0.0062609452,0.0003552766,-0.0208418310,1,0.000000,0.000000,322.001,707.233,65.528,791.548,10.071,779.975,79.578,716.169,135.323,723.148,-2.842339,0.618885,1.797934,3.419719,,,1,4.260000,0.000000,1689.964,854.077,1843.457,934.510,1760.598,935.399,1705.326,839.975,1784.511,843.610,-1.242765,-0.542767,-0.926394,1.642336,,,0.0168601079,0.0166606830,-13.7609838236,0.0013301084,-0.0158832003,11.8406084907,0.0006441449,0.0058472105,1.0000000000,,,,,,,,,
127,13.1006,1785357767.945,2,,,,,,,,,,,,,,,,,0,acquiring:0/30,none,1,1920,1200,0.200000,101;102,1,0,world_rms>0.050;pnp_baseline_error>0.500,2-tag corner homography,0.380444,0.900340,101,102,3.359660,4.260000,0,0.050000,0.500000,590.9628888758,0.0000000000,1007.8592059077,0.0000000000,592.3761043005,547.7101609771,0.0000000000,0.0000000000,1.0000000000,-0.0359937509,0.0291287486,0.0062609452,0.0003552766,-0.0208418310,1,0.000000,0.000000,322.042,707.034,65.451,791.574,9.598,779.501,79.850,716.074,135.018,722.784,-2.841282,0.617861,1.797000,3.418164,,,1,4.260000,0.000000,1689.967,854.106,1843.314,934.405,1760.856,935.410,1705.741,840.344,1784.330,843.491,-1.227298,-0.536043,-0.914250,1.621560,,,0.0256067994,0.0254031634,-20.9642277402,0.0019714587,-0.0234792170,17.4959341543,0.0010216164,0.0093812379,1.0000000000,,,,,,,,,
128,13.1880,1785357768.041,2,,,,,,,,,,,,,,,,,0,acquiring:0/30,none,1,1920,1200,0.200000,101;102,1,0,world_rms>0.050;pnp_baseline_error>0.500,2-tag corner homography,0.379826,0.905940,101,102,3.354060,4.260000,0,0.050000,0.500000,590.9628888758,0.0000000000,1007.8592059077,0.0000000000,592.3761043005,547.7101609771,0.0000000000,0.0000000000,1.0000000000,-0.0359937509,0.0291287486,0.0062609452,0.0003552766,-0.0208418310,1,0.000000,0.000000,322.159,707.266,65.699,791.517,9.632,780.458,79.739,716.143,134.857,723.214,-2.836250,0.617821,1.793804,3.412295,,,1,4.260000,0.000000,1689.957,854.124,1843.257,934.305,1760.631,935.466,1705.669,840.391,1784.388,843.524,-1.224662,-0.534936,-0.912421,1.618168,,,0.0218052786,0.0215513696,-17.7991856629,0.0016861689,-0.0201274543,15.0061102489,0.0008729834,0.0078110812,1.0000000000,,,,,,,,,
129,13.2887,1785357768.144,2,,,,,,,,,,,,,,,,,0,acquiring:0/30,none,1,1920,1200,0.200000,101;102,1,0,world_rms>0.050;pnp_baseline_error>0.500,2-tag corner homography,0.382285,0.896093,101,102,3.363907,4.260000,0,0.050000,0.500000,590.9628888758,0.0000000000,1007.8592059077,0.0000000000,592.3761043005,547.7101609771,0.0000000000,0.0000000000,1.0000000000,-0.0359937509,0.0291287486,0.0062609452,0.0003552766,-0.0208418310,1,0.000000,0.000000,322.199,707.200,65.786,791.560,9.627,779.989,79.440,716.241,134.792,723.246,-2.848248,0.620191,1.801253,3.426611,,,1,4.260000,0.000000,1689.992,854.061,1843.477,934.436,1760.458,935.274,1705.996,840.358,1784.444,843.404,-1.215819,-0.530921,-0.905403,1.606190,,,0.0244611469,0.0241299789,-19.9282086773,0.0018811160,-0.0224444768,16.7317354811,0.0009953827,0.0088672203,1.0000000000,,,,,,,,,
130,13.3977,1785357768.249,2,,,,,,,,,,,,,,,,,0,acquiring:0/30,none,1,1920,1200,0.200000,101;102,1,0,world_rms>0.050;pnp_baseline_error>0.500,2-tag corner homography,0.378108,0.878120,101,102,3.381880,4.260000,0,0.050000,0.500000,590.9628888758,0.0000000000,1007.8592059077,0.0000000000,592.3761043005,547.7101609771,0.0000000000,0.0000000000,1.0000000000,-0.0359937509,0.0291287486,0.0062609452,0.0003552766,-0.0208418310,1,0.000000,0.000000,322.173,707.052,65.628,791.490,9.664,779.291,79.568,716.192,134.605,723.238,-2.861031,0.622340,1.809248,3.441828,,,1,4.260000,0.000000,1689.979,854.052,1843.371,934.261,1760.691,935.392,1705.444,840.253,1784.363,843.451,-1.230964,-0.537551,-0.917408,1.626613,,,0.0199934140,0.0197371219,-16.2947772021,0.0015659954,-0.0186810957,13.9233002884,0.0007752946,0.0071204623,1.0000000000,,,,,,,,,
131,13.5025,1785357768.355,2,,,,,,,,,,,,,,,,,0,acquiring:0/30,none,1,1920,1200,0.200000,101;102,1,0,world_rms>0.050;pnp_baseline_error>0.500,2-tag corner homography,0.355657,0.876059,101,102,3.383941,4.260000,0,0.050000,0.500000,590.9628888758,0.0000000000,1007.8592059077,0.0000000000,592.3761043005,547.7101609771,0.0000000000,0.0000000000,1.0000000000,-0.0359937509,0.0291287486,0.0062609452,0.0003552766,-0.0208418310,1,0.000000,0.000000,322.166,707.042,65.863,791.463,9.646,779.281,79.306,716.422,134.651,722.980,-2.862707,0.622656,1.810313,3.443839,,,1,4.260000,0.000000,1689.960,854.092,1843.266,934.432,1760.391,935.145,1705.450,840.264,1784.311,843.498,-1.231583,-0.537911,-0.917979,1.627523,,,2.6407781430,2.9913833326,-2441.1204012627,0.1929629733,-2.2987940964,1712.4526165118,0.0731574951,1.1601295460,1.0000000000,,,,,,,,,
132,13.6074,1785357768.461,2,,,,,,,,,,,,,,,,,0,acquiring:0/30,none,1,1920,1200,0.200000,101;102,1,0,world_rms>0.050;pnp_baseline_error>0.500,2-tag corner homography,0.374610,0.888132,101,102,3.371868,4.260000,0,0.050000,0.500000,590.9628888758,0.0000000000,1007.8592059077,0.0000000000,592.3761043005,547.7101609771,0.0000000000,0.0000000000,1.0000000000,-0.0359937509,0.0291287486,0.0062609452,0.0003552766,-0.0208418310,1,0.000000,0.000000,321.930,707.089,66.014,791.523,9.562,779.346,79.691,716.212,135.202,722.881,-2.850485,0.620000,1.803092,3.429403,,,1,4.260000,0.000000,1689.941,854.133,1843.393,934.529,1760.538,935.445,1705.259,840.274,1784.547,843.567,-1.233192,-0.538705,-0.919271,1.629732,,,0.0194450749,0.0192604739,-15.9003310936,0.0015268524,-0.0181941749,13.5586907984,0.0007310142,0.0069413829,1.0000000000,,,,,,,,,
133,13.7100,1785357768.558,2,,,,,,,,,,,,,,,,,0,acquiring:0/30,none,1,1920,1200,0.200000,101;102,1,0,world_rms>0.050;pnp_baseline_error>0.500,2-tag corner homography,0.379141,0.893794,101,102,3.366206,4.260000,0,0.050000,0.500000,590.9628888758,0.0000000000,1007.8592059077,0.0000000000,592.3761043005,547.7101609771,0.0000000000,0.0000000000,1.0000000000,-0.0359937509,0.0291287486,0.0062609452,0.0003552766,-0.0208418310,1,0.000000,0.000000,322.095,707.208,65.560,791.522,9.688,779.904,79.694,716.234,135.103,723.238,-2.846565,0.619778,1.800399,3.424689,,,1,4.260000,0.000000,1689.976,854.077,1843.338,934.415,1760.786,935.367,1705.663,840.268,1784.313,843.426,-1.229184,-0.536812,-0.915797,1.624114,,,0.0246576979,0.0245873213,-20.2884927200,0.0019041327,-0.0227251938,16.9399411568,0.0009752650,0.0090118502,1.0000000000,,,,,,,,,
134,13.8065,1785357768.673,2,,,,,,,,,,,,,,,,,0,acquiring:0/30,none,1,1920,1200,0.200000,101;102,1,0,world_rms>0.050;pnp_baseline_error>0.500,2-tag corner homography,0.382131,0.882171,101,102,3.377829,4.260000,0,0.050000,0.500000,590.9628888758,0.0000000000,1007.8592059077,0.0000000000,592.3761043005,547.7101609771,0.0000000000,0.0000000000,1.0000000000,-0.0359937509,0.0291287486,0.0062609452,0.0003552766,-0.0208418310,1,0.000000,0.000000,322.156,707.167,65.775,791.571,9.561,779.468,79.539,716.371,134.851,723.355,-2.860756,0.622744,1.809216,3.441656,,,1,4.260000,0.000000,1689.979,854.097,1843.370,934.471,1760.709,935.406,1706.062,840.345,1784.392,843.440,-1.218201,-0.532032,-0.907074,1.609303,,,0.0255885172,0.0253127387,-20.8984913512,0.0019719629,-0.0235109627,17.5251602567,0.0010375966,0.0093379899,1.0000000000,,,,,,,,,
135,13.9177,1785357768.768,2,,,,,,,,,,,,,,,,,0,acquiring:0/30,none,1,1920,1200,0.200000,101;102,1,0,world_rms>0.050;pnp_baseline_error>0.500,2-tag corner homography,0.377145,0.887031,101,102,3.372969,4.260000,0,0.050000,0.500000,590.9628888758,0.0000000000,1007.8592059077,0.0000000000,592.3761043005,547.7101609771,0.0000000000,0.0000000000,1.0000000000,-0.0359937509,0.0291287486,0.0062609452,0.0003552766,-0.0208418310,1,0.000000,0.000000,322.115,707.120,65.749,791.539,9.578,779.457,79.438,716.284,135.029,723.179,-2.856073,0.621494,1.806291,3.436000,,,1,4.260000,0.000000,1689.971,854.118,1843.191,934.339,1760.594,935.368,1706.131,840.319,1784.337,843.559,-1.218841,-0.532357,-0.907565,1.610171,,,0.0211534726,0.0214091607,-17.6386822984,0.0016598753,-0.0197688096,14.7340356018,0.0008449013,0.0075704864,1.0000000000,,,,,,,,,
136,14.0105,1785357768.851,1,,,,,,,,,,,,,,,,,0,acquiring:0/30,none,1,1920,1200,0.200000,102,0,0,insufficient,insufficient,,,,,,,0,0.050000,0.500000,590.9628888758,0.0000000000,1007.8592059077,0.0000000000,592.3761043005,547.7101609771,0.0000000000,0.0000000000,1.0000000000,-0.0359937509,0.0291287486,0.0062609452,0.0003552766,-0.0208418310,0,0.000000,0.000000,,,,,,,,,,,,,,,,,1,4.260000,0.000000,1689.957,854.046,1843.308,934.222,1760.497,935.321,1704.862,840.252,1784.218,843.387,-1.233736,-0.538794,-0.920321,1.630765,,,,,,,,,,,,,,,,,,,,
137,14.0922,1785357768.937,2,,,,,,,,,,,,,,,,,0,acquiring:0/30,none,1,1920,1200,0.200000,101;102,1,0,world_rms>0.050;pnp_baseline_error>0.500,2-tag corner homography,0.370797,0.891369,101,102,3.368631,4.260000,0,0.050000,0.500000,590.9628888758,0.0000000000,1007.8592059077,0.0000000000,592.3761043005,547.7101609771,0.0000000000,0.0000000000,1.0000000000,-0.0359937509,0.0291287486,0.0062609452,0.0003552766,-0.0208418310,1,0.000000,0.000000,322.055,707.033,65.568,791.611,9.650,779.228,79.500,716.158,135.147,722.922,-2.850876,0.619954,1.803042,3.429694,,,1,4.260000,0.000000,1689.984,854.088,1843.394,934.455,1760.791,935.435,1706.156,840.149,1784.231,843.502,-1.224066,-0.534574,-0.911406,1.617025,,,0.0094980979,0.0093624150,-7.7307676924,0.0007801452,-0.0092854651,6.9217624312,0.0003967077,0.0027405035,1.0000000000,,,,,,,,,
138,14.1790,1785357769.023,2,,,,,,,,,,,,,,,,,0,acquiring:0/30,none,1,1920,1200,0.200000,101;102,1,0,world_rms>0.050;pnp_baseline_error>0.500,2-tag corner homography,0.376428,0.895399,101,102,3.364601,4.260000,0,0.050000,0.500000,590.9628888758,0.0000000000,1007.8592059077,0.0000000000,592.3761043005,547.7101609771,0.0000000000,0.0000000000,1.0000000000,-0.0359937509,0.0291287486,0.0062609452,0.0003552766,-0.0208418310,1,0.000000,0.000000,321.948,707.208,65.639,791.493,9.963,779.943,80.314,715.978,134.781,723.196,-2.841373,0.618526,1.797405,3.418573,,,1,4.260000,0.000000,1689.944,854.136,1843.327,934.572,1760.756,935.437,1705.383,840.113,1784.485,843.650,-1.241521,-0.542343,-0.925350,1.640665,,,0.0189148940,0.0186871748,-15.4348517182,0.0014800895,-0.0176542569,13.1592424577,0.0007404434,0.0066601154,1.0000000000,,,,,,,,,
139,14.2647,1785357769.109,2,,,,,,,,,,,,,,,,,0,acquiring:0/30,none,1,1920,1200,0.200000,101;102,1,0,world_rms>0.050;pnp_baseline_error>0.500,2-tag corner homography,0.369998,0.892735,101,102,3.367265,4.260000,0,0.050000,0.500000,590.9628888758,0.0000000000,1007.8592059077,0.0000000000,592.3761043005,547.7101609771,0.0000000000,0.0000000000,1.0000000000,-0.0359937509,0.0291287486,0.0062609452,0.0003552766,-0.0208418310,1,0.000000,0.000000,322.168,707.181,65.488,791.515,9.684,779.957,79.698,716.165,134.847,723.260,-2.846130,0.619627,1.799955,3.424066,,,1,4.260000,0.000000,1689.977,854.052,1843.520,934.498,1760.641,935.389,1705.415,840.115,1784.228,843.350,-1.234267,-0.538998,-0.919964,1.631033,,,0.0108596395,0.0107521452,-8.8773799455,0.0008842998,-0.0105585633,7.8728819957,0.0004265790,0.0033469798,1.0000000000,,,,,,,,,
140,14.3510,1785357769.195,2,,,,,,,,,,,,,,,,,0,acquiring:0/30,none,1,1920,1200,0.200000,101;102,1,0,world_rms>0.050;pnp_baseline_error>0.500,2-tag corner homography,0.382445,0.897406,101,102,3.362594,4.260000,0,0.050000,0.500000,590.9628888758,0.0000000000,1007.8592059077,0.0000000000,592.3761043005,547.7101609771,0.0000000000,0.0000000000,1.0000000000,-0.0359937509,0.0291287486,0.0062609452,0.0003552766,-0.0208418310,1,0.000000,0.000000,322.103,707.138,65.688,791.520,9.710,779.826,79.815,716.009,134.714,723.190,-2.845477,0.619256,1.799631,3.423286,,,1,4.260000,0.000000,1689.970,854.106,1843.405,934.516,1760.576,935.348,1705.891,840.325,1784.215,843.394,-1.221324,-0.533430,-0.909702,1.613610,,,0.0259532145,0.0255927062,-21.1356514862,0.0019897119,-0.0237186925,17.6781879223,0.0010569212,0.0094736032,1.0000000000,,,,,,,,,
141,14.4374,1785357769.277,1,,,,,,,,,,,,,,,,,0,acquiring:0/30,none,1,1920,1200,0.200000,102,0,0,insufficient,insufficient,,,,,,,0,0.050000,0.500000,590.9628888758,0.0000000000,1007.8592059077,0.0000000000,592.3761043005,547.7101609771,0.0000000000,0.0000000000,1.0000000000,-0.0359937509,0.0291287486,0.0062609452,0.0003552766,-0.0208418310,0,0.000000,0.000000,,,,,,,,,,,,,,,,,1,4.260000,0.000000,1689.964,854.134,1843.559,934.582,1760.626,935.379,1706.023,840.406,1784.355,843.520,-1.217980,-0.532013,-0.906922,1.609043,,,,,,,,,,,,,,,,,,,,
142,14.5185,1785357769.375,2,,,,,,,,,,,,,,,,,0,acquiring:0/30,none,1,1920,1200,0.200000,101;102,1,0,world_rms>0.050;pnp_baseline_error>0.500,2-tag corner homography,0.371184,0.885099,101,102,3.374901,4.260000,0,0.050000,0.500000,590.9628888758,0.0000000000,1007.8592059077,0.0000000000,592.3761043005,547.7101609771,0.0000000000,0.0000000000,1.0000000000,-0.0359937509,0.0291287486,0.0062609452,0.0003552766,-0.0208418310,1,0.000000,0.000000,322.011,707.044,65.815,791.615,9.683,779.218,79.699,715.979,134.906,723.057,-2.851845,0.620174,1.803751,3.430912,,,1,4.260000,0.000000,1689.968,854.054,1843.136,934.209,1760.531,935.348,1705.286,840.060,1784.358,843.527,-1.239448,-0.541280,-0.924097,1.638039,,,0.0133762696,0.0131513326,-10.8628223696,0.0010768978,-0.0128439822,9.5725910500,0.0005002290,0.0044284501,1.0000000000,,,,,,,,,
143,14.6177,1785357769.468,2,,,,,,,,,,,,,,,,,0,acquiring:0/30,none,1,1920,1200,0.200000,101;102,1,0,world_rms>0.050;pnp_baseline_error>0.500,2-tag corner homography,0.264565,0.879013,101,102,3.380987,4.260000,0,0.050000,0.500000,590.9628888758,0.0000000000,1007.8592059077,0.0000000000,592.3761043005,547.7101609771,0.0000000000,0.0000000000,1.0000000000,-0.0359937509,0.0291287486,0.0062609452,0.0003552766,-0.0208418310,1,0.000000,0.000000,322.182,707.084,65.938,791.591,9.563,779.251,79.123,716.420,134.847,723.119,-2.863396,0.622993,1.810756,3.444706,,,1,4.260000,0.000000,1689.954,854.164,1843.400,934.588,1760.556,935.363,1706.090,840.364,1784.654,843.720,-1.220401,-0.533129,-0.908622,1.612203,,,-0.0012716503,-0.0039106565,3.0042972001,0.0000122608,-0.0002461331,0.1838645175,-0.0007593002,-0.0003575067,1.0000000000,,,,,,,,,
144,14.7098,1785357769.562,2,,,,,,,,,,,,,,,,,0,acquiring:0/30,none,1,1920,1200,0.200000,101;102,1,0,world_rms>0.050;pnp_baseline_error>0.500,2-tag corner homography,0.377360,0.893597,101,102,3.366403,4.260000,0,0.050000,0.500000,590.9628888758,0.0000000000,1007.8592059077,0.0000000000,592.3761043005,547.7101609771,0.0000000000,0.0000000000,1.0000000000,-0.0359937509,0.0291287486,0.0062609452,0.0003552766,-0.0208418310,1,0.000000,0.000000,322.065,707.210,65.771,791.537,9.984,779.994,79.741,715.987,134.753,723.303,-2.845033,0.619427,1.799490,3.422874,,,1,4.260000,0.000000,1689.961,854.086,1843.355,934.407,1760.689,935.484,1705.405,840.158,1784.115,843.366,-1.234380,-0.539122,-0.920111,1.631242,,,0.0185048242,0.0181632956,-15.0096158350,0.0014464936,-0.0172699465,12.8740408556,0.0007230272,0.0064900731,1.0000000000,,,,,,,,,
145,14.8045,1785357769.649,2,,,,,,,,,,,,,,,,,0,acquiring:0/30,none,1,1920,1200,0.200000,101;102,1,0,world_rms>0.050;pnp_baseline_error>0.500,2-tag corner homography,0.378993,0.893018,101,102,3.366982,4.260000,0,0.050000,0.500000,590.9628888758,0.0000000000,1007.8592059077,0.0000000000,592.3761043005,547.7101609771,0.0000000000,0.0000000000,1.0000000000,-0.0359937509,0.0291287486,0.0062609452,0.0003552766,-0.0208418310,1,0.000000,0.000000,322.006,707.024,65.613,791.555,9.380,779.267,80.023,716.116,135.001,722.867,-2.847267,0.619092,1.800846,3.425384,,,1,4.260000,0.000000,1689.972,854.084,1843.412,934.444,1760.624,935.373,1705.708,840.175,1784.206,843.446,-1.230234,-0.537287,-0.916607,1.625522,,,0.0240193032,0.0238871742,-19.7086801099,0.0018594445,-0.0221531334,16.5074314973,0.0009478075,0.0087533451,1.0000000000,,,,,,,,,
146,14.8906,1785357769.736,2,,,,,,,,,,,,,,,,,0,acquiring:0/30,none,1,1920,1200,0.200000,101;102,1,0,world_rms>0.050;pnp_baseline_error>0.500,2-tag corner homography,0.385262,0.893547,101,102,3.366453,4.260000,0,0.050000,0.500000,590.9628888758,0.0000000000,1007.8592059077,0.0000000000,592.3761043005,547.7101609771,0.0000000000,0.0000000000,1.0000000000,-0.0359937509,0.0291287486,0.0062609452,0.0003552766,-0.0208418310,1,0.000000,0.000000,322.313,707.223,65.616,791.527,9.516,780.118,79.270,716.413,134.802,723.323,-2.850545,0.620881,1.802502,3.429302,,,1,4.260000,0.000000,1689.974,854.106,1843.501,934.575,1760.531,935.366,1706.002,840.365,1784.253,843.359,-1.216351,-0.531248,-0.905821,1.606937,,,0.0348763398,0.0346408167,-28.5901273599,0.0026392994,-0.0315034200,23.4866119275,0.0014383906,0.0130883138,1.0000000000,,,,,,,,,
147,14.9789,1785357769.827,2,,,,,,,,,,,,,,,,,0,acquiring:0/30,none,1,1920,1200,0.200000,101;102,1,0,world_rms>0.050;pnp_baseline_error>0.500,2-tag corner homography,0.377435,0.883958,101,102,3.376042,4.260000,0,0.050000,0.500000,590.9628888758,0.0000000000,1007.8592059077,0.0000000000,592.3761043005,547.7101609771,0.0000000000,0.0000000000,1.0000000000,-0.0359937509,0.0291287486,0.0062609452,0.0003552766,-0.0208418310,1,0.000000,0.000000,322.097,707.137,65.999,791.596,9.632,779.510,79.559,716.272,134.748,723.125,-2.855243,0.621373,1.805818,3.435039,,,1,4.260000,0.000000,1689.970,854.062,1843.049,934.242,1760.644,935.403,1705.359,840.263,1784.425,843.376,-1.230558,-0.537405,-0.917287,1.626189,,,0.0204489321,0.0201466680,-16.6397430863,0.0015947218,-0.0190360278,14.1889354911,0.0007853218,0.0073203593,1.0000000000,,,,,,,,,
148,15.0685,1785357769.916,2,,,,,,,,,,,,,,,,,0,acquiring:0/30,none,1,1920,1200,0.200000,101;102,1,0,world_rms>0.050;pnp_baseline_error>0.500,2-tag corner homography,0.386055,0.886745,101,102,3.373255,4.260000,0,0.050000,0.500000,590.9628888758,0.0000000000,1007.8592059077,0.0000000000,592.3761043005,547.7101609771,0.0000000000,0.0000000000,1.0000000000,-0.0359937509,0.0291287486,0.0062609452,0.0003552766,-0.0208418310,1,0.000000,0.000000,322.270,707.025,65.510,791.581,9.496,779.312,79.324,716.367,134.663,723.021,-2.858219,0.621693,1.807254,3.438326,,,1,4.260000,0.000000,1689.974,854.119,1843.401,934.440,1760.724,935.439,1706.184,840.435,1784.371,843.490,-1.213357,-0.529953,-0.903279,1.602810,,,0.0362941359,0.0360434489,-29.7359708515,0.0027530724,-0.0327820815,24.4305013959,0.0015054564,0.0136529799,1.0000000000,,,,,,,,,
149,15.1586,1785357770.005,2,,,,,,,,,,,,,,,,,0,acquiring:0/30,none,1,1920,1200,0.200000,101;102,1,0,world_rms>0.050;pnp_baseline_error>0.500,2-tag corner homography,1.202617,0.901935,101,102,3.358065,4.260000,0,0.050000,0.500000,590.9628888758,0.0000000000,1007.8592059077,0.0000000000,592.3761043005,547.7101609771,0.0000000000,0.0000000000,1.0000000000,-0.0359937509,0.0291287486,0.0062609452,0.0003552766,-0.0208418310,1,0.000000,0.000000,322.207,707.098,65.498,791.538,9.685,779.979,79.452,716.323,134.767,722.735,-2.840219,0.618029,1.796063,3.416819,,,1,4.260000,0.000000,1689.965,854.125,1843.254,934.445,1760.707,935.440,1705.980,840.219,1784.386,843.578,-1.226503,-0.535724,-0.913434,1.620393,,,0.0003574591,-0.0076176918,5.5991292285,0.0000346331,-0.0004783382,0.3543950741,-0.0001621114,-0.0009229516,1.0000000000,,,,,,,,,
150,15.2479,1785357770.096,2,,,,,,,,,,,,,,,,,0,acquiring:0/30,none,1,1920,1200,0.200000,101;102,1,0,world_rms>0.050;pnp_baseline_error>0.500,2-tag corner homography,0.367911,0.875232,101,102,3.384768,4.260000,0,0.050000,0.500000,590.9628888758,0.0000000000,1007.8592059077,0.0000000000,592.3761043005,547.7101609771,0.0000000000,0.0000000000,1.0000000000,-0.0359937509,0.0291287486,0.0062609452,0.0003552766,-0.0208418310,1,0.000000,0.000000,322.130,707.107,65.927,791.476,9.700,779.407,79.497,716.269,134.632,723.242,-2.861910,0.622723,1.809941,3.442993,,,1,4.260000,0.000000,1689.952,854.093,1843.377,934.407,1760.582,935.360,1705.272,840.178,1783.956,843.380,-1.236224,-0.539955,-0.921720,1.633821,,,0.0090814016,0.0089147173,-7.3649356577,0.0007511866,-0.0089624720,6.6823713026,0.0003596083,0.0026073493,1.0000000000,,,,,,,,,
151,15.3385,1785357770.186,2,,,,,,,,,,,,,,,,,0,acquiring:0/30,none,1,1920,1200,0.200000,101;102,1,0,world_rms>0.050;pnp_baseline_error>0.500,2-tag corner homography,0.382529,0.884657,101,102,3.375343,4.260000,0,0.050000,0.500000,590.9628888758,0.0000000000,1007.8592059077,0.0000000000,592.3761043005,547.7101609771,0.0000000000,0.0000000000,1.0000000000,-0.0359937509,0.0291287486,0.0062609452,0.0003552766,-0.0208418310,1,0.000000,0.000000,322.222,707.061,65.698,791.479,9.413,779.461,79.422,716.318,134.720,723.115,-2.857561,0.621662,1.806967,3.437623,,,1,4.260000,0.000000,1689.987,854.073,1843.515,934.497,1760.483,935.427,1706.029,840.137,1784.427,843.469,-1.222619,-0.533917,-0.910484,1.615192,,,0.0259095729,0.0256796178,-21.1922177206,0.0019940066,-0.0237700539,17.7160747886,0.0010518302,0.0094697356,1.0000000000,,,,,,,,,
152,15.4296,1785357770.285,2,,,,,,,,,,,,,,,,,0,acquiring:0/30,none,1,1920,1200,0.200000,101;102,1,0,world_rms>0.050;pnp_baseline_error>0.500,2-tag corner homography,0.371083,0.899551,101,102,3.360449,4.260000,0,0.050000,0.500000,590.9628888758,0.0000000000,1007.8592059077,0.0000000000,592.3761043005,547.7101609771,0.0000000000,0.0000000000,1.0000000000,-0.0359937509,0.0291287486,0.0062609452,0.0003552766,-0.0208418310,1,0.000000,0.000000,322.121,707.227,65.893,791.549,9.641,780.073,79.652,716.151,134.829,723.258,-2.844829,0.619499,1.799269,3.422602,,,1,4.260000,0.000000,1689.988,854.072,1843.383,934.370,1760.676,935.375,1706.021,840.390,1784.317,843.374,-1.216026,-0.531033,-0.905521,1.606451,,,0.0091514538,0.0089863306,-7.4256612721,0.0007496811,-0.0089395235,6.6665861464,0.0003877916,0.0025863720,1.0000000000,,,,,,,,,
153,15.5363,1785357770.403,2,,,,,,,,,,,,,,,,,0,acquiring:0/30,none,1,1920,1200,0.200000,101;102,1,0,world_rms>0.050;pnp_baseline_error>0.500,2-tag corner homography,0.374000,0.897016,101,102,3.362984,4.260000,0,0.050000,0.500000,590.9628888758,0.0000000000,1007.8592059077,0.0000000000,592.3761043005,547.7101609771,0.0000000000,0.0000000000,1.0000000000,-0.0359937509,0.0291287486,0.0062609452,0.0003552766,-0.0208418310,1,0.000000,0.000000,321.991,707.306,65.631,791.571,9.833,780.065,79.652,716.184,135.530,723.372,-2.842859,0.619290,1.798352,3.420444,,,1,4.260000,0.000000,1689.983,854.034,1843.494,934.491,1760.494,935.225,1705.353,840.241,1784.456,843.358,-1.229492,-0.536877,-0.916420,1.624719,,,0.0177755110,0.0176158157,-14.5482256973,0.0013981748,-0.0167065320,12.4556437147,0.0006751448,0.0062349109,1.0000000000,,,,,,,,,
154,15.6571,1785357770.527,2,,,,,,,,,,,,,,,,,0,acquiring:0/30,none,1,1920,1200,0.200000,101;102,1,0,world_rms>0.050;pnp_baseline_error>0.500,2-tag corner homography,0.420749,0.880557,101,102,3.379443,4.260000,0,0.050000,0.500000,590.9628888758,0.0000000000,1007.8592059077,0.0000000000,592.3761043005,547.7101609771,0.0000000000,0.0000000000,1.0000000000,-0.0359937509,0.0291287486,0.0062609452,0.0003552766,-0.0208418310,1,0.000000,0.000000,322.066,707.146,65.880,791.516,9.595,779.492,79.696,716.196,134.886,723.285,-2.856404,0.621634,1.806621,3.436473,,,1,4.260000,0.000000,1689.913,854.184,1843.450,934.645,1760.540,935.319,1705.331,840.226,1783.195,843.259,-1.236946,-0.540469,-0.922391,1.634915,,,-0.0652559771,-0.0534590848,44.9554291900,-0.0041076023,0.0492773267,-36.7346499204,-0.0030281453,-0.0265793320,1.0000000000,,,,,,,,,
155,15.7692,1785357770.616,2,,,,,,,,,,,,,,,,,0,acquiring:0/30,none,1,1920,1200,0.200000,101;102,1,0,world_rms>0.050;pnp_baseline_error>0.500,2-tag corner homography,0.376012,0.895399,101,102,3.364601,4.260000,0,0.050000,0.500000,590.9628888758,0.0000000000,1007.8592059077,0.0000000000,592.3761043005,547.7101609771,0.0000000000,0.0000000000,1.0000000000,-0.0359937509,0.0291287486,0.0062609452,0.0003552766,-0.0208418310,1,0.000000,0.000000,322.162,707.295,65.901,791.509,9.692,780.419,79.586,716.260,134.804,723.277,-2.842067,0.619213,1.797504,3.419327,,,1,4.260000,0.000000,1689.962,854.074,1843.229,934.281,1760.726,935.396,1705.267,840.152,1784.266,843.496,-1.238639,-0.540965,-0.923441,1.636952,,,0.0178731073,0.0176262958,-14.5615568339,0.0014018681,-0.0167618391,12.4982959524,0.0006872564,0.0062549735,1.0000000000,,,,,,,,,
156,15.8665,1785357770.714,2,,,,,,,,,,,,,,,,,0,acquiring:0/30,none,1,1920,1200,0.200000,101;102,1,0,world_rms>0.050;pnp_baseline_error>0.500,2-tag corner homography,0.415728,0.887656,101,102,3.372344,4.260000,0,0.050000,0.500000,590.9628888758,0.0000000000,1007.8592059077,0.0000000000,592.3761043005,547.7101609771,0.0000000000,0.0000000000,1.0000000000,-0.0359937509,0.0291287486,0.0062609452,0.0003552766,-0.0208418310,1,0.000000,0.000000,322.101,707.080,65.803,791.535,9.616,779.346,79.581,716.144,134.800,723.196,-2.857032,0.621528,1.806887,3.437116,,,1,4.260000,0.000000,1689.975,854.114,1843.333,934.514,1760.539,935.418,1706.221,840.330,1784.350,843.418,-1.213258,-0.529902,-0.903264,1.602709,,,0.0019836548,-0.0001440846,-0.0310696910,-0.0000258089,0.0003001120,-0.2238859010,0.0001282727,-0.0004778438,1.0000000000,,,,,,,,,
157,15.9578,1785357770.803,2,,,,,,,,,,,,,,,,,0,acquiring:0/30,none,1,1920,1200,0.200000,101;102,1,0,world_rms>0.050;pnp_baseline_error>0.500,2-tag corner homography,0.379239,0.891790,101,102,3.368210,4.260000,0,0.050000,0.500000,590.9628888758,0.0000000000,1007.8592059077,0.0000000000,592.3761043005,547.7101609771,0.0000000000,0.0000000000,1.0000000000,-0.0359937509,0.0291287486,0.0062609452,0.0003552766,-0.0208418310,1,0.000000,0.000000,321.952,707.154,66.023,791.495,9.622,779.542,79.680,716.188,135.194,723.100,-2.851212,0.620446,1.803570,3.430340,,,1,4.260000,0.000000,1689.979,854.096,1843.576,934.562,1760.521,935.398,1705.990,840.295,1784.486,843.476,-1.219272,-0.532500,-0.907946,1.610760,,,0.0227446442,0.0225174659,-18.5915219703,0.0017635806,-0.0210074978,15.6564870305,0.0009089773,0.0082027267,1.0000000000,,,,,,,,,
158,16.0459,1785357770.898,2,,,,,,,,,,,,,,,,,0,acquiring:0/30,none,1,1920,1200,0.200000,101;102,1,0,world_rms>0.050;pnp_baseline_error>0.500,2-tag corner homography,0.381569,0.882356,101,102,3.377644,4.260000,0,0.050000,0.500000,590.9628888758,0.0000000000,1007.8592059077,0.0000000000,592.3761043005,547.7101609771,0.0000000000,0.0000000000,1.0000000000,-0.0359937509,0.0291287486,0.0062609452,0.0003552766,-0.0208418310,1,0.000000,0.000000,322.086,707.100,65.899,791.534,9.629,779.284,79.720,716.159,134.662,723.301,-2.860925,0.622444,1.809397,3.441837,,,1,4.260000,0.000000,1689.972,854.118,1843.540,934.613,1760.606,935.397,1706.027,840.390,1784.576,843.504,-1.217102,-0.531593,-0.906211,1.607839,,,0.0240768239,0.0237442591,-19.6071222950,0.0018619162,-0.0221707431,16.5233581552,0.0009732814,0.0087241603,1.0000000000,,,,,,,,,
159,16.1476,1785357771.015,2,,,,,,,,,,,,,,,,,0,acquiring:0/30,none,1,1920,1200,0.200000,101;102,1,0,world_rms>0.050;pnp_baseline_error>0.500,2-tag corner homography,0.382290,0.905548,101,102,3.354452,4.260000,0,0.050000,0.500000,590.9628888758,0.0000000000,1007.8592059077,0.0000000000,592.3761043005,547.7101609771,0.0000000000,0.0000000000,1.0000000000,-0.0359937509,0.0291287486,0.0062609452,0.0003552766,-0.0208418310,1,0.000000,0.000000,322.081,707.196,65.583,791.502,9.633,780.076,79.455,716.411,135.372,722.852,-2.839158,0.618102,1.795730,3.415774,,,1,4.260000,0.000000,1689.993,854.061,1843.534,934.536,1760.601,935.360,1706.056,840.297,1784.306,843.311,-1.216449,-0.531193,-0.905804,1.606983,,,0.0288873457,0.0287860782,-23.7536872475,0.0022042688,-0.0262882030,19.5948004330,0.0011860553,0.0106633285,1.0000000000,,,,,,,,,
160,16.2650,1785357771.118,2,,,,,,,,,,,,,,,,,0,acquiring:0/30,none,1,1920,1200,0.200000,101;102,1,0,world_rms>0.050;pnp_baseline_error>0.500,2-tag corner homography,0.378340,0.876711,101,102,3.383289,4.260000,0,0.050000,0.500000,590.9628888758,0.0000000000,1007.8592059077,0.0000000000,592.3761043005,547.7101609771,0.0000000000,0.0000000000,1.0000000000,-0.0359937509,0.0291287486,0.0062609452,0.0003552766,-0.0208418310,1,0.000000,0.000000,322.244,707.124,65.746,791.559,9.502,779.491,79.286,716.415,134.758,723.250,-2.860765,0.622637,1.809009,3.441535,,,1,4.260000,0.000000,1689.980,854.023,1843.268,934.189,1760.519,935.338,1705.298,840.086,1784.159,843.377,-1.235932,-0.539679,-0.921482,1.633374,,,0.0232938339,0.0231454571,-19.0994034644,0.0018081928,-0.0216104766,16.1090079954,0.0008919457,0.0085071141,1.0000000000,,,,,,,,,
161,16.3598,1785357771.207,2,,,,,,,,,,,,,,,,,0,acquiring:0/30,none,1,1920,1200,0.200000,101;102,1,0,world_rms>0.050;pnp_baseline_error>0.500,2-tag corner homography,0.179168,0.884982,101,102,3.375018,4.260000,0,0.050000,0.500000,590.9628888758,0.0000000000,1007.8592059077,0.0000000000,592.3761043005,547.7101609771,0.0000000000,0.0000000000,1.0000000000,-0.0359937509,0.0291287486,0.0062609452,0.0003552766,-0.0208418310,1,0.000000,0.000000,322.039,707.069,65.767,791.495,9.512,779.385,79.924,715.993,134.812,723.188,-2.852123,0.620361,1.803894,3.431251,,,1,4.260000,0.000000,1689.966,854.079,1843.395,934.410,1760.585,935.374,1705.484,840.025,1784.283,843.562,-1.239575,-0.541373,-0.923891,1.638049,,,-1.5112400262,-4.2072712588,3267.6176884732,0.0938968557,-1.1373961078,848.3844366405,0.0200859774,-0.8869381326,1.0000000000,,,,,,,,,
162,16.4491,1785357771.293,2,,,,,,,,,,,,,,,,,0,acquiring:0/30,none,1,1920,1200,0.200000,101;102,1,0,world_rms>0.050;pnp_baseline_error>0.500,2-tag corner homography,0.382117,0.886386,101,102,3.373614,4.260000,0,0.050000,0.500000,590.9628888758,0.0000000000,1007.8592059077,0.0000000000,592.3761043005,547.7101609771,0.0000000000,0.0000000000,1.0000000000,-0.0359937509,0.0291287486,0.0062609452,0.0003552766,-0.0208418310,1,0.000000,0.000000,322.005,707.171,65.710,791.575,9.756,779.416,80.040,716.176,134.854,723.335,-2.856007,0.621604,1.806514,3.436082,,,1,4.260000,0.000000,1689.978,854.091,1843.278,934.335,1760.595,935.374,1705.993,840.312,1784.301,843.464,-1.220144,-0.532877,-0.908702,1.611971,,,0.0276725192,0.0274120582,-22.6315479336,0.0021231587,-0.0253083661,18.8625308513,0.0011289240,0.0101757661,1.0000000000,,,,,,,,,
163,16.5357,1785357771.382,2,,,,,,,,,,,,,,,,,0,acquiring:0/30,none,1,1920,1200,0.200000,101;102,1,0,world_rms>0.050;pnp_baseline_error>0.500,2-tag corner homography,0.372501,0.883073,101,102,3.376927,4.260000,0,0.050000,0.500000,590.9628888758,0.0000000000,1007.8592059077,0.0000000000,592.3761043005,547.7101609771,0.0000000000,0.0000000000,1.0000000000,-0.0359937509,0.0291287486,0.0062609452,0.0003552766,-0.0208418310,1,0.000000,0.000000,322.143,707.066,65.711,791.576,9.508,779.190,79.554,716.188,134.812,723.273,-2.860815,0.622326,1.809183,3.441612,,,1,4.260000,0.000000,1689.988,854.081,1843.565,934.594,1760.575,935.309,1706.132,840.320,1784.335,843.389,-1.215579,-0.530850,-0.905043,1.605783,,,0.0051588890,0.0052321086,-4.3089826469,0.0004050363,-0.0048193511,3.5952712012,0.0003157070,0.0007838066,1.0000000000,,,,,,,,,
164,16.6244,1785357771.469,2,,,,,,,,,,,,,,,,,0,acquiring:0/30,none,1,1920,1200,0.200000,101;102,1,0,world_rms>0.050;pnp_baseline_error>0.500,2-tag corner homography,0.362156,0.884541,101,102,3.375459,4.260000,0,0.050000,0.500000,590.9628888758,0.0000000000,1007.8592059077,0.0000000000,592.3761043005,547.7101609771,0.0000000000,0.0000000000,1.0000000000,-0.0359937509,0.0291287486,0.0062609452,0.0003552766,-0.0208418310,1,0.000000,0.000000,322.026,707.097,65.632,791.533,9.656,779.155,79.851,716.215,134.966,723.262,-2.860346,0.622257,1.809147,3.441191,,,1,4.260000,0.000000,1690.017,854.006,1843.629,934.448,1760.569,935.311,1706.094,840.350,1784.394,843.230,-1.211182,-0.528776,-0.901776,1.599927,,,0.0055611190,0.0061375256,-5.0197760547,0.0004405175,-0.0052360550,3.9050747264,0.0003272753,0.0009766375,1.0000000000,,,,,,,,,
165,16.7112,1785357771.555,2,,,,,,,,,,,,,,,,,0,acquiring:0/30,none,1,1920,1200,0.200000,101;102,1,0,world_rms>0.050;pnp_baseline_error>0.500,2-tag corner homography,0.384953,0.896510,101,102,3.363490,4.260000,0,0.050000,0.500000,590.9628888758,0.0000000000,1007.8592059077,0.0000000000,592.3761043005,547.7101609771,0.0000000000,0.0000000000,1.0000000000,-0.0359937509,0.0291287486,0.0062609452,0.0003552766,-0.0208418310,1,0.000000,0.000000,322.324,707.244,65.470,791.493,9.634,780.214,79.436,716.357,134.677,723.446,-2.850442,0.620958,1.802436,3.429195,,,1,4.260000,0.000000,1690.045,853.938,1843.284,933.878,1760.610,935.354,1706.162,840.398,1784.302,843.189,-1.206316,-0.526512,-0.898163,1.593458,,,0.0276030274,0.0273288767,-22.5628913345,0.0021069173,-0.0251808003,18.7747323417,0.0011552263,0.0100902009,1.0000000000,,,,,,,,,
166,16.7971,1785357771.642,2,,,,,,,,,,,,,,,,,0,acquiring:0/30,none,1,1920,1200,0.200000,101;102,1,0,world_rms>0.050;pnp_baseline_error>0.500,2-tag corner homography,0.137512,0.887770,101,102,3.372230,4.260000,0,0.050000,0.500000,590.9628888758,0.0000000000,1007.8592059077,0.0000000000,592.3761043005,547.7101609771,0.0000000000,0.0000000000,1.0000000000,-0.0359937509,0.0291287486,0.0062609452,0.0003552766,-0.0208418310,1,0.000000,0.000000,322.073,707.105,65.625,791.510,9.605,779.392,79.637,716.258,135.055,723.153,-2.855408,0.621256,1.805938,3.435218,,,1,4.260000,0.000000,1689.999,854.045,1843.526,934.464,1760.826,935.361,1706.015,840.319,1784.225,843.302,-1.218744,-0.532164,-0.907527,1.610013,,,1.7571529098,4.4904153987,-3501.0241417446,0.0832071138,-0.9796830661,728.0634862941,-0.2624953704,1.4933177219,1.0000000000,,,,,,,,,
167,16.8839,1785357771.728,2,,,,,,,,,,,,,,,,,0,acquiring:0/30,none,1,1920,1200,0.200000,101;102,1,0,world_rms>0.050;pnp_baseline_error>0.500,2-tag corner homography,0.383717,0.898879,101,102,3.361121,4.260000,0,0.050000,0.500000,590.9628888758,0.0000000000,1007.8592059077,0.0000000000,592.3761043005,547.7101609771,0.0000000000,0.0000000000,1.0000000000,-0.0359937509,0.0291287486,0.0062609452,0.0003552766,-0.0208418310,1,0.000000,0.000000,322.153,707.158,65.676,791.573,9.615,779.850,79.594,716.135,134.857,723.189,-2.846215,0.619541,1.800019,3.424155,,,1,4.260000,0.000000,1689.987,854.082,1843.528,934.532,1760.482,935.301,1706.134,840.338,1784.297,843.386,-1.213993,-0.530161,-0.903899,1.603709,,,0.0280248957,0.0276797246,-22.8557218084,0.0021396877,-0.0255081241,19.0130157516,0.0011547831,0.0102949939,1.0000000000,,,,,,,,,
168,16.9706,1785357771.815,2,,,,,,,,,,,,,,,,,0,acquiring:0/30,none,1,1920,1200,0.200000,101;102,1,0,world_rms>0.050;pnp_baseline_error>0.500,2-tag corner homography,4.974589,0.904563,101,102,3.355437,4.260000,0,0.050000,0.500000,590.9628888758,0.0000000000,1007.8592059077,0.0000000000,592.3761043005,547.7101609771,0.0000000000,0.0000000000,1.0000000000,-0.0359937509,0.0291287486,0.0062609452,0.0003552766,-0.0208418310,1,0.000000,0.000000,322.094,707.225,65.591,791.566,9.536,780.061,80.123,716.001,134.844,723.366,-2.840623,0.618553,1.796659,3.417562,,,1,4.260000,0.000000,1689.994,854.061,1843.199,934.137,1760.603,935.435,1706.150,840.336,1784.287,843.424,-1.214196,-0.530209,-0.904089,1.603986,,,0.0007861095,-0.0092736421,6.8266684356,-0.0000201276,-0.0000804261,0.1054634129,0.0005462751,-0.0022368895,1.0000000000,,,,,,,,,
169,17.0574,1785357771.906,2,,,,,,,,,,,,,,,,,0,acquiring:0/30,none,1,1920,1200,0.200000,101;102,1,0,world_rms>0.050;pnp_baseline_error>0.500,2-tag corner homography,0.370844,0.903647,101,102,3.356353,4.260000,0,0.050000,0.500000,590.9628888758,0.0000000000,1007.8592059077,0.0000000000,592.3761043005,547.7101609771,0.0000000000,0.0000000000,1.0000000000,-0.0359937509,0.0291287486,0.0062609452,0.0003552766,-0.0208418310,1,0.000000,0.000000,322.164,707.249,65.567,791.575,9.574,780.173,79.672,716.192,135.035,723.310,-2.841682,0.618940,1.797215,3.418805,,,1,4.260000,0.000000,1690.009,854.030,1843.103,934.223,1760.739,935.266,1706.232,840.336,1784.411,843.382,-1.214075,-0.530085,-0.903848,1.603717,,,0.0082744404,0.0081542069,-6.7359471219,0.0006793303,-0.0081055307,6.0456274944,0.0003659169,0.0022023331,1.0000000000,,,,,,,,,
170,17.1489,1785357772.000,2,,,,,,,,,,,,,,,,,0,acquiring:0/30,none,1,1920,1200,0.200000,101;102,1,0,world_rms>0.050;pnp_baseline_error>0.500,2-tag corner homography,0.381909,0.887428,101,102,3.372572,4.260000,0,0.050000,0.500000,590.9628888758,0.0000000000,1007.8592059077,0.0000000000,592.3761043005,547.7101609771,0.0000000000,0.0000000000,1.0000000000,-0.0359937509,0.0291287486,0.0062609452,0.0003552766,-0.0208418310,1,0.000000,0.000000,322.071,707.093,65.654,791.491,9.640,779.344,79.732,716.203,134.901,723.200,-2.857150,0.621582,1.807034,3.437301,,,1,4.260000,0.000000,1689.995,854.060,1843.381,934.354,1760.463,935.154,1706.112,840.418,1784.377,843.450,-1.213188,-0.529766,-0.903322,1.602644,,,0.0357014274,0.0361016479,-29.7445597886,0.0027276662,-0.0324890391,24.2105744164,0.0014551982,0.0134853806,1.0000000000,,,,,,,,,
171,17.2419,1785357772.091,2,,,,,,,,,,,,,,,,,0,acquiring:0/30,none,1,1920,1200,0.200000,101;102,1,0,world_rms>0.050;pnp_baseline_error>0.500,2-tag corner homography,0.368799,0.891682,101,102,3.368318,4.260000,0,0.050000,0.500000,590.9628888758,0.0000000000,1007.8592059077,0.0000000000,592.3761043005,547.7101609771,0.0000000000,0.0000000000,1.0000000000,-0.0359937509,0.0291287486,0.0062609452,0.0003552766,-0.0208418310,1,0.000000,0.000000,322.161,707.201,65.588,791.498,9.744,779.881,79.602,716.212,134.858,723.377,-2.851594,0.620897,1.803444,3.430672,,,1,4.260000,0.000000,1689.985,854.079,1843.536,934.646,1760.523,935.390,1706.059,840.212,1784.345,843.336,-1.218853,-0.532283,-0.907625,1.610190,,,0.0047964365,0.0055130896,-4.4950110707,0.0003385795,-0.0040230324,3.0019396463,0.0003605559,0.0005403405,1.0000000000,,,,,,,,,
172,17.3336,1785357772.178,2,,,,,,,,,,,,,,,,,0,acquiring:0/30,none,1,1920,1200,0.200000,101;102,1,0,world_rms>0.050;pnp_baseline_error>0.500,2-tag corner homography,0.384006,0.894151,101,102,3.365849,4.260000,0,0.050000,0.500000,590.9628888758,0.0000000000,1007.8592059077,0.0000000000,592.3761043005,547.7101609771,0.0000000000,0.0000000000,1.0000000000,-0.0359937509,0.0291287486,0.0062609452,0.0003552766,-0.0208418310,1,0.000000,0.000000,322.138,707.198,65.661,791.475,9.738,780.009,79.725,716.208,134.763,723.230,-2.847118,0.619892,1.800656,3.425304,,,1,4.260000,0.000000,1689.931,854.195,1843.394,934.457,1760.629,935.364,1705.965,840.299,1783.437,843.513,-1.225959,-0.535645,-0.913294,1.619876,,,0.0289675899,0.0286579646,-23.6624889989,0.0022137562,-0.0263981090,19.6774167596,0.0011989188,0.0106669317,1.0000000000,,,,,,,,,
173,17.4204,1785357772.267,2,,,,,,,,,,,,,,,,,0,acquiring:0/30,none,1,1920,1200,0.200000,101;102,1,0,world_rms>0.050;pnp_baseline_error>0.500,2-tag corner homography,0.367737,0.876655,101,102,3.383345,4.260000,0,0.050000,0.500000,590.9628888758,0.0000000000,1007.8592059077,0.0000000000,592.3761043005,547.7101609771,0.0000000000,0.0000000000,1.0000000000,-0.0359937509,0.0291287486,0.0062609452,0.0003552766,-0.0208418310,1,0.000000,0.000000,322.174,707.078,65.785,791.467,9.579,779.424,79.467,716.313,134.666,723.146,-2.859841,0.622187,1.808518,3.440428,,,1,4.260000,0.000000,1689.965,854.071,1843.464,934.568,1760.515,935.292,1705.341,840.018,1784.303,843.480,-1.240052,-0.541572,-0.924424,1.638776,,,0.0089886934,0.0088469570,-7.3065802066,0.0007438259,-0.0088746984,6.6169202079,0.0003566339,0.0025692211,1.0000000000,,,,,,,,,
174,17.5094,1785357772.359,2,,,,,,,,,,,,,,,,,0,acquiring:0/30,none,1,1920,1200,0.200000,101;102,1,0,world_rms>0.050;pnp_baseline_error>0.500,2-tag corner homography,0.375419,0.881379,101,102,3.378621,4.260000,0,0.050000,0.500000,590.9628888758,0.0000000000,1007.8592059077,0.0000000000,592.3761043005,547.7101609771,0.0000000000,0.0000000000,1.0000000000,-0.0359937509,0.0291287486,0.0062609452,0.0003552766,-0.0208418310,1,0.000000,0.000000,322.130,707.122,65.882,791.624,9.536,779.445,79.501,716.237,134.840,723.188,-2.855515,0.621397,1.805911,3.435318,,,1,4.260000,0.000000,1689.967,854.071,1843.292,934.401,1760.698,935.420,1705.361,840.069,1784.427,843.514,-1.239294,-0.541237,-0.923776,1.637727,,,0.0178784126,0.0176304429,-14.5595868043,0.0014087382,-0.0168156896,12.5344127626,0.0006759636,0.0062821064,1.0000000000,,,,,,,,,
175,17.6012,1785357772.449,2,,,,,,,,,,,,,,,,,0,acquiring:0/30,none,1,1920,1200,0.200000,101;102,1,0,world_rms>0.050;pnp_baseline_error>0.500,2-tag corner homography,0.413067,0.912108,101,102,3.347892,4.260000,0,0.050000,0.500000,590.9628888758,0.0000000000,1007.8592059077,0.0000000000,592.3761043005,547.7101609771,0.0000000000,0.0000000000,1.0000000000,-0.0359937509,0.0291287486,0.0062609452,0.0003552766,-0.0208418310,1,0.000000,0.000000,322.031,707.186,65.616,791.581,9.645,780.095,79.511,716.259,135.461,722.771,-2.832989,0.616679,1.791917,3.408385,,,1,4.260000,0.000000,1689.987,854.077,1843.411,934.470,1760.582,935.385,1706.073,840.308,1784.290,843.345,-1.216281,-0.531153,-0.905696,1.606782,,,-8.8254705027,-4.6677807418,4149.2090238973,-0.0573440610,0.8115200319,-613.3503294645,-0.2496441883,-3.6749322822,1.0000000000,,,,,,,,,
176,17.6910,1785357772.540,2,,,,,,,,,,,,,,,,,0,acquiring:0/30,none,1,1920,1200,0.200000,101;102,1,0,world_rms>0.050;pnp_baseline_error>0.500,2-tag corner homography,0.383456,0.882345,101,102,3.377655,4.260000,0,0.050000,0.500000,590.9628888758,0.0000000000,1007.8592059077,0.0000000000,592.3761043005,547.7101609771,0.0000000000,0.0000000000,1.0000000000,-0.0359937509,0.0291287486,0.0062609452,0.0003552766,-0.0208418310,1,0.000000,0.000000,322.144,707.067,65.732,791.492,9.589,779.278,79.625,716.268,134.649,723.193,-2.861408,0.622457,1.809557,3.442325,,,1,4.260000,0.000000,1689.998,854.049,1843.571,934.583,1760.726,935.367,1706.005,840.351,1784.323,843.230,-1.215672,-0.530829,-0.905225,1.605948,,,0.0287053211,0.0283937305,-23.4375705986,0.0021979381,-0.0261916808,19.5194613338,0.0011725441,0.0105953764,1.0000000000,,,,,,,,,
177,17.7819,1785357772.629,2,,,,,,,,,,,,,,,,,0,acquiring:0/30,none,1,1920,1200,0.200000,101;102,1,0,world_rms>0.050;pnp_baseline_error>0.500,2-tag corner homography,0.370669,0.895912,101,102,3.364088,4.260000,0,0.050000,0.500000,590.9628888758,0.0000000000,1007.8592059077,0.0000000000,592.3761043005,547.7101609771,0.0000000000,0.0000000000,1.0000000000,-0.0359937509,0.0291287486,0.0062609452,0.0003552766,-0.0208418310,1,0.000000,0.000000,321.895,707.135,65.689,791.537,9.550,779.339,79.787,716.100,135.632,723.164,-2.849374,0.619923,1.802501,3.428155,,,1,4.260000,0.000000,1690.008,854.031,1843.514,934.254,1760.630,935.391,1706.131,840.388,1784.391,843.379,-1.211698,-0.529051,-0.902117,1.600600,,,0.0112741719,0.0111849804,-9.2332260613,0.0009182173,-0.0109331699,8.1496589302,0.0004545975,0.0034964405,1.0000000000,,,,,,,,,
178,17.8709,1785357772.718,2,,,,,,,,,,,,,,,,,0,acquiring:0/30,none,1,1920,1200,0.200000,101;102,1,0,world_rms>0.050;pnp_baseline_error>0.500,2-tag corner homography,0.381060,0.881807,101,102,3.378193,4.260000,0,0.050000,0.500000,590.9628888758,0.0000000000,1007.8592059077,0.0000000000,592.3761043005,547.7101609771,0.0000000000,0.0000000000,1.0000000000,-0.0359937509,0.0291287486,0.0062609452,0.0003552766,-0.0208418310,1,0.000000,0.000000,322.033,707.203,65.965,791.545,9.638,779.521,79.635,716.237,135.060,723.408,-2.858060,0.622210,1.807788,3.438568,,,1,4.260000,0.000000,1690.002,854.018,1843.113,934.004,1760.689,935.368,1705.872,840.137,1784.300,843.501,-1.228476,-0.536374,-0.915138,1.623061,,,0.0322832727,0.0322082136,-26.5753411029,0.0024652029,-0.0294295072,21.9351228255,0.0012842877,0.0121310675,1.0000000000,,,,,,,,,
179,17.9597,1785357772.810,2,,,,,,,,,,,,,,,,,0,acquiring:0/30,none,1,1920,1200,0.200000,101;102,1,0,world_rms>0.050;pnp_baseline_error>0.500,2-tag corner homography,0.380788,0.898351,101,102,3.361649,4.260000,0,0.050000,0.500000,590.9628888758,0.0000000000,1007.8592059077,0.0000000000,592.3761043005,547.7101609771,0.0000000000,0.0000000000,1.0000000000,-0.0359937509,0.0291287486,0.0062609452,0.0003552766,-0.0208418310,1,0.000000,0.000000,322.001,707.220,65.582,791.494,9.638,780.006,80.109,716.085,135.111,723.211,-2.840194,0.618363,1.796565,3.417121,,,1,4.260000,0.000000,1689.954,854.107,1843.370,934.450,1760.684,935.443,1705.395,840.190,1784.269,843.489,-1.235517,-0.539661,-0.920911,1.632731,,,0.0314413043,0.0312030884,-25.7609047401,0.0023910133,-0.0285433820,21.2753091419,0.0012432786,0.0117906611,1.0000000000,,,,,,,,,
180,18.0525,1785357772.898,2,,,,,,,,,,,,,,,,,0,acquiring:0/30,none,1,1920,1200,0.200000,101;102,1,0,world_rms>0.050;pnp_baseline_error>0.500,2-tag corner homography,0.405004,0.895253,101,102,3.364747,4.260000,0,0.050000,0.500000,590.9628888758,0.0000000000,1007.8592059077,0.0000000000,592.3761043005,547.7101609771,0.0000000000,0.0000000000,1.0000000000,-0.0359937509,0.0291287486,0.0062609452,0.0003552766,-0.0208418310,1,0.000000,0.000000,321.990,707.061,65.686,791.527,9.637,779.315,79.820,716.004,135.050,723.087,-2.850443,0.619925,1.802922,3.429265,,,1,4.260000,0.000000,1689.987,854.089,1843.485,934.494,1760.696,935.379,1706.195,840.436,1784.321,843.374,-1.211050,-0.528883,-0.901548,1.599734,,,1.0184602854,0.9069118132,-756.0893936516,0.0698179514,-0.8330783169,620.8018245642,0.0449671808,0.4038485019,1.0000000000,,,,,,,,,
181,18.1400,1785357772.985,2,,,,,,,,,,,,,,,,,0,acquiring:0/30,none,1,1920,1200,0.200000,101;102,1,0,world_rms>0.050;pnp_baseline_error>0.500,2-tag corner homography,0.396791,0.883928,101,102,3.376072,4.260000,0,0.050000,0.500000,590.9628888758,0.0000000000,1007.8592059077,0.0000000000,592.3761043005,547.7101609771,0.0000000000,0.0000000000,1.0000000000,-0.0359937509,0.0291287486,0.0062609452,0.0003552766,-0.0208418310,1,0.000000,0.000000,322.098,707.127,65.816,791.516,9.610,779.415,79.648,716.218,134.821,723.302,-2.858898,0.622126,1.808117,3.439422,,,1,4.260000,0.000000,1689.979,854.098,1843.484,934.549,1760.623,935.357,1706.063,840.302,1784.329,843.443,-1.219045,-0.532403,-0.907727,1.610432,,,0.0048917866,-0.0003669722,-0.0764841304,0.0000036738,-0.0001705888,0.1329103985,0.0000071608,0.0010658441,1.0000000000,,,,,,,,,
182,18.2272,1785357773.075,2,,,,,,,,,,,,,,,,,0,acquiring:0/30,none,1,1920,1200,0.200000,101;102,1,0,world_rms>0.050;pnp_baseline_error>0.500,2-tag corner homography,0.380696,0.901280,101,102,3.358720,4.260000,0,0.050000,0.500000,590.9628888758,0.0000000000,1007.8592059077,0.0000000000,592.3761043005,547.7101609771,0.0000000000,0.0000000000,1.0000000000,-0.0359937509,0.0291287486,0.0062609452,0.0003552766,-0.0208418310,1,0.000000,0.000000,321.967,707.239,65.655,791.544,9.844,779.937,80.186,715.894,134.974,723.425,-2.842525,0.618923,1.798123,3.419979,,,1,4.260000,0.000000,1690.017,853.996,1843.414,934.315,1760.640,935.358,1705.971,840.247,1784.390,843.247,-1.217871,-0.531685,-0.906984,1.608888,,,0.0237477295,0.0234484479,-19.3684919067,0.0018265897,-0.0217964183,16.2469510642,0.0009669530,0.0085745693,1.0000000000,,,,,,,,,
183,18.3166,1785357773.166,2,,,,,,,,,,,,,,,,,0,acquiring:0/30,none,1,1920,1200,0.200000,101;102,1,0,world_rms>0.050;pnp_baseline_error>0.500,2-tag corner homography,0.384038,0.881275,101,102,3.378725,4.260000,0,0.050000,0.500000,590.9628888758,0.0000000000,1007.8592059077,0.0000000000,592.3761043005,547.7101609771,0.0000000000,0.0000000000,1.0000000000,-0.0359937509,0.0291287486,0.0062609452,0.0003552766,-0.0208418310,1,0.000000,0.000000,322.080,707.143,65.902,791.521,9.601,779.337,79.676,716.205,134.822,723.421,-2.862314,0.622923,1.810329,3.443569,,,1,4.260000,0.000000,1689.980,854.091,1843.360,934.384,1760.579,935.307,1706.057,840.417,1784.223,843.403,-1.214853,-0.530561,-0.904653,1.604917,,,0.0346114727,0.0342771988,-28.2962577627,0.0026315243,-0.0313643136,23.3753710150,0.0014118223,0.0130088192,1.0000000000,,,,,,,,,
184,18.4079,1785357773.252,2,,,,,,,,,,,,,,,,,0,acquiring:0/30,none,1,1920,1200,0.200000,101;102,1,0,world_rms>0.050;pnp_baseline_error>0.500,2-tag corner homography,0.371769,0.881555,101,102,3.378445,4.260000,0,0.050000,0.500000,590.9628888758,0.0000000000,1007.8592059077,0.0000000000,592.3761043005,547.7101609771,0.0000000000,0.0000000000,1.0000000000,-0.0359937509,0.0291287486,0.0062609452,0.0003552766,-0.0208418310,1,0.000000,0.000000,322.123,707.123,65.812,791.516,9.599,779.350,79.535,716.295,134.834,723.309,-2.861950,0.622793,1.809994,3.443066,,,1,4.260000,0.000000,1689.994,854.068,1843.493,934.500,1760.622,935.333,1706.208,840.256,1784.303,843.414,-1.216388,-0.531174,-0.905587,1.606808,,,0.0094338765,0.0092932743,-7.6751398658,0.0007752916,-0.0092359235,6.8862911647,0.0003997759,0.0027025468,1.0000000000,,,,,,,,,
185,18.4940,1785357773.338,2,,,,,,,,,,,,,,,,,0,acquiring:0/30,none,1,1920,1200,0.200000,101;102,1,0,world_rms>0.050;pnp_baseline_error>0.500,2-tag corner homography,0.377254,0.892766,101,102,3.367234,4.260000,0,0.050000,0.500000,590.9628888758,0.0000000000,1007.8592059077,0.0000000000,592.3761043005,547.7101609771,0.0000000000,0.0000000000,1.0000000000,-0.0359937509,0.0291287486,0.0062609452,0.0003552766,-0.0208418310,1,0.000000,0.000000,322.064,707.140,65.700,791.489,9.824,779.853,79.756,716.059,134.808,723.084,-2.844515,0.619025,1.799100,3.422166,,,1,4.260000,0.000000,1689.955,854.092,1843.399,934.484,1760.526,935.387,1705.305,840.058,1784.293,843.515,-1.239519,-0.541387,-0.924077,1.638116,,,0.0212890719,0.0211180260,-17.4321936420,0.0016556468,-0.0197593489,14.7275111811,0.0008242379,0.0076584072,1.0000000000,,,,,,,,,
186,18.5806,1785357773.461,2,,,,,,,,,,,,,,,,,0,acquiring:0/30,none,1,1920,1200,0.200000,101;102,1,0,world_rms>0.050;pnp_baseline_error>0.500,2-tag corner homography,0.379383,0.905889,101,102,3.354111,4.260000,0,0.050000,0.500000,590.9628888758,0.0000000000,1007.8592059077,0.0000000000,592.3761043005,547.7101609771,0.0000000000,0.0000000000,1.0000000000,-0.0359937509,0.0291287486,0.0062609452,0.0003552766,-0.0208418310,1,0.000000,0.000000,322.047,707.240,65.722,791.578,9.595,780.189,79.732,715.937,135.257,723.278,-2.835452,0.617450,1.793495,3.411401,,,1,4.260000,0.000000,1689.976,854.097,1843.427,934.503,1760.729,935.337,1705.965,840.171,1784.386,843.593,-1.228860,-0.536695,-0.915172,1.623477,,,0.0224335869,0.0221550014,-18.2988574034,0.0017331319,-0.0206736741,15.4111160625,0.0008935099,0.0080784529,1.0000000000,,,,,,,,,
187,18.7034,1785357773.565,2,,,,,,,,,,,,,,,,,0,acquiring:0/30,none,1,1920,1200,0.200000,101;102,1,0,world_rms>0.050;pnp_baseline_error>0.500,2-tag corner homography,0.375193,0.888611,101,102,3.371389,4.260000,0,0.050000,0.500000,590.9628888758,0.0000000000,1007.8592059077,0.0000000000,592.3761043005,547.7101609771,0.0000000000,0.0000000000,1.0000000000,-0.0359937509,0.0291287486,0.0062609452,0.0003552766,-0.0208418310,1,0.000000,0.000000,322.089,707.194,65.883,791.520,9.629,779.899,79.604,716.246,134.944,723.137,-2.847349,0.619882,1.800894,3.425620,,,1,4.260000,0.000000,1689.974,854.029,1843.311,934.355,1760.518,935.253,1705.171,839.970,1784.325,843.487,-1.242867,-0.542727,-0.926787,1.642621,,,0.0186880637,0.0184687079,-15.2519190459,0.0014654677,-0.0175167779,13.0581589139,0.0007055205,0.0066191836,1.0000000000,,,,,,,,,
188,18.8121,1785357773.656,2,,,,,,,,,,,,,,,,,0,acquiring:0/30,none,1,1920,1200,0.200000,101;102,1,0,world_rms>0.050;pnp_baseline_error>0.500,2-tag corner homography,0.384474,0.901442,101,102,3.358558,4.260000,0,0.050000,0.500000,590.9628888758,0.0000000000,1007.8592059077,0.0000000000,592.3761043005,547.7101609771,0.0000000000,0.0000000000,1.0000000000,-0.0359937509,0.0291287486,0.0062609452,0.0003552766,-0.0208418310,1,0.000000,0.000000,322.143,707.242,65.605,791.516,9.817,780.179,79.737,716.204,134.801,723.260,-2.843703,0.619334,1.798528,3.421246,,,1,4.260000,0.000000,1690.006,854.032,1843.342,934.424,1760.620,935.304,1706.105,840.331,1784.420,843.270,-1.213802,-0.529974,-0.903771,1.603431,,,0.0294859129,0.0291532608,-24.0750100092,0.0022402491,-0.0267369793,19.9316254547,0.0012316018,0.0108565590,1.0000000000,,,,,,,,,
189,18.9050,1785357773.749,2,,,,,,,,,,,,,,,,,0,acquiring:0/30,none,1,1920,1200,0.200000,101;102,1,0,world_rms>0.050;pnp_baseline_error>0.500,2-tag corner homography,0.381608,0.899033,101,102,3.360967,4.260000,0,0.050000,0.500000,590.9628888758,0.0000000000,1007.8592059077,0.0000000000,592.3761043005,547.7101609771,0.0000000000,0.0000000000,1.0000000000,-0.0359937509,0.0291287486,0.0062609452,0.0003552766,-0.0208418310,1,0.000000,0.000000,322.089,707.216,65.646,791.501,9.755,780.027,79.696,716.158,135.008,723.236,-2.844392,0.619330,1.799044,3.422089,,,1,4.260000,0.000000,1689.978,854.079,1843.425,934.492,1760.584,935.364,1705.780,840.390,1784.187,843.244,-1.218565,-0.532174,-0.907767,1.610016,,,0.0263455165,0.0260680635,-21.5254638795,0.0020181903,-0.0240807996,17.9503686408,0.0010657596,0.0096500140,1.0000000000,,,,,,,,,
190,18.9983,1785357773.843,2,,,,,,,,,,,,,,,,,0,acquiring:0/30,none,1,1920,1200,0.200000,101;102,1,0,world_rms>0.050;pnp_baseline_error>0.500,2-tag corner homography,0.381945,0.890153,101,102,3.369847,4.260000,0,0.050000,0.500000,590.9628888758,0.0000000000,1007.8592059077,0.0000000000,592.3761043005,547.7101609771,0.0000000000,0.0000000000,1.0000000000,-0.0359937509,0.0291287486,0.0062609452,0.0003552766,-0.0208418310,1,0.000000,0.000000,321.988,707.176,65.883,791.468,9.640,779.537,79.803,716.082,135.097,723.408,-2.854989,0.621391,1.805909,3.434880,,,1,4.260000,0.000000,1690.002,854.036,1843.003,934.110,1760.416,935.248,1706.153,840.382,1784.252,843.297,-1.210207,-0.528420,-0.901211,1.598752,,,0.0283397063,0.0281268635,-23.2177734186,0.0021712320,-0.0258895188,19.2954128320,0.0011555122,0.0104519765,1.0000000000,,,,,,,,,
191,19.0904,1785357773.935,2,,,,,,,,,,,,,,,,,0,acquiring:0/30,none,1,1920,1200,0.200000,101;102,1,0,world_rms>0.050;pnp_baseline_error>0.500,2-tag corner homography,0.386482,0.886660,101,102,3.373340,4.260000,0,0.050000,0.500000,590.9628888758,0.0000000000,1007.8592059077,0.0000000000,592.3761043005,547.7101609771,0.0000000000,0.0000000000,1.0000000000,-0.0359937509,0.0291287486,0.0062609452,0.0003552766,-0.0208418310,1,0.000000,0.000000,322.151,707.149,65.637,791.612,9.550,779.455,79.743,716.277,134.780,723.332,-2.857279,0.621908,1.807009,3.437455,,,1,4.260000,0.000000,1689.990,854.073,1843.502,934.410,1760.584,935.393,1706.129,840.305,1784.214,843.390,-1.215508,-0.530805,-0.905050,1.605718,,,0.0834476507,0.0844628576,-69.5871904258,0.0062028221,-0.0739459957,55.1085896570,0.0034767783,0.0328639137,1.0000000000,,,,,,,,,
192,19.1839,1785357774.028,2,,,,,,,,,,,,,,,,,0,acquiring:0/30,none,1,1920,1200,0.200000,101;102,1,0,world_rms>0.050;pnp_baseline_error>0.500,2-tag corner homography,0.380806,0.904181,101,102,3.355819,4.260000,0,0.050000,0.500000,590.9628888758,0.0000000000,1007.8592059077,0.0000000000,592.3761043005,547.7101609771,0.0000000000,0.0000000000,1.0000000000,-0.0359937509,0.0291287486,0.0062609452,0.0003552766,-0.0208418310,1,0.000000,0.000000,322.062,707.319,65.700,791.533,9.701,780.393,80.224,716.067,134.799,723.418,-2.837945,0.618334,1.795115,3.414484,,,1,4.260000,0.000000,1689.973,854.091,1843.307,934.406,1760.695,935.328,1705.784,840.348,1784.242,843.409,-1.224038,-0.534589,-0.911838,1.617252,,,0.0241094073,0.0238595103,-19.7065314823,0.0018533857,-0.0221298808,16.4989402157,0.0009796761,0.0087262439,1.0000000000,,,,,,,,,
193,19.2716,1785357774.116,2,,,,,,,,,,,,,,,,,0,acquiring:0/30,none,1,1920,1200,0.200000,101;102,1,0,world_rms>0.050;pnp_baseline_error>0.500,2-tag corner homography,0.383425,0.896476,101,102,3.363524,4.260000,0,0.050000,0.500000,590.9628888758,0.0000000000,1007.8592059077,0.0000000000,592.3761043005,547.7101609771,0.0000000000,0.0000000000,1.0000000000,-0.0359937509,0.0291287486,0.0062609452,0.0003552766,-0.0208418310,1,0.000000,0.000000,322.143,707.175,65.639,791.572,9.699,779.793,79.649,716.312,134.820,723.132,-2.849408,0.620295,1.802071,3.428025,,,1,4.260000,0.000000,1689.987,854.083,1843.363,934.402,1760.615,935.345,1706.188,840.436,1784.168,843.318,-1.210102,-0.528463,-0.900951,1.598541,,,0.0352405372,0.0355260989,-29.2822877692,0.0026804020,-0.0319454541,23.8101475689,0.0014653828,0.0132336178,1.0000000000,,,,,,,,,
194,19.3638,1785357774.208,2,,,,,,,,,,,,,,,,,0,acquiring:0/30,none,1,1920,1200,0.200000,101;102,1,0,world_rms>0.050;pnp_baseline_error>0.500,2-tag corner homography,0.370874,0.893741,101,102,3.366259,4.260000,0,0.050000,0.500000,590.9628888758,0.0000000000,1007.8592059077,0.0000000000,592.3761043005,547.7101609771,0.0000000000,0.0000000000,1.0000000000,-0.0359937509,0.0291287486,0.0062609452,0.0003552766,-0.0208418310,1,0.000000,0.000000,322.107,707.242,65.693,791.630,9.935,779.870,79.584,716.216,134.903,723.345,-2.849994,0.620675,1.802576,3.428846,,,1,4.260000,0.000000,1689.990,854.070,1843.377,934.406,1760.524,935.328,1706.092,840.289,1784.339,843.413,-1.217018,-0.531461,-0.906238,1.607747,,,0.0058360726,0.0057666055,-4.7623579010,0.0004726110,-0.0056352512,4.2043690703,0.0003121156,0.0011167589,1.0000000000,,,,,,,,,
195,19.4567,1785357774.307,2,,,,,,,,,,,,,,,,,0,acquiring:0/30,none,1,1920,1200,0.200000,101;102,1,0,world_rms>0.050;pnp_baseline_error>0.500,2-tag corner homography,0.429386,0.892830,101,102,3.367170,4.260000,0,0.050000,0.500000,590.9628888758,0.0000000000,1007.8592059077,0.0000000000,592.3761043005,547.7101609771,0.0000000000,0.0000000000,1.0000000000,-0.0359937509,0.0291287486,0.0062609452,0.0003552766,-0.0208418310,1,0.000000,0.000000,322.140,706.994,65.717,791.508,9.473,779.278,79.631,716.197,134.645,722.898,-2.854204,0.620586,1.804942,3.433573,,,1,4.260000,0.000000,1689.982,854.102,1843.525,934.537,1760.601,935.387,1706.286,840.465,1784.132,843.299,-1.206300,-0.526834,-0.897959,1.593438,,,-0.0425540676,-0.0341306199,28.7539197997,-0.0025849468,0.0309460037,-23.0647636828,-0.0020782884,-0.0174968648,1.0000000000,,,,,,,,,
196,19.5563,1785357774.401,2,,,,,,,,,,,,,,,,,0,acquiring:0/30,none,1,1920,1200,0.200000,101;102,1,0,world_rms>0.050;pnp_baseline_error>0.500,2-tag corner homography,0.378549,0.883369,101,102,3.376631,4.260000,0,0.050000,0.500000,590.9628888758,0.0000000000,1007.8592059077,0.0000000000,592.3761043005,547.7101609771,0.0000000000,0.0000000000,1.0000000000,-0.0359937509,0.0291287486,0.0062609452,0.0003552766,-0.0208418310,1,0.000000,0.000000,322.173,707.218,65.644,791.508,9.665,779.807,79.422,716.432,135.016,723.329,-2.855536,0.621836,1.805929,3.435425,,,1,4.260000,0.000000,1689.979,854.059,1843.384,934.320,1760.660,935.255,1705.526,840.253,1784.446,843.556,-1.232237,-0.538116,-0.918231,1.628228,,,0.0222912906,0.0221109339,-18.2531341312,0.0017336420,-0.0207076572,15.4377898819,0.0008684978,0.0080616010,1.0000000000,,,,,,,,,
197,19.6561,1785357774.502,2,,,,,,,,,,,,,,,,,0,acquiring:0/30,none,1,1920,1200,0.200000,101;102,1,0,world_rms>0.050;pnp_baseline_error>0.500,2-tag corner homography,0.375387,0.896626,101,102,3.363374,4.260000,0,0.050000,0.500000,590.9628888758,0.0000000000,1007.8592059077,0.0000000000,592.3761043005,547.7101609771,0.0000000000,0.0000000000,1.0000000000,-0.0359937509,0.0291287486,0.0062609452,0.0003552766,-0.0208418310,1,0.000000,0.000000,322.006,707.281,65.816,791.511,9.662,780.184,79.810,716.177,135.252,723.234,-2.840116,0.618602,1.796563,3.417099,,,1,4.260000,0.000000,1689.937,854.111,1843.491,934.449,1760.520,935.260,1705.227,840.125,1783.222,843.250,-1.239884,-0.541607,-0.924734,1.638836,,,0.0190681601,0.0188971269,-15.6054325356,0.0014926755,-0.0178418213,13.3014400411,0.0007314370,0.0067536295,1.0000000000,,,,,,,,,
198,19.7446,1785357774.591,2,,,,,,,,,,,,,,,,,0,acquiring:0/30,none,1,1920,1200,0.200000,101;102,1,0,world_rms>0.050;pnp_baseline_error>0.500,2-tag corner homography,0.373323,0.894961,101,102,3.365039,4.260000,0,0.050000,0.500000,590.9628888758,0.0000000000,1007.8592059077,0.0000000000,592.3761043005,547.7101609771,0.0000000000,0.0000000000,1.0000000000,-0.0359937509,0.0291287486,0.0062609452,0.0003552766,-0.0208418310,1,0.000000,0.000000,322.230,707.196,65.797,791.505,9.600,780.005,79.384,716.363,134.725,723.206,-2.850761,0.620749,1.802777,3.429602,,,1,4.260000,0.000000,1689.994,854.066,1843.344,934.321,1760.622,935.371,1706.233,840.375,1784.177,843.340,-1.210774,-0.528719,-0.901414,1.599395,,,0.0095528502,0.0094046454,-7.7683338163,0.0007802124,-0.0093037896,6.9383296850,0.0004121436,0.0027355211,1.0000000000,,,,,,,,,
199,19.8339,1785357774.679,2,,,,,,,,,,,,,,,,,0,acquiring:0/30,none,1,1920,1200,0.200000,101;102,1,0,world_rms>0.050;pnp_baseline_error>0.500,2-tag corner homography,0.380838,0.891849,101,102,3.368151,4.260000,0,0.050000,0.500000,590.9628888758,0.0000000000,1007.8592059077,0.0000000000,592.3761043005,547.7101609771,0.0000000000,0.0000000000,1.0000000000,-0.0359937509,0.0291287486,0.0062609452,0.0003552766,-0.0208418310,1,0.000000,0.000000,322.006,707.081,65.750,791.528,9.519,779.297,79.779,715.994,135.105,723.241,-2.853089,0.620598,1.804582,3.432459,,,1,4.260000,0.000000,1689.989,854.068,1843.449,934.472,1760.488,935.376,1706.012,840.394,1784.278,843.246,-1.212211,-0.529362,-0.902733,1.601439,,,0.0259161773,0.0256764763,-21.1940190526,0.0019948184,-0.0237593455,17.7054801216,0.0010403428,0.0094946782,1.0000000000,,,,,,,,,
200,19.9222,1785357774.774,2,,,,,,,,,,,,,,,,,0,acquiring:0/30,none,1,1920,1200,0.200000,101;102,1,0,world_rms>0.050;pnp_baseline_error>0.500,2-tag corner homography,0.421531,0.892044,101,102,3.367956,4.260000,0,0.050000,0.500000,590.9628888758,0.0000000000,1007.8592059077,0.0000000000,592.3761043005,547.7101609771,0.0000000000,0.0000000000,1.0000000000,-0.0359937509,0.0291287486,0.0062609452,0.0003552766,-0.0208418310,1,0.000000,0.000000,322.004,707.083,65.866,791.539,9.677,779.432,79.724,716.178,134.922,722.922,-2.850142,0.619962,1.802723,3.428917,,,1,4.260000,0.000000,1689.972,854.104,1843.436,934.533,1760.557,935.416,1705.973,840.214,1784.297,843.451,-1.223031,-0.534166,-0.910876,1.615807,,,-0.0332906170,-0.0289526508,24.1941657991,-0.0020774622,0.0248540209,-18.5216926728,-0.0016172222,-0.0140301836,1.0000000000,,,,,,,,,
201,20.0312,1785357774.882,2,,,,,,,,,,,,,,,,,0,acquiring:0/30,none,1,1920,1200,0.200000,101;102,1,0,world_rms>0.050;pnp_baseline_error>0.500,2-tag corner homography,0.384002,0.886030,101,102,3.373970,4.260000,0,0.050000,0.500000,590.9628888758,0.0000000000,1007.8592059077,0.0000000000,592.3761043005,547.7101609771,0.0000000000,0.0000000000,1.0000000000,-0.0359937509,0.0291287486,0.0062609452,0.0003552766,-0.0208418310,1,0.000000,0.000000,322.042,707.086,65.838,791.606,9.676,779.148,79.741,716.089,134.805,723.282,-2.859728,0.622092,1.808716,3.440421,,,1,4.260000,0.000000,1689.998,854.056,1843.487,934.443,1760.626,935.401,1706.181,840.425,1784.232,843.224,-1.208204,-0.527576,-0.899495,1.595990,,,0.0317397657,0.0313674604,-25.8965720344,0.0024174548,-0.0287898790,21.4540676439,0.0013042412,0.0118169038,1.0000000000,,,,,,,,,
202,20.1246,1785357774.969,2,,,,,,,,,,,,,,,,,0,acquiring:0/30,none,1,1920,1200,0.200000,101;102,1,0,world_rms>0.050;pnp_baseline_error>0.500,2-tag corner homography,0.355298,0.896448,101,102,3.363552,4.260000,0,0.050000,0.500000,590.9628888758,0.0000000000,1007.8592059077,0.0000000000,592.3761043005,547.7101609771,0.0000000000,0.0000000000,1.0000000000,-0.0359937509,0.0291287486,0.0062609452,0.0003552766,-0.0208418310,1,0.000000,0.000000,322.081,707.144,65.813,791.550,9.643,779.822,79.742,716.105,134.815,723.064,-2.844470,0.619045,1.799043,3.422102,,,1,4.260000,0.000000,1689.944,854.133,1843.350,934.469,1760.671,935.429,1705.368,840.444,1784.211,843.383,-1.226784,-0.535900,-0.914383,1.621198,,,-0.0015085484,-0.0024036154,1.9241685142,0.0000179337,-0.0002399923,0.1795493260,-0.0006369150,-0.0006057731,1.0000000000,,,,,,,,,
203,20.2230,1785357775.077,2,,,,,,,,,,,,,,,,,0,acquiring:0/30,none,1,1920,1200,0.200000,101;102,1,0,world_rms>0.050;pnp_baseline_error>0.500,2-tag corner homography,0.427649,0.878945,101,102,3.381055,4.260000,0,0.050000,0.500000,590.9628888758,0.0000000000,1007.8592059077,0.0000000000,592.3761043005,547.7101609771,0.0000000000,0.0000000000,1.0000000000,-0.0359937509,0.0291287486,0.0062609452,0.0003552766,-0.0208418310,1,0.000000,0.000000,322.109,707.114,65.502,791.512,9.674,779.388,79.801,716.121,134.844,723.393,-2.857682,0.621817,1.807314,3.437934,,,1,4.260000,0.000000,1689.936,854.149,1843.230,934.582,1760.654,935.392,1705.349,840.166,1784.407,843.595,-1.239466,-0.541479,-0.923922,1.638019,,,-0.0924091911,-0.0686495858,58.3516901199,-0.0055888039,0.0671632325,-50.0778500372,-0.0042201355,-0.0370525912,1.0000000000,,,,,,,,,
204,20.3249,1785357775.175,1,,,,,,,,,,,,,,,,,0,acquiring:0/30,none,1,1920,1200,0.200000,102,0,0,insufficient,insufficient,,,,,,,0,0.050000,0.500000,590.9628888758,0.0000000000,1007.8592059077,0.0000000000,592.3761043005,547.7101609771,0.0000000000,0.0000000000,1.0000000000,-0.0359937509,0.0291287486,0.0062609452,0.0003552766,-0.0208418310,0,0.000000,0.000000,,,,,,,,,,,,,,,,,1,4.260000,0.000000,1689.959,854.105,1843.383,934.494,1760.776,935.429,1705.526,840.151,1784.179,843.471,-1.236185,-0.539940,-0.921254,1.633523,,,,,,,,,,,,,,,,,,,,
205,20.4203,1785357775.265,2,,,,,,,,,,,,,,,,,0,acquiring:0/30,none,1,1920,1200,0.200000,101;102,1,0,world_rms>0.050;pnp_baseline_error>0.500,2-tag corner homography,0.380721,0.909717,101,102,3.350283,4.260000,0,0.050000,0.500000,590.9628888758,0.0000000000,1007.8592059077,0.0000000000,592.3761043005,547.7101609771,0.0000000000,0.0000000000,1.0000000000,-0.0359937509,0.0291287486,0.0062609452,0.0003552766,-0.0208418310,1,0.000000,0.000000,321.956,707.207,65.926,791.568,9.652,780.089,79.673,716.199,135.349,722.799,-2.833878,0.616899,1.792647,3.409547,,,1,4.260000,0.000000,1689.978,854.097,1843.411,934.417,1760.571,935.350,1706.031,840.286,1784.366,843.536,-1.220950,-0.533238,-0.909213,1.612988,,,0.0257713695,0.0255402676,-21.0879919046,0.0019761909,-0.0235536595,17.5552598897,0.0010451892,0.0094124226,1.0000000000,,,,,,,,,
206,20.5136,1785357775.376,2,,,,,,,,,,,,,,,,,0,acquiring:0/30,none,1,1920,1200,0.200000,101;102,1,0,world_rms>0.050;pnp_baseline_error>0.500,2-tag corner homography,0.382418,0.906434,101,102,3.353566,4.260000,0,0.050000,0.500000,590.9628888758,0.0000000000,1007.8592059077,0.0000000000,592.3761043005,547.7101609771,0.0000000000,0.0000000000,1.0000000000,-0.0359937509,0.0291287486,0.0062609452,0.0003552766,-0.0208418310,1,0.000000,0.000000,321.952,707.198,65.589,791.525,9.953,779.963,79.714,716.048,135.364,723.045,-2.838055,0.617767,1.795288,3.414565,,,1,4.260000,0.000000,1689.999,854.054,1843.577,934.465,1760.610,935.335,1706.071,840.315,1784.589,843.479,-1.217288,-0.531539,-0.906306,1.608016,,,0.0304748446,0.0302182907,-24.9487024790,0.0023178254,-0.0276229738,20.5871867760,0.0012490030,0.0113094541,1.0000000000,,,,,,,,,
207,20.6277,1785357775.473,2,,,,,,,,,,,,,,,,,0,acquiring:0/30,none,1,1920,1200,0.200000,101;102,1,0,world_rms>0.050;pnp_baseline_error>0.500,2-tag corner homography,0.371219,0.902975,101,102,3.357025,4.260000,0,0.050000,0.500000,590.9628888758,0.0000000000,1007.8592059077,0.0000000000,592.3761043005,547.7101609771,0.0000000000,0.0000000000,1.0000000000,-0.0359937509,0.0291287486,0.0062609452,0.0003552766,-0.0208418310,1,0.000000,0.000000,322.180,707.187,65.571,791.586,9.631,780.032,79.767,716.194,134.719,723.149,-2.842750,0.618927,1.797800,3.419998,,,1,4.260000,0.000000,1689.998,854.055,1843.437,934.418,1760.555,935.363,1706.091,840.383,1784.522,843.363,-1.212541,-0.529470,-0.902796,1.601760,,,0.0081455673,0.0080035424,-6.6123718697,0.0006687612,-0.0079730082,5.9462777668,0.0003623264,0.0021456162,1.0000000000,,,,,,,,,
208,20.7251,1785357775.576,2,,,,,,,,,,,,,,,,,0,acquiring:0/30,none,1,1920,1200,0.200000,101;102,1,0,world_rms>0.050;pnp_baseline_error>0.500,2-tag corner homography,0.382346,0.906427,101,102,3.353573,4.260000,0,0.050000,0.500000,590.9628888758,0.0000000000,1007.8592059077,0.0000000000,592.3761043005,547.7101609771,0.0000000000,0.0000000000,1.0000000000,-0.0359937509,0.0291287486,0.0062609452,0.0003552766,-0.0208418310,1,0.000000,0.000000,322.280,707.222,65.381,791.632,9.513,780.210,79.659,716.236,134.781,723.265,-2.840782,0.618725,1.796393,3.417586,,,1,4.260000,0.000000,1689.978,854.114,1843.499,934.464,1760.533,935.285,1706.255,840.514,1784.374,843.509,-1.208113,-0.527650,-0.899283,1.595826,,,0.0205687241,0.0203078797,-16.7703892318,0.0015959286,-0.0190296289,14.1880735393,0.0008570513,0.0072398551,1.0000000000,,,,,,,,,
209,20.8246,1785357775.675,2,,,,,,,,,,,,,,,,,0,acquiring:0/30,none,1,1920,1200,0.200000,101;102,1,0,world_rms>0.050;pnp_baseline_error>0.500,2-tag corner homography,0.380193,0.903990,101,102,3.356010,4.260000,0,0.050000,0.500000,590.9628888758,0.0000000000,1007.8592059077,0.0000000000,592.3761043005,547.7101609771,0.0000000000,0.0000000000,1.0000000000,-0.0359937509,0.0291287486,0.0062609452,0.0003552766,-0.0208418310,1,0.000000,0.000000,322.031,707.179,65.779,791.508,9.585,780.116,80.037,716.000,134.868,723.026,-2.835417,0.617177,1.793446,3.411297,,,1,4.260000,0.000000,1689.957,854.094,1843.249,934.423,1760.285,935.123,1705.434,840.195,1784.276,843.531,-1.233740,-0.538863,-0.919671,1.630424,,,0.0249188117,0.0245185474,-20.2559438768,0.0019115194,-0.0228196166,17.0088581605,0.0009839643,0.0091081281,1.0000000000,,,,,,,,,
210,20.9238,1785357775.768,2,,,,,,,,,,,,,,,,,0,acquiring:0/30,none,1,1920,1200,0.200000,101;102,1,0,world_rms>0.050;pnp_baseline_error>0.500,2-tag corner homography,0.375542,0.882033,101,102,3.377967,4.260000,0,0.050000,0.500000,590.9628888758,0.0000000000,1007.8592059077,0.0000000000,592.3761043005,547.7101609771,0.0000000000,0.0000000000,1.0000000000,-0.0359937509,0.0291287486,0.0062609452,0.0003552766,-0.0208418310,1,0.000000,0.000000,322.119,707.044,65.767,791.549,9.484,779.219,79.513,716.066,134.878,723.236,-2.857774,0.621551,1.807287,3.437948,,,1,4.260000,0.000000,1689.979,854.033,1843.294,934.266,1760.544,935.353,1705.319,840.259,1784.151,843.240,-1.228324,-0.536372,-0.915720,1.623274,,,0.0180605144,0.0178103300,-14.7056137178,0.0014233309,-0.0169835510,12.6577070475,0.0006816068,0.0063603839,1.0000000000,,,,,,,,,
211,21.0166,1785357775.861,2,,,,,,,,,,,,,,,,,0,acquiring:0/30,none,1,1920,1200,0.200000,101;102,1,0,world_rms>0.050;pnp_baseline_error>0.500,2-tag corner homography,0.385332,0.898819,101,102,3.361181,4.260000,0,0.050000,0.500000,590.9628888758,0.0000000000,1007.8592059077,0.0000000000,592.3761043005,547.7101609771,0.0000000000,0.0000000000,1.0000000000,-0.0359937509,0.0291287486,0.0062609452,0.0003552766,-0.0208418310,1,0.000000,0.000000,321.974,707.041,65.715,791.478,9.577,779.432,79.891,716.105,135.023,722.812,-2.845669,0.618792,1.799915,3.423511,,,1,4.260000,0.000000,1690.007,854.021,1843.294,934.249,1760.723,935.387,1706.001,840.331,1784.225,843.235,-1.216083,-0.530957,-0.905647,1.606540,,,0.0412337661,0.0407777596,-33.6625487765,0.0030975213,-0.0369038618,27.4967729622,0.0017047283,0.0156646931,1.0000000000,,,,,,,,,
212,21.1098,1785357775.958,2,,,,,,,,,,,,,,,,,0,acquiring:0/30,none,1,1920,1200,0.200000,101;102,1,0,world_rms>0.050;pnp_baseline_error>0.500,2-tag corner homography,0.383724,0.893207,101,102,3.366793,4.260000,0,0.050000,0.500000,590.9628888758,0.0000000000,1007.8592059077,0.0000000000,592.3761043005,547.7101609771,0.0000000000,0.0000000000,1.0000000000,-0.0359937509,0.0291287486,0.0062609452,0.0003552766,-0.0208418310,1,0.000000,0.000000,322.051,707.076,65.950,791.579,9.479,779.358,79.591,716.117,134.956,723.062,-2.852389,0.620458,1.804046,3.431570,,,1,4.260000,0.000000,1689.992,854.073,1843.421,934.360,1760.616,935.378,1706.204,840.400,1784.302,843.389,-1.210998,-0.528829,-0.901553,1.599680,,,0.0481185678,0.0485045541,-39.9727425330,0.0036257007,-0.0431637034,32.1623199498,0.0019683088,0.0185454102,1.0000000000,,,,,,,,,
213,21.2067,1785357776.051,2,,,,,,,,,,,,,,,,,0,acquiring:0/30,none,1,1920,1200,0.200000,101;102,1,0,world_rms>0.050;pnp_baseline_error>0.500,2-tag corner homography,0.384782,0.910590,101,102,3.349410,4.260000,0,0.050000,0.500000,590.9628888758,0.0000000000,1007.8592059077,0.0000000000,592.3761043005,547.7101609771,0.0000000000,0.0000000000,1.0000000000,-0.0359937509,0.0291287486,0.0062609452,0.0003552766,-0.0208418310,1,0.000000,0.000000,321.905,707.279,65.805,791.565,9.777,780.198,80.098,716.146,135.275,723.013,-2.833492,0.617071,1.792570,3.409218,,,1,4.260000,0.000000,1689.975,854.107,1843.551,934.537,1760.717,935.432,1706.015,840.364,1784.315,843.443,-1.218570,-0.532216,-0.907376,1.609813,,,0.0847937578,0.0859553597,-70.8402492120,0.0062743562,-0.0747811606,55.7319467335,0.0035383283,0.0333959530,1.0000000000,,,,,,,,,
214,21.2935,1785357776.138,2,,,,,,,,,,,,,,,,,0,acquiring:0/30,none,1,1920,1200,0.200000,101;102,1,0,world_rms>0.050;pnp_baseline_error>0.500,2-tag corner homography,5.207506,0.912216,101,102,3.347784,4.260000,0,0.050000,0.500000,590.9628888758,0.0000000000,1007.8592059077,0.0000000000,592.3761043005,547.7101609771,0.0000000000,0.0000000000,1.0000000000,-0.0359937509,0.0291287486,0.0062609452,0.0003552766,-0.0208418310,1,0.000000,0.000000,321.897,707.287,65.763,791.589,9.616,780.358,80.712,715.907,134.921,723.108,-2.826492,0.615571,1.788164,3.400811,,,1,4.260000,0.000000,1689.953,854.102,1843.506,934.541,1760.574,935.376,1705.275,840.170,1784.317,843.505,-1.236624,-0.540141,-0.921873,1.634271,,,0.0012437270,-0.0100702437,7.4599884834,-0.0000507755,0.0005173907,-0.3831133186,0.0002012408,-0.0013530097,1.0000000000,,,,,,,,,
215,21.3806,1785357776.225,2,,,,,,,,,,,,,,,,,0,acquiring:0/30,none,1,1920,1200,0.200000,101;102,1,0,world_rms>0.050;pnp_baseline_error>0.500,2-tag corner homography,0.374908,0.894412,101,102,3.365588,4.260000,0,0.050000,0.500000,590.9628888758,0.0000000000,1007.8592059077,0.0000000000,592.3761043005,547.7101609771,0.0000000000,0.0000000000,1.0000000000,-0.0359937509,0.0291287486,0.0062609452,0.0003552766,-0.0208418310,1,0.000000,0.000000,322.249,707.200,65.383,791.515,9.633,780.180,79.633,716.196,134.779,723.271,-2.843021,0.619095,1.797849,3.420279,,,1,4.260000,0.000000,1689.939,854.118,1843.380,934.528,1760.620,935.421,1705.060,840.178,1784.347,843.518,-1.238943,-0.541201,-0.923883,1.637510,,,0.0168378340,0.0166622515,-13.7575411670,0.0013289199,-0.0158788350,11.8390408151,0.0006387831,0.0058477523,1.0000000000,,,,,,,,,
216,21.4674,1785357776.313,2,,,,,,,,,,,,,,,,,0,acquiring:0/30,none,1,1920,1200,0.200000,101;102,1,0,world_rms>0.050;pnp_baseline_error>0.500,2-tag corner homography,0.375094,0.893916,101,102,3.366084,4.260000,0,0.050000,0.500000,590.9628888758,0.0000000000,1007.8592059077,0.0000000000,592.3761043005,547.7101609771,0.0000000000,0.0000000000,1.0000000000,-0.0359937509,0.0291287486,0.0062609452,0.0003552766,-0.0208418310,1,0.000000,0.000000,321.981,707.214,65.651,791.543,10.087,779.962,79.866,716.072,134.973,723.120,-2.841814,0.618674,1.797624,3.419081,,,1,4.260000,0.000000,1689.956,854.085,1843.332,934.474,1760.542,935.408,1705.286,839.926,1784.353,843.571,-1.244570,-0.543582,-0.927902,1.644822,,,0.0172040308,0.0169538158,-14.0062721437,0.0013530377,-0.0161566331,12.0437665042,0.0006639856,0.0059736779,1.0000000000,,,,,,,,,
217,21.5556,1785357776.400,2,,,,,,,,,,,,,,,,,0,acquiring:0/30,none,1,1920,1200,0.200000,101;102,1,0,world_rms>0.050;pnp_baseline_error>0.500,2-tag corner homography,0.914316,0.881421,101,102,3.378579,4.260000,0,0.050000,0.500000,590.9628888758,0.0000000000,1007.8592059077,0.0000000000,592.3761043005,547.7101609771,0.0000000000,0.0000000000,1.0000000000,-0.0359937509,0.0291287486,0.0062609452,0.0003552766,-0.0208418310,1,0.000000,0.000000,322.073,707.057,65.752,791.516,9.585,779.230,79.715,716.128,134.809,723.179,-2.857943,0.621607,1.807498,3.438209,,,1,4.260000,0.000000,1689.956,854.104,1843.055,934.205,1760.768,935.407,1705.415,840.382,1784.237,843.441,-1.229972,-0.537231,-0.916764,1.625394,,,0.0010805252,0.0008033045,-0.6872502241,0.0000020709,0.0000220428,-0.0172312064,0.0003892942,-0.0013515889,1.0000000000,,,,,,,,,
218,21.6423,1785357776.487,2,,,,,,,,,,,,,,,,,0,acquiring:0/30,none,1,1920,1200,0.200000,101;102,1,0,world_rms>0.050;pnp_baseline_error>0.500,2-tag corner homography,0.376839,0.884491,101,102,3.375509,4.260000,0,0.050000,0.500000,590.9628888758,0.0000000000,1007.8592059077,0.0000000000,592.3761043005,547.7101609771,0.0000000000,0.0000000000,1.0000000000,-0.0359937509,0.0291287486,0.0062609452,0.0003552766,-0.0208418310,1,0.000000,0.000000,322.023,707.085,65.882,791.442,9.614,779.245,79.648,716.246,134.956,723.161,-2.860530,0.622245,1.809258,3.441401,,,1,4.260000,0.000000,1689.981,854.099,1843.351,934.407,1760.577,935.347,1706.226,840.418,1784.215,843.396,-1.210652,-0.528733,-0.901316,1.599252,,,0.0158727588,0.0157620949,-13.0078770563,0.0012632504,-0.0150352810,11.2058422859,0.0006464497,0.0053659111,1.0000000000,,,,,,,,,
219,21.7289,1785357776.574,2,,,,,,,,,,,,,,,,,0,acquiring:0/30,none,1,1920,1200,0.200000,101;102,1,0,world_rms>0.050;pnp_baseline_error>0.500,2-tag corner homography,0.404916,0.909420,101,102,3.350580,4.260000,0,0.050000,0.500000,590.9628888758,0.0000000000,1007.8592059077,0.0000000000,592.3761043005,547.7101609771,0.0000000000,0.0000000000,1.0000000000,-0.0359937509,0.0291287486,0.0062609452,0.0003552766,-0.0208418310,1,0.000000,0.000000,322.113,707.178,65.696,791.573,9.585,780.152,79.816,716.031,134.845,723.043,-2.835454,0.617247,1.793308,3.411267,,,1,4.260000,0.000000,1689.971,854.117,1843.333,934.354,1760.500,935.382,1706.109,840.350,1784.393,843.574,-1.217003,-0.531551,-0.906186,1.607736,,,0.0021485142,0.0003205660,-0.3938025985,0.0000707819,-0.0008560128,0.6407252553,0.0001447703,-0.0004193734,1.0000000000,,,,,,,,,
220,21.8155,1785357776.660,2,,,,,,,,,,,,,,,,,0,acquiring:0/30,none,1,1920,1200,0.200000,101;102,1,0,world_rms>0.050;pnp_baseline_error>0.500,2-tag corner homography,0.381994,0.900227,101,102,3.359773,4.260000,0,0.050000,0.500000,590.9628888758,0.0000000000,1007.8592059077,0.0000000000,592.3761043005,547.7101609771,0.0000000000,0.0000000000,1.0000000000,-0.0359937509,0.0291287486,0.0062609452,0.0003552766,-0.0208418310,1,0.000000,0.000000,322.029,707.255,65.627,791.548,9.740,780.008,79.866,716.119,135.175,723.337,-2.843348,0.619219,1.798538,3.420935,,,1,4.260000,0.000000,1690.005,854.037,1843.322,934.107,1760.550,935.354,1706.191,840.194,1784.393,843.584,-1.219244,-0.532361,-0.907793,1.610606,,,0.0262709966,0.0260393290,-21.5006755738,0.0020145496,-0.0240372564,17.9182876855,0.0010802922,0.0095875300,1.0000000000,,,,,,,,,
221,21.9022,1785357776.747,2,,,,,,,,,,,,,,,,,0,acquiring:0/30,none,1,1920,1200,0.200000,101;102,1,0,world_rms>0.050;pnp_baseline_error>0.500,2-tag corner homography,0.379863,0.902259,101,102,3.357741,4.260000,0,0.050000,0.500000,590.9628888758,0.0000000000,1007.8592059077,0.0000000000,592.3761043005,547.7101609771,0.0000000000,0.0000000000,1.0000000000,-0.0359937509,0.0291287486,0.0062609452,0.0003552766,-0.0208418310,1,0.000000,0.000000,322.109,707.339,65.723,791.583,9.580,780.421,79.644,716.218,135.283,723.385,-2.838199,0.618509,1.795203,3.414774,,,1,4.260000,0.000000,1689.936,854.163,1843.535,934.497,1760.566,935.331,1705.735,840.266,1783.242,843.344,-1.228885,-0.536874,-0.915815,1.623918,,,0.0236085337,0.0233966958,-19.3216852608,0.0018209638,-0.0217535020,16.2195688540,0.0009432657,0.0085539548,1.0000000000,,,,,,,,,
222,21.9888,1785357776.833,2,,,,,,,,,,,,,,,,,0,acquiring:0/30,none,1,1920,1200,0.200000,101;102,1,0,world_rms>0.050;pnp_baseline_error>0.500,2-tag corner homography,0.377475,0.896727,101,102,3.363273,4.260000,0,0.050000,0.500000,590.9628888758,0.0000000000,1007.8592059077,0.0000000000,592.3761043005,547.7101609771,0.0000000000,0.0000000000,1.0000000000,-0.0359937509,0.0291287486,0.0062609452,0.0003552766,-0.0208418310,1,0.000000,0.000000,321.984,707.226,65.560,791.503,9.932,779.944,80.046,716.014,135.025,723.306,-2.843246,0.619037,1.798535,3.420816,,,1,4.260000,0.000000,1689.987,854.034,1843.410,934.328,1760.523,935.216,1705.524,840.214,1784.232,843.392,-1.230025,-0.537103,-0.916694,1.625352,,,0.0201646767,0.0199406184,-16.4686260040,0.0015712017,-0.0187600074,13.9841243032,0.0007944969,0.0071649663,1.0000000000,,,,,,,,,
223,22.0758,1785357776.920,2,,,,,,,,,,,,,,,,,0,acquiring:0/30,none,1,1920,1200,0.200000,101;102,1,0,world_rms>0.050;pnp_baseline_error>0.500,2-tag corner homography,0.381526,0.877130,101,102,3.382870,4.260000,0,0.050000,0.500000,590.9628888758,0.0000000000,1007.8592059077,0.0000000000,592.3761043005,547.7101609771,0.0000000000,0.0000000000,1.0000000000,-0.0359937509,0.0291287486,0.0062609452,0.0003552766,-0.0208418310,1,0.000000,0.000000,322.268,707.067,65.619,791.560,9.605,779.275,79.138,716.642,134.717,723.000,-2.864867,0.623314,1.811501,3.446377,,,1,4.260000,0.000000,1689.987,854.056,1843.408,934.447,1760.664,935.360,1705.754,840.347,1784.260,843.255,-1.220818,-0.533110,-0.909455,1.612982,,,0.0243502552,0.0241477593,-19.9269128640,0.0018841433,-0.0224750918,16.7520072746,0.0009752831,0.0088587418,1.0000000000,,,,,,,,,
224,22.1622,1785357777.007,2,,,,,,,,,,,,,,,,,0,acquiring:0/30,none,1,1920,1200,0.200000,101;102,1,0,world_rms>0.050;pnp_baseline_error>0.500,2-tag corner homography,0.385129,0.883993,101,102,3.376007,4.260000,0,0.050000,0.500000,590.9628888758,0.0000000000,1007.8592059077,0.0000000000,592.3761043005,547.7101609771,0.0000000000,0.0000000000,1.0000000000,-0.0359937509,0.0291287486,0.0062609452,0.0003552766,-0.0208418310,1,0.000000,0.000000,322.124,707.092,65.727,791.544,9.615,779.285,79.663,716.240,134.719,723.252,-2.860557,0.622362,1.809082,3.441351,,,1,4.260000,0.000000,1690.000,854.054,1843.484,934.339,1760.543,935.279,1706.179,840.369,1784.457,843.486,-1.213114,-0.529715,-0.903126,1.602461,,,0.0339930143,0.0336105055,-27.7461932653,0.0025836786,-0.0307850068,22.9425916234,0.0014047461,0.0127201585,1.0000000000,,,,,,,,,
225,22.2488,1785357777.093,2,,,,,,,,,,,,,,,,,0,acquiring:0/30,none,1,1920,1200,0.200000,101;102,1,0,world_rms>0.050;pnp_baseline_error>0.500,2-tag corner homography,0.386170,0.903929,101,102,3.356071,4.260000,0,0.050000,0.500000,590.9628888758,0.0000000000,1007.8592059077,0.0000000000,592.3761043005,547.7101609771,0.0000000000,0.0000000000,1.0000000000,-0.0359937509,0.0291287486,0.0062609452,0.0003552766,-0.0208418310,1,0.000000,0.000000,322.163,707.158,65.374,791.525,9.697,780.012,80.097,716.073,134.543,723.179,-2.841596,0.618544,1.797077,3.418589,,,1,4.260000,0.000000,1689.999,854.051,1843.545,934.415,1760.696,935.386,1706.096,840.372,1784.281,843.321,-1.213751,-0.529990,-0.903702,1.603358,,,0.0341782678,0.0338494134,-27.9436528429,0.0025818569,-0.0307864400,22.9469295527,0.0014446392,0.0127311589,1.0000000000,,,,,,,,,
226,22.3360,1785357777.189,2,,,,,,,,,,,,,,,,,0,acquiring:0/30,none,1,1920,1200,0.200000,101;102,1,0,world_rms>0.050;pnp_baseline_error>0.500,2-tag corner homography,0.375630,0.899107,101,102,3.360893,4.260000,0,0.050000,0.500000,590.9628888758,0.0000000000,1007.8592059077,0.0000000000,592.3761043005,547.7101609771,0.0000000000,0.0000000000,1.0000000000,-0.0359937509,0.0291287486,0.0062609452,0.0003552766,-0.0208418310,1,0.000000,0.000000,322.172,707.240,65.659,791.579,9.608,780.243,79.625,716.084,134.929,723.311,-2.839767,0.618494,1.795979,3.416483,,,1,4.260000,0.000000,1689.957,854.097,1843.363,934.441,1760.593,935.452,1705.318,840.182,1784.487,843.523,-1.234916,-0.539380,-0.920523,1.631965,,,0.0175328630,0.0172935333,-14.2846128636,0.0013769005,-0.0164480167,12.2632688191,0.0006706665,0.0061225427,1.0000000000,,,,,,,,,
227,22.4321,1785357777.281,2,,,,,,,,,,,,,,,,,0,acquiring:0/30,none,1,1920,1200,0.200000,101;102,1,0,world_rms>0.050;pnp_baseline_error>0.500,2-tag corner homography,0.373144,0.888641,101,102,3.371359,4.260000,0,0.050000,0.500000,590.9628888758,0.0000000000,1007.8592059077,0.0000000000,592.3761043005,547.7101609771,0.0000000000,0.0000000000,1.0000000000,-0.0359937509,0.0291287486,0.0062609452,0.0003552766,-0.0208418310,1,0.000000,0.000000,322.242,707.098,65.408,791.511,9.642,779.600,79.534,716.266,134.678,723.221,-2.854981,0.621268,1.805331,3.434546,,,1,4.260000,0.000000,1689.975,854.115,1843.342,934.379,1760.691,935.422,1706.190,840.311,1784.390,843.594,-1.218455,-0.532174,-0.907126,1.609571,,,0.0097278383,0.0095965571,-7.9237187836,0.0007967105,-0.0094899094,7.0759148546,0.0004149354,0.0028167823,1.0000000000,,,,,,,,,
228,22.5231,1785357777.367,2,,,,,,,,,,,,,,,,,0,acquiring:0/30,none,1,1920,1200,0.200000,101;102,1,0,world_rms>0.050;pnp_baseline_error>0.500,2-tag corner homography,0.374808,0.888626,101,102,3.371374,4.260000,0,0.050000,0.500000,590.9628888758,0.0000000000,1007.8592059077,0.0000000000,592.3761043005,547.7101609771,0.0000000000,0.0000000000,1.0000000000,-0.0359937509,0.0291287486,0.0062609452,0.0003552766,-0.0208418310,1,0.000000,0.000000,322.141,707.285,65.755,791.471,9.700,780.198,79.529,716.358,135.034,723.343,-2.847943,0.620435,1.801253,3.426402,,,1,4.260000,0.000000,1689.945,854.112,1843.196,934.360,1760.599,935.408,1705.247,840.126,1784.344,843.589,-1.240266,-0.541760,-0.924704,1.639158,,,0.0173246911,0.0171583334,-14.1693639706,0.0013662665,-0.0163303174,12.1763109688,0.0006606019,0.0060425499,1.0000000000,,,,,,,,,
229,22.6097,1785357777.455,2,,,,,,,,,,,,,,,,,0,acquiring:0/30,none,1,1920,1200,0.200000,101;102,1,0,world_rms>0.050;pnp_baseline_error>0.500,2-tag corner homography,0.382572,0.885595,101,102,3.374405,4.260000,0,0.050000,0.500000,590.9628888758,0.0000000000,1007.8592059077,0.0000000000,592.3761043005,547.7101609771,0.0000000000,0.0000000000,1.0000000000,-0.0359937509,0.0291287486,0.0062609452,0.0003552766,-0.0208418310,1,0.000000,0.000000,322.091,707.034,65.727,791.404,9.656,779.301,79.621,715.954,134.758,723.302,-2.858342,0.621613,1.807692,3.438644,,,1,4.260000,0.000000,1689.981,854.086,1843.319,934.469,1760.492,935.206,1706.043,840.385,1784.152,843.332,-1.215311,-0.530753,-0.905076,1.605566,,,0.0260331049,0.0256676643,-21.1927067314,0.0020036508,-0.0238633617,17.7826777231,0.0010568342,0.0095147934,1.0000000000,,,,,,,,,
230,22.6971,1785357777.541,2,,,,,,,,,,,,,,,,,0,acquiring:0/30,none,1,1920,1200,0.200000,101;102,1,0,world_rms>0.050;pnp_baseline_error>0.500,2-tag corner homography,0.382244,0.905019,101,102,3.354981,4.260000,0,0.050000,0.500000,590.9628888758,0.0000000000,1007.8592059077,0.0000000000,592.3761043005,547.7101609771,0.0000000000,0.0000000000,1.0000000000,-0.0359937509,0.0291287486,0.0062609452,0.0003552766,-0.0208418310,1,0.000000,0.000000,321.995,707.220,65.985,791.525,9.724,780.084,79.806,716.128,134.990,723.031,-2.839469,0.618200,1.796119,3.416255,,,1,4.260000,0.000000,1689.993,854.051,1843.488,934.362,1760.531,935.327,1705.931,840.370,1784.222,843.309,-1.215999,-0.530986,-0.905661,1.606494,,,0.0279230772,0.0275855745,-22.7832269604,0.0021297567,-0.0254022012,18.9337615576,0.0011409371,0.0102707599,1.0000000000,,,,,,,,,
231,22.7836,1785357777.631,2,,,,,,,,,,,,,,,,,0,acquiring:0/30,none,1,1920,1200,0.200000,101;102,1,0,world_rms>0.050;pnp_baseline_error>0.500,2-tag corner homography,0.379876,0.884577,101,102,3.375423,4.260000,0,0.050000,0.500000,590.9628888758,0.0000000000,1007.8592059077,0.0000000000,592.3761043005,547.7101609771,0.0000000000,0.0000000000,1.0000000000,-0.0359937509,0.0291287486,0.0062609452,0.0003552766,-0.0208418310,1,0.000000,0.000000,322.050,707.114,65.895,791.562,9.506,779.299,79.748,716.246,134.894,723.191,-2.857898,0.621814,1.807566,3.438245,,,1,4.260000,0.000000,1689.958,854.133,1843.298,934.396,1760.588,935.314,1706.063,840.305,1783.458,843.310,-1.219417,-0.532655,-0.908325,1.611134,,,0.0213047600,0.0211215539,-17.4340009653,0.0016620488,-0.0198043712,14.7601551650,0.0008619961,0.0075925697,1.0000000000,,,,,,,,,
232,22.8728,1785357777.717,2,,,,,,,,,,,,,,,,,0,acquiring:0/30,none,1,1920,1200,0.200000,101;102,1,0,world_rms>0.050;pnp_baseline_error>0.500,2-tag corner homography,0.384795,0.884253,101,102,3.375747,4.260000,0,0.050000,0.500000,590.9628888758,0.0000000000,1007.8592059077,0.0000000000,592.3761043005,547.7101609771,0.0000000000,0.0000000000,1.0000000000,-0.0359937509,0.0291287486,0.0062609452,0.0003552766,-0.0208418310,1,0.000000,0.000000,322.077,707.105,65.833,791.486,9.599,779.344,79.597,716.309,134.896,723.165,-2.859584,0.622168,1.808573,3.440240,,,1,4.260000,0.000000,1690.018,853.995,1843.338,934.207,1760.640,935.274,1706.059,840.306,1784.182,843.238,-1.215083,-0.530464,-0.904861,1.605177,,,0.0468141280,0.0468634870,-38.6461908111,0.0035239711,-0.0420249163,31.3173105208,0.0019248189,0.0179787456,1.0000000000,,,,,,,,,
233,22.9590,1785357777.807,2,,,,,,,,,,,,,,,,,0,acquiring:0/30,none,1,1920,1200,0.200000,101;102,1,0,world_rms>0.050;pnp_baseline_error>0.500,2-tag corner homography,0.364210,0.893767,101,102,3.366233,4.260000,0,0.050000,0.500000,590.9628888758,0.0000000000,1007.8592059077,0.0000000000,592.3761043005,547.7101609771,0.0000000000,0.0000000000,1.0000000000,-0.0359937509,0.0291287486,0.0062609452,0.0003552766,-0.0208418310,1,0.000000,0.000000,321.993,707.229,65.801,791.595,9.745,779.849,79.852,716.081,135.122,723.273,-2.844640,0.619362,1.799402,3.422489,,,1,4.260000,0.000000,1689.956,854.070,1843.410,934.399,1760.549,935.346,1705.034,840.254,1784.265,843.389,-1.233575,-0.538758,-0.919927,1.630409,,,0.0082436908,0.0081145258,-6.7047197485,0.0006842284,-0.0081689074,6.0916974949,0.0003246010,0.0022675495,1.0000000000,,,,,,,,,
234,23.0492,1785357777.893,2,,,,,,,,,,,,,,,,,0,acquiring:0/30,none,1,1920,1200,0.200000,101;102,1,0,world_rms>0.050;pnp_baseline_error>0.500,2-tag corner homography,0.376832,0.875752,101,102,3.384248,4.260000,0,0.050000,0.500000,590.9628888758,0.0000000000,1007.8592059077,0.0000000000,592.3761043005,547.7101609771,0.0000000000,0.0000000000,1.0000000000,-0.0359937509,0.0291287486,0.0062609452,0.0003552766,-0.0208418310,1,0.000000,0.000000,322.065,707.084,65.972,791.535,9.670,779.202,79.500,716.286,134.812,723.135,-2.862117,0.622621,1.810178,3.443271,,,1,4.260000,0.000000,1689.974,854.055,1843.104,934.110,1760.814,935.499,1705.403,840.200,1784.295,843.441,-1.234271,-0.539009,-0.919999,1.631058,,,0.0199855275,0.0197298297,-16.2908572784,0.0015662644,-0.0186866434,13.9269983000,0.0007644032,0.0071376323,1.0000000000,,,,,,,,,
235,23.1355,1785357777.980,2,,,,,,,,,,,,,,,,,0,acquiring:0/30,none,1,1920,1200,0.200000,101;102,1,0,world_rms>0.050;pnp_baseline_error>0.500,2-tag corner homography,0.371216,0.879247,101,102,3.380753,4.260000,0,0.050000,0.500000,590.9628888758,0.0000000000,1007.8592059077,0.0000000000,592.3761043005,547.7101609771,0.0000000000,0.0000000000,1.0000000000,-0.0359937509,0.0291287486,0.0062609452,0.0003552766,-0.0208418310,1,0.000000,0.000000,322.102,707.115,65.960,791.496,9.614,779.284,79.313,716.447,134.956,723.159,-2.864209,0.623234,1.811458,3.445793,,,1,4.260000,0.000000,1689.993,854.066,1843.462,934.447,1760.711,935.395,1706.091,840.353,1784.402,843.381,-1.215709,-0.530877,-0.905152,1.605951,,,0.0097357070,0.0095990324,-7.9270301527,0.0008003013,-0.0095325473,7.1070766456,0.0004044432,0.0028412239,1.0000000000,,,,,,,,,
236,23.2219,1785357778.066,2,,,,,,,,,,,,,,,,,0,acquiring:0/30,none,1,1920,1200,0.200000,101;102,1,0,world_rms>0.050;pnp_baseline_error>0.500,2-tag corner homography,0.385839,0.886448,101,102,3.373552,4.260000,0,0.050000,0.500000,590.9628888758,0.0000000000,1007.8592059077,0.0000000000,592.3761043005,547.7101609771,0.0000000000,0.0000000000,1.0000000000,-0.0359937509,0.0291287486,0.0062609452,0.0003552766,-0.0208418310,1,0.000000,0.000000,322.219,707.318,65.735,791.502,9.798,780.110,79.321,716.540,134.925,723.506,-2.856929,0.622592,1.806813,3.437185,,,1,4.260000,0.000000,1689.989,854.063,1843.320,934.376,1760.596,935.373,1705.936,840.382,1784.331,843.296,-1.215990,-0.531005,-0.905636,1.606479,,,0.0399577936,0.0396022858,-32.6997123890,0.0030061000,-0.0359184056,26.7803017956,0.0016539243,0.0151403555,1.0000000000,,,,,,,,,
237,23.3084,1785357778.153,2,,,,,,,,,,,,,,,,,0,acquiring:0/30,none,1,1920,1200,0.200000,101;102,1,0,world_rms>0.050;pnp_baseline_error>0.500,2-tag corner homography,0.378297,0.888307,101,102,3.371693,4.260000,0,0.050000,0.500000,590.9628888758,0.0000000000,1007.8592059077,0.0000000000,592.3761043005,547.7101609771,0.0000000000,0.0000000000,1.0000000000,-0.0359937509,0.0291287486,0.0062609452,0.0003552766,-0.0208418310,1,0.000000,0.000000,322.267,707.318,65.782,791.578,9.770,780.280,79.120,716.546,134.922,723.358,-2.851046,0.621349,1.802999,3.430065,,,1,4.260000,0.000000,1690.004,854.003,1843.417,934.329,1760.601,935.389,1705.639,840.046,1784.519,843.409,-1.231748,-0.537780,-0.917775,1.627489,,,0.0189796833,0.0187357120,-15.4759626302,0.0014817220,-0.0177259192,13.2186168944,0.0007478260,0.0066777059,1.0000000000,,,,,,,,,
238,23.3950,1785357778.239,2,,,,,,,,,,,,,,,,,0,acquiring:0/30,none,1,1920,1200,0.200000,101;102,1,0,world_rms>0.050;pnp_baseline_error>0.500,2-tag corner homography,0.387621,0.903555,101,102,3.356445,4.260000,0,0.050000,0.500000,590.9628888758,0.0000000000,1007.8592059077,0.0000000000,592.3761043005,547.7101609771,0.0000000000,0.0000000000,1.0000000000,-0.0359937509,0.0291287486,0.0062609452,0.0003552766,-0.0208418310,1,0.000000,0.000000,321.932,707.181,65.713,791.522,9.683,779.842,80.286,715.961,134.985,723.135,-2.839713,0.618042,1.796361,3.416556,,,1,4.260000,0.000000,1689.989,854.070,1843.525,934.552,1760.575,935.298,1706.026,840.245,1784.442,843.456,-1.220993,-0.533198,-0.909210,1.613005,,,0.0253137811,0.0237965172,-19.7430645537,0.0019107443,-0.0227908589,16.9873284334,0.0010558822,0.0091181877,1.0000000000,,,,,,,,,
239,23.4813,1785357778.332,2,,,,,,,,,,,,,,,,,0,acquiring:0/30,none,1,1920,1200,0.200000,101;102,1,0,world_rms>0.050;pnp_baseline_error>0.500,2-tag corner homography,0.384740,0.898475,101,102,3.361525,4.260000,0,0.050000,0.500000,590.9628888758,0.0000000000,1007.8592059077,0.0000000000,592.3761043005,547.7101609771,0.0000000000,0.0000000000,1.0000000000,-0.0359937509,0.0291287486,0.0062609452,0.0003552766,-0.0208418310,1,0.000000,0.000000,322.146,707.218,65.723,791.533,9.749,780.050,79.669,716.219,134.759,723.234,-2.846317,0.619807,1.800152,3.424358,,,1,4.260000,0.000000,1689.984,854.094,1843.331,934.391,1760.560,935.335,1706.208,840.346,1784.532,843.556,-1.214975,-0.530609,-0.904495,1.604936,,,0.0296388343,0.0292783936,-24.1787430661,0.0022557621,-0.0268975616,20.0504017742,0.0012380778,0.0109181921,1.0000000000,,,,,,,,,
240,23.5739,1785357778.420,2,,,,,,,,,,,,,,,,,0,acquiring:0/30,none,1,1920,1200,0.200000,101;102,1,0,world_rms>0.050;pnp_baseline_error>0.500,2-tag corner homography,0.375734,0.875983,101,102,3.384017,4.260000,0,0.050000,0.500000,590.9628888758,0.0000000000,1007.8592059077,0.0000000000,592.3761043005,547.7101609771,0.0000000000,0.0000000000,1.0000000000,-0.0359937509,0.0291287486,0.0062609452,0.0003552766,-0.0208418310,1,0.000000,0.000000,322.052,707.187,66.131,791.595,9.714,779.409,79.341,716.383,135.018,723.259,-2.861552,0.622915,1.809943,3.442731,,,1,4.260000,0.000000,1689.957,854.093,1843.222,934.298,1760.741,935.435,1705.315,840.258,1784.230,843.448,-1.234346,-0.539126,-0.920155,1.631243,,,0.0207970485,0.0206405463,-17.0384914254,0.0016282944,-0.0194363830,14.4878052344,0.0007846489,0.0074971909,1.0000000000,,,,,,,,,
241,23.6615,1785357778.501,1,,,,,,,,,,,,,,,,,0,acquiring:0/30,none,1,1920,1200,0.200000,102,0,0,insufficient,insufficient,,,,,,,0,0.050000,0.500000,590.9628888758,0.0000000000,1007.8592059077,0.0000000000,592.3761043005,547.7101609771,0.0000000000,0.0000000000,1.0000000000,-0.0359937509,0.0291287486,0.0062609452,0.0003552766,-0.0208418310,0,0.000000,0.000000,,,,,,,,,,,,,,,,,1,4.260000,0.000000,1689.979,854.075,1843.508,934.531,1760.618,935.328,1705.756,840.283,1784.209,843.337,-1.224247,-0.534647,-0.912027,1.617535,,,,,,,,,,,,,,,,,,,,
242,23.7430,1785357778.589,2,,,,,,,,,,,,,,,,,0,acquiring:0/30,none,1,1920,1200,0.200000,101;102,1,0,world_rms>0.050;pnp_baseline_error>0.500,2-tag corner homography,0.368160,0.882828,101,102,3.377172,4.260000,0,0.050000,0.500000,590.9628888758,0.0000000000,1007.8592059077,0.0000000000,592.3761043005,547.7101609771,0.0000000000,0.0000000000,1.0000000000,-0.0359937509,0.0291287486,0.0062609452,0.0003552766,-0.0208418310,1,0.000000,0.000000,322.076,707.112,65.683,791.509,9.629,779.280,79.670,716.256,134.953,723.293,-2.860675,0.622434,1.809270,3.441562,,,1,4.260000,0.000000,1689.989,854.069,1843.466,934.460,1760.630,935.345,1706.005,840.380,1784.335,843.347,-1.215916,-0.530980,-0.905447,1.606308,,,0.0072674400,0.0072174343,-5.9564624910,0.0006027010,-0.0071775491,5.3523226947,0.0003306916,0.0017821513,1.0000000000,,,,,,,,,
243,23.8306,1785357778.675,2,,,,,,,,,,,,,,,,,0,acquiring:0/30,none,1,1920,1200,0.200000,101;102,1,0,world_rms>0.050;pnp_baseline_error>0.500,2-tag corner homography,0.344985,0.903046,101,102,3.356954,4.260000,0,0.050000,0.500000,590.9628888758,0.0000000000,1007.8592059077,0.0000000000,592.3761043005,547.7101609771,0.0000000000,0.0000000000,1.0000000000,-0.0359937509,0.0291287486,0.0062609452,0.0003552766,-0.0208418310,1,0.000000,0.000000,322.196,707.262,65.701,791.508,9.695,780.354,79.601,716.349,134.775,723.166,-2.842189,0.619132,1.797484,3.419402,,,1,4.260000,0.000000,1690.001,854.051,1843.521,934.428,1760.613,935.321,1706.149,840.346,1784.529,843.446,-1.214331,-0.530239,-0.904027,1.604063,,,0.0033647990,-0.0004060767,0.0649858353,-0.0001634462,0.0019087514,-1.4207042493,-0.0001320338,0.0006595225,1.0000000000,,,,,,,,,
244,23.9179,1785357778.762,2,,,,,,,,,,,,,,,,,0,acquiring:0/30,none,1,1920,1200,0.200000,101;102,1,0,world_rms>0.050;pnp_baseline_error>0.500,2-tag corner homography,0.380655,0.908424,101,102,3.351576,4.260000,0,0.050000,0.500000,590.9628888758,0.0000000000,1007.8592059077,0.0000000000,592.3761043005,547.7101609771,0.0000000000,0.0000000000,1.0000000000,-0.0359937509,0.0291287486,0.0062609452,0.0003552766,-0.0208418310,1,0.000000,0.000000,321.906,707.330,66.080,791.541,9.669,780.288,80.068,716.055,135.240,723.277,-2.836329,0.617900,1.794410,3.412692,,,1,4.260000,0.000000,1689.988,854.073,1843.388,934.426,1760.596,935.331,1706.044,840.385,1784.302,843.347,-1.214915,-0.530550,-0.904690,1.604982,,,0.0256953556,0.0254207126,-20.9986377670,0.0019679351,-0.0234762482,17.5005111868,0.0010462876,0.0093698670,1.0000000000,,,,,,,,,
245,24.0043,1785357778.852,2,,,,,,,,,,,,,,,,,0,acquiring:0/30,none,1,1920,1200,0.200000,101;102,1,0,world_rms>0.050;pnp_baseline_error>0.500,2-tag corner homography,0.370435,0.890117,101,102,3.369883,4.260000,0,0.050000,0.500000,590.9628888758,0.0000000000,1007.8592059077,0.0000000000,592.3761043005,547.7101609771,0.0000000000,0.0000000000,1.0000000000,-0.0359937509,0.0291287486,0.0062609452,0.0003552766,-0.0208418310,1,0.000000,0.000000,321.980,707.124,65.835,791.556,9.629,779.349,79.795,716.095,135.093,723.221,-2.853767,0.620901,1.805103,3.433351,,,1,4.260000,0.000000,1689.990,854.076,1843.452,934.463,1760.502,935.262,1706.141,840.321,1784.526,843.518,-1.216241,-0.531128,-0.905514,1.606641,,,0.0095967964,0.0094518959,-7.8071058705,0.0007884532,-0.0093869838,6.9980337206,0.0003992058,0.0027831326,1.0000000000,,,,,,,,,
246,24.0946,1785357778.939,2,,,,,,,,,,,,,,,,,0,acquiring:0/30,none,1,1920,1200,0.200000,101;102,1,0,world_rms>0.050;pnp_baseline_error>0.500,2-tag corner homography,0.376509,0.903602,101,102,3.356398,4.260000,0,0.050000,0.500000,590.9628888758,0.0000000000,1007.8592059077,0.0000000000,592.3761043005,547.7101609771,0.0000000000,0.0000000000,1.0000000000,-0.0359937509,0.0291287486,0.0062609452,0.0003552766,-0.0208418310,1,0.000000,0.000000,322.202,707.173,65.597,791.557,9.706,780.123,79.548,716.277,134.732,722.976,-2.841083,0.618523,1.796690,3.417955,,,1,4.260000,0.000000,1689.971,854.121,1843.476,934.580,1760.720,935.390,1706.115,840.376,1784.310,843.458,-1.217019,-0.531563,-0.906110,1.607710,,,0.0131354981,0.0129557539,-10.6996751093,0.0010502637,-0.0125157611,9.3314628061,0.0005454893,0.0042231612,1.0000000000,,,,,,,,,
247,24.1809,1785357779.026,2,,,,,,,,,,,,,,,,,0,acquiring:0/30,none,1,1920,1200,0.200000,101;102,1,0,world_rms>0.050;pnp_baseline_error>0.500,2-tag corner homography,0.372356,0.884743,101,102,3.375257,4.260000,0,0.050000,0.500000,590.9628888758,0.0000000000,1007.8592059077,0.0000000000,592.3761043005,547.7101609771,0.0000000000,0.0000000000,1.0000000000,-0.0359937509,0.0291287486,0.0062609452,0.0003552766,-0.0208418310,1,0.000000,0.000000,322.200,707.053,65.632,791.556,9.659,779.315,79.508,716.215,134.563,723.181,-2.859498,0.622030,1.808226,3.439961,,,1,4.260000,0.000000,1689.999,854.046,1843.269,934.289,1760.737,935.325,1706.144,840.336,1784.022,843.263,-1.214722,-0.530409,-0.904515,1.604690,,,0.0080777898,0.0078676873,-6.5031483369,0.0006658204,-0.0079334062,5.9155316995,0.0003589950,0.0021169490,1.0000000000,,,,,,,,,
248,24.2679,1785357779.112,2,,,,,,,,,,,,,,,,,0,acquiring:0/30,none,1,1920,1200,0.200000,101;102,1,0,world_rms>0.050;pnp_baseline_error>0.500,2-tag corner homography,0.382380,0.890420,101,102,3.369580,4.260000,0,0.050000,0.500000,590.9628888758,0.0000000000,1007.8592059077,0.0000000000,592.3761043005,547.7101609771,0.0000000000,0.0000000000,1.0000000000,-0.0359937509,0.0291287486,0.0062609452,0.0003552766,-0.0208418310,1,0.000000,0.000000,322.034,707.064,65.809,791.475,9.602,779.379,79.886,715.947,134.748,723.217,-2.853177,0.620567,1.804566,3.432518,,,1,4.260000,0.000000,1689.979,854.092,1843.423,934.526,1760.657,935.408,1706.034,840.315,1784.109,843.289,-1.217500,-0.531721,-0.906682,1.608449,,,0.0264678395,0.0261188110,-21.5658269052,0.0020319656,-0.0241988445,18.0327291789,0.0010779298,0.0096857202,1.0000000000,,,,,,,,,
249,24.3551,1785357779.221,2,,,,,,,,,,,,,,,,,0,acquiring:0/30,none,1,1920,1200,0.200000,101;102,1,0,world_rms>0.050;pnp_baseline_error>0.500,2-tag corner homography,0.381372,0.892885,101,102,3.367115,4.260000,0,0.050000,0.500000,590.9628888758,0.0000000000,1007.8592059077,0.0000000000,592.3761043005,547.7101609771,0.0000000000,0.0000000000,1.0000000000,-0.0359937509,0.0291287486,0.0062609452,0.0003552766,-0.0208418310,1,0.000000,0.000000,322.146,707.291,65.834,791.548,9.713,780.111,79.390,716.450,135.073,723.294,-2.849713,0.620849,1.802368,3.428534,,,1,4.260000,0.000000,1690.021,853.980,1843.568,934.459,1760.546,935.182,1705.869,840.218,1784.436,843.256,-1.220739,-0.532909,-0.909228,1.612727,,,0.0262476887,0.0260106914,-21.4776344119,0.0020119348,-0.0240443679,17.9264931592,0.0010576276,0.0096204050,1.0000000000,,,,,,,,,
250,24.4632,1785357779.307,2,,,,,,,,,,,,,,,,,0,acquiring:0/30,none,1,1920,1200,0.200000,101;102,1,0,world_rms>0.050;pnp_baseline_error>0.500,2-tag corner homography,0.379514,0.900763,101,102,3.359237,4.260000,0,0.050000,0.500000,590.9628888758,0.0000000000,1007.8592059077,0.0000000000,592.3761043005,547.7101609771,0.0000000000,0.0000000000,1.0000000000,-0.0359937509,0.0291287486,0.0062609452,0.0003552766,-0.0208418310,1,0.000000,0.000000,321.992,707.272,65.786,791.550,9.686,780.071,80.290,716.036,134.851,723.370,-2.841673,0.618896,1.797567,3.418975,,,1,4.260000,0.000000,1690.015,853.986,1843.376,934.342,1760.597,935.321,1705.791,840.192,1784.396,843.212,-1.222272,-0.533597,-0.910526,1.614847,,,0.0225087017,0.0222717812,-18.3943589258,0.0017366141,-0.0207409884,15.4617394321,0.0009072991,0.0080880731,1.0000000000,,,,,,,,,
251,24.5499,1785357779.394,2,,,,,,,,,,,,,,,,,0,acquiring:0/30,none,1,1920,1200,0.200000,101;102,1,0,world_rms>0.050;pnp_baseline_error>0.500,2-tag corner homography,3.264744,0.884495,101,102,3.375505,4.260000,0,0.050000,0.500000,590.9628888758,0.0000000000,1007.8592059077,0.0000000000,592.3761043005,547.7101609771,0.0000000000,0.0000000000,1.0000000000,-0.0359937509,0.0291287486,0.0062609452,0.0003552766,-0.0208418310,1,0.000000,0.000000,322.041,707.168,65.920,791.597,9.439,779.411,79.545,716.298,135.251,723.257,-2.856072,0.621634,1.806481,3.436124,,,1,4.260000,0.000000,1689.993,854.043,1843.578,934.370,1760.646,935.344,1705.750,840.230,1784.373,843.466,-1.226657,-0.535631,-0.913772,1.620669,,,0.0015630911,-0.0081665293,5.7390736762,-0.0000860660,0.0009053048,-0.6444794411,0.0003368926,-0.0014139299,1.0000000000,,,,,,,,,
252,24.6365,1785357779.486,2,,,,,,,,,,,,,,,,,0,acquiring:0/30,none,1,1920,1200,0.200000,101;102,1,0,world_rms>0.050;pnp_baseline_error>0.500,2-tag corner homography,1.445079,0.897726,101,102,3.362274,4.260000,0,0.050000,0.500000,590.9628888758,0.0000000000,1007.8592059077,0.0000000000,592.3761043005,547.7101609771,0.0000000000,0.0000000000,1.0000000000,-0.0359937509,0.0291287486,0.0062609452,0.0003552766,-0.0208418310,1,0.000000,0.000000,322.141,707.226,65.728,791.559,9.690,780.064,79.789,716.267,134.722,723.187,-2.845161,0.619585,1.799438,3.422982,,,1,4.260000,0.000000,1689.973,854.096,1843.202,934.326,1760.612,935.310,1705.848,840.399,1784.281,843.427,-1.220716,-0.533144,-0.909304,1.612831,,,0.0018552112,0.0044593879,-3.4336038481,-0.0000269061,0.0000043278,0.0071159475,0.0006740078,-0.0014048372,1.0000000000,,,,,,,,,
253,24.7281,1785357779.578,2,,,,,,,,,,,,,,,,,0,acquiring:0/30,none,1,1920,1200,0.200000,101;102,1,0,world_rms>0.050;pnp_baseline_error>0.500,2-tag corner homography,0.381545,0.887618,101,102,3.372382,4.260000,0,0.050000,0.500000,590.9628888758,0.0000000000,1007.8592059077,0.0000000000,592.3761043005,547.7101609771,0.0000000000,0.0000000000,1.0000000000,-0.0359937509,0.0291287486,0.0062609452,0.0003552766,-0.0208418310,1,0.000000,0.000000,321.938,707.124,65.954,791.541,9.602,779.259,79.820,716.042,135.145,723.288,-2.855834,0.621317,1.806492,3.435875,,,1,4.260000,0.000000,1689.985,854.081,1843.457,934.507,1760.442,935.286,1706.110,840.279,1784.331,843.427,-1.216730,-0.531359,-0.906005,1.607364,,,0.0283058378,0.0279922477,-23.1122238288,0.0021697496,-0.0258439681,19.2589811800,0.0011412064,0.0104608328,1.0000000000,,,,,,,,,
254,24.8206,1785357779.667,2,,,,,,,,,,,,,,,,,0,acquiring:0/30,none,1,1920,1200,0.200000,101;102,1,0,world_rms>0.050;pnp_baseline_error>0.500,2-tag corner homography,0.383170,0.894801,101,102,3.365199,4.260000,0,0.050000,0.500000,590.9628888758,0.0000000000,1007.8592059077,0.0000000000,592.3761043005,547.7101609771,0.0000000000,0.0000000000,1.0000000000,-0.0359937509,0.0291287486,0.0062609452,0.0003552766,-0.0208418310,1,0.000000,0.000000,322.245,707.284,65.452,791.477,9.791,780.263,79.523,716.389,134.845,723.435,-2.849229,0.620795,1.801862,3.427857,,,1,4.260000,0.000000,1690.018,853.996,1843.213,934.013,1760.638,935.239,1706.035,840.352,1784.394,843.422,-1.216470,-0.531071,-0.905880,1.607001,,,0.0258373521,0.0256156248,-21.1490235093,0.0019827916,-0.0236944660,17.6668381255,0.0010678613,0.0094001138,1.0000000000,,,,,,,,,
255,24.9092,1785357779.755,2,,,,,,,,,,,,,,,,,0,acquiring:0/30,none,1,1920,1200,0.200000,101;102,1,0,world_rms>0.050;pnp_baseline_error>0.500,2-tag corner homography,0.379619,0.900699,101,102,3.359301,4.260000,0,0.050000,0.500000,590.9628888758,0.0000000000,1007.8592059077,0.0000000000,592.3761043005,547.7101609771,0.0000000000,0.0000000000,1.0000000000,-0.0359937509,0.0291287486,0.0062609452,0.0003552766,-0.0208418310,1,0.000000,0.000000,322.008,707.247,65.957,791.501,9.641,780.026,79.726,716.159,135.155,723.236,-2.844160,0.619344,1.799086,3.421921,,,1,4.260000,0.000000,1690.002,854.033,1843.445,934.484,1760.467,935.250,1706.019,840.335,1784.270,843.203,-1.213547,-0.529873,-0.903747,1.603191,,,0.0764708616,0.0799832528,-65.7298940202,0.0057376653,-0.0684104267,50.9827867987,0.0030820856,0.0303234665,1.0000000000,,,,,,,,,
256,24.9975,1785357779.842,2,,,,,,,,,,,,,,,,,0,acquiring:0/30,none,1,1920,1200,0.200000,101;102,1,0,world_rms>0.050;pnp_baseline_error>0.500,2-tag corner homography,0.379495,0.896368,101,102,3.363632,4.260000,0,0.050000,0.500000,590.9628888758,0.0000000000,1007.8592059077,0.0000000000,592.3761043005,547.7101609771,0.0000000000,0.0000000000,1.0000000000,-0.0359937509,0.0291287486,0.0062609452,0.0003552766,-0.0208418310,1,0.000000,0.000000,322.146,707.204,65.565,791.485,9.709,780.056,79.816,716.140,134.773,723.293,-2.845227,0.619511,1.799450,3.423029,,,1,4.260000,0.000000,1690.007,854.001,1843.524,934.439,1760.651,935.315,1705.677,840.199,1784.404,843.268,-1.225522,-0.535053,-0.913033,1.619202,,,0.0211969297,0.0209650315,-17.3116474839,0.0016436012,-0.0196291850,14.6332208648,0.0008476430,0.0075657028,1.0000000000,,,,,,,,,
257,25.0841,1785357779.928,2,,,,,,,,,,,,,,,,,0,acquiring:0/30,none,1,1920,1200,0.200000,101;102,1,0,world_rms>0.050;pnp_baseline_error>0.500,2-tag corner homography,0.385544,0.890464,101,102,3.369536,4.260000,0,0.050000,0.500000,590.9628888758,0.0000000000,1007.8592059077,0.0000000000,592.3761043005,547.7101609771,0.0000000000,0.0000000000,1.0000000000,-0.0359937509,0.0291287486,0.0062609452,0.0003552766,-0.0208418310,1,0.000000,0.000000,322.031,707.130,65.960,791.591,9.573,779.419,79.568,716.340,135.048,723.004,-2.853869,0.620988,1.805071,3.433435,,,1,4.260000,0.000000,1689.966,854.139,1843.451,934.540,1760.609,935.330,1706.157,840.447,1784.466,843.584,-1.214762,-0.530609,-0.904343,1.604690,,,0.0427571713,0.0423104179,-34.9303024627,0.0032184191,-0.0383207172,28.5573512104,0.0017630589,0.0162946302,1.0000000000,,,,,,,,,
258,25.1707,1785357780.016,2,,,,,,,,,,,,,,,,,0,acquiring:0/30,none,1,1920,1200,0.200000,101;102,1,0,world_rms>0.050;pnp_baseline_error>0.500,2-tag corner homography,0.375727,0.896863,101,102,3.363137,4.260000,0,0.050000,0.500000,590.9628888758,0.0000000000,1007.8592059077,0.0000000000,592.3761043005,547.7101609771,0.0000000000,0.0000000000,1.0000000000,-0.0359937509,0.0291287486,0.0062609452,0.0003552766,-0.0208418310,1,0.000000,0.000000,321.989,707.261,65.792,791.552,9.949,780.091,79.892,716.142,134.988,723.171,-2.841373,0.618779,1.797373,3.418602,,,1,4.260000,0.000000,1689.964,854.068,1843.248,934.319,1760.641,935.389,1705.286,840.172,1784.167,843.383,-1.235428,-0.539551,-0.921064,1.632715,,,0.0182790320,0.0180363297,-14.9001471851,0.0014317262,-0.0171030339,12.7501174554,0.0007074095,0.0064134268,1.0000000000,,,,,,,,,
259,25.2579,1785357780.102,2,,,,,,,,,,,,,,,,,0,acquiring:0/30,none,1,1920,1200,0.200000,101;102,1,0,world_rms>0.050;pnp_baseline_error>0.500,2-tag corner homography,0.367190,0.873410,101,102,3.386590,4.260000,0,0.050000,0.500000,590.9628888758,0.0000000000,1007.8592059077,0.0000000000,592.3761043005,547.7101609771,0.0000000000,0.0000000000,1.0000000000,-0.0359937509,0.0291287486,0.0062609452,0.0003552766,-0.0208418310,1,0.000000,0.000000,322.127,707.059,65.622,791.498,9.789,779.194,79.480,716.350,134.763,723.117,-2.863096,0.622781,1.810651,3.444362,,,1,4.260000,0.000000,1689.944,854.117,1843.375,934.483,1760.669,935.309,1705.181,840.238,1784.365,843.594,-1.238753,-0.541107,-0.923552,1.637148,,,0.0091955893,0.0090579250,-7.4802625527,0.0007626190,-0.0090920072,6.7783348814,0.0003586130,0.0026666522,1.0000000000,,,,,,,,,
260,25.3442,1785357780.193,2,,,,,,,,,,,,,,,,,0,acquiring:0/30,none,1,1920,1200,0.200000,101;102,1,0,world_rms>0.050;pnp_baseline_error>0.500,2-tag corner homography,0.382143,0.901931,101,102,3.358069,4.260000,0,0.050000,0.500000,590.9628888758,0.0000000000,1007.8592059077,0.0000000000,592.3761043005,547.7101609771,0.0000000000,0.0000000000,1.0000000000,-0.0359937509,0.0291287486,0.0062609452,0.0003552766,-0.0208418310,1,0.000000,0.000000,322.096,707.283,65.391,791.528,10.039,780.226,79.679,716.164,135.113,723.361,-2.842176,0.619134,1.797692,3.419501,,,1,4.260000,0.000000,1690.007,854.027,1843.532,934.394,1760.616,935.343,1706.047,840.273,1784.432,843.370,-1.217442,-0.531556,-0.906523,1.608260,,,0.0246688559,0.0243992080,-20.1510058041,0.0018931959,-0.0225997358,16.8485936102,0.0010179690,0.0089251231,1.0000000000,,,,,,,,,
261,25.4498,1785357780.298,2,,,,,,,,,,,,,,,,,0,acquiring:0/30,none,1,1920,1200,0.200000,101;102,1,0,world_rms>0.050;pnp_baseline_error>0.500,2-tag corner homography,0.383963,0.906173,101,102,3.353827,4.260000,0,0.050000,0.500000,590.9628888758,0.0000000000,1007.8592059077,0.0000000000,592.3761043005,547.7101609771,0.0000000000,0.0000000000,1.0000000000,-0.0359937509,0.0291287486,0.0062609452,0.0003552766,-0.0208418310,1,0.000000,0.000000,322.156,707.272,65.644,791.474,9.691,780.398,79.760,716.182,134.855,723.296,-2.840028,0.618667,1.796206,3.416850,,,1,4.260000,0.000000,1690.014,854.017,1843.553,934.483,1760.437,935.214,1706.153,840.333,1784.442,843.283,-1.210838,-0.528647,-0.901490,1.599463,,,0.0277777151,0.0274944107,-22.7041748862,0.0021156805,-0.0252563027,18.8291917373,0.0011608181,0.0101629321,1.0000000000,,,,,,,,,
262,25.5502,1785357780.404,2,,,,,,,,,,,,,,,,,0,acquiring:0/30,none,1,1920,1200,0.200000,101;102,1,0,world_rms>0.050;pnp_baseline_error>0.500,2-tag corner homography,0.383753,0.898531,101,102,3.361469,4.260000,0,0.050000,0.500000,590.9628888758,0.0000000000,1007.8592059077,0.0000000000,592.3761043005,547.7101609771,0.0000000000,0.0000000000,1.0000000000,-0.0359937509,0.0291287486,0.0062609452,0.0003552766,-0.0208418310,1,0.000000,0.000000,321.976,707.294,65.909,791.488,10.033,780.088,79.830,716.244,134.972,723.263,-2.846823,0.620094,1.800877,3.425212,,,1,4.260000,0.000000,1690.033,853.965,1843.519,934.415,1760.383,934.946,1706.120,840.348,1784.399,843.244,-1.211110,-0.528662,-0.901766,1.599829,,,0.0302285161,0.0298599799,-24.6659150710,0.0022970377,-0.0274238964,20.4427375758,0.0012598378,0.0111616427,1.0000000000,,,,,,,,,
263,25.6571,1785357780.508,2,,,,,,,,,,,,,,,,,0,acquiring:0/30,none,1,1920,1200,0.200000,101;102,1,0,world_rms>0.050;pnp_baseline_error>0.500,2-tag corner homography,0.384735,0.886784,101,102,3.373216,4.260000,0,0.050000,0.500000,590.9628888758,0.0000000000,1007.8592059077,0.0000000000,592.3761043005,547.7101609771,0.0000000000,0.0000000000,1.0000000000,-0.0359937509,0.0291287486,0.0062609452,0.0003552766,-0.0208418310,1,0.000000,0.000000,322.144,707.125,65.651,791.550,9.705,779.449,79.713,716.214,134.656,723.318,-2.858377,0.622043,1.807696,3.438753,,,1,4.260000,0.000000,1690.008,854.016,1843.411,934.368,1760.469,935.246,1706.069,840.356,1783.922,843.068,-1.210186,-0.528372,-0.901288,1.598764,,,0.0305470006,0.0301775959,-24.9158819533,0.0023261861,-0.0277494653,20.6822744538,0.0012664386,0.0113066070,1.0000000000,,,,,,,,,
264,25.7581,1785357780.613,2,,,,,,,,,,,,,,,,,0,acquiring:0/30,none,1,1920,1200,0.200000,101;102,1,0,world_rms>0.050;pnp_baseline_error>0.500,2-tag corner homography,0.385171,0.893535,101,102,3.366465,4.260000,0,0.050000,0.500000,590.9628888758,0.0000000000,1007.8592059077,0.0000000000,592.3761043005,547.7101609771,0.0000000000,0.0000000000,1.0000000000,-0.0359937509,0.0291287486,0.0062609452,0.0003552766,-0.0208418310,1,0.000000,0.000000,322.232,707.294,65.853,791.565,9.691,780.207,79.505,716.433,134.654,723.368,-2.850698,0.621145,1.802825,3.429647,,,1,4.260000,0.000000,1689.969,854.130,1843.487,934.574,1760.707,935.408,1706.145,840.405,1784.330,843.482,-1.215527,-0.530927,-0.904947,1.605714,,,0.0302062551,0.0298347688,-24.6410343900,0.0022975286,-0.0274137076,20.4390958262,0.0012607679,0.0111494025,1.0000000000,,,,,,,,,
265,25.8621,1785357780.712,2,,,,,,,,,,,,,,,,,0,acquiring:0/30,none,1,1920,1200,0.200000,101;102,1,0,world_rms>0.050;pnp_baseline_error>0.500,2-tag corner homography,0.601643,0.887134,101,102,3.372866,4.260000,0,0.050000,0.500000,590.9628888758,0.0000000000,1007.8592059077,0.0000000000,592.3761043005,547.7101609771,0.0000000000,0.0000000000,1.0000000000,-0.0359937509,0.0291287486,0.0062609452,0.0003552766,-0.0208418310,1,0.000000,0.000000,322.013,707.122,65.625,791.485,9.723,779.463,79.820,716.199,135.044,723.137,-2.852793,0.620707,1.804420,3.432147,,,1,4.260000,0.000000,1689.952,854.119,1843.516,934.506,1760.629,935.278,1705.386,840.433,1784.354,843.518,-1.228599,-0.536658,-0.915640,1.623531,,,-0.0017652192,-0.0009024786,0.8105563055,-0.0000614633,0.0007424415,-0.5534775625,-0.0006524054,-0.0006377177,1.0000000000,,,,,,,,,
266,25.9652,1785357780.834,2,,,,,,,,,,,,,,,,,0,acquiring:0/30,none,1,1920,1200,0.200000,101;102,1,0,world_rms>0.050;pnp_baseline_error>0.500,2-tag corner homography,0.381681,0.890732,101,102,3.369268,4.260000,0,0.050000,0.500000,590.9628888758,0.0000000000,1007.8592059077,0.0000000000,592.3761043005,547.7101609771,0.0000000000,0.0000000000,1.0000000000,-0.0359937509,0.0291287486,0.0062609452,0.0003552766,-0.0208418310,1,0.000000,0.000000,321.955,707.081,65.756,791.507,9.598,779.206,79.985,716.131,135.018,723.118,-2.855115,0.620995,1.805964,3.434942,,,1,4.260000,0.000000,1690.031,853.970,1843.367,934.133,1760.675,935.331,1706.110,840.401,1784.227,843.137,-1.208596,-0.527574,-0.899906,1.596518,,,0.0273036808,0.0271117735,-22.3750153937,0.0020971888,-0.0249901078,18.6218831844,0.0011146913,0.0100284202,1.0000000000,,,,,,,,,
267,26.0784,1785357780.924,2,,,,,,,,,,,,,,,,,0,acquiring:0/30,none,1,1920,1200,0.200000,101;102,1,0,world_rms>0.050;pnp_baseline_error>0.500,2-tag corner homography,0.382659,0.904084,101,102,3.355916,4.260000,0,0.050000,0.500000,590.9628888758,0.0000000000,1007.8592059077,0.0000000000,592.3761043005,547.7101609771,0.0000000000,0.0000000000,1.0000000000,-0.0359937509,0.0291287486,0.0062609452,0.0003552766,-0.0208418310,1,0.000000,0.000000,322.065,707.269,65.895,791.523,9.823,780.265,79.892,716.097,134.736,723.258,-2.840861,0.618764,1.796908,3.417929,,,1,4.260000,0.000000,1690.017,853.996,1843.470,934.372,1760.590,935.221,1705.971,840.355,1784.272,843.184,-1.214226,-0.530094,-0.904269,1.604072,,,0.0256383969,0.0252595711,-20.8686853273,0.0019598921,-0.0233997039,17.4439139552,0.0010572223,0.0093172132,1.0000000000,,,,,,,,,
268,26.1660,1785357781.011,2,,,,,,,,,,,,,,,,,0,acquiring:0/30,none,1,1920,1200,0.200000,101;102,1,0,world_rms>0.050;pnp_baseline_error>0.500,2-tag corner homography,0.384694,0.894759,101,102,3.365241,4.260000,0,0.050000,0.500000,590.9628888758,0.0000000000,1007.8592059077,0.0000000000,592.3761043005,547.7101609771,0.0000000000,0.0000000000,1.0000000000,-0.0359937509,0.0291287486,0.0062609452,0.0003552766,-0.0208418310,1,0.000000,0.000000,322.135,707.181,65.657,791.554,9.788,779.797,79.617,716.247,134.808,723.217,-2.850557,0.620566,1.802821,3.429422,,,1,4.260000,0.000000,1690.011,854.018,1843.520,934.408,1760.501,935.291,1706.076,840.351,1784.389,843.257,-1.211766,-0.529058,-0.902281,1.600747,,,0.0319845811,0.0316426698,-26.1257231818,0.0024267953,-0.0289507308,21.5792401743,0.0013273033,0.0118902067,1.0000000000,,,,,,,,,
269,26.2527,1785357781.097,2,,,,,,,,,,,,,,,,,0,acquiring:0/30,none,1,1920,1200,0.200000,101;102,1,0,world_rms>0.050;pnp_baseline_error>0.500,2-tag corner homography,0.382685,0.898626,101,102,3.361374,4.260000,0,0.050000,0.500000,590.9628888758,0.0000000000,1007.8592059077,0.0000000000,592.3761043005,547.7101609771,0.0000000000,0.0000000000,1.0000000000,-0.0359937509,0.0291287486,0.0062609452,0.0003552766,-0.0208418310,1,0.000000,0.000000,322.060,707.182,65.341,791.446,9.909,779.866,79.721,716.193,135.171,723.193,-2.846252,0.619572,1.800247,3.424311,,,1,4.260000,0.000000,1689.980,854.093,1843.350,934.413,1760.663,935.352,1706.082,840.431,1784.198,843.355,-1.213915,-0.530154,-0.903906,1.603652,,,0.0271765605,0.0269973233,-22.2834703857,0.0020833125,-0.0248315991,18.5083981315,0.0011251233,0.0099437671,1.0000000000,,,,,,,,,
270,26.3393,1785357781.187,2,,,,,,,,,,,,,,,,,0,acquiring:0/30,none,1,1920,1200,0.200000,101;102,1,0,world_rms>0.050;pnp_baseline_error>0.500,2-tag corner homography,0.373622,0.896469,101,102,3.363531,4.260000,0,0.050000,0.500000,590.9628888758,0.0000000000,1007.8592059077,0.0000000000,592.3761043005,547.7101609771,0.0000000000,0.0000000000,1.0000000000,-0.0359937509,0.0291287486,0.0062609452,0.0003552766,-0.0208418310,1,0.000000,0.000000,322.142,707.253,65.710,791.527,9.761,780.278,79.621,716.170,134.891,723.241,-2.841019,0.618794,1.796843,3.418031,,,1,4.260000,0.000000,1689.949,854.077,1843.372,934.482,1760.617,935.330,1704.941,840.184,1784.198,843.380,-1.237792,-0.540623,-0.923223,1.636076,,,0.0162864620,0.0160628449,-13.2690943887,0.0012868548,-0.0153854444,11.4713281921,0.0006101025,0.0056322583,1.0000000000,,,,,,,,,
271,26.4368,1785357781.281,2,,,,,,,,,,,,,,,,,0,acquiring:0/30,none,1,1920,1200,0.200000,101;102,1,0,world_rms>0.050;pnp_baseline_error>0.500,2-tag corner homography,0.380817,0.903003,101,102,3.356997,4.260000,0,0.050000,0.500000,590.9628888758,0.0000000000,1007.8592059077,0.0000000000,592.3761043005,547.7101609771,0.0000000000,0.0000000000,1.0000000000,-0.0359937509,0.0291287486,0.0062609452,0.0003552766,-0.0208418310,1,0.000000,0.000000,322.225,707.200,65.655,791.497,9.559,780.304,79.491,716.159,134.824,723.161,-2.839499,0.618311,1.795668,3.416063,,,1,4.260000,0.000000,1689.990,854.048,1843.380,934.401,1760.675,935.362,1705.789,840.250,1784.229,843.302,-1.224077,-0.534516,-0.911883,1.617282,,,0.0224002732,0.0221248967,-18.2703804143,0.0017282017,-0.0206362354,15.3845025004,0.0009011148,0.0080470828,1.0000000000,,,,,,,,,
272,26.5229,1785357781.368,2,,,,,,,,,,,,,,,,,0,acquiring:0/30,none,1,1920,1200,0.200000,101;102,1,0,world_rms>0.050;pnp_baseline_error>0.500,2-tag corner homography,0.383660,0.892300,101,102,3.367700,4.260000,0,0.050000,0.500000,590.9628888758,0.0000000000,1007.8592059077,0.0000000000,592.3761043005,547.7101609771,0.0000000000,0.0000000000,1.0000000000,-0.0359937509,0.0291287486,0.0062609452,0.0003552766,-0.0208418310,1,0.000000,0.000000,322.195,707.186,65.530,791.531,9.639,779.823,79.682,716.195,134.769,723.408,-2.852027,0.620954,1.803636,3.431144,,,1,4.260000,0.000000,1690.017,854.003,1843.464,934.431,1760.580,935.271,1706.056,840.275,1784.421,843.245,-1.215354,-0.530594,-0.904986,1.605495,,,0.0282990765,0.0280016954,-23.1185922234,0.0021604279,-0.0257872914,19.2228888939,0.0011639886,0.0104126991,1.0000000000,,,,,,,,,
273,26.6103,1785357781.455,2,,,,,,,,,,,,,,,,,0,acquiring:0/30,none,1,1920,1200,0.200000,101;102,1,0,world_rms>0.050;pnp_baseline_error>0.500,2-tag corner homography,0.383072,0.895801,101,102,3.364199,4.260000,0,0.050000,0.500000,590.9628888758,0.0000000000,1007.8592059077,0.0000000000,592.3761043005,547.7101609771,0.0000000000,0.0000000000,1.0000000000,-0.0359937509,0.0291287486,0.0062609452,0.0003552766,-0.0208418310,1,0.000000,0.000000,322.120,707.208,65.651,791.419,9.650,780.057,79.826,716.180,134.835,723.285,-2.846506,0.619782,1.800313,3.424595,,,1,4.260000,0.000000,1689.998,854.027,1843.507,934.500,1760.529,935.329,1705.760,840.221,1784.367,843.253,-1.222520,-0.533793,-0.910733,1.615217,,,0.0044049393,-0.0006697631,0.1854206914,-0.0000023091,-0.0000318123,0.0283291396,-0.0000515654,0.0009572818,1.0000000000,,,,,,,,,
274,26.6966,1785357781.541,2,,,,,,,,,,,,,,,,,0,acquiring:0/30,none,1,1920,1200,0.200000,101;102,1,0,world_rms>0.050;pnp_baseline_error>0.500,2-tag corner homography,0.380645,0.888637,101,102,3.371363,4.260000,0,0.050000,0.500000,590.9628888758,0.0000000000,1007.8592059077,0.0000000000,592.3761043005,547.7101609771,0.0000000000,0.0000000000,1.0000000000,-0.0359937509,0.0291287486,0.0062609452,0.0003552766,-0.0208418310,1,0.000000,0.000000,322.101,707.131,65.605,791.548,9.569,779.414,79.660,716.090,135.037,723.431,-2.856325,0.621584,1.806488,3.436329,,,1,4.260000,0.000000,1689.995,854.063,1843.361,934.307,1760.563,935.376,1706.125,840.412,1784.565,843.447,-1.212050,-0.529270,-0.902383,1.601090,,,0.0229199911,0.0226809803,-18.7243178262,0.0017772815,-0.0211782213,15.7849456611,0.0009240094,0.0082595600,1.0000000000,,,,,,,,,
275,26.7827,1785357781.629,2,,,,,,,,,,,,,,,,,0,acquiring:0/30,none,1,1920,1200,0.200000,101;102,1,0,world_rms>0.050;pnp_baseline_error>0.500,2-tag corner homography,0.380431,0.897126,101,102,3.362874,4.260000,0,0.050000,0.500000,590.9628888758,0.0000000000,1007.8592059077,0.0000000000,592.3761043005,547.7101609771,0.0000000000,0.0000000000,1.0000000000,-0.0359937509,0.0291287486,0.0062609452,0.0003552766,-0.0208418310,1,0.000000,0.000000,322.099,707.245,65.466,791.483,9.811,780.088,79.671,716.198,135.158,723.327,-2.844672,0.619522,1.799228,3.422453,,,1,4.260000,0.000000,1689.990,854.055,1843.327,934.376,1760.706,935.342,1705.906,840.215,1784.220,843.376,-1.224821,-0.534850,-0.912308,1.618195,,,0.0232501362,0.0230573808,-19.0366881883,0.0017951085,-0.0214301236,15.9759260425,0.0009409894,0.0083864422,1.0000000000,,,,,,,,,
276,26.8712,1785357781.722,2,,,,,,,,,,,,,,,,,0,acquiring:0/30,none,1,1920,1200,0.200000,101;102,1,0,world_rms>0.050;pnp_baseline_error>0.500,2-tag corner homography,0.386352,0.898971,101,102,3.361029,4.260000,0,0.050000,0.500000,590.9628888758,0.0000000000,1007.8592059077,0.0000000000,592.3761043005,547.7101609771,0.0000000000,0.0000000000,1.0000000000,-0.0359937509,0.0291287486,0.0062609452,0.0003552766,-0.0208418310,1,0.000000,0.000000,322.214,707.121,65.550,791.568,9.836,779.851,79.339,716.152,134.729,723.097,-2.846929,0.619592,1.800314,3.424913,,,1,4.260000,0.000000,1689.959,854.156,1843.207,934.448,1760.580,935.346,1706.237,840.477,1784.278,843.521,-1.211496,-0.529218,-0.901928,1.600397,,,0.0318959454,0.0314080200,-25.9380865002,0.0024189810,-0.0288127839,21.4751608838,0.0013384298,0.0118199481,1.0000000000,,,,,,,,,
277,26.9639,1785357781.808,2,,,,,,,,,,,,,,,,,0,acquiring:0/30,none,1,1920,1200,0.200000,101;102,1,0,world_rms>0.050;pnp_baseline_error>0.500,2-tag corner homography,0.377860,0.894966,101,102,3.365034,4.260000,0,0.050000,0.500000,590.9628888758,0.0000000000,1007.8592059077,0.0000000000,592.3761043005,547.7101609771,0.0000000000,0.0000000000,1.0000000000,-0.0359937509,0.0291287486,0.0062609452,0.0003552766,-0.0208418310,1,0.000000,0.000000,322.026,707.229,65.791,791.514,10.097,780.055,79.718,716.196,134.830,723.087,-2.844097,0.619270,1.798993,3.421806,,,1,4.260000,0.000000,1689.959,854.089,1843.262,934.473,1760.592,935.308,1705.317,840.261,1784.351,843.405,-1.232503,-0.538311,-0.918768,1.628796,,,0.0203350604,0.0200294682,-16.5477887828,0.0015811763,-0.0188782237,14.0726710685,0.0007969412,0.0072396366,1.0000000000,,,,,,,,,
278,27.0498,1785357781.894,2,,,,,,,,,,,,,,,,,0,acquiring:0/30,none,1,1920,1200,0.200000,101;102,1,0,world_rms>0.050;pnp_baseline_error>0.500,2-tag corner homography,0.381811,0.899832,101,102,3.360168,4.260000,0,0.050000,0.500000,590.9628888758,0.0000000000,1007.8592059077,0.0000000000,592.3761043005,547.7101609771,0.0000000000,0.0000000000,1.0000000000,-0.0359937509,0.0291287486,0.0062609452,0.0003552766,-0.0208418310,1,0.000000,0.000000,322.053,707.261,65.530,791.469,9.840,780.075,79.688,716.249,135.254,723.292,-2.845021,0.619625,1.799553,3.422933,,,1,4.260000,0.000000,1690.009,854.026,1843.461,934.458,1760.592,935.425,1706.125,840.248,1784.389,843.232,-1.214029,-0.530062,-0.903928,1.603720,,,0.0254171679,0.0252399362,-20.8371815493,0.0019497679,-0.0232667106,17.3445858878,0.0010491580,0.0092333021,1.0000000000,,,,,,,,,
279,27.1362,1785357781.985,2,,,,,,,,,,,,,,,,,0,acquiring:0/30,none,1,1920,1200,0.200000,101;102,1,0,world_rms>0.050;pnp_baseline_error>0.500,2-tag corner homography,0.383168,0.905225,101,102,3.354775,4.260000,0,0.050000,0.500000,590.9628888758,0.0000000000,1007.8592059077,0.0000000000,592.3761043005,547.7101609771,0.0000000000,0.0000000000,1.0000000000,-0.0359937509,0.0291287486,0.0062609452,0.0003552766,-0.0208418310,1,0.000000,0.000000,322.072,707.348,65.599,791.444,9.816,780.459,79.766,716.209,135.231,723.460,-2.840881,0.619100,1.796980,3.418044,,,1,4.260000,0.000000,1690.009,854.032,1843.491,934.468,1760.535,935.273,1706.220,840.343,1784.388,843.287,-1.210147,-0.528371,-0.900895,1.598513,,,0.0281096125,0.0278980238,-23.0366822724,0.0021422700,-0.0255770091,19.0694884098,0.0011730831,0.0103028024,1.0000000000,,,,,,,,,
280,27.2269,1785357782.088,2,,,,,,,,,,,,,,,,,0,acquiring:0/30,none,1,1920,1200,0.200000,101;102,1,0,world_rms>0.050;pnp_baseline_error>0.500,2-tag corner homography,0.372171,0.898391,101,102,3.361609,4.260000,0,0.050000,0.500000,590.9628888758,0.0000000000,1007.8592059077,0.0000000000,592.3761043005,547.7101609771,0.0000000000,0.0000000000,1.0000000000,-0.0359937509,0.0291287486,0.0062609452,0.0003552766,-0.0208418310,1,0.000000,0.000000,321.883,707.125,65.878,791.621,9.661,779.318,79.689,716.237,135.485,722.890,-2.848224,0.619623,1.801787,3.426770,,,1,4.260000,0.000000,1690.012,854.024,1843.492,934.464,1760.564,935.337,1706.209,840.386,1784.304,843.164,-1.207099,-0.527026,-0.898643,1.594491,,,0.0054064822,0.0052838350,-4.3672760873,0.0004321176,-0.0051441479,3.8370932396,0.0003073261,0.0009142159,1.0000000000,,,,,,,,,
281,27.3439,1785357782.204,2,,,,,,,,,,,,,,,,,0,acquiring:0/30,none,1,1920,1200,0.200000,101;102,1,0,world_rms>0.050;pnp_baseline_error>0.500,2-tag corner homography,0.990559,0.893102,101,102,3.366898,4.260000,0,0.050000,0.500000,590.9628888758,0.0000000000,1007.8592059077,0.0000000000,592.3761043005,547.7101609771,0.0000000000,0.0000000000,1.0000000000,-0.0359937509,0.0291287486,0.0062609452,0.0003552766,-0.0208418310,1,0.000000,0.000000,321.998,707.142,65.890,791.516,9.589,779.530,79.758,716.184,135.074,723.128,-2.851320,0.620459,1.803537,3.430414,,,1,4.260000,0.000000,1690.014,854.004,1843.395,934.358,1760.560,935.291,1706.047,840.283,1784.165,843.155,-1.214214,-0.530104,-0.904246,1.604053,,,0.0006124043,-0.0063439873,4.7314123174,-0.0000079857,0.0003173752,-0.2796304548,0.0004850891,-0.0020440096,1.0000000000,,,,,,,,,
282,27.4619,1785357782.312,2,,,,,,,,,,,,,,,,,0,acquiring:0/30,none,1,1920,1200,0.200000,101;102,1,0,world_rms>0.050;pnp_baseline_error>0.500,2-tag corner homography,5.199127,0.875467,101,102,3.384533,4.260000,0,0.050000,0.500000,590.9628888758,0.0000000000,1007.8592059077,0.0000000000,592.3761043005,547.7101609771,0.0000000000,0.0000000000,1.0000000000,-0.0359937509,0.0291287486,0.0062609452,0.0003552766,-0.0208418310,1,0.000000,0.000000,322.071,707.129,65.782,791.533,9.556,779.296,79.593,716.235,135.053,723.345,-2.860482,0.622457,1.809176,3.441355,,,1,4.260000,0.000000,1689.951,854.072,1843.571,934.501,1760.538,935.263,1704.901,840.160,1784.317,843.523,-1.239552,-0.541382,-0.924527,1.638394,,,0.0004892798,-0.0022920027,1.6727421206,-0.0000463818,0.0004806368,-0.3637598773,0.0001589744,-0.0012963809,1.0000000000,,,,,,,,,
283,27.5614,1785357782.408,2,,,,,,,,,,,,,,,,,0,acquiring:0/30,none,1,1920,1200,0.200000,101;102,1,0,world_rms>0.050;pnp_baseline_error>0.500,2-tag corner homography,0.382381,0.902653,101,102,3.357347,4.260000,0,0.050000,0.500000,590.9628888758,0.0000000000,1007.8592059077,0.0000000000,592.3761043005,547.7101609771,0.0000000000,0.0000000000,1.0000000000,-0.0359937509,0.0291287486,0.0062609452,0.0003552766,-0.0208418310,1,0.000000,0.000000,322.084,707.319,65.956,791.510,9.680,780.335,79.613,716.278,135.073,723.310,-2.842959,0.619441,1.798244,3.420497,,,1,4.260000,0.000000,1690.002,854.042,1843.481,934.320,1760.648,935.388,1706.098,840.411,1784.253,843.289,-1.211297,-0.528903,-0.901898,1.600125,,,0.0263168056,0.0260297136,-21.4989827558,0.0020135010,-0.0240355302,17.9195942293,0.0010827463,0.0096021553,1.0000000000,,,,,,,,,
284,27.6583,1785357782.503,2,,,,,,,,,,,,,,,,,0,acquiring:0/30,none,1,1920,1200,0.200000,101;102,1,0,world_rms>0.050;pnp_baseline_error>0.500,2-tag corner homography,0.380439,0.895787,101,102,3.364213,4.260000,0,0.050000,0.500000,590.9628888758,0.0000000000,1007.8592059077,0.0000000000,592.3761043005,547.7101609771,0.0000000000,0.0000000000,1.0000000000,-0.0359937509,0.0291287486,0.0062609452,0.0003552766,-0.0208418310,1,0.000000,0.000000,322.038,707.161,65.785,791.524,9.702,779.814,79.746,716.147,134.970,723.060,-2.844807,0.619152,1.799354,3.422565,,,1,4.260000,0.000000,1690.030,853.940,1843.423,934.231,1760.802,935.406,1705.684,840.043,1784.308,843.185,-1.229152,-0.536512,-0.915795,1.623989,,,0.0379681737,0.0384162442,-31.6560943874,0.0028772011,-0.0343548723,25.6034253056,0.0015139431,0.0144773811,1.0000000000,,,,,,,,,
285,27.7497,1785357782.593,2,,,,,,,,,,,,,,,,,0,acquiring:0/30,none,1,1920,1200,0.200000,101;102,1,0,world_rms>0.050;pnp_baseline_error>0.500,2-tag corner homography,0.382754,0.907928,101,102,3.352072,4.260000,0,0.050000,0.500000,590.9628888758,0.0000000000,1007.8592059077,0.0000000000,592.3761043005,547.7101609771,0.0000000000,0.0000000000,1.0000000000,-0.0359937509,0.0291287486,0.0062609452,0.0003552766,-0.0208418310,1,0.000000,0.000000,322.089,707.255,65.725,791.478,9.777,780.356,79.773,716.116,134.921,723.184,-2.837666,0.618028,1.794826,3.414046,,,1,4.260000,0.000000,1690.010,854.020,1843.509,934.419,1760.573,935.293,1706.036,840.360,1784.393,843.257,-1.213163,-0.529673,-0.903351,1.602610,,,0.0260592407,0.0257516146,-21.2684363707,0.0019909348,-0.0237602197,17.7125330414,0.0010778476,0.0094854174,1.0000000000,,,,,,,,,
286,27.8421,1785357782.687,2,,,,,,,,,,,,,,,,,0,acquiring:0/30,none,1,1920,1200,0.200000,101;102,1,0,world_rms>0.050;pnp_baseline_error>0.500,2-tag corner homography,0.787197,0.888137,101,102,3.371863,4.260000,0,0.050000,0.500000,590.9628888758,0.0000000000,1007.8592059077,0.0000000000,592.3761043005,547.7101609771,0.0000000000,0.0000000000,1.0000000000,-0.0359937509,0.0291287486,0.0062609452,0.0003552766,-0.0208418310,1,0.000000,0.000000,322.038,707.050,66.156,791.462,9.550,779.327,79.676,716.179,134.625,722.977,-2.856786,0.621297,1.806827,3.436839,,,1,4.260000,0.000000,1689.996,854.055,1843.452,934.424,1760.539,935.348,1706.049,840.402,1784.354,843.286,-1.212002,-0.529239,-0.902492,1.601104,,,0.0130039590,-0.0185414889,8.4050778247,-0.0007513669,0.0042339641,-2.4956936291,0.0050751691,-0.0073709982,1.0000000000,,,,,,,,,
287,27.9354,1785357782.780,2,,,,,,,,,,,,,,,,,0,acquiring:0/30,none,1,1920,1200,0.200000,101;102,1,0,world_rms>0.050;pnp_baseline_error>0.500,2-tag corner homography,0.383226,0.894790,101,102,3.365210,4.260000,0,0.050000,0.500000,590.9628888758,0.0000000000,1007.8592059077,0.0000000000,592.3761043005,547.7101609771,0.0000000000,0.0000000000,1.0000000000,-0.0359937509,0.0291287486,0.0062609452,0.0003552766,-0.0208418310,1,0.000000,0.000000,321.859,707.101,65.643,791.522,9.703,779.282,79.837,716.102,135.571,722.993,-2.848022,0.619458,1.801685,3.426518,,,1,4.260000,0.000000,1689.972,854.106,1843.340,934.354,1760.614,935.427,1705.997,840.313,1784.264,843.492,-1.220476,-0.533053,-0.908933,1.612410,,,0.0402052192,0.0398910466,-32.9270945960,0.0030343229,-0.0361306017,26.9209215599,0.0016321100,0.0153092297,1.0000000000,,,,,,,,,
288,28.0249,1785357782.879,2,,,,,,,,,,,,,,,,,0,acquiring:0/30,none,1,1920,1200,0.200000,101;102,1,0,world_rms>0.050;pnp_baseline_error>0.500,2-tag corner homography,0.381296,0.896556,101,102,3.363444,4.260000,0,0.050000,0.500000,590.9628888758,0.0000000000,1007.8592059077,0.0000000000,592.3761043005,547.7101609771,0.0000000000,0.0000000000,1.0000000000,-0.0359937509,0.0291287486,0.0062609452,0.0003552766,-0.0208418310,1,0.000000,0.000000,322.044,707.246,65.414,791.452,9.911,779.995,79.552,716.316,135.430,723.232,-2.846086,0.619788,1.800231,3.424204,,,1,4.260000,0.000000,1689.973,854.111,1843.210,934.417,1760.702,935.432,1706.121,840.235,1784.309,843.501,-1.221736,-0.533607,-0.909736,1.614000,,,0.0252441080,0.0251169377,-20.7314959155,0.0019430431,-0.0231727538,17.2739709701,0.0010361943,0.0091759823,1.0000000000,,,,,,,,,
289,28.1281,1785357782.975,2,,,,,,,,,,,,,,,,,0,acquiring:0/30,none,1,1920,1200,0.200000,101;102,1,0,world_rms>0.050;pnp_baseline_error>0.500,2-tag corner homography,0.375895,0.900287,101,102,3.359713,4.260000,0,0.050000,0.500000,590.9628888758,0.0000000000,1007.8592059077,0.0000000000,592.3761043005,547.7101609771,0.0000000000,0.0000000000,1.0000000000,-0.0359937509,0.0291287486,0.0062609452,0.0003552766,-0.0208418310,1,0.000000,0.000000,321.987,707.183,65.749,791.506,9.930,779.960,79.898,716.073,134.906,723.019,-2.840712,0.618309,1.796886,3.417711,,,1,4.260000,0.000000,1689.961,854.082,1843.385,934.354,1760.521,935.273,1705.224,840.450,1784.453,843.448,-1.226355,-0.535613,-0.914200,1.620675,,,0.0185571387,0.0183085174,-15.1227458183,0.0014544268,-0.0173521358,12.9339200101,0.0007163504,0.0065323184,1.0000000000,,,,,,,,,
290,28.2191,1785357783.073,2,,,,,,,,,,,,,,,,,0,acquiring:0/30,none,1,1920,1200,0.200000,101;102,1,0,world_rms>0.050;pnp_baseline_error>0.500,2-tag corner homography,1.659213,0.893069,101,102,3.366931,4.260000,0,0.050000,0.500000,590.9628888758,0.0000000000,1007.8592059077,0.0000000000,592.3761043005,547.7101609771,0.0000000000,0.0000000000,1.0000000000,-0.0359937509,0.0291287486,0.0062609452,0.0003552766,-0.0208418310,1,0.000000,0.000000,321.969,707.046,65.863,791.541,9.529,779.215,79.683,715.978,135.163,723.073,-2.851570,0.620089,1.803661,3.430620,,,1,4.260000,0.000000,1690.003,854.037,1843.453,934.343,1760.586,935.360,1706.068,840.338,1784.365,843.333,-1.214284,-0.530198,-0.904172,1.604096,,,-0.0028285420,0.0028003153,-2.4363133086,-0.0001413995,0.0015177444,-1.2190977188,-0.0001154864,-0.0021027323,1.0000000000,,,,,,,,,
291,28.3153,1785357783.161,2,,,,,,,,,,,,,,,,,0,acquiring:0/30,none,1,1920,1200,0.200000,101;102,1,0,world_rms>0.050;pnp_baseline_error>0.500,2-tag corner homography,0.385425,0.892880,101,102,3.367120,4.260000,0,0.050000,0.500000,590.9628888758,0.0000000000,1007.8592059077,0.0000000000,592.3761043005,547.7101609771,0.0000000000,0.0000000000,1.0000000000,-0.0359937509,0.0291287486,0.0062609452,0.0003552766,-0.0208418310,1,0.000000,0.000000,322.111,707.215,65.814,791.491,10.071,779.910,79.395,716.346,134.786,723.173,-2.852852,0.621185,1.804351,3.432246,,,1,4.260000,0.000000,1690.017,854.011,1843.563,934.457,1760.740,935.323,1706.135,840.414,1784.319,843.174,-1.209631,-0.528105,-0.900543,1.597836,,,0.0312557398,0.0307923847,-25.4354972208,0.0023710811,-0.0282843529,21.0832945463,0.0013104091,0.0115621580,1.0000000000,,,,,,,,,
292,28.4033,1785357783.260,2,,,,,,,,,,,,,,,,,0,acquiring:0/30,none,1,1920,1200,0.200000,101;102,1,0,world_rms>0.050;pnp_baseline_error>0.500,2-tag corner homography,0.384395,0.888372,101,102,3.371628,4.260000,0,0.050000,0.500000,590.9628888758,0.0000000000,1007.8592059077,0.0000000000,592.3761043005,547.7101609771,0.0000000000,0.0000000000,1.0000000000,-0.0359937509,0.0291287486,0.0062609452,0.0003552766,-0.0208418310,1,0.000000,0.000000,322.025,707.065,65.862,791.467,9.792,779.329,79.650,716.126,134.791,723.071,-2.856315,0.621245,1.806569,3.436302,,,1,4.260000,0.000000,1690.004,854.035,1843.474,934.392,1760.512,935.253,1706.124,840.331,1784.174,843.281,-1.212952,-0.529613,-0.903184,1.602337,,,0.0341354995,0.0338326431,-27.9239069172,0.0025924397,-0.0308812617,23.0111746011,0.0014107858,0.0127801458,1.0000000000,,,,,,,,,
293,28.5024,1785357783.347,2,,,,,,,,,,,,,,,,,0,acquiring:0/30,none,1,1920,1200,0.200000,101;102,1,0,world_rms>0.050;pnp_baseline_error>0.500,2-tag corner homography,0.365259,0.873444,101,102,3.386556,4.260000,0,0.050000,0.500000,590.9628888758,0.0000000000,1007.8592059077,0.0000000000,592.3761043005,547.7101609771,0.0000000000,0.0000000000,1.0000000000,-0.0359937509,0.0291287486,0.0062609452,0.0003552766,-0.0208418310,1,0.000000,0.000000,322.029,707.064,66.128,791.465,9.601,779.144,79.442,716.302,134.881,723.071,-2.863551,0.622817,1.811138,3.445003,,,1,4.260000,0.000000,1689.971,854.058,1843.165,934.192,1760.598,935.273,1705.343,840.177,1784.405,843.569,-1.236860,-0.540150,-0.922019,1.634535,,,0.0077831524,0.0076301859,-6.3042310564,0.0006505342,-0.0077561110,5.7826677552,0.0003154749,0.0020604417,1.0000000000,,,,,,,,,
294,28.5889,1785357783.433,2,,,,,,,,,,,,,,,,,0,acquiring:0/30,none,1,1920,1200,0.200000,101;102,1,0,world_rms>0.050;pnp_baseline_error>0.500,2-tag corner homography,0.376307,0.880530,101,102,3.379470,4.260000,0,0.050000,0.500000,590.9628888758,0.0000000000,1007.8592059077,0.0000000000,592.3761043005,547.7101609771,0.0000000000,0.0000000000,1.0000000000,-0.0359937509,0.0291287486,0.0062609452,0.0003552766,-0.0208418310,1,0.000000,0.000000,322.067,707.032,65.633,791.478,9.610,779.184,79.606,716.163,134.970,723.094,-2.857620,0.621426,1.807282,3.437794,,,1,4.260000,0.000000,1689.960,854.089,1843.275,934.275,1760.523,935.359,1705.351,840.219,1784.485,843.607,-1.234563,-0.539209,-0.920250,1.631488,,,0.0199274551,0.0197352782,-16.2890006833,0.0015642744,-0.0186496730,13.8982853717,0.0007583818,0.0071238466,1.0000000000,,,,,,,,,
295,28.6748,1785357783.519,2,,,,,,,,,,,,,,,,,0,acquiring:0/30,none,1,1920,1200,0.200000,101;102,1,0,world_rms>0.050;pnp_baseline_error>0.500,2-tag corner homography,0.382870,0.896657,101,102,3.363343,4.260000,0,0.050000,0.500000,590.9628888758,0.0000000000,1007.8592059077,0.0000000000,592.3761043005,547.7101609771,0.0000000000,0.0000000000,1.0000000000,-0.0359937509,0.0291287486,0.0062609452,0.0003552766,-0.0208418310,1,0.000000,0.000000,322.086,707.299,65.799,791.581,9.874,780.117,79.768,716.236,134.863,723.385,-2.846988,0.620238,1.800770,3.425319,,,1,4.260000,0.000000,1689.994,854.055,1843.365,934.388,1760.537,935.369,1705.960,840.326,1784.549,843.390,-1.217323,-0.531568,-0.906555,1.608193,,,0.0274844366,0.0271225057,-22.4053734756,0.0020972578,-0.0250368159,18.6653947340,0.0011284526,0.0100795125,1.0000000000,,,,,,,,,
296,28.7609,1785357783.607,2,,,,,,,,,,,,,,,,,0,acquiring:0/30,none,1,1920,1200,0.200000,101;102,1,0,world_rms>0.050;pnp_baseline_error>0.500,2-tag corner homography,0.382933,0.878067,101,102,3.381933,4.260000,0,0.050000,0.500000,590.9628888758,0.0000000000,1007.8592059077,0.0000000000,592.3761043005,547.7101609771,0.0000000000,0.0000000000,1.0000000000,-0.0359937509,0.0291287486,0.0062609452,0.0003552766,-0.0208418310,1,0.000000,0.000000,322.148,707.048,65.646,791.488,9.547,779.082,79.433,716.368,134.886,723.200,-2.865939,0.623366,1.812397,3.447749,,,1,4.260000,0.000000,1689.996,854.056,1843.573,934.473,1760.531,935.274,1706.031,840.402,1784.378,843.357,-1.213672,-0.529970,-0.903721,1.603303,,,0.0304822654,0.0303286078,-25.0201822811,0.0023370975,-0.0278434736,20.7496298663,0.0012355245,0.0113467829,1.0000000000,,,,,,,,,
297,28.8492,1785357783.695,2,,,,,,,,,,,,,,,,,0,acquiring:0/30,none,1,1920,1200,0.200000,101;102,1,0,world_rms>0.050;pnp_baseline_error>0.500,2-tag corner homography,0.379871,0.891664,101,102,3.368336,4.260000,0,0.050000,0.500000,590.9628888758,0.0000000000,1007.8592059077,0.0000000000,592.3761043005,547.7101609771,0.0000000000,0.0000000000,1.0000000000,-0.0359937509,0.0291287486,0.0062609452,0.0003552766,-0.0208418310,1,0.000000,0.000000,321.900,707.159,65.792,791.484,9.810,779.440,79.687,716.177,135.439,723.149,-2.852163,0.620633,1.804279,3.431536,,,1,4.260000,0.000000,1690.004,854.026,1843.310,934.361,1760.592,935.343,1705.992,840.305,1784.173,843.164,-1.215344,-0.530647,-0.905162,1.605605,,,0.0253609636,0.0251795204,-20.7849066243,0.0019539673,-0.0232931183,17.3591149323,0.0010196603,0.0092647431,1.0000000000,,,,,,,,,
298,28.9374,1785357783.777,1,,,,,,,,,,,,,,,,,0,acquiring:0/30,none,1,1920,1200,0.200000,102,0,0,insufficient,insufficient,,,,,,,0,0.050000,0.500000,590.9628888758,0.0000000000,1007.8592059077,0.0000000000,592.3761043005,547.7101609771,0.0000000000,0.0000000000,1.0000000000,-0.0359937509,0.0291287486,0.0062609452,0.0003552766,-0.0208418310,0,0.000000,0.000000,,,,,,,,,,,,,,,,,1,4.260000,0.000000,1689.984,854.083,1843.354,934.490,1760.411,935.326,1706.086,840.313,1784.381,843.365,-1.214778,-0.530511,-0.904591,1.604809,,,,,,,,,,,,,,,,,,,,
299,29.0201,1785357783.864,2,,,,,,,,,,,,,,,,,0,acquiring:0/30,none,1,1920,1200,0.200000,101;102,1,0,world_rms>0.050;pnp_baseline_error>0.500,2-tag corner homography,0.371763,0.896154,101,102,3.363846,4.260000,0,0.050000,0.500000,590.9628888758,0.0000000000,1007.8592059077,0.0000000000,592.3761043005,547.7101609771,0.0000000000,0.0000000000,1.0000000000,-0.0359937509,0.0291287486,0.0062609452,0.0003552766,-0.0208418310,1,0.000000,0.000000,321.996,707.234,66.145,791.470,10.170,780.029,79.621,716.165,134.672,723.129,-2.848196,0.620160,1.801651,3.426772,,,1,4.260000,0.000000,1689.966,854.138,1843.287,934.424,1760.617,935.372,1706.227,840.390,1784.393,843.598,-1.215169,-0.530785,-0.904639,1.605223,,,0.0065677531,0.0063761007,-5.2745703054,0.0005379570,-0.0064065721,4.7786564732,0.0003259625,0.0014430742,1.0000000000,,,,,,,,,
300,29.1064,1785357783.951,2,,,,,,,,,,,,,,,,,0,acquiring:0/30,none,1,1920,1200,0.200000,101;102,1,0,world_rms>0.050;pnp_baseline_error>0.500,2-tag corner homography,0.365011,0.872570,101,102,3.387430,4.260000,0,0.050000,0.500000,590.9628888758,0.0000000000,1007.8592059077,0.0000000000,592.3761043005,547.7101609771,0.0000000000,0.0000000000,1.0000000000,-0.0359937509,0.0291287486,0.0062609452,0.0003552766,-0.0208418310,1,0.000000,0.000000,322.035,707.180,66.092,791.472,9.670,779.388,79.417,716.362,135.064,723.357,-2.864345,0.623481,1.811736,3.446098,,,1,4.260000,0.000000,1689.980,854.026,1843.395,934.436,1760.596,935.391,1705.271,840.055,1784.239,843.280,-1.235771,-0.539613,-0.921328,1.633144,,,0.0082150344,0.0080927666,-6.6851338928,0.0006839428,-0.0081655957,6.0889541280,0.0003269973,0.0022496066,1.0000000000,,,,,,,,,
301,29.1925,1785357784.042,2,,,,,,,,,,,,,,,,,0,acquiring:0/30,none,1,1920,1200,0.200000,101;102,1,0,world_rms>0.050;pnp_baseline_error>0.500,2-tag corner homography,36.928278,0.897541,101,102,3.362459,4.260000,0,0.050000,0.500000,590.9628888758,0.0000000000,1007.8592059077,0.0000000000,592.3761043005,547.7101609771,0.0000000000,0.0000000000,1.0000000000,-0.0359937509,0.0291287486,0.0062609452,0.0003552766,-0.0208418310,1,0.000000,0.000000,322.151,707.236,65.709,791.533,9.506,780.296,79.477,716.351,135.166,723.000,-2.837595,0.617986,1.794644,3.413883,,,1,4.260000,0.000000,1689.941,854.133,1842.888,934.182,1760.521,935.380,1705.299,840.001,1785.077,844.077,-1.248502,-0.545393,-0.930693,1.649970,,,0.0002894441,-0.0042522131,3.2186290253,0.0000016039,-0.0000586593,0.0479937234,-0.0000899703,-0.0009508208,1.0000000000,,,,,,,,,
302,29.2839,1785357784.128,2,,,,,,,,,,,,,,,,,0,acquiring:0/30,none,1,1920,1200,0.200000,101;102,1,0,world_rms>0.050;pnp_baseline_error>0.500,2-tag corner homography,0.370316,0.882048,101,102,3.377952,4.260000,0,0.050000,0.500000,590.9628888758,0.0000000000,1007.8592059077,0.0000000000,592.3761043005,547.7101609771,0.0000000000,0.0000000000,1.0000000000,-0.0359937509,0.0291287486,0.0062609452,0.0003552766,-0.0208418310,1,0.000000,0.000000,322.062,707.105,65.716,791.544,9.557,779.224,79.545,716.236,135.144,723.269,-2.859689,0.622175,1.808668,3.440378,,,1,4.260000,0.000000,1689.976,854.093,1843.392,934.557,1760.649,935.422,1705.884,840.274,1784.325,843.347,-1.222204,-0.533784,-0.910332,1.614748,,,0.0103913312,0.0102638298,-8.4747852403,0.0008515725,-0.0101447208,7.5628343572,0.0004170560,0.0031371232,1.0000000000,,,,,,,,,
303,29.3702,1785357784.218,2,,,,,,,,,,,,,,,,,0,acquiring:0/30,none,1,1920,1200,0.200000,101;102,1,0,world_rms>0.050;pnp_baseline_error>0.500,2-tag corner homography,0.374578,0.891230,101,102,3.368770,4.260000,0,0.050000,0.500000,590.9628888758,0.0000000000,1007.8592059077,0.0000000000,592.3761043005,547.7101609771,0.0000000000,0.0000000000,1.0000000000,-0.0359937509,0.0291287486,0.0062609452,0.0003552766,-0.0208418310,1,0.000000,0.000000,321.944,707.135,65.670,791.490,9.684,779.483,79.808,716.130,135.332,723.125,-2.849354,0.619957,1.802392,3.428087,,,1,4.260000,0.000000,1689.964,854.086,1843.536,934.451,1760.649,935.354,1705.281,840.443,1784.515,843.454,-1.226434,-0.535648,-0.914098,1.620689,,,0.0193558033,0.0192222105,-15.8664995387,0.0015212820,-0.0181360008,13.5165822285,0.0007318572,0.0068979587,1.0000000000,,,,,,,,,
304,29.4601,1785357784.302,1,,,,,,,,,,,,,,,,,0,acquiring:0/30,none,1,1920,1200,0.200000,102,0,0,insufficient,insufficient,,,,,,,0,0.050000,0.500000,590.9628888758,0.0000000000,1007.8592059077,0.0000000000,592.3761043005,547.7101609771,0.0000000000,0.0000000000,1.0000000000,-0.0359937509,0.0291287486,0.0062609452,0.0003552766,-0.0208418310,0,0.000000,0.000000,,,,,,,,,,,,,,,,,1,4.260000,0.000000,1689.983,854.076,1843.385,934.425,1760.531,935.369,1705.930,840.370,1784.176,843.270,-1.216025,-0.531050,-0.905721,1.606568,,,,,,,,,,,,,,,,,,,,
305,29.5435,1785357784.388,2,,,,,,,,,,,,,,,,,0,acquiring:0/30,none,1,1920,1200,0.200000,101;102,1,0,world_rms>0.050;pnp_baseline_error>0.500,2-tag corner homography,0.368212,0.885856,101,102,3.374144,4.260000,0,0.050000,0.500000,590.9628888758,0.0000000000,1007.8592059077,0.0000000000,592.3761043005,547.7101609771,0.0000000000,0.0000000000,1.0000000000,-0.0359937509,0.0291287486,0.0062609452,0.0003552766,-0.0208418310,1,0.000000,0.000000,322.044,707.006,65.894,791.379,9.660,779.337,79.308,716.190,135.011,722.840,-2.854322,0.620582,1.805216,3.433815,,,1,4.260000,0.000000,1689.974,854.069,1843.461,934.448,1760.544,935.363,1705.524,840.237,1784.329,843.395,-1.228720,-0.536604,-0.915663,1.623618,,,0.0094421364,0.0093032603,-7.6820754583,0.0007789722,-0.0092781847,6.9159353009,0.0003752688,0.0027548286,1.0000000000,,,,,,,,,
306,29.6302,1785357784.483,2,,,,,,,,,,,,,,,,,0,acquiring:0/30,none,1,1920,1200,0.200000,101;102,1,0,world_rms>0.050;pnp_baseline_error>0.500,2-tag corner homography,0.371515,0.888702,101,102,3.371298,4.260000,0,0.050000,0.500000,590.9628888758,0.0000000000,1007.8592059077,0.0000000000,592.3761043005,547.7101609771,0.0000000000,0.0000000000,1.0000000000,-0.0359937509,0.0291287486,0.0062609452,0.0003552766,-0.0208418310,1,0.000000,0.000000,322.164,707.298,65.946,791.531,10.091,780.070,79.054,716.561,134.916,723.273,-2.856124,0.622290,1.806394,3.436241,,,1,4.260000,0.000000,1689.967,854.134,1843.366,934.408,1760.717,935.452,1706.174,840.495,1784.204,843.446,-1.211421,-0.529141,-0.901891,1.600294,,,0.0077212117,0.0075747675,-6.2603956927,0.0006357632,-0.0075798625,5.6542303488,0.0003534197,0.0019550005,1.0000000000,,,,,,,,,
307,29.7319,1785357784.579,2,,,,,,,,,,,,,,,,,0,acquiring:0/30,none,1,1920,1200,0.200000,101;102,1,0,world_rms>0.050;pnp_baseline_error>0.500,2-tag corner homography,0.368273,0.892145,101,102,3.367855,4.260000,0,0.050000,0.500000,590.9628888758,0.0000000000,1007.8592059077,0.0000000000,592.3761043005,547.7101609771,0.0000000000,0.0000000000,1.0000000000,-0.0359937509,0.0291287486,0.0062609452,0.0003552766,-0.0208418310,1,0.000000,0.000000,322.012,707.113,65.629,791.497,9.635,779.428,79.619,716.124,135.297,723.192,-2.852025,0.620504,1.803928,3.431213,,,1,4.260000,0.000000,1689.959,854.149,1843.346,934.447,1760.695,935.451,1706.052,840.485,1784.316,843.504,-1.215347,-0.530894,-0.904950,1.605568,,,0.0063133914,0.0062548305,-5.1632598974,0.0005200246,-0.0061867744,4.6139818848,0.0003112742,0.0013531709,1.0000000000,,,,,,,,,
308,29.8319,1785357784.689,2,,,,,,,,,,,,,,,,,0,acquiring:0/30,none,1,1920,1200,0.200000,101;102,1,0,world_rms>0.050;pnp_baseline_error>0.500,2-tag corner homography,0.383939,0.901973,101,102,3.358027,4.260000,0,0.050000,0.500000,590.9628888758,0.0000000000,1007.8592059077,0.0000000000,592.3761043005,547.7101609771,0.0000000000,0.0000000000,1.0000000000,-0.0359937509,0.0291287486,0.0062609452,0.0003552766,-0.0208418310,1,0.000000,0.000000,322.090,707.262,65.767,791.597,9.765,780.143,79.857,716.090,134.828,723.322,-2.842003,0.619002,1.797574,3.419272,,,1,4.260000,0.000000,1689.996,854.047,1843.308,934.451,1760.590,935.330,1706.031,840.256,1784.188,843.224,-1.217569,-0.531660,-0.906781,1.608536,,,0.0297004400,0.0292869293,-24.1929480870,0.0022531403,-0.0268973011,20.0509063807,0.0012285087,0.0109636268,1.0000000000,,,,,,,,,
309,29.9356,1785357784.782,2,,,,,,,,,,,,,,,,,0,acquiring:0/30,none,1,1920,1200,0.200000,101;102,1,0,world_rms>0.050;pnp_baseline_error>0.500,2-tag corner homography,0.383709,0.887452,101,102,3.372548,4.260000,0,0.050000,0.500000,590.9628888758,0.0000000000,1007.8592059077,0.0000000000,592.3761043005,547.7101609771,0.0000000000,0.0000000000,1.0000000000,-0.0359937509,0.0291287486,0.0062609452,0.0003552766,-0.0208418310,1,0.000000,0.000000,322.190,707.046,65.673,791.498,9.520,779.368,79.507,716.184,134.670,723.171,-2.857778,0.621617,1.807152,3.437892,,,1,4.260000,0.000000,1690.014,854.012,1843.374,934.328,1760.623,935.327,1706.066,840.382,1784.391,843.219,-1.211553,-0.528953,-0.902130,1.600465,,,0.0281675341,0.0278346898,-22.9763651568,0.0021559100,-0.0256976730,19.1513457814,0.0011517456,0.0103733456,1.0000000000,,,,,,,,,
310,30.0304,1785357784.875,2,,,,,,,,,,,,,,,,,0,acquiring:0/30,none,1,1920,1200,0.200000,101;102,1,0,world_rms>0.050;pnp_baseline_error>0.500,2-tag corner homography,0.377594,0.896356,101,102,3.363644,4.260000,0,0.050000,0.500000,590.9628888758,0.0000000000,1007.8592059077,0.0000000000,592.3761043005,547.7101609771,0.0000000000,0.0000000000,1.0000000000,-0.0359937509,0.0291287486,0.0062609452,0.0003552766,-0.0208418310,1,0.000000,0.000000,321.899,707.072,65.739,791.462,9.694,779.343,79.489,716.207,135.615,722.817,-2.847967,0.619357,1.801545,3.426381,,,1,4.260000,0.000000,1690.004,854.030,1843.088,934.184,1760.573,935.350,1706.041,840.317,1784.414,843.313,-1.215494,-0.530717,-0.905198,1.605762,,,0.0047744581,0.0045194353,-3.7457444635,0.0003694056,-0.0044007681,3.2832292002,0.0003011905,0.0006116459,1.0000000000,,,,,,,,,
311,30.1237,1785357784.968,2,,,,,,,,,,,,,,,,,0,acquiring:0/30,none,1,1920,1200,0.200000,101;102,1,0,world_rms>0.050;pnp_baseline_error>0.500,2-tag corner homography,616.506254,0.889561,101,102,3.370439,4.260000,0,0.050000,0.500000,590.9628888758,0.0000000000,1007.8592059077,0.0000000000,592.3761043005,547.7101609771,0.0000000000,0.0000000000,1.0000000000,-0.0359937509,0.0291287486,0.0062609452,0.0003552766,-0.0208418310,1,0.000000,0.000000,322.071,707.031,65.604,791.510,9.645,779.239,79.470,716.239,135.075,722.945,-2.854695,0.620789,1.805423,3.434271,,,1,4.260000,0.000000,1689.982,854.092,1843.353,934.415,1760.591,935.376,1706.126,840.344,1784.329,843.431,-1.215529,-0.530853,-0.905058,1.605754,,,0.0152174784,-0.0241394376,18.1161314432,0.0004505644,-0.0007525360,0.5653311506,0.0002093863,-0.0012854882,1.0000000000,,,,,,,,,
312,30.2173,1785357785.063,2,,,,,,,,,,,,,,,,,0,acquiring:0/30,none,1,1920,1200,0.200000,101;102,1,0,world_rms>0.050;pnp_baseline_error>0.500,2-tag corner homography,0.378860,0.886013,101,102,3.373987,4.260000,0,0.050000,0.500000,590.9628888758,0.0000000000,1007.8592059077,0.0000000000,592.3761043005,547.7101609771,0.0000000000,0.0000000000,1.0000000000,-0.0359937509,0.0291287486,0.0062609452,0.0003552766,-0.0208418310,1,0.000000,0.000000,322.029,707.116,65.762,791.529,9.713,779.339,79.800,716.152,134.883,723.245,-2.857006,0.621612,1.807048,3.437194,,,1,4.260000,0.000000,1689.981,854.086,1843.203,934.331,1760.575,935.312,1706.042,840.331,1784.209,843.405,-1.218145,-0.531992,-0.907197,1.609317,,,0.0190607025,0.0188326452,-15.5500011133,0.0014948331,-0.0178106694,13.2744873639,0.0007694708,0.0066767459,1.0000000000,,,,,,,,,
313,30.3049,1785357785.180,1,,,,,,,,,,,,,,,,,0,acquiring:0/30,none,1,1920,1200,0.200000,102,0,0,insufficient,insufficient,,,,,,,0,0.050000,0.500000,590.9628888758,0.0000000000,1007.8592059077,0.0000000000,592.3761043005,547.7101609771,0.0000000000,0.0000000000,1.0000000000,-0.0359937509,0.0291287486,0.0062609452,0.0003552766,-0.0208418310,0,0.000000,0.000000,,,,,,,,,,,,,,,,,1,4.260000,0.000000,1689.953,854.111,1843.405,934.422,1760.604,935.345,1705.320,840.376,1784.492,843.555,-1.230340,-0.537407,-0.917034,1.625882,,,,,,,,,,,,,,,,,,,,
314,30.4457,1785357785.291,2,,,,,,,,,,,,,,,,,0,acquiring:0/30,none,1,1920,1200,0.200000,101;102,1,0,world_rms>0.050;pnp_baseline_error>0.500,2-tag corner homography,0.379106,0.893313,101,102,3.366687,4.260000,0,0.050000,0.500000,590.9628888758,0.0000000000,1007.8592059077,0.0000000000,592.3761043005,547.7101609771,0.0000000000,0.0000000000,1.0000000000,-0.0359937509,0.0291287486,0.0062609452,0.0003552766,-0.0208418310,1,0.000000,0.000000,321.987,707.145,65.487,791.435,9.698,779.533,79.642,716.178,135.494,723.217,-2.850869,0.620363,1.803275,3.429884,,,1,4.260000,0.000000,1689.996,854.058,1843.530,934.511,1760.553,935.274,1706.105,840.317,1784.367,843.378,-1.215589,-0.530808,-0.905091,1.605803,,,0.0222871435,0.0221909049,-18.3117329671,0.0017328902,-0.0206476013,15.3886703464,0.0008978590,0.0080064035,1.0000000000,,,,,,,,,
315,30.5333,1785357785.377,2,,,,,,,,,,,,,,,,,0,acquiring:0/30,none,1,1920,1200,0.200000,101;102,1,0,world_rms>0.050;pnp_baseline_error>0.500,2-tag corner homography,0.381572,0.897014,101,102,3.362986,4.260000,0,0.050000,0.500000,590.9628888758,0.0000000000,1007.8592059077,0.0000000000,592.3761043005,547.7101609771,0.0000000000,0.0000000000,1.0000000000,-0.0359937509,0.0291287486,0.0062609452,0.0003552766,-0.0208418310,1,0.000000,0.000000,322.190,707.203,65.618,791.547,9.736,780.126,79.584,716.317,134.750,723.069,-2.843456,0.619157,1.798243,3.420859,,,1,4.260000,0.000000,1689.991,854.022,1843.441,934.434,1760.576,935.360,1705.528,840.135,1784.142,843.210,-1.229273,-0.536751,-0.916157,1.624364,,,0.0260402689,0.0257598335,-21.2698893803,0.0019926551,-0.0238124573,17.7516593116,0.0010451405,0.0095408986,1.0000000000,,,,,,,,,
316,30.6201,1785357785.464,2,,,,,,,,,,,,,,,,,0,acquiring:0/30,none,1,1920,1200,0.200000,101;102,1,0,world_rms>0.050;pnp_baseline_error>0.500,2-tag corner homography,0.369410,0.888301,101,102,3.371699,4.260000,0,0.050000,0.500000,590.9628888758,0.0000000000,1007.8592059077,0.0000000000,592.3761043005,547.7101609771,0.0000000000,0.0000000000,1.0000000000,-0.0359937509,0.0291287486,0.0062609452,0.0003552766,-0.0208418310,1,0.000000,0.000000,322.103,707.283,66.048,791.496,9.790,780.022,79.369,716.423,134.983,723.315,-2.853631,0.621633,1.804923,3.433276,,,1,4.260000,0.000000,1689.975,854.088,1843.459,934.494,1760.688,935.420,1705.789,840.348,1784.155,843.293,-1.221391,-0.533425,-0.909849,1.613742,,,0.0087584188,0.0086163856,-7.1197094524,0.0007210370,-0.0086039101,6.4170057329,0.0003681934,0.0024331887,1.0000000000,,,,,,,,,
317,30.7083,1785357785.554,2,,,,,,,,,,,,,,,,,0,acquiring:0/30,none,1,1920,1200,0.200000,101;102,1,0,world_rms>0.050;pnp_baseline_error>0.500,2-tag corner homography,0.182257,0.887193,101,102,3.372807,4.260000,0,0.050000,0.500000,590.9628888758,0.0000000000,1007.8592059077,0.0000000000,592.3761043005,547.7101609771,0.0000000000,0.0000000000,1.0000000000,-0.0359937509,0.0291287486,0.0062609452,0.0003552766,-0.0208418310,1,0.000000,0.000000,322.087,707.105,65.531,791.480,9.779,779.560,79.625,716.135,134.961,723.164,-2.851656,0.620450,1.803538,3.430692,,,1,4.260000,0.000000,1689.977,854.030,1842.789,933.964,1760.645,935.356,1705.389,840.192,1783.904,843.229,-1.232382,-0.538145,-0.918858,1.628700,,,-0.0008790263,-0.0018181001,1.4354125743,0.0000206900,-0.0002513166,0.1859768256,-0.0004609748,-0.0006562080,1.0000000000,,,,,,,,,
318,30.8021,1785357785.656,2,,,,,,,,,,,,,,,,,0,acquiring:0/30,none,1,1920,1200,0.200000,101;102,1,0,world_rms>0.050;pnp_baseline_error>0.500,2-tag corner homography,0.380926,0.906193,101,102,3.353807,4.260000,0,0.050000,0.500000,590.9628888758,0.0000000000,1007.8592059077,0.0000000000,592.3761043005,547.7101609771,0.0000000000,0.0000000000,1.0000000000,-0.0359937509,0.0291287486,0.0062609452,0.0003552766,-0.0208418310,1,0.000000,0.000000,321.959,707.259,65.576,791.482,9.786,780.136,79.743,716.063,135.568,723.234,-2.837430,0.617889,1.794935,3.413882,,,1,4.260000,0.000000,1689.968,854.126,1843.079,934.352,1760.677,935.394,1706.180,840.287,1784.328,843.556,-1.219849,-0.532811,-0.908275,1.611484,,,0.0259289719,0.0257480642,-21.2578170289,0.0019896828,-0.0237189636,17.6800887584,0.0010589923,0.0094636871,1.0000000000,,,,,,,,,
319,30.9055,1785357785.750,2,,,,,,,,,,,,,,,,,0,acquiring:0/30,none,1,1920,1200,0.200000,101;102,1,0,world_rms>0.050;pnp_baseline_error>0.500,2-tag corner homography,0.150799,0.893116,101,102,3.366884,4.260000,0,0.050000,0.500000,590.9628888758,0.0000000000,1007.8592059077,0.0000000000,592.3761043005,547.7101609771,0.0000000000,0.0000000000,1.0000000000,-0.0359937509,0.0291287486,0.0062609452,0.0003552766,-0.0208418310,1,0.000000,0.000000,322.261,707.195,65.629,791.543,9.740,780.012,79.354,716.462,134.663,723.117,-2.850483,0.620709,1.802539,3.429239,,,1,4.260000,0.000000,1689.971,854.112,1843.072,934.363,1760.585,935.345,1706.066,840.343,1784.283,843.434,-1.218152,-0.532049,-0.907176,1.609328,,,-0.2053654667,-1.3443296632,1023.1785428712,-0.0035118316,0.0511864779,-39.1061190653,0.0979708726,-0.3427741886,1.0000000000,,,,,,,,,
320,30.9988,1785357785.845,2,,,,,,,,,,,,,,,,,0,acquiring:0/30,none,1,1920,1200,0.200000,101;102,1,0,world_rms>0.050;pnp_baseline_error>0.500,2-tag corner homography,0.377718,0.896014,101,102,3.363986,4.260000,0,0.050000,0.500000,590.9628888758,0.0000000000,1007.8592059077,0.0000000000,592.3761043005,547.7101609771,0.0000000000,0.0000000000,1.0000000000,-0.0359937509,0.0291287486,0.0062609452,0.0003552766,-0.0208418310,1,0.000000,0.000000,322.263,707.268,65.603,791.530,9.642,780.306,79.307,716.410,134.944,723.282,-2.845651,0.619965,1.799549,3.423516,,,1,4.260000,0.000000,1689.959,854.097,1843.478,934.517,1760.545,935.328,1705.373,840.447,1784.281,843.318,-1.223782,-0.534512,-0.912117,1.617190,,,0.0194149910,0.0192176577,-15.8687618466,0.0015163310,-0.0181183777,13.5099188795,0.0007564335,0.0068747739,1.0000000000,,,,,,,,,
321,31.0975,1785357785.958,2,,,,,,,,,,,,,,,,,0,acquiring:0/30,none,1,1920,1200,0.200000,101;102,1,0,world_rms>0.050;pnp_baseline_error>0.500,2-tag corner homography,2.938661,0.882722,101,102,3.377278,4.260000,0,0.050000,0.500000,590.9628888758,0.0000000000,1007.8592059077,0.0000000000,592.3761043005,547.7101609771,0.0000000000,0.0000000000,1.0000000000,-0.0359937509,0.0291287486,0.0062609452,0.0003552766,-0.0208418310,1,0.000000,0.000000,322.022,707.107,65.940,791.543,9.722,779.320,79.727,716.128,134.795,723.203,-2.857445,0.621663,1.807330,3.437717,,,1,4.260000,0.000000,1689.992,854.027,1843.402,934.237,1760.601,935.421,1705.605,840.199,1784.273,843.350,-1.227383,-0.535929,-0.914597,1.621782,,,0.0013395927,-0.0055490775,4.1330592206,-0.0000646463,0.0009737014,-0.7367661291,0.0003545440,-0.0013523493,1.0000000000,,,,,,,,,
322,31.2107,1785357786.064,2,,,,,,,,,,,,,,,,,0,acquiring:0/30,none,1,1920,1200,0.200000,101;102,1,0,world_rms>0.050;pnp_baseline_error>0.500,2-tag corner homography,0.381364,0.903752,101,102,3.356248,4.260000,0,0.050000,0.500000,590.9628888758,0.0000000000,1007.8592059077,0.0000000000,592.3761043005,547.7101609771,0.0000000000,0.0000000000,1.0000000000,-0.0359937509,0.0291287486,0.0062609452,0.0003552766,-0.0208418310,1,0.000000,0.000000,321.924,707.216,66.107,791.452,9.871,780.032,79.534,716.062,135.275,723.050,-2.841130,0.618488,1.797304,3.418311,,,1,4.260000,0.000000,1689.979,854.096,1843.492,934.572,1760.483,935.280,1706.084,840.367,1784.125,843.317,-1.214126,-0.530253,-0.904113,1.603961,,,0.0253129119,0.0249447698,-20.6072926443,0.0019413709,-0.0231348344,17.2428202470,0.0010321842,0.0092084505,1.0000000000,,,,,,,,,
323,31.3134,1785357786.171,2,,,,,,,,,,,,,,,,,0,acquiring:0/30,none,1,1920,1200,0.200000,101;102,1,0,world_rms>0.050;pnp_baseline_error>0.500,2-tag corner homography,0.385564,0.887342,101,102,3.372658,4.260000,0,0.050000,0.500000,590.9628888758,0.0000000000,1007.8592059077,0.0000000000,592.3761043005,547.7101609771,0.0000000000,0.0000000000,1.0000000000,-0.0359937509,0.0291287486,0.0062609452,0.0003552766,-0.0208418310,1,0.000000,0.000000,322.031,707.091,65.845,791.445,9.613,779.307,79.650,716.208,134.973,723.182,-2.858826,0.621904,1.808170,3.439350,,,1,4.260000,0.000000,1690.018,853.994,1843.132,933.918,1760.466,935.312,1706.208,840.380,1783.809,843.140,-1.206158,-0.526567,-0.898216,1.593387,,,0.0393172336,0.0389890859,-32.1792975479,0.0029692824,-0.0354033827,26.3821121271,0.0016366378,0.0148665594,1.0000000000,,,,,,,,,
324,31.4196,1785357786.276,2,,,,,,,,,,,,,,,,,0,acquiring:0/30,none,1,1920,1200,0.200000,101;102,1,0,world_rms>0.050;pnp_baseline_error>0.500,2-tag corner homography,0.388353,0.894271,101,102,3.365729,4.260000,0,0.050000,0.500000,590.9628888758,0.0000000000,1007.8592059077,0.0000000000,592.3761043005,547.7101609771,0.0000000000,0.0000000000,1.0000000000,-0.0359937509,0.0291287486,0.0062609452,0.0003552766,-0.0208418310,1,0.000000,0.000000,322.182,707.139,65.669,791.459,9.838,779.876,79.508,716.240,134.606,723.115,-2.850412,0.620397,1.802597,3.429154,,,1,4.260000,0.000000,1689.953,854.152,1842.982,934.144,1760.613,935.378,1706.255,840.352,1783.220,843.318,-1.213705,-0.530192,-0.903962,1.603537,,,0.0385280518,0.0379987247,-31.3780762071,0.0029010631,-0.0345885584,25.7797561577,0.0016488959,0.0144452156,1.0000000000,,,,,,,,,
325,31.5273,1785357786.388,2,,,,,,,,,,,,,,,,,0,acquiring:0/30,none,1,1920,1200,0.200000,101;102,1,0,world_rms>0.050;pnp_baseline_error>0.500,2-tag corner homography,0.363593,0.888932,101,102,3.371068,4.260000,0,0.050000,0.500000,590.9628888758,0.0000000000,1007.8592059077,0.0000000000,592.3761043005,547.7101609771,0.0000000000,0.0000000000,1.0000000000,-0.0359937509,0.0291287486,0.0062609452,0.0003552766,-0.0208418310,1,0.000000,0.000000,321.908,707.091,65.829,791.527,9.644,779.331,79.741,716.221,135.336,722.862,-2.849091,0.619690,1.802255,3.427749,,,1,4.260000,0.000000,1689.957,854.096,1843.409,934.452,1760.683,935.411,1705.282,840.218,1784.469,843.543,-1.235760,-0.539747,-0.921156,1.633082,,,0.0077609195,0.0076806546,-6.3415063483,0.0006474915,-0.0077134715,5.7506192892,0.0003153755,0.0020522927,1.0000000000,,,,,,,,,
326,31.6369,1785357786.486,2,,,,,,,,,,,,,,,,,0,acquiring:0/30,none,1,1920,1200,0.200000,101;102,1,0,world_rms>0.050;pnp_baseline_error>0.500,2-tag corner homography,0.386189,0.905370,101,102,3.354630,4.260000,0,0.050000,0.500000,590.9628888758,0.0000000000,1007.8592059077,0.0000000000,592.3761043005,547.7101609771,0.0000000000,0.0000000000,1.0000000000,-0.0359937509,0.0291287486,0.0062609452,0.0003552766,-0.0208418310,1,0.000000,0.000000,322.170,707.275,65.694,791.423,10.122,780.546,79.434,716.350,134.704,723.057,-2.840441,0.618780,1.796443,3.417338,,,1,4.260000,0.000000,1689.990,854.077,1843.494,934.499,1760.700,935.393,1706.159,840.392,1784.175,843.285,-1.212100,-0.529322,-0.902430,1.601170,,,0.0297507615,0.0293317733,-24.2300999551,0.0022544931,-0.0269002025,20.0546176305,0.0012701697,0.0109052668,1.0000000000,,,,,,,,,
327,31.7395,1785357786.625,2,,,,,,,,,,,,,,,,,0,acquiring:0/30,none,1,1920,1200,0.200000,101;102,1,0,world_rms>0.050;pnp_baseline_error>0.500,2-tag corner homography,0.378993,0.889791,101,102,3.370209,4.260000,0,0.050000,0.500000,590.9628888758,0.0000000000,1007.8592059077,0.0000000000,592.3761043005,547.7101609771,0.0000000000,0.0000000000,1.0000000000,-0.0359937509,0.0291287486,0.0062609452,0.0003552766,-0.0208418310,1,0.000000,0.000000,322.058,707.258,65.778,791.447,9.741,779.962,79.714,716.220,135.072,723.429,-2.850910,0.620901,1.803268,3.430012,,,1,4.260000,0.000000,1689.980,854.071,1843.333,934.423,1760.582,935.319,1705.794,840.213,1784.265,843.404,-1.226518,-0.535631,-0.913732,1.620541,,,0.0216634696,0.0214547462,-17.7166023131,0.0016822810,-0.0200836632,14.9722303492,0.0008638107,0.0077620968,1.0000000000,,,,,,,,,
328,31.8891,1785357786.753,2,,,,,,,,,,,,,,,,,0,acquiring:0/30,none,1,1920,1200,0.200000,101;102,1,0,world_rms>0.050;pnp_baseline_error>0.500,2-tag corner homography,0.376494,0.896165,101,102,3.363835,4.260000,0,0.050000,0.500000,590.9628888758,0.0000000000,1007.8592059077,0.0000000000,592.3761043005,547.7101609771,0.0000000000,0.0000000000,1.0000000000,-0.0359937509,0.0291287486,0.0062609452,0.0003552766,-0.0208418310,1,0.000000,0.000000,322.074,707.244,65.633,791.509,10.036,780.142,79.589,716.223,134.992,723.160,-2.843270,0.619194,1.798390,3.420788,,,1,4.260000,0.000000,1689.954,854.101,1843.357,934.504,1760.651,935.373,1705.290,840.307,1784.299,843.388,-1.231427,-0.537867,-0.917961,1.627380,,,0.0184526786,0.0182070104,-15.0398471801,0.0014449885,-0.0172541873,12.8632191399,0.0007170959,0.0064794896,1.0000000000,,,,,,,,,
329,32.0049,1785357786.853,2,,,,,,,,,,,,,,,,,0,acquiring:0/30,none,1,1920,1200,0.200000,101;102,1,0,world_rms>0.050;pnp_baseline_error>0.500,2-tag corner homography,0.384501,0.906915,101,102,3.353085,4.260000,0,0.050000,0.500000,590.9628888758,0.0000000000,1007.8592059077,0.0000000000,592.3761043005,547.7101609771,0.0000000000,0.0000000000,1.0000000000,-0.0359937509,0.0291287486,0.0062609452,0.0003552766,-0.0208418310,1,0.000000,0.000000,322.208,707.153,65.535,791.443,9.668,780.310,79.604,716.205,134.708,722.902,-2.836437,0.617433,1.793722,3.412335,,,1,4.260000,0.000000,1689.986,854.076,1843.352,934.388,1760.635,935.378,1705.977,840.254,1784.550,843.535,-1.222872,-0.534034,-0.910666,1.615525,,,0.0296141161,0.0293137397,-24.1998366698,0.0022500380,-0.0268373705,20.0044532531,0.0012303724,0.0109236805,1.0000000000,,,,,,,,,
330,32.1021,1785357786.951,2,,,,,,,,,,,,,,,,,0,acquiring:0/30,none,1,1920,1200,0.200000,101;102,1,0,world_rms>0.050;pnp_baseline_error>0.500,2-tag corner homography,0.385556,0.897589,101,102,3.362411,4.260000,0,0.050000,0.500000,590.9628888758,0.0000000000,1007.8592059077,0.0000000000,592.3761043005,547.7101609771,0.0000000000,0.0000000000,1.0000000000,-0.0359937509,0.0291287486,0.0062609452,0.0003552766,-0.0208418310,1,0.000000,0.000000,322.190,707.307,65.669,791.578,10.033,780.273,79.560,716.386,134.666,723.321,-2.847752,0.620523,1.801057,3.426156,,,1,4.260000,0.000000,1689.979,854.100,1843.433,934.581,1760.479,935.221,1706.150,840.427,1784.258,843.356,-1.211585,-0.529146,-0.902094,1.600533,,,0.0289840233,0.0285729352,-23.6044903628,0.0022038187,-0.0263028514,19.6107605748,0.0012250182,0.0106197123,1.0000000000,,,,,,,,,
331,32.1996,1785357787.061,2,,,,,,,,,,,,,,,,,0,acquiring:0/30,none,1,1920,1200,0.200000,101;102,1,0,world_rms>0.050;pnp_baseline_error>0.500,2-tag corner homography,0.378388,0.883909,101,102,3.376091,4.260000,0,0.050000,0.500000,590.9628888758,0.0000000000,1007.8592059077,0.0000000000,592.3761043005,547.7101609771,0.0000000000,0.0000000000,1.0000000000,-0.0359937509,0.0291287486,0.0062609452,0.0003552766,-0.0208418310,1,0.000000,0.000000,322.113,707.149,65.876,791.573,9.552,779.479,79.654,716.247,134.795,723.296,-2.857438,0.621914,1.807186,3.437681,,,1,4.260000,0.000000,1690.010,853.995,1843.638,934.479,1760.570,935.336,1705.676,840.193,1784.392,843.225,-1.223694,-0.534241,-0.911670,1.616782,,,0.0205403778,0.0202881171,-16.7527119875,0.0016011391,-0.0191115421,14.2457108240,0.0008059782,0.0073273017,1.0000000000,,,,,,,,,
332,32.3046,1785357787.152,2,,,,,,,,,,,,,,,,,0,acquiring:0/30,none,1,1920,1200,0.200000,101;102,1,0,world_rms>0.050;pnp_baseline_error>0.500,2-tag corner homography,0.378225,0.905177,101,102,3.354823,4.260000,0,0.050000,0.500000,590.9628888758,0.0000000000,1007.8592059077,0.0000000000,592.3761043005,547.7101609771,0.0000000000,0.0000000000,1.0000000000,-0.0359937509,0.0291287486,0.0062609452,0.0003552766,-0.0208418310,1,0.000000,0.000000,321.776,707.314,66.119,791.540,9.862,780.083,80.167,716.034,135.408,723.167,-2.837020,0.617879,1.795087,3.413619,,,1,4.260000,0.000000,1689.990,854.064,1843.404,934.455,1760.805,935.366,1705.921,840.287,1784.504,843.454,-1.223607,-0.534331,-0.911229,1.616497,,,0.0230723053,0.0228259957,-18.8564634475,0.0017806677,-0.0212329515,15.8265498325,0.0009231191,0.0083318640,1.0000000000,,,,,,,,,
333,32.4015,1785357787.246,2,,,,,,,,,,,,,,,,,0,acquiring:0/30,none,1,1920,1200,0.200000,101;102,1,0,world_rms>0.050;pnp_baseline_error>0.500,2-tag corner homography,0.382410,0.898935,101,102,3.361065,4.260000,0,0.050000,0.500000,590.9628888758,0.0000000000,1007.8592059077,0.0000000000,592.3761043005,547.7101609771,0.0000000000,0.0000000000,1.0000000000,-0.0359937509,0.0291287486,0.0062609452,0.0003552766,-0.0208418310,1,0.000000,0.000000,322.079,707.201,65.565,791.519,9.859,779.935,79.878,716.062,134.836,723.303,-2.845517,0.619506,1.799760,3.423433,,,1,4.260000,0.000000,1689.994,854.051,1843.381,934.378,1760.557,935.354,1705.979,840.348,1784.215,843.253,-1.215250,-0.530656,-0.905071,1.605485,,,0.0251324032,0.0248219504,-20.4993060120,0.0019282078,-0.0230014634,17.1453373090,0.0010347832,0.0091172624,1.0000000000,,,,,,,,,
334,32.4948,1785357787.339,2,,,,,,,,,,,,,,,,,0,acquiring:0/30,none,1,1920,1200,0.200000,101;102,1,0,world_rms>0.050;pnp_baseline_error>0.500,2-tag corner homography,0.384299,0.898067,101,102,3.361933,4.260000,0,0.050000,0.500000,590.9628888758,0.0000000000,1007.8592059077,0.0000000000,592.3761043005,547.7101609771,0.0000000000,0.0000000000,1.0000000000,-0.0359937509,0.0291287486,0.0062609452,0.0003552766,-0.0208418310,1,0.000000,0.000000,322.170,707.266,65.538,791.459,9.814,780.203,79.601,716.165,134.933,723.492,-2.847290,0.620235,1.800765,3.425567,,,1,4.260000,0.000000,1689.996,854.062,1843.380,934.424,1760.551,935.197,1706.210,840.375,1784.229,843.366,-1.212162,-0.529317,-0.902470,1.601239,,,0.0283008017,0.0279837717,-23.1095295276,0.0021591776,-0.0257685705,19.2109584055,0.0011805841,0.0103785652,1.0000000000,,,,,,,,,
335,32.5884,1785357787.434,2,,,,,,,,,,,,,,,,,0,acquiring:0/30,none,1,1920,1200,0.200000,101;102,1,0,world_rms>0.050;pnp_baseline_error>0.500,2-tag corner homography,0.376138,0.905097,101,102,3.354903,4.260000,0,0.050000,0.500000,590.9628888758,0.0000000000,1007.8592059077,0.0000000000,592.3761043005,547.7101609771,0.0000000000,0.0000000000,1.0000000000,-0.0359937509,0.0291287486,0.0062609452,0.0003552766,-0.0208418310,1,0.000000,0.000000,322.080,707.171,65.761,791.502,9.679,780.056,79.737,716.218,134.878,722.917,-2.839864,0.618150,1.796155,3.416593,,,1,4.260000,0.000000,1689.976,854.101,1843.344,934.420,1760.553,935.402,1706.086,840.347,1784.149,843.358,-1.215228,-0.530746,-0.904951,1.605430,,,0.0053626481,0.0051066447,-4.2308233803,0.0004259784,-0.0050781886,3.7889879415,0.0003082277,0.0008856135,1.0000000000,,,,,,,,,
336,32.6833,1785357787.528,2,,,,,,,,,,,,,,,,,0,acquiring:0/30,none,1,1920,1200,0.200000,101;102,1,0,world_rms>0.050;pnp_baseline_error>0.500,2-tag corner homography,0.383935,0.899399,101,102,3.360601,4.260000,0,0.050000,0.500000,590.9628888758,0.0000000000,1007.8592059077,0.0000000000,592.3761043005,547.7101609771,0.0000000000,0.0000000000,1.0000000000,-0.0359937509,0.0291287486,0.0062609452,0.0003552766,-0.0208418310,1,0.000000,0.000000,322.000,707.231,65.683,791.495,10.259,780.010,79.859,716.046,134.770,723.250,-2.845403,0.619543,1.799874,3.423404,,,1,4.260000,0.000000,1689.993,854.060,1843.411,934.476,1760.672,935.369,1706.067,840.369,1784.197,843.226,-1.213750,-0.530014,-0.903804,1.603423,,,0.0267241990,0.0262758786,-21.7114073982,0.0020391277,-0.0243144665,18.1234422021,0.0011206459,0.0097199011,1.0000000000,,,,,,,,,
337,32.7768,1785357787.624,2,,,,,,,,,,,,,,,,,0,acquiring:0/30,none,1,1920,1200,0.200000,101;102,1,0,world_rms>0.050;pnp_baseline_error>0.500,2-tag corner homography,0.179944,0.874289,101,102,3.385711,4.260000,0,0.050000,0.500000,590.9628888758,0.0000000000,1007.8592059077,0.0000000000,592.3761043005,547.7101609771,0.0000000000,0.0000000000,1.0000000000,-0.0359937509,0.0291287486,0.0062609452,0.0003552766,-0.0208418310,1,0.000000,0.000000,322.097,707.155,65.802,791.546,9.766,779.199,79.367,716.443,135.011,723.377,-2.868204,0.624267,1.814032,3.450654,,,1,4.260000,0.000000,1689.991,854.060,1843.356,934.367,1760.644,935.423,1706.001,840.309,1784.226,843.296,-1.217278,-0.531560,-0.906547,1.608151,,,0.0073504216,0.0178996200,-13.9864843503,-0.0004045368,0.0048967305,-3.6547102957,-0.0002282308,0.0033520648,1.0000000000,,,,,,,,,
338,32.8725,1785357787.722,2,,,,,,,,,,,,,,,,,0,acquiring:0/30,none,1,1920,1200,0.200000,101;102,1,0,world_rms>0.050;pnp_baseline_error>0.500,2-tag corner homography,0.382595,0.901233,101,102,3.358767,4.260000,0,0.050000,0.500000,590.9628888758,0.0000000000,1007.8592059077,0.0000000000,592.3761043005,547.7101609771,0.0000000000,0.0000000000,1.0000000000,-0.0359937509,0.0291287486,0.0062609452,0.0003552766,-0.0208418310,1,0.000000,0.000000,322.231,707.251,65.595,791.484,9.659,780.323,79.207,716.400,135.117,723.181,-2.843477,0.619395,1.798220,3.420907,,,1,4.260000,0.000000,1689.996,854.054,1843.496,934.397,1760.615,935.347,1706.057,840.336,1784.203,843.325,-1.215545,-0.530785,-0.905156,1.605799,,,0.0254412197,0.0252208537,-20.8218278632,0.0019517874,-0.0233025071,17.3733644225,0.0010441708,0.0092537424,1.0000000000,,,,,,,,,
339,32.9739,1785357787.818,2,,,,,,,,,,,,,,,,,0,acquiring:0/30,none,1,1920,1200,0.200000,101;102,1,0,world_rms>0.050;pnp_baseline_error>0.500,2-tag corner homography,0.384581,0.903957,101,102,3.356043,4.260000,0,0.050000,0.500000,590.9628888758,0.0000000000,1007.8592059077,0.0000000000,592.3761043005,547.7101609771,0.0000000000,0.0000000000,1.0000000000,-0.0359937509,0.0291287486,0.0062609452,0.0003552766,-0.0208418310,1,0.000000,0.000000,322.158,707.261,65.705,791.530,9.782,780.302,79.685,716.140,134.773,723.313,-2.841767,0.619004,1.797292,3.418927,,,1,4.260000,0.000000,1689.990,854.077,1843.530,934.488,1760.555,935.421,1706.188,840.326,1784.240,843.330,-1.212155,-0.529345,-0.902465,1.601240,,,0.0276952026,0.0273131988,-22.5612170030,0.0021085508,-0.0251563001,18.7541641044,0.0011612782,0.0101177514,1.0000000000,,,,,,,,,
340,33.0664,1785357787.918,2,,,,,,,,,,,,,,,,,0,acquiring:0/30,none,1,1920,1200,0.200000,101;102,1,0,world_rms>0.050;pnp_baseline_error>0.500,2-tag corner homography,0.382429,0.901497,101,102,3.358503,4.260000,0,0.050000,0.500000,590.9628888758,0.0000000000,1007.8592059077,0.0000000000,592.3761043005,547.7101609771,0.0000000000,0.0000000000,1.0000000000,-0.0359937509,0.0291287486,0.0062609452,0.0003552766,-0.0208418310,1,0.000000,0.000000,322.054,707.247,65.654,791.540,9.675,780.068,79.972,716.074,134.998,723.337,-2.842069,0.618925,1.797672,3.419364,,,1,4.260000,0.000000,1689.987,854.078,1843.411,934.505,1760.558,935.223,1706.055,840.312,1784.489,843.500,-1.219445,-0.532538,-0.908019,1.610944,,,0.0279580666,0.0276890638,-22.8639274425,0.0021356691,-0.0254742672,18.9892710584,0.0011455393,0.0102818805,1.0000000000,,,,,,,,,
341,33.1739,1785357788.028,2,,,,,,,,,,,,,,,,,0,acquiring:0/30,none,1,1920,1200,0.200000,101;102,1,0,world_rms>0.050;pnp_baseline_error>0.500,2-tag corner homography,0.376338,0.891805,101,102,3.368195,4.260000,0,0.050000,0.500000,590.9628888758,0.0000000000,1007.8592059077,0.0000000000,592.3761043005,547.7101609771,0.0000000000,0.0000000000,1.0000000000,-0.0359937509,0.0291287486,0.0062609452,0.0003552766,-0.0208418310,1,0.000000,0.000000,322.057,707.241,65.386,791.518,9.882,779.883,79.762,716.231,135.230,723.355,-2.848000,0.620196,1.801412,3.426490,,,1,4.260000,0.000000,1689.968,854.080,1843.357,934.397,1760.584,935.361,1705.457,840.279,1784.374,843.435,-1.229554,-0.536995,-0.916359,1.624771,,,0.0191468028,0.0190086665,-15.6931435038,0.0015004736,-0.0179152423,13.3557897803,0.0007456822,0.0067671217,1.0000000000,,,,,,,,,
342,33.2712,1785357788.116,2,,,,,,,,,,,,,,,,,0,acquiring:0/30,none,1,1920,1200,0.200000,101;102,1,0,world_rms>0.050;pnp_baseline_error>0.500,2-tag corner homography,0.484369,0.882140,101,102,3.377860,4.260000,0,0.050000,0.500000,590.9628888758,0.0000000000,1007.8592059077,0.0000000000,592.3761043005,547.7101609771,0.0000000000,0.0000000000,1.0000000000,-0.0359937509,0.0291287486,0.0062609452,0.0003552766,-0.0208418310,1,0.000000,0.000000,322.147,707.094,65.454,791.442,9.594,779.318,79.763,716.152,134.806,723.467,-2.861874,0.622676,1.809871,3.442917,,,1,4.260000,0.000000,1690.009,854.025,1843.516,934.467,1760.425,935.178,1706.123,840.279,1784.364,843.336,-1.214529,-0.530280,-0.904330,1.604397,,,0.0080792379,0.0013352357,-1.5742284072,0.0002616495,-0.0031773453,2.3734117822,0.0004733589,0.0016518392,1.0000000000,,,,,,,,,
343,33.3585,1785357788.203,2,,,,,,,,,,,,,,,,,0,acquiring:0/30,none,1,1920,1200,0.200000,101;102,1,0,world_rms>0.050;pnp_baseline_error>0.500,2-tag corner homography,0.383468,0.905151,101,102,3.354849,4.260000,0,0.050000,0.500000,590.9628888758,0.0000000000,1007.8592059077,0.0000000000,592.3761043005,547.7101609771,0.0000000000,0.0000000000,1.0000000000,-0.0359937509,0.0291287486,0.0062609452,0.0003552766,-0.0208418310,1,0.000000,0.000000,322.201,707.244,65.517,791.580,9.512,780.226,79.707,716.242,134.947,723.256,-2.840541,0.618700,1.796415,3.417392,,,1,4.260000,0.000000,1689.996,854.066,1843.513,934.525,1760.672,935.230,1706.168,840.422,1784.554,843.459,-1.213377,-0.529851,-0.903247,1.602773,,,0.0280320397,0.0278117048,-22.9591796078,0.0021402511,-0.0255325738,19.0348308853,0.0011587939,0.0102949748,1.0000000000,,,,,,,,,
344,33.4457,1785357788.290,2,,,,,,,,,,,,,,,,,0,acquiring:0/30,none,1,1920,1200,0.200000,101;102,1,0,world_rms>0.050;pnp_baseline_error>0.500,2-tag corner homography,0.381319,0.904675,101,102,3.355325,4.260000,0,0.050000,0.500000,590.9628888758,0.0000000000,1007.8592059077,0.0000000000,592.3761043005,547.7101609771,0.0000000000,0.0000000000,1.0000000000,-0.0359937509,0.0291287486,0.0062609452,0.0003552766,-0.0208418310,1,0.000000,0.000000,322.016,707.149,65.517,791.570,9.818,779.809,79.583,716.311,135.320,722.776,-2.839940,0.618024,1.796308,3.416714,,,1,4.260000,0.000000,1690.016,854.001,1843.624,934.494,1760.552,935.267,1705.990,840.260,1784.339,843.225,-1.216578,-0.531130,-0.905977,1.607158,,,0.0260693637,0.0259019541,-21.3782763957,0.0019986112,-0.0238331034,17.7628086437,0.0010647324,0.0095229194,1.0000000000,,,,,,,,,
345,33.5339,1785357788.383,2,,,,,,,,,,,,,,,,,0,acquiring:0/30,none,1,1920,1200,0.200000,101;102,1,0,world_rms>0.050;pnp_baseline_error>0.500,2-tag corner homography,0.374772,0.899217,101,102,3.360783,4.260000,0,0.050000,0.500000,590.9628888758,0.0000000000,1007.8592059077,0.0000000000,592.3761043005,547.7101609771,0.0000000000,0.0000000000,1.0000000000,-0.0359937509,0.0291287486,0.0062609452,0.0003552766,-0.0208418310,1,0.000000,0.000000,322.227,707.276,65.699,791.546,9.628,780.269,79.647,716.335,134.699,723.345,-2.846156,0.620079,1.799945,3.424164,,,1,4.260000,0.000000,1690.002,854.043,1843.397,934.422,1760.616,935.315,1706.141,840.352,1784.282,843.266,-1.212473,-0.529416,-0.902758,1.601669,,,0.0062347428,0.0059035908,-4.8944932667,0.0005070651,-0.0060553406,4.5184103695,0.0003153784,0.0012957638,1.0000000000,,,,,,,,,
346,33.6257,1785357788.470,2,,,,,,,,,,,,,,,,,0,acquiring:0/30,none,1,1920,1200,0.200000,101;102,1,0,world_rms>0.050;pnp_baseline_error>0.500,2-tag corner homography,0.381978,0.908803,101,102,3.351197,4.260000,0,0.050000,0.500000,590.9628888758,0.0000000000,1007.8592059077,0.0000000000,592.3761043005,547.7101609771,0.0000000000,0.0000000000,1.0000000000,-0.0359937509,0.0291287486,0.0062609452,0.0003552766,-0.0208418310,1,0.000000,0.000000,322.002,707.289,65.841,791.609,9.572,780.205,80.248,715.921,134.939,723.405,-2.836537,0.617853,1.794314,3.412806,,,1,4.260000,0.000000,1689.990,854.073,1843.545,934.549,1760.743,935.386,1706.068,840.409,1784.281,843.286,-1.213806,-0.530061,-0.903753,1.603452,,,0.0266150268,0.0262958876,-21.7208970475,0.0020328516,-0.0242453805,18.0737941478,0.0010914366,0.0097296256,1.0000000000,,,,,,,,,
347,33.7128,1785357788.558,2,,,,,,,,,,,,,,,,,0,acquiring:0/30,none,1,1920,1200,0.200000,101;102,1,0,world_rms>0.050;pnp_baseline_error>0.500,2-tag corner homography,0.384008,0.912702,101,102,3.347298,4.260000,0,0.050000,0.500000,590.9628888758,0.0000000000,1007.8592059077,0.0000000000,592.3761043005,547.7101609771,0.0000000000,0.0000000000,1.0000000000,-0.0359937509,0.0291287486,0.0062609452,0.0003552766,-0.0208418310,1,0.000000,0.000000,322.083,707.196,65.551,791.533,9.770,780.237,79.609,716.276,135.145,722.802,-2.833625,0.616898,1.792227,3.409117,,,1,4.260000,0.000000,1689.988,854.078,1843.424,934.347,1760.596,935.339,1706.113,840.441,1784.221,843.377,-1.211901,-0.529240,-0.902356,1.600951,,,0.0338336919,0.0337935655,-27.8800297817,0.0025622315,-0.0305437483,22.7657437799,0.0014134349,0.0126345673,1.0000000000,,,,,,,,,
348,33.8001,1785357788.648,2,,,,,,,,,,,,,,,,,0,acquiring:0/30,none,1,1920,1200,0.200000,101;102,1,0,world_rms>0.050;pnp_baseline_error>0.500,2-tag corner homography,0.382866,0.901366,101,102,3.358634,4.260000,0,0.050000,0.500000,590.9628888758,0.0000000000,1007.8592059077,0.0000000000,592.3761043005,547.7101609771,0.0000000000,0.0000000000,1.0000000000,-0.0359937509,0.0291287486,0.0062609452,0.0003552766,-0.0208418310,1,0.000000,0.000000,322.119,707.239,65.623,791.557,9.733,780.062,79.701,716.194,134.971,723.284,-2.844446,0.619463,1.799040,3.422156,,,1,4.260000,0.000000,1689.994,854.064,1843.438,934.329,1760.686,935.435,1706.089,840.457,1784.336,843.333,-1.211006,-0.528820,-0.901653,1.599739,,,0.0264281988,0.0261477940,-21.5918204674,0.0020234960,-0.0241353837,17.9920620721,0.0010904333,0.0096426249,1.0000000000,,,,,,,,,
349,33.8907,1785357788.736,2,,,,,,,,,,,,,,,,,0,acquiring:0/30,none,1,1920,1200,0.200000,101;102,1,0,world_rms>0.050;pnp_baseline_error>0.500,2-tag corner homography,0.382042,0.898585,101,102,3.361415,4.260000,0,0.050000,0.500000,590.9628888758,0.0000000000,1007.8592059077,0.0000000000,592.3761043005,547.7101609771,0.0000000000,0.0000000000,1.0000000000,-0.0359937509,0.0291287486,0.0062609452,0.0003552766,-0.0208418310,1,0.000000,0.000000,322.106,707.249,65.624,791.502,9.749,780.090,79.554,716.292,135.156,723.243,-2.845329,0.619687,1.799635,3.423243,,,1,4.260000,0.000000,1689.984,854.088,1843.696,934.567,1760.688,935.371,1706.078,840.332,1784.219,843.424,-1.217702,-0.531795,-0.906660,1.608613,,,0.0257515900,0.0255364633,-21.0833561308,0.0019779827,-0.0235919333,17.5872062767,0.0010561334,0.0093819193,1.0000000000,,,,,,,,,
350,33.9782,1785357788.822,2,,,,,,,,,,,,,,,,,0,acquiring:0/30,none,1,1920,1200,0.200000,101;102,1,0,world_rms>0.050;pnp_baseline_error>0.500,2-tag corner homography,0.380684,0.901102,101,102,3.358898,4.260000,0,0.050000,0.500000,590.9628888758,0.0000000000,1007.8592059077,0.0000000000,592.3761043005,547.7101609771,0.0000000000,0.0000000000,1.0000000000,-0.0359937509,0.0291287486,0.0062609452,0.0003552766,-0.0208418310,1,0.000000,0.000000,322.043,707.277,65.557,791.508,9.803,780.110,79.737,716.143,135.293,723.389,-2.843283,0.619307,1.798491,3.420873,,,1,4.260000,0.000000,1690.008,854.018,1843.430,934.342,1760.380,935.114,1706.004,840.336,1784.401,843.370,-1.215511,-0.530700,-0.905217,1.605779,,,0.0244409177,0.0242326643,-20.0093312084,0.0018813465,-0.0224599176,16.7435695062,0.0009919180,0.0088675592,1.0000000000,,,,,,,,,
351,34.0643,1785357788.911,2,,,,,,,,,,,,,,,,,0,acquiring:0/30,none,1,1920,1200,0.200000,101;102,1,0,world_rms>0.050;pnp_baseline_error>0.500,2-tag corner homography,1.258247,0.902982,101,102,3.357018,4.260000,0,0.050000,0.500000,590.9628888758,0.0000000000,1007.8592059077,0.0000000000,592.3761043005,547.7101609771,0.0000000000,0.0000000000,1.0000000000,-0.0359937509,0.0291287486,0.0062609452,0.0003552766,-0.0208418310,1,0.000000,0.000000,322.212,707.227,65.405,791.447,9.672,780.288,79.755,716.290,134.792,723.213,-2.842279,0.619018,1.797478,3.419453,,,1,4.260000,0.000000,1689.983,854.089,1843.425,934.459,1760.512,935.277,1706.132,840.380,1784.319,843.435,-1.214081,-0.530215,-0.903966,1.603832,,,0.0003488823,-0.0077882270,5.7729673008,0.0000319116,-0.0004575657,0.3401830178,-0.0001361774,-0.0009711341,1.0000000000,,,,,,,,,
352,34.1534,1785357789.000,2,,,,,,,,,,,,,,,,,0,acquiring:0/30,none,1,1920,1200,0.200000,101;102,1,0,world_rms>0.050;pnp_baseline_error>0.500,2-tag corner homography,0.377622,0.901687,101,102,3.358313,4.260000,0,0.050000,0.500000,590.9628888758,0.0000000000,1007.8592059077,0.0000000000,592.3761043005,547.7101609771,0.0000000000,0.0000000000,1.0000000000,-0.0359937509,0.0291287486,0.0062609452,0.0003552766,-0.0208418310,1,0.000000,0.000000,322.083,707.319,65.608,791.561,9.745,780.345,79.869,716.111,135.101,723.428,-2.839012,0.618581,1.795749,3.415750,,,1,4.260000,0.000000,1689.989,854.041,1843.614,934.516,1760.736,935.382,1705.585,840.216,1784.350,843.342,-1.228760,-0.536554,-0.915526,1.623554,,,0.0201332008,0.0199198308,-16.4528465556,0.0015653565,-0.0187031833,13.9450522359,0.0007926662,0.0071536635,1.0000000000,,,,,,,,,
353,34.2432,1785357789.088,2,,,,,,,,,,,,,,,,,0,acquiring:0/30,none,1,1920,1200,0.200000,101;102,1,0,world_rms>0.050;pnp_baseline_error>0.500,2-tag corner homography,0.378110,0.901847,101,102,3.358153,4.260000,0,0.050000,0.500000,590.9628888758,0.0000000000,1007.8592059077,0.0000000000,592.3761043005,547.7101609771,0.0000000000,0.0000000000,1.0000000000,-0.0359937509,0.0291287486,0.0062609452,0.0003552766,-0.0208418310,1,0.000000,0.000000,322.146,707.247,65.410,791.477,9.741,780.275,79.773,716.174,134.998,723.282,-2.840276,0.618608,1.796357,3.417125,,,1,4.260000,0.000000,1689.974,854.070,1843.535,934.396,1760.744,935.375,1705.450,840.460,1784.287,843.336,-1.223606,-0.534370,-0.911817,1.616840,,,0.0205670499,0.0203974291,-16.8406070396,0.0016004795,-0.0191111317,14.2481131866,0.0008107197,0.0073319992,1.0000000000,,,,,,,,,
354,34.3306,1785357789.177,2,,,,,,,,,,,,,,,,,0,acquiring:0/30,none,1,1920,1200,0.200000,101;102,1,0,world_rms>0.050;pnp_baseline_error>0.500,2-tag corner homography,0.374056,0.886108,101,102,3.373892,4.260000,0,0.050000,0.500000,590.9628888758,0.0000000000,1007.8592059077,0.0000000000,592.3761043005,547.7101609771,0.0000000000,0.0000000000,1.0000000000,-0.0359937509,0.0291287486,0.0062609452,0.0003552766,-0.0208418310,1,0.000000,0.000000,322.179,707.042,65.586,791.463,9.596,779.345,79.502,716.238,134.718,723.137,-2.858738,0.621802,1.807778,3.439052,,,1,4.260000,0.000000,1689.987,854.083,1843.503,934.429,1760.589,935.346,1706.138,840.404,1784.307,843.417,-1.212867,-0.529669,-0.903011,1.602194,,,0.0110396493,0.0108870647,-8.9887519262,0.0008986718,-0.0106992148,7.9758444536,0.0004590407,0.0033708575,1.0000000000,,,,,,,,,
355,34.4190,1785357789.264,2,,,,,,,,,,,,,,,,,0,acquiring:0/30,none,1,1920,1200,0.200000,101;102,1,0,world_rms>0.050;pnp_baseline_error>0.500,2-tag corner homography,0.382101,0.900242,101,102,3.359758,4.260000,0,0.050000,0.500000,590.9628888758,0.0000000000,1007.8592059077,0.0000000000,592.3761043005,547.7101609771,0.0000000000,0.0000000000,1.0000000000,-0.0359937509,0.0291287486,0.0062609452,0.0003552766,-0.0208418310,1,0.000000,0.000000,322.081,707.254,65.986,791.503,9.591,780.125,79.783,716.127,134.861,723.337,-2.845009,0.619617,1.799485,3.422886,,,1,4.260000,0.000000,1690.013,854.012,1843.404,934.332,1760.493,935.302,1706.068,840.325,1784.353,843.239,-1.212441,-0.529342,-0.902845,1.601669,,,0.0252264177,0.0249034370,-20.5695117063,0.0019335376,-0.0230789733,17.2046831337,0.0010333556,0.0091658959,1.0000000000,,,,,,,,,
356,34.5151,1785357789.366,2,,,,,,,,,,,,,,,,,0,acquiring:0/30,none,1,1920,1200,0.200000,101;102,1,0,world_rms>0.050;pnp_baseline_error>0.500,2-tag corner homography,0.369946,0.896241,101,102,3.363759,4.260000,0,0.050000,0.500000,590.9628888758,0.0000000000,1007.8592059077,0.0000000000,592.3761043005,547.7101609771,0.0000000000,0.0000000000,1.0000000000,-0.0359937509,0.0291287486,0.0062609452,0.0003552766,-0.0208418310,1,0.000000,0.000000,322.117,707.294,65.950,791.563,9.873,780.178,79.573,716.323,134.787,723.288,-2.847732,0.620407,1.801175,3.426180,,,1,4.260000,0.000000,1689.996,854.051,1843.451,934.386,1760.706,935.402,1705.991,840.365,1784.351,843.323,-1.216273,-0.531098,-0.905715,1.606769,,,0.0075423003,0.0074019285,-6.1176119683,0.0006206363,-0.0074052712,5.5238899038,0.0003418126,0.0018905094,1.0000000000,,,,,,,,,
357,34.6154,1785357789.461,2,,,,,,,,,,,,,,,,,0,acquiring:0/30,none,1,1920,1200,0.200000,101;102,1,0,world_rms>0.050;pnp_baseline_error>0.500,2-tag corner homography,0.373499,0.898699,101,102,3.361301,4.260000,0,0.050000,0.500000,590.9628888758,0.0000000000,1007.8592059077,0.0000000000,592.3761043005,547.7101609771,0.0000000000,0.0000000000,1.0000000000,-0.0359937509,0.0291287486,0.0062609452,0.0003552766,-0.0208418310,1,0.000000,0.000000,322.195,707.262,65.793,791.595,9.581,780.205,79.542,716.336,134.850,723.226,-2.844207,0.619567,1.798762,3.421830,,,1,4.260000,0.000000,1689.991,854.057,1843.440,934.451,1760.572,935.318,1705.871,840.301,1784.617,843.458,-1.221426,-0.533367,-0.909682,1.613655,,,0.0020262494,-0.0002957908,0.0797883485,-0.0000939789,0.0011159671,-0.8334848906,0.0000361327,-0.0002798107,1.0000000000,,,,,,,,,
358,34.7088,1785357789.554,2,,,,,,,,,,,,,,,,,0,acquiring:0/30,none,1,1920,1200,0.200000,101;102,1,0,world_rms>0.050;pnp_baseline_error>0.500,2-tag corner homography,0.370695,0.897496,101,102,3.362504,4.260000,0,0.050000,0.500000,590.9628888758,0.0000000000,1007.8592059077,0.0000000000,592.3761043005,547.7101609771,0.0000000000,0.0000000000,1.0000000000,-0.0359937509,0.0291287486,0.0062609452,0.0003552766,-0.0208418310,1,0.000000,0.000000,322.015,707.268,65.951,791.577,9.903,780.076,79.851,716.218,134.837,723.159,-2.843823,0.619362,1.798879,3.421536,,,1,4.260000,0.000000,1689.986,854.054,1843.332,934.384,1760.520,935.390,1705.740,840.193,1784.390,843.369,-1.225566,-0.535182,-0.913076,1.619302,,,0.0102632730,0.0100953770,-8.3423215462,0.0008354325,-0.0099704289,7.4347514110,0.0004191582,0.0030672679,1.0000000000,,,,,,,,,
359,34.8030,1785357789.650,2,,,,,,,,,,,,,,,,,0,acquiring:0/30,none,1,1920,1200,0.200000,101;102,1,0,world_rms>0.050;pnp_baseline_error>0.500,2-tag corner homography,0.383749,0.902491,101,102,3.357509,4.260000,0,0.050000,0.500000,590.9628888758,0.0000000000,1007.8592059077,0.0000000000,592.3761043005,547.7101609771,0.0000000000,0.0000000000,1.0000000000,-0.0359937509,0.0291287486,0.0062609452,0.0003552766,-0.0208418310,1,0.000000,0.000000,322.059,707.277,65.720,791.512,9.678,780.096,79.833,716.220,135.094,723.350,-2.845033,0.619701,1.799565,3.422963,,,1,4.260000,0.000000,1689.995,854.070,1843.408,934.484,1760.460,935.280,1706.259,840.494,1784.410,843.286,-1.204201,-0.525851,-0.896404,1.590647,,,0.0296790325,0.0294434440,-24.3099365776,0.0022595469,-0.0269459128,20.0871504302,0.0012397636,0.0109384893,1.0000000000,,,,,,,,,
360,34.8990,1785357789.743,2,,,,,,,,,,,,,,,,,0,acquiring:0/30,none,1,1920,1200,0.200000,101;102,1,0,world_rms>0.050;pnp_baseline_error>0.500,2-tag corner homography,0.376789,0.895565,101,102,3.364435,4.260000,0,0.050000,0.500000,590.9628888758,0.0000000000,1007.8592059077,0.0000000000,592.3761043005,547.7101609771,0.0000000000,0.0000000000,1.0000000000,-0.0359937509,0.0291287486,0.0062609452,0.0003552766,-0.0208418310,1,0.000000,0.000000,321.867,707.090,66.018,791.606,9.642,779.235,79.793,716.212,135.275,722.797,-2.849141,0.619662,1.802367,3.427844,,,1,4.260000,0.000000,1689.989,854.077,1843.269,934.395,1760.730,935.419,1706.130,840.384,1784.381,843.348,-1.213960,-0.530135,-0.903842,1.603643,,,0.0175452244,0.0173429271,-14.3200970601,0.0013823938,-0.0164506158,12.2589767442,0.0007041118,0.0060662902,1.0000000000,,,,,,,,,
361,34.9921,1785357789.851,2,,,,,,,,,,,,,,,,,0,acquiring:0/30,none,1,1920,1200,0.200000,101;102,1,0,world_rms>0.050;pnp_baseline_error>0.500,2-tag corner homography,2.521059,0.885235,101,102,3.374765,4.260000,0,0.050000,0.500000,590.9628888758,0.0000000000,1007.8592059077,0.0000000000,592.3761043005,547.7101609771,0.0000000000,0.0000000000,1.0000000000,-0.0359937509,0.0291287486,0.0062609452,0.0003552766,-0.0208418310,1,0.000000,0.000000,322.156,707.075,65.474,791.504,9.613,779.316,79.604,716.255,134.851,723.233,-2.859089,0.621996,1.808075,3.439536,,,1,4.260000,0.000000,1690.017,853.998,1843.410,934.300,1760.518,935.334,1706.006,840.302,1784.423,843.235,-1.213968,-0.529983,-0.904038,1.603710,,,-0.3125714236,0.6093918702,-421.0154517186,-0.0128567412,0.1404055732,-102.1399528360,-0.0875509408,0.0601871502,1.0000000000,,,,,,,,,
362,35.1005,1785357789.966,2,,,,,,,,,,,,,,,,,0,acquiring:0/30,none,1,1920,1200,0.200000,101;102,1,0,world_rms>0.050;pnp_baseline_error>0.500,2-tag corner homography,0.383936,0.895174,101,102,3.364826,4.260000,0,0.050000,0.500000,590.9628888758,0.0000000000,1007.8592059077,0.0000000000,592.3761043005,547.7101609771,0.0000000000,0.0000000000,1.0000000000,-0.0359937509,0.0291287486,0.0062609452,0.0003552766,-0.0208418310,1,0.000000,0.000000,322.154,707.153,65.587,791.460,9.741,779.839,79.668,716.200,134.740,723.218,-2.850237,0.620397,1.802555,3.428986,,,1,4.260000,0.000000,1690.031,853.975,1843.317,934.124,1760.774,935.362,1706.137,840.348,1784.455,843.276,-1.212282,-0.529190,-0.902553,1.601334,,,0.0277595462,0.0274670469,-22.6763801864,0.0021215911,-0.0253110721,18.8662426339,0.0011531180,0.0101710362,1.0000000000,,,,,,,,,
363,35.2223,1785357790.081,2,,,,,,,,,,,,,,,,,0,acquiring:0/30,none,1,1920,1200,0.200000,101;102,1,0,world_rms>0.050;pnp_baseline_error>0.500,2-tag corner homography,0.385039,0.902910,101,102,3.357090,4.260000,0,0.050000,0.500000,590.9628888758,0.0000000000,1007.8592059077,0.0000000000,592.3761043005,547.7101609771,0.0000000000,0.0000000000,1.0000000000,-0.0359937509,0.0291287486,0.0062609452,0.0003552766,-0.0208418310,1,0.000000,0.000000,322.228,707.225,65.686,791.575,9.608,780.222,79.565,716.215,134.719,723.230,-2.842555,0.619083,1.797619,3.419768,,,1,4.260000,0.000000,1690.002,854.041,1843.487,934.433,1760.560,935.302,1706.082,840.354,1784.317,843.294,-1.213325,-0.529787,-0.903447,1.602825,,,0.0310921010,0.0307213459,-25.3689321947,0.0023561646,-0.0281235762,20.9658298227,0.0012918718,0.0115221706,1.0000000000,,,,,,,,,
364,35.3365,1785357790.188,2,,,,,,,,,,,,,,,,,0,acquiring:0/30,none,1,1920,1200,0.200000,101;102,1,0,world_rms>0.050;pnp_baseline_error>0.500,2-tag corner homography,0.376620,0.876443,101,102,3.383557,4.260000,0,0.050000,0.500000,590.9628888758,0.0000000000,1007.8592059077,0.0000000000,592.3761043005,547.7101609771,0.0000000000,0.0000000000,1.0000000000,-0.0359937509,0.0291287486,0.0062609452,0.0003552766,-0.0208418310,1,0.000000,0.000000,322.152,707.118,65.761,791.505,9.476,779.306,79.552,716.415,134.839,723.283,-2.863888,0.623218,1.811158,3.445367,,,1,4.260000,0.000000,1689.969,854.075,1843.349,934.232,1760.500,935.393,1705.413,840.387,1784.380,843.434,-1.224967,-0.534983,-0.912986,1.618733,,,0.0192958359,0.0191446637,-15.8008197876,0.0015184174,-0.0181179575,13.5050709495,0.0007414571,0.0068495076,1.0000000000,,,,,,,,,
365,35.4372,1785357790.282,2,,,,,,,,,,,,,,,,,0,acquiring:0/30,none,1,1920,1200,0.200000,101;102,1,0,world_rms>0.050;pnp_baseline_error>0.500,2-tag corner homography,0.382475,0.889438,101,102,3.370562,4.260000,0,0.050000,0.500000,590.9628888758,0.0000000000,1007.8592059077,0.0000000000,592.3761043005,547.7101609771,0.0000000000,0.0000000000,1.0000000000,-0.0359937509,0.0291287486,0.0062609452,0.0003552766,-0.0208418310,1,0.000000,0.000000,321.974,707.130,65.606,791.476,9.665,779.356,80.055,716.057,135.053,723.353,-2.854958,0.621180,1.805873,3.434796,,,1,4.260000,0.000000,1689.997,854.057,1843.498,934.444,1760.642,935.415,1706.093,840.357,1784.449,843.352,-1.213862,-0.530052,-0.903768,1.603500,,,0.0308811056,0.0307091281,-25.3428558151,0.0023585439,-0.0280955435,20.9374697557,0.0012632420,0.0114844306,1.0000000000,,,,,,,,,
366,35.5311,1785357790.381,2,,,,,,,,,,,,,,,,,0,acquiring:0/30,none,1,1920,1200,0.200000,101;102,1,0,world_rms>0.050;pnp_baseline_error>0.500,2-tag corner homography,1.496794,0.886082,101,102,3.373918,4.260000,0,0.050000,0.500000,590.9628888758,0.0000000000,1007.8592059077,0.0000000000,592.3761043005,547.7101609771,0.0000000000,0.0000000000,1.0000000000,-0.0359937509,0.0291287486,0.0062609452,0.0003552766,-0.0208418310,1,0.000000,0.000000,322.069,707.053,65.647,791.516,9.634,779.232,79.611,716.248,134.961,723.038,-2.856789,0.621335,1.806773,3.436820,,,1,4.260000,0.000000,1690.010,854.008,1843.435,934.421,1760.606,935.236,1705.885,840.287,1784.386,843.258,-1.219406,-0.532386,-0.908228,1.610982,,,108.1167869761,-78.7506558719,53582.0726630067,-3.0447834450,39.4025822521,-29855.1429912016,39.7227192980,-32.9420206068,1.0000000000,,,,,,,,,
367,35.6274,1785357790.480,2,,,,,,,,,,,,,,,,,0,acquiring:0/30,none,1,1920,1200,0.200000,101;102,1,0,world_rms>0.050;pnp_baseline_error>0.500,2-tag corner homography,0.372215,0.903750,101,102,3.356250,4.260000,0,0.050000,0.500000,590.9628888758,0.0000000000,1007.8592059077,0.0000000000,592.3761043005,547.7101609771,0.0000000000,0.0000000000,1.0000000000,-0.0359937509,0.0291287486,0.0062609452,0.0003552766,-0.0208418310,1,0.000000,0.000000,322.054,707.234,65.912,791.576,9.771,780.076,79.990,716.022,134.655,723.260,-2.842091,0.618875,1.797675,3.419375,,,1,4.260000,0.000000,1689.995,854.066,1843.353,934.413,1760.548,935.345,1706.132,840.416,1784.635,843.413,-1.211460,-0.529018,-0.901917,1.600297,,,0.0058702647,0.0056953518,-4.7114105500,0.0004752524,-0.0056645049,4.2260106632,0.0003113238,0.0011312547,1.0000000000,,,,,,,,,
368,35.7291,1785357790.573,2,,,,,,,,,,,,,,,,,0,acquiring:0/30,none,1,1920,1200,0.200000,101;102,1,0,world_rms>0.050;pnp_baseline_error>0.500,2-tag corner homography,0.383587,0.905942,101,102,3.354058,4.260000,0,0.050000,0.500000,590.9628888758,0.0000000000,1007.8592059077,0.0000000000,592.3761043005,547.7101609771,0.0000000000,0.0000000000,1.0000000000,-0.0359937509,0.0291287486,0.0062609452,0.0003552766,-0.0208418310,1,0.000000,0.000000,322.129,707.269,65.730,791.545,9.677,780.289,79.738,716.130,134.911,723.312,-2.840320,0.618698,1.796441,3.417222,,,1,4.260000,0.000000,1690.003,854.046,1843.433,934.459,1760.546,935.338,1706.171,840.363,1784.399,843.275,-1.210394,-0.528511,-0.901142,1.598885,,,0.0272237069,0.0268942174,-22.2124896555,0.0020750720,-0.0247617354,18.4599595390,0.0011315469,0.0099482413,1.0000000000,,,,,,,,,
369,35.8221,1785357790.670,2,,,,,,,,,,,,,,,,,0,acquiring:0/30,none,1,1920,1200,0.200000,101;102,1,0,world_rms>0.050;pnp_baseline_error>0.500,2-tag corner homography,0.383104,0.902567,101,102,3.357433,4.260000,0,0.050000,0.500000,590.9628888758,0.0000000000,1007.8592059077,0.0000000000,592.3761043005,547.7101609771,0.0000000000,0.0000000000,1.0000000000,-0.0359937509,0.0291287486,0.0062609452,0.0003552766,-0.0208418310,1,0.000000,0.000000,322.127,707.286,65.598,791.510,9.699,780.309,80.073,716.197,134.725,723.349,-2.841520,0.619028,1.797219,3.418688,,,1,4.260000,0.000000,1690.006,854.027,1843.372,934.320,1760.656,935.392,1706.030,840.268,1784.351,843.310,-1.217570,-0.531616,-0.906697,1.608475,,,0.0265441508,0.0263111944,-21.7256102015,0.0020281467,-0.0242184751,18.0557616971,0.0011049373,0.0096711227,1.0000000000,,,,,,,,,
370,35.9183,1785357790.767,2,,,,,,,,,,,,,,,,,0,acquiring:0/30,none,1,1920,1200,0.200000,101;102,1,0,world_rms>0.050;pnp_baseline_error>0.500,2-tag corner homography,0.376105,0.892677,101,102,3.367323,4.260000,0,0.050000,0.500000,590.9628888758,0.0000000000,1007.8592059077,0.0000000000,592.3761043005,547.7101609771,0.0000000000,0.0000000000,1.0000000000,-0.0359937509,0.0291287486,0.0062609452,0.0003552766,-0.0208418310,1,0.000000,0.000000,322.095,707.195,65.425,791.473,9.628,779.863,79.763,716.328,135.175,723.180,-2.847249,0.619872,1.800820,3.425496,,,1,4.260000,0.000000,1689.977,854.043,1843.402,934.371,1760.445,935.303,1705.296,840.246,1784.397,843.361,-1.229229,-0.536786,-0.916350,1.624450,,,0.0200560999,0.0199907014,-16.4961136086,0.0015684721,-0.0187349000,13.9661590706,0.0007733999,0.0071599125,1.0000000000,,,,,,,,,
371,36.0160,1785357790.861,2,,,,,,,,,,,,,,,,,0,acquiring:0/30,none,1,1920,1200,0.200000,101;102,1,0,world_rms>0.050;pnp_baseline_error>0.500,2-tag corner homography,0.284269,0.896382,101,102,3.363618,4.260000,0,0.050000,0.500000,590.9628888758,0.0000000000,1007.8592059077,0.0000000000,592.3761043005,547.7101609771,0.0000000000,0.0000000000,1.0000000000,-0.0359937509,0.0291287486,0.0062609452,0.0003552766,-0.0208418310,1,0.000000,0.000000,322.049,707.221,65.439,791.494,9.869,779.828,79.811,716.205,135.141,723.338,-2.849040,0.620332,1.802067,3.427723,,,1,4.260000,0.000000,1690.020,853.996,1843.482,934.077,1760.619,935.389,1706.080,840.389,1784.267,843.310,-1.211064,-0.528706,-0.901759,1.599805,,,-0.0040498946,-0.0080371592,6.3253711768,-0.0001871426,0.0022165768,-1.6480987993,-0.0000386614,-0.0031813901,1.0000000000,,,,,,,,,
372,36.1092,1785357790.958,2,,,,,,,,,,,,,,,,,0,acquiring:0/30,none,1,1920,1200,0.200000,101;102,1,0,world_rms>0.050;pnp_baseline_error>0.500,2-tag corner homography,0.370196,0.898181,101,102,3.361819,4.260000,0,0.050000,0.500000,590.9628888758,0.0000000000,1007.8592059077,0.0000000000,592.3761043005,547.7101609771,0.0000000000,0.0000000000,1.0000000000,-0.0359937509,0.0291287486,0.0062609452,0.0003552766,-0.0208418310,1,0.000000,0.000000,322.109,707.214,65.850,791.556,9.791,779.986,79.645,716.299,134.762,723.098,-2.846690,0.619838,1.800457,3.424834,,,1,4.260000,0.000000,1690.005,854.029,1843.475,934.439,1760.593,935.393,1706.016,840.328,1784.379,843.220,-1.213834,-0.529988,-0.903893,1.603528,,,0.0061863582,0.0061164199,-5.0507955520,0.0005038820,-0.0060081914,4.4820792595,0.0003168438,0.0012789476,1.0000000000,,,,,,,,,
373,36.2093,1785357791.075,2,,,,,,,,,,,,,,,,,0,acquiring:0/30,none,1,1920,1200,0.200000,101;102,1,0,world_rms>0.050;pnp_baseline_error>0.500,2-tag corner homography,0.371548,0.878969,101,102,3.381031,4.260000,0,0.050000,0.500000,590.9628888758,0.0000000000,1007.8592059077,0.0000000000,592.3761043005,547.7101609771,0.0000000000,0.0000000000,1.0000000000,-0.0359937509,0.0291287486,0.0062609452,0.0003552766,-0.0208418310,1,0.000000,0.000000,322.109,707.158,65.627,791.539,9.776,779.307,79.532,716.355,134.968,723.416,-2.864450,0.623473,1.811636,3.446131,,,1,4.260000,0.000000,1690.009,854.024,1843.419,934.370,1760.663,935.349,1706.109,840.287,1784.342,843.297,-1.215442,-0.530675,-0.904996,1.605594,,,0.0097279465,0.0095987716,-7.9269813401,0.0007985351,-0.0095198472,7.0982286764,0.0004077953,0.0028307463,1.0000000000,,,,,,,,,
374,36.3185,1785357791.164,2,,,,,,,,,,,,,,,,,0,acquiring:0/30,none,1,1920,1200,0.200000,101;102,1,0,world_rms>0.050;pnp_baseline_error>0.500,2-tag corner homography,0.382316,0.903960,101,102,3.356040,4.260000,0,0.050000,0.500000,590.9628888758,0.0000000000,1007.8592059077,0.0000000000,592.3761043005,547.7101609771,0.0000000000,0.0000000000,1.0000000000,-0.0359937509,0.0291287486,0.0062609452,0.0003552766,-0.0208418310,1,0.000000,0.000000,322.163,707.244,65.940,791.587,9.540,780.235,79.655,716.202,134.742,723.187,-2.841260,0.618826,1.796945,3.418291,,,1,4.260000,0.000000,1689.999,854.052,1843.564,934.527,1760.571,935.312,1706.140,840.303,1784.281,843.315,-1.214302,-0.530234,-0.904105,1.604083,,,0.0226409771,0.0222734628,-18.4017587169,0.0017429470,-0.0207976880,15.5051023767,0.0009331180,0.0080983239,1.0000000000,,,,,,,,,
375,36.4133,1785357791.290,2,,,,,,,,,,,,,,,,,0,acquiring:0/30,none,1,1920,1200,0.200000,101;102,1,0,world_rms>0.050;pnp_baseline_error>0.500,2-tag corner homography,0.380746,0.908258,101,102,3.351742,4.260000,0,0.050000,0.500000,590.9628888758,0.0000000000,1007.8592059077,0.0000000000,592.3761043005,547.7101609771,0.0000000000,0.0000000000,1.0000000000,-0.0359937509,0.0291287486,0.0062609452,0.0003552766,-0.0208418310,1,0.000000,0.000000,321.908,707.286,65.939,791.533,9.827,780.178,79.939,715.913,135.275,723.310,-2.836948,0.617855,1.794756,3.413381,,,1,4.260000,0.000000,1689.994,854.063,1843.477,934.496,1760.644,935.465,1706.100,840.329,1784.438,843.306,-1.213850,-0.530059,-0.903767,1.603493,,,0.0245404909,0.0242046904,-19.9976750988,0.0018815420,-0.0224338151,16.7222931321,0.0010006699,0.0088939639,1.0000000000,,,,,,,,,
376,36.5395,1785357791.385,2,,,,,,,,,,,,,,,,,0,acquiring:0/30,none,1,1920,1200,0.200000,101;102,1,0,world_rms>0.050;pnp_baseline_error>0.500,2-tag corner homography,2.770739,0.882788,101,102,3.377212,4.260000,0,0.050000,0.500000,590.9628888758,0.0000000000,1007.8592059077,0.0000000000,592.3761043005,547.7101609771,0.0000000000,0.0000000000,1.0000000000,-0.0359937509,0.0291287486,0.0062609452,0.0003552766,-0.0208418310,1,0.000000,0.000000,322.099,707.045,65.602,791.555,9.669,779.210,79.714,716.253,134.747,723.031,-2.857334,0.621444,1.807051,3.437439,,,1,4.260000,0.000000,1689.963,854.085,1843.468,934.422,1760.557,935.229,1705.319,840.425,1784.340,843.445,-1.227499,-0.536114,-0.914945,1.622127,,,0.0018096063,-0.0068190297,3.6042646507,-0.0000951004,0.0004672205,-0.2614276155,0.0004659761,-0.0018549642,1.0000000000,,,,,,,,,
377,36.6268,1785357791.471,2,,,,,,,,,,,,,,,,,0,acquiring:0/30,none,1,1920,1200,0.200000,101;102,1,0,world_rms>0.050;pnp_baseline_error>0.500,2-tag corner homography,0.383031,0.903536,101,102,3.356464,4.260000,0,0.050000,0.500000,590.9628888758,0.0000000000,1007.8592059077,0.0000000000,592.3761043005,547.7101609771,0.0000000000,0.0000000000,1.0000000000,-0.0359937509,0.0291287486,0.0062609452,0.0003552766,-0.0208418310,1,0.000000,0.000000,322.117,707.291,65.802,791.535,9.775,780.300,79.635,716.239,134.940,723.281,-2.842408,0.619232,1.797805,3.419771,,,1,4.260000,0.000000,1690.017,854.007,1843.379,934.263,1760.624,935.389,1706.113,840.363,1784.418,843.242,-1.210729,-0.528580,-0.901454,1.599338,,,0.0261355950,0.0258159602,-21.3233986192,0.0019968337,-0.0238406318,17.7739660606,0.0010828402,0.0095125120,1.0000000000,,,,,,,,,
378,36.7139,1785357791.559,2,,,,,,,,,,,,,,,,,0,acquiring:0/30,none,1,1920,1200,0.200000,101;102,1,0,world_rms>0.050;pnp_baseline_error>0.500,2-tag corner homography,0.381597,0.901633,101,102,3.358367,4.260000,0,0.050000,0.500000,590.9628888758,0.0000000000,1007.8592059077,0.0000000000,592.3761043005,547.7101609771,0.0000000000,0.0000000000,1.0000000000,-0.0359937509,0.0291287486,0.0062609452,0.0003552766,-0.0208418310,1,0.000000,0.000000,322.114,707.250,65.692,791.489,9.769,780.240,79.763,716.125,134.862,723.295,-2.841980,0.618970,1.797501,3.419209,,,1,4.260000,0.000000,1689.999,854.040,1843.594,934.458,1760.549,935.356,1705.935,840.266,1784.384,843.351,-1.219180,-0.532349,-0.907976,1.610656,,,0.0237753140,0.0234854124,-19.3970177338,0.0018281790,-0.0218210748,16.2675210310,0.0009720047,0.0085783489,1.0000000000,,,,,,,,,
379,36.8015,1785357791.646,2,,,,,,,,,,,,,,,,,0,acquiring:0/30,none,1,1920,1200,0.200000,101;102,1,0,world_rms>0.050;pnp_baseline_error>0.500,2-tag corner homography,0.379170,0.886743,101,102,3.373257,4.260000,0,0.050000,0.500000,590.9628888758,0.0000000000,1007.8592059077,0.0000000000,592.3761043005,547.7101609771,0.0000000000,0.0000000000,1.0000000000,-0.0359937509,0.0291287486,0.0062609452,0.0003552766,-0.0208418310,1,0.000000,0.000000,321.934,707.163,65.797,791.563,9.590,779.326,80.184,716.086,135.032,723.357,-2.854734,0.621236,1.805841,3.434604,,,1,4.260000,0.000000,1689.998,854.028,1843.547,934.436,1760.549,935.311,1705.800,840.215,1784.190,843.275,-1.223038,-0.534020,-0.911108,1.615896,,,0.0244762354,0.0242916114,-20.0526077910,0.0018916775,-0.0225611550,16.8143904175,0.0009721509,0.0089255026,1.0000000000,,,,,,,,,
380,36.8947,1785357791.743,2,,,,,,,,,,,,,,,,,0,acquiring:0/30,none,1,1920,1200,0.200000,101;102,1,0,world_rms>0.050;pnp_baseline_error>0.500,2-tag corner homography,0.381583,0.897578,101,102,3.362422,4.260000,0,0.050000,0.500000,590.9628888758,0.0000000000,1007.8592059077,0.0000000000,592.3761043005,547.7101609771,0.0000000000,0.0000000000,1.0000000000,-0.0359937509,0.0291287486,0.0062609452,0.0003552766,-0.0208418310,1,0.000000,0.000000,322.102,707.311,66.023,791.507,9.630,780.235,79.635,716.233,134.956,723.441,-2.847049,0.620317,1.800789,3.425394,,,1,4.260000,0.000000,1690.003,854.040,1843.658,934.557,1760.623,935.335,1706.040,840.353,1784.373,843.273,-1.214081,-0.530114,-0.903985,1.603809,,,0.0245823645,0.0242733141,-20.0507977609,0.0018884321,-0.0225431933,16.8072404732,0.0010012191,0.0089147341,1.0000000000,,,,,,,,,
381,36.9866,1785357791.831,2,,,,,,,,,,,,,,,,,0,acquiring:0/30,none,1,1920,1200,0.200000,101;102,1,0,world_rms>0.050;pnp_baseline_error>0.500,2-tag corner homography,0.387106,0.892387,101,102,3.367613,4.260000,0,0.050000,0.500000,590.9628888758,0.0000000000,1007.8592059077,0.0000000000,592.3761043005,547.7101609771,0.0000000000,0.0000000000,1.0000000000,-0.0359937509,0.0291287486,0.0062609452,0.0003552766,-0.0208418310,1,0.000000,0.000000,322.088,707.261,65.870,791.530,9.849,779.930,79.540,716.369,134.951,723.295,-2.852475,0.621279,1.804201,3.431871,,,1,4.260000,0.000000,1689.987,854.080,1843.517,934.427,1760.526,935.307,1706.081,840.447,1784.340,843.405,-1.212018,-0.529295,-0.902439,1.601105,,,0.0140117405,0.0124724834,-10.4030305120,0.0010885335,-0.0130017679,9.6956874450,0.0005817737,0.0045277006,1.0000000000,,,,,,,,,
382,37.0739,1785357791.918,2,,,,,,,,,,,,,,,,,0,acquiring:0/30,none,1,1920,1200,0.200000,101;102,1,0,world_rms>0.050;pnp_baseline_error>0.500,2-tag corner homography,0.215195,0.882710,101,102,3.377290,4.260000,0,0.050000,0.500000,590.9628888758,0.0000000000,1007.8592059077,0.0000000000,592.3761043005,547.7101609771,0.0000000000,0.0000000000,1.0000000000,-0.0359937509,0.0291287486,0.0062609452,0.0003552766,-0.0208418310,1,0.000000,0.000000,322.067,707.144,65.653,791.536,9.678,779.308,79.699,716.238,135.006,723.396,-2.860903,0.622610,1.809463,3.441884,,,1,4.260000,0.000000,1690.014,854.009,1843.404,934.265,1760.693,935.381,1706.017,840.333,1784.450,843.305,-1.215390,-0.530624,-0.905022,1.605553,,,-0.0009664357,-0.0017382811,1.3818759423,0.0000191659,-0.0002314649,0.1712312179,-0.0004825572,-0.0006491527,1.0000000000,,,,,,,,,
383,37.1608,1785357792.006,2,,,,,,,,,,,,,,,,,0,acquiring:0/30,none,1,1920,1200,0.200000,101;102,1,0,world_rms>0.050;pnp_baseline_error>0.500,2-tag corner homography,0.380317,0.906052,101,102,3.353948,4.260000,0,0.050000,0.500000,590.9628888758,0.0000000000,1007.8592059077,0.0000000000,592.3761043005,547.7101609771,0.0000000000,0.0000000000,1.0000000000,-0.0359937509,0.0291287486,0.0062609452,0.0003552766,-0.0208418310,1,0.000000,0.000000,322.069,707.338,65.719,791.580,9.752,780.424,79.729,716.212,135.213,723.307,-2.837220,0.618259,1.794662,3.413630,,,1,4.260000,0.000000,1690.010,854.008,1843.566,934.452,1760.591,935.128,1705.898,840.290,1784.304,843.320,-1.220622,-0.532915,-0.909109,1.612574,,,0.0238632306,0.0236227829,-19.5109540989,0.0018350746,-0.0219250836,16.3469444559,0.0009633938,0.0086395038,1.0000000000,,,,,,,,,
384,37.2481,1785357792.092,2,,,,,,,,,,,,,,,,,0,acquiring:0/30,none,1,1920,1200,0.200000,101;102,1,0,world_rms>0.050;pnp_baseline_error>0.500,2-tag corner homography,0.410959,0.898459,101,102,3.361541,4.260000,0,0.050000,0.500000,590.9628888758,0.0000000000,1007.8592059077,0.0000000000,592.3761043005,547.7101609771,0.0000000000,0.0000000000,1.0000000000,-0.0359937509,0.0291287486,0.0062609452,0.0003552766,-0.0208418310,1,0.000000,0.000000,322.182,707.214,65.386,791.534,9.746,780.035,79.767,716.197,134.831,723.330,-2.845888,0.619726,1.799808,3.423806,,,1,4.260000,0.000000,1690.016,854.005,1843.454,934.398,1760.665,935.350,1706.061,840.249,1784.418,843.261,-1.216624,-0.531153,-0.905915,1.607164,,,6.5109937152,5.5634329609,-4658.4822346409,0.4322745114,-5.1794701213,3861.6738228806,0.2927251087,2.5680912088,1.0000000000,,,,,,,,,
385,37.3351,1785357792.180,2,,,,,,,,,,,,,,,,,0,acquiring:0/30,none,1,1920,1200,0.200000,101;102,1,0,world_rms>0.050;pnp_baseline_error>0.500,2-tag corner homography,0.385362,0.906305,101,102,3.353695,4.260000,0,0.050000,0.500000,590.9628888758,0.0000000000,1007.8592059077,0.0000000000,592.3761043005,547.7101609771,0.0000000000,0.0000000000,1.0000000000,-0.0359937509,0.0291287486,0.0062609452,0.0003552766,-0.0208418310,1,0.000000,0.000000,322.075,707.270,65.694,791.599,9.730,780.131,79.803,716.215,135.035,723.233,-2.841428,0.618898,1.797247,3.418603,,,1,4.260000,0.000000,1689.998,854.070,1843.422,934.398,1760.844,935.397,1706.315,840.544,1784.394,843.337,-1.205097,-0.526235,-0.896887,1.591725,,,0.0345386326,0.0342133908,-28.2512470738,0.0026092625,-0.0311064391,23.1879063201,0.0014540375,0.0128887909,1.0000000000,,,,,,,,,
386,37.4220,1785357792.273,2,,,,,,,,,,,,,,,,,0,acquiring:0/30,none,1,1920,1200,0.200000,101;102,1,0,world_rms>0.050;pnp_baseline_error>0.500,2-tag corner homography,0.383307,0.903948,101,102,3.356052,4.260000,0,0.050000,0.500000,590.9628888758,0.0000000000,1007.8592059077,0.0000000000,592.3761043005,547.7101609771,0.0000000000,0.0000000000,1.0000000000,-0.0359937509,0.0291287486,0.0062609452,0.0003552766,-0.0208418310,1,0.000000,0.000000,322.135,707.244,65.656,791.562,9.625,780.160,79.690,716.182,134.994,723.256,-2.841598,0.618875,1.797213,3.418721,,,1,4.260000,0.000000,1690.019,854.003,1843.403,934.260,1760.522,935.232,1706.189,840.285,1784.293,843.328,-1.212989,-0.529559,-0.903124,1.602313,,,0.0273324121,0.0270535715,-22.3388539639,0.0020866443,-0.0249092747,18.5693410612,0.0011316789,0.0100036802,1.0000000000,,,,,,,,,
387,37.5159,1785357792.360,2,,,,,,,,,,,,,,,,,0,acquiring:0/30,none,1,1920,1200,0.200000,101;102,1,0,world_rms>0.050;pnp_baseline_error>0.500,2-tag corner homography,0.381274,0.910010,101,102,3.349990,4.260000,0,0.050000,0.500000,590.9628888758,0.0000000000,1007.8592059077,0.0000000000,592.3761043005,547.7101609771,0.0000000000,0.0000000000,1.0000000000,-0.0359937509,0.0291287486,0.0062609452,0.0003552766,-0.0208418310,1,0.000000,0.000000,321.964,707.261,65.497,791.650,9.839,780.062,79.984,716.035,135.359,723.191,-2.835019,0.617377,1.793403,3.410980,,,1,4.260000,0.000000,1689.991,854.065,1843.430,934.391,1760.560,935.353,1706.068,840.339,1784.226,843.339,-1.215056,-0.530595,-0.904802,1.605167,,,0.0258697285,0.0256356623,-21.1692129035,0.0019808260,-0.0236244519,17.6097926476,0.0010600608,0.0094302480,1.0000000000,,,,,,,,,
388,37.6028,1785357792.448,2,,,,,,,,,,,,,,,,,0,acquiring:0/30,none,1,1920,1200,0.200000,101;102,1,0,world_rms>0.050;pnp_baseline_error>0.500,2-tag corner homography,0.376328,0.892103,101,102,3.367897,4.260000,0,0.050000,0.500000,590.9628888758,0.0000000000,1007.8592059077,0.0000000000,592.3761043005,547.7101609771,0.0000000000,0.0000000000,1.0000000000,-0.0359937509,0.0291287486,0.0062609452,0.0003552766,-0.0208418310,1,0.000000,0.000000,322.102,707.252,65.458,791.519,9.744,779.873,79.553,716.392,135.324,723.346,-2.850913,0.620914,1.803178,3.429970,,,1,4.260000,0.000000,1690.005,854.023,1843.286,934.211,1760.675,935.338,1705.973,840.295,1784.321,843.350,-1.219082,-0.532272,-0.907914,1.610522,,,0.0171607002,0.0171327693,-14.1369445391,0.0013555297,-0.0161814435,12.0641944239,0.0006878631,0.0059156864,1.0000000000,,,,,,,,,
389,37.6915,1785357792.536,2,,,,,,,,,,,,,,,,,0,acquiring:0/30,none,1,1920,1200,0.200000,101;102,1,0,world_rms>0.050;pnp_baseline_error>0.500,2-tag corner homography,0.383839,0.895264,101,102,3.364736,4.260000,0,0.050000,0.500000,590.9628888758,0.0000000000,1007.8592059077,0.0000000000,592.3761043005,547.7101609771,0.0000000000,0.0000000000,1.0000000000,-0.0359937509,0.0291287486,0.0062609452,0.0003552766,-0.0208418310,1,0.000000,0.000000,322.288,707.273,65.368,791.539,9.713,780.161,79.383,716.520,134.931,723.375,-2.850833,0.621134,1.802781,3.429734,,,1,4.260000,0.000000,1690.013,854.020,1843.586,934.408,1760.497,935.322,1706.125,840.394,1784.454,843.276,-1.209029,-0.527864,-0.900131,1.597069,,,0.0267838267,0.0266111119,-21.9653503383,0.0020508057,-0.0244924476,18.2619635118,0.0011151546,0.0097720010,1.0000000000,,,,,,,,,
390,37.7778,1785357792.622,2,,,,,,,,,,,,,,,,,0,acquiring:0/30,none,1,1920,1200,0.200000,101;102,1,0,world_rms>0.050;pnp_baseline_error>0.500,2-tag corner homography,0.381954,0.900684,101,102,3.359316,4.260000,0,0.050000,0.500000,590.9628888758,0.0000000000,1007.8592059077,0.0000000000,592.3761043005,547.7101609771,0.0000000000,0.0000000000,1.0000000000,-0.0359937509,0.0291287486,0.0062609452,0.0003552766,-0.0208418310,1,0.000000,0.000000,322.009,707.262,65.725,791.523,10.068,780.072,79.721,716.098,135.041,723.292,-2.844124,0.619398,1.799074,3.421894,,,1,4.260000,0.000000,1690.022,853.990,1843.590,934.360,1760.627,935.327,1706.041,840.303,1784.352,843.231,-1.214125,-0.530031,-0.904057,1.603855,,,0.0245802492,0.0242243452,-20.0131467852,0.0018856526,-0.0225033299,16.7748755300,0.0010115981,0.0088913293,1.0000000000,,,,,,,,,
391,37.8646,1785357792.713,2,,,,,,,,,,,,,,,,,0,acquiring:0/30,none,1,1920,1200,0.200000,101;102,1,0,world_rms>0.050;pnp_baseline_error>0.500,2-tag corner homography,0.384193,0.899421,101,102,3.360579,4.260000,0,0.050000,0.500000,590.9628888758,0.0000000000,1007.8592059077,0.0000000000,592.3761043005,547.7101609771,0.0000000000,0.0000000000,1.0000000000,-0.0359937509,0.0291287486,0.0062609452,0.0003552766,-0.0208418310,1,0.000000,0.000000,322.160,707.173,65.431,791.434,9.738,779.979,79.741,716.186,134.827,723.245,-2.846954,0.619768,1.800486,3.425056,,,1,4.260000,0.000000,1690.011,854.028,1843.502,934.410,1760.552,935.291,1706.170,840.399,1784.459,843.301,-1.209346,-0.528014,-0.900314,1.597461,,,0.0281479758,0.0279132152,-23.0410982298,0.0021494076,-0.0256324521,19.1064407017,0.0011777380,0.0103138641,1.0000000000,,,,,,,,,
392,37.9563,1785357792.802,2,,,,,,,,,,,,,,,,,0,acquiring:0/30,none,1,1920,1200,0.200000,101;102,1,0,world_rms>0.050;pnp_baseline_error>0.500,2-tag corner homography,0.377565,0.879472,101,102,3.380528,4.260000,0,0.050000,0.500000,590.9628888758,0.0000000000,1007.8592059077,0.0000000000,592.3761043005,547.7101609771,0.0000000000,0.0000000000,1.0000000000,-0.0359937509,0.0291287486,0.0062609452,0.0003552766,-0.0208418310,1,0.000000,0.000000,322.196,707.130,65.608,791.552,9.633,779.440,79.440,716.408,134.815,723.258,-2.860718,0.622614,1.809079,3.441529,,,1,4.260000,0.000000,1689.996,853.999,1843.512,934.352,1760.487,935.270,1705.328,840.267,1784.451,843.288,-1.226364,-0.535439,-0.914112,1.620575,,,0.0204828905,0.0202814711,-16.7422039734,0.0016008819,-0.0191220799,14.2541909432,0.0007880343,0.0073360458,1.0000000000,,,,,,,,,
393,38.0444,1785357792.891,2,,,,,,,,,,,,,,,,,0,acquiring:0/30,none,1,1920,1200,0.200000,101;102,1,0,world_rms>0.050;pnp_baseline_error>0.500,2-tag corner homography,0.194531,0.888631,101,102,3.371369,4.260000,0,0.050000,0.500000,590.9628888758,0.0000000000,1007.8592059077,0.0000000000,592.3761043005,547.7101609771,0.0000000000,0.0000000000,1.0000000000,-0.0359937509,0.0291287486,0.0062609452,0.0003552766,-0.0208418310,1,0.000000,0.000000,321.938,707.226,66.175,791.537,9.626,779.617,79.641,716.201,135.273,723.300,-2.853295,0.621192,1.804982,3.432948,,,1,4.260000,0.000000,1689.984,854.075,1843.521,934.524,1760.611,935.340,1705.904,840.288,1784.400,843.421,-1.221798,-0.533566,-0.909955,1.614156,,,0.0049316759,0.0111213543,-8.7198140427,0.0002743343,-0.0031948880,2.3763760964,-0.0000529765,0.0016452994,1.0000000000,,,,,,,,,
394,38.1487,1785357793.000,2,,,,,,,,,,,,,,,,,0,acquiring:0/30,none,1,1920,1200,0.200000,101;102,1,0,world_rms>0.050;pnp_baseline_error>0.500,2-tag corner homography,0.378179,0.910196,101,102,3.349804,4.260000,0,0.050000,0.500000,590.9628888758,0.0000000000,1007.8592059077,0.0000000000,592.3761043005,547.7101609771,0.0000000000,0.0000000000,1.0000000000,-0.0359937509,0.0291287486,0.0062609452,0.0003552766,-0.0208418310,1,0.000000,0.000000,321.827,707.260,65.512,791.443,9.761,780.081,80.080,716.010,135.825,723.154,-2.833404,0.616912,1.792649,3.409157,,,1,4.260000,0.000000,1689.979,854.093,1843.499,934.475,1760.611,935.391,1705.971,840.323,1784.388,843.469,-1.219930,-0.532784,-0.908478,1.611651,,,0.0239715255,0.0239217891,-19.7433948471,0.0018505776,-0.0220557988,16.4390970157,0.0009626693,0.0087013950,1.0000000000,,,,,,,,,
395,38.2447,1785357793.095,2,,,,,,,,,,,,,,,,,0,acquiring:0/30,none,1,1920,1200,0.200000,101;102,1,0,world_rms>0.050;pnp_baseline_error>0.500,2-tag corner homography,0.381631,0.899839,101,102,3.360161,4.260000,0,0.050000,0.500000,590.9628888758,0.0000000000,1007.8592059077,0.0000000000,592.3761043005,547.7101609771,0.0000000000,0.0000000000,1.0000000000,-0.0359937509,0.0291287486,0.0062609452,0.0003552766,-0.0208418310,1,0.000000,0.000000,321.992,707.282,65.638,791.531,9.985,780.031,79.610,716.319,135.377,723.189,-2.844650,0.619582,1.799459,3.422567,,,1,4.260000,0.000000,1689.986,854.087,1843.380,934.413,1760.747,935.473,1706.142,840.363,1784.447,843.433,-1.215166,-0.530680,-0.904679,1.605208,,,0.0257975897,0.0255895584,-21.1296430151,0.0019800805,-0.0236101766,17.6001774149,0.0010626583,0.0093911743,1.0000000000,,,,,,,,,
396,38.3378,1785357793.182,2,,,,,,,,,,,,,,,,,0,acquiring:0/30,none,1,1920,1200,0.200000,101;102,1,0,world_rms>0.050;pnp_baseline_error>0.500,2-tag corner homography,0.362660,0.889369,101,102,3.370631,4.260000,0,0.050000,0.500000,590.9628888758,0.0000000000,1007.8592059077,0.0000000000,592.3761043005,547.7101609771,0.0000000000,0.0000000000,1.0000000000,-0.0359937509,0.0291287486,0.0062609452,0.0003552766,-0.0208418310,1,0.000000,0.000000,322.095,707.166,65.646,791.604,9.621,779.492,79.768,716.208,134.935,723.352,-2.855110,0.621462,1.805765,3.434917,,,1,4.260000,0.000000,1690.001,854.044,1843.474,934.443,1760.570,935.322,1706.075,840.348,1784.316,843.283,-1.213561,-0.529896,-0.903634,1.603145,,,0.0017454741,-0.0003918350,0.1712664569,0.0000658099,-0.0008016550,0.6004867277,0.0000260258,-0.0003905383,1.0000000000,,,,,,,,,
397,38.4244,1785357793.269,2,,,,,,,,,,,,,,,,,0,acquiring:0/30,none,1,1920,1200,0.200000,101;102,1,0,world_rms>0.050;pnp_baseline_error>0.500,2-tag corner homography,0.382401,0.896512,101,102,3.363488,4.260000,0,0.050000,0.500000,590.9628888758,0.0000000000,1007.8592059077,0.0000000000,592.3761043005,547.7101609771,0.0000000000,0.0000000000,1.0000000000,-0.0359937509,0.0291287486,0.0062609452,0.0003552766,-0.0208418310,1,0.000000,0.000000,322.183,707.290,65.761,791.528,9.774,780.198,79.135,716.557,135.181,723.189,-2.848732,0.620660,1.801673,3.427319,,,1,4.260000,0.000000,1690.001,854.041,1843.507,934.481,1760.572,935.320,1706.022,840.407,1784.266,843.193,-1.211580,-0.529028,-0.902213,1.600558,,,0.0262526129,0.0260352067,-21.4956866020,0.0020116820,-0.0240216276,17.9098796340,0.0010753244,0.0095885345,1.0000000000,,,,,,,,,
398,38.5113,1785357793.358,2,,,,,,,,,,,,,,,,,0,acquiring:0/30,none,1,1920,1200,0.200000,101;102,1,0,world_rms>0.050;pnp_baseline_error>0.500,2-tag corner homography,0.382205,0.909892,101,102,3.350108,4.260000,0,0.050000,0.500000,590.9628888758,0.0000000000,1007.8592059077,0.0000000000,592.3761043005,547.7101609771,0.0000000000,0.0000000000,1.0000000000,-0.0359937509,0.0291287486,0.0062609452,0.0003552766,-0.0208418310,1,0.000000,0.000000,322.011,707.296,65.759,791.539,9.664,780.280,79.734,716.173,135.387,723.212,-2.836859,0.617961,1.794508,3.413196,,,1,4.260000,0.000000,1690.008,854.033,1843.590,934.496,1760.521,935.269,1706.182,840.383,1784.195,843.205,-1.208644,-0.527721,-0.899847,1.596569,,,0.0277878533,0.0275688256,-22.7638728433,0.0021193678,-0.0252877956,18.8512494449,0.0011459098,0.0101995295,1.0000000000,,,,,,,,,
399,38.6005,1785357793.445,2,,,,,,,,,,,,,,,,,0,acquiring:0/30,none,1,1920,1200,0.200000,101;102,1,0,world_rms>0.050;pnp_baseline_error>0.500,2-tag corner homography,0.381023,0.895240,101,102,3.364760,4.260000,0,0.050000,0.500000,590.9628888758,0.0000000000,1007.8592059077,0.0000000000,592.3761043005,547.7101609771,0.0000000000,0.0000000000,1.0000000000,-0.0359937509,0.0291287486,0.0062609452,0.0003552766,-0.0208418310,1,0.000000,0.000000,322.139,707.254,65.657,791.470,9.605,780.062,79.493,716.275,135.189,723.404,-2.848678,0.620466,1.801692,3.427250,,,1,4.260000,0.000000,1689.983,854.085,1843.476,934.469,1760.535,935.400,1706.043,840.319,1784.351,843.401,-1.216624,-0.531321,-0.905963,1.607247,,,0.0240655967,0.0238774289,-19.7123768305,0.0018560921,-0.0221472162,16.5111049841,0.0009763613,0.0087161745,1.0000000000,,,,,,,,,
400,38.6874,1785357793.532,2,,,,,,,,,,,,,,,,,0,acquiring:0/30,none,1,1920,1200,0.200000,101;102,1,0,world_rms>0.050;pnp_baseline_error>0.500,2-tag corner homography,0.381677,0.901590,101,102,3.358410,4.260000,0,0.050000,0.500000,590.9628888758,0.0000000000,1007.8592059077,0.0000000000,592.3761043005,547.7101609771,0.0000000000,0.0000000000,1.0000000000,-0.0359937509,0.0291287486,0.0062609452,0.0003552766,-0.0208418310,1,0.000000,0.000000,322.015,707.292,65.536,791.540,9.779,780.071,79.970,716.170,135.242,723.392,-2.843182,0.619322,1.798496,3.420794,,,1,4.260000,0.000000,1690.007,854.026,1843.615,934.473,1760.391,935.017,1706.077,840.368,1784.305,843.387,-1.214179,-0.530130,-0.904100,1.603953,,,0.0269506281,0.0267722335,-22.1035086186,0.0020655683,-0.0246529287,18.3780964096,0.0011054938,0.0098712806,1.0000000000,,,,,,,,,
401,38.7744,1785357793.619,2,,,,,,,,,,,,,,,,,0,acquiring:0/30,none,1,1920,1200,0.200000,101;102,1,0,world_rms>0.050;pnp_baseline_error>0.500,2-tag corner homography,0.382986,0.903815,101,102,3.356185,4.260000,0,0.050000,0.500000,590.9628888758,0.0000000000,1007.8592059077,0.0000000000,592.3761043005,547.7101609771,0.0000000000,0.0000000000,1.0000000000,-0.0359937509,0.0291287486,0.0062609452,0.0003552766,-0.0208418310,1,0.000000,0.000000,322.191,707.253,65.641,791.512,9.585,780.324,79.813,716.207,134.732,723.279,-2.841029,0.618836,1.796753,3.418001,,,1,4.260000,0.000000,1689.992,854.076,1843.453,934.425,1760.631,935.384,1706.088,840.380,1784.853,843.585,-1.216150,-0.531084,-0.905363,1.606472,,,0.0258220924,0.0255668075,-21.1106572786,0.0019779389,-0.0235953261,17.5909896610,0.0010672656,0.0093932430,1.0000000000,,,,,,,,,
402,38.8607,1785357793.707,2,,,,,,,,,,,,,,,,,0,acquiring:0/30,none,1,1920,1200,0.200000,101;102,1,0,world_rms>0.050;pnp_baseline_error>0.500,2-tag corner homography,0.381461,0.899088,101,102,3.360912,4.260000,0,0.050000,0.500000,590.9628888758,0.0000000000,1007.8592059077,0.0000000000,592.3761043005,547.7101609771,0.0000000000,0.0000000000,1.0000000000,-0.0359937509,0.0291287486,0.0062609452,0.0003552766,-0.0208418310,1,0.000000,0.000000,322.043,707.269,65.673,791.535,9.852,780.033,79.766,716.085,135.110,723.440,-2.845678,0.619796,1.799998,3.423744,,,1,4.260000,0.000000,1690.015,854.010,1843.422,934.347,1760.691,935.371,1706.075,840.323,1784.423,843.256,-1.214065,-0.530045,-0.903969,1.603765,,,0.0245209787,0.0242245328,-20.0086530565,0.0018837721,-0.0224815961,16.7593886532,0.0010020802,0.0088838071,1.0000000000,,,,,,,,,
403,38.9532,1785357793.808,2,,,,,,,,,,,,,,,,,0,acquiring:0/30,none,1,1920,1200,0.200000,101;102,1,0,world_rms>0.050;pnp_baseline_error>0.500,2-tag corner homography,0.381557,0.901276,101,102,3.358724,4.260000,0,0.050000,0.500000,590.9628888758,0.0000000000,1007.8592059077,0.0000000000,592.3761043005,547.7101609771,0.0000000000,0.0000000000,1.0000000000,-0.0359937509,0.0291287486,0.0062609452,0.0003552766,-0.0208418310,1,0.000000,0.000000,322.062,707.309,65.689,791.535,9.741,780.168,79.852,716.206,135.102,723.435,-2.844651,0.619753,1.799349,3.422542,,,1,4.260000,0.000000,1689.997,854.048,1843.474,934.426,1760.483,935.338,1705.987,840.472,1784.326,843.200,-1.209146,-0.527981,-0.900439,1.597369,,,0.0253871425,0.0251601463,-20.7770820769,0.0019475286,-0.0232461746,17.3307267341,0.0010398324,0.0092341689,1.0000000000,,,,,,,,,
404,39.0531,1785357793.893,1,,,,,,,,,,,,,,,,,0,acquiring:0/30,none,1,1920,1200,0.200000,102,0,0,insufficient,insufficient,,,,,,,0,0.050000,0.500000,590.9628888758,0.0000000000,1007.8592059077,0.0000000000,592.3761043005,547.7101609771,0.0000000000,0.0000000000,1.0000000000,-0.0359937509,0.0291287486,0.0062609452,0.0003552766,-0.0208418310,0,0.000000,0.000000,,,,,,,,,,,,,,,,,1,4.260000,0.000000,1689.987,854.072,1843.566,934.484,1760.658,935.421,1705.931,840.369,1784.307,843.331,-1.217201,-0.531551,-0.906476,1.608050,,,,,,,,,,,,,,,,,,,,
405,39.1376,1785357793.982,2,,,,,,,,,,,,,,,,,0,acquiring:0/30,none,1,1920,1200,0.200000,101;102,1,0,world_rms>0.050;pnp_baseline_error>0.500,2-tag corner homography,0.306794,0.900951,101,102,3.359049,4.260000,0,0.050000,0.500000,590.9628888758,0.0000000000,1007.8592059077,0.0000000000,592.3761043005,547.7101609771,0.0000000000,0.0000000000,1.0000000000,-0.0359937509,0.0291287486,0.0062609452,0.0003552766,-0.0208418310,1,0.000000,0.000000,321.916,707.327,65.949,791.553,9.827,780.034,79.618,716.382,135.589,723.183,-2.844566,0.619689,1.799599,3.422591,,,1,4.260000,0.000000,1689.993,854.064,1843.515,934.439,1760.646,935.377,1706.140,840.410,1783.967,843.193,-1.210190,-0.528465,-0.901098,1.598690,,,-0.4474495200,-0.3639342802,302.9714564832,0.0265943976,-0.3261678379,243.5429022112,0.0252992124,-0.2705388958,1.0000000000,,,,,,,,,
406,39.2265,1785357794.071,2,,,,,,,,,,,,,,,,,0,acquiring:0/30,none,1,1920,1200,0.200000,101;102,1,0,world_rms>0.050;pnp_baseline_error>0.500,2-tag corner homography,0.380088,0.901816,101,102,3.358184,4.260000,0,0.050000,0.500000,590.9628888758,0.0000000000,1007.8592059077,0.0000000000,592.3761043005,547.7101609771,0.0000000000,0.0000000000,1.0000000000,-0.0359937509,0.0291287486,0.0062609452,0.0003552766,-0.0208418310,1,0.000000,0.000000,322.000,707.272,65.595,791.518,9.893,780.080,79.764,716.121,135.312,723.318,-2.842191,0.619012,1.797879,3.419590,,,1,4.260000,0.000000,1689.992,854.065,1843.439,934.454,1760.596,935.289,1705.978,840.386,1784.641,843.468,-1.217289,-0.531568,-0.906425,1.608093,,,0.0235973533,0.0233733199,-19.3018883621,0.0018200544,-0.0217086416,16.1828010707,0.0009543697,0.0085288057,1.0000000000,,,,,,,,,
407,39.3230,1785357794.177,2,,,,,,,,,,,,,,,,,0,acquiring:0/30,none,1,1920,1200,0.200000,101;102,1,0,world_rms>0.050;pnp_baseline_error>0.500,2-tag corner homography,0.381195,0.903966,101,102,3.356034,4.260000,0,0.050000,0.500000,590.9628888758,0.0000000000,1007.8592059077,0.0000000000,592.3761043005,547.7101609771,0.0000000000,0.0000000000,1.0000000000,-0.0359937509,0.0291287486,0.0062609452,0.0003552766,-0.0208418310,1,0.000000,0.000000,322.012,707.261,65.575,791.524,9.774,780.051,79.779,716.239,135.343,723.206,-2.841964,0.618928,1.797702,3.419293,,,1,4.260000,0.000000,1690.001,854.045,1843.656,934.483,1760.561,935.358,1706.037,840.434,1784.330,843.252,-1.210386,-0.528511,-0.901242,1.598936,,,0.0257989012,0.0256417517,-21.1678624194,0.0019800877,-0.0236172132,17.6051764723,0.0010565835,0.0094059185,1.0000000000,,,,,,,,,
408,39.4255,1785357794.286,2,,,,,,,,,,,,,,,,,0,acquiring:0/30,none,1,1920,1200,0.200000,101;102,1,0,world_rms>0.050;pnp_baseline_error>0.500,2-tag corner homography,0.381940,0.896820,101,102,3.363180,4.260000,0,0.050000,0.500000,590.9628888758,0.0000000000,1007.8592059077,0.0000000000,592.3761043005,547.7101609771,0.0000000000,0.0000000000,1.0000000000,-0.0359937509,0.0291287486,0.0062609452,0.0003552766,-0.0208418310,1,0.000000,0.000000,322.218,707.252,65.496,791.457,9.773,780.218,79.407,716.310,134.978,723.367,-2.847562,0.620278,1.800831,3.425835,,,1,4.260000,0.000000,1690.019,853.992,1843.502,934.377,1760.587,935.317,1705.970,840.287,1784.380,843.204,-1.215576,-0.530675,-0.905257,1.605842,,,0.0238615638,0.0236314097,-19.5117176561,0.0018361931,-0.0219343724,16.3535135941,0.0009763638,0.0086148277,1.0000000000,,,,,,,,,
409,39.5407,1785357794.385,2,,,,,,,,,,,,,,,,,0,acquiring:0/30,none,1,1920,1200,0.200000,101;102,1,0,world_rms>0.050;pnp_baseline_error>0.500,2-tag corner homography,0.381945,0.913575,101,102,3.346425,4.260000,0,0.050000,0.500000,590.9628888758,0.0000000000,1007.8592059077,0.0000000000,592.3761043005,547.7101609771,0.0000000000,0.0000000000,1.0000000000,-0.0359937509,0.0291287486,0.0062609452,0.0003552766,-0.0208418310,1,0.000000,0.000000,321.951,707.251,65.586,791.439,9.641,780.293,80.401,716.020,135.073,723.128,-2.832250,0.616720,1.791667,3.407647,,,1,4.260000,0.000000,1690.016,854.004,1843.428,934.331,1760.640,935.348,1706.036,840.348,1784.415,843.226,-1.213077,-0.529602,-0.903288,1.602487,,,0.0277559064,0.0276310858,-22.8076509468,0.0021165265,-0.0252494524,18.8205067500,0.0011526347,0.0101736345,1.0000000000,,,,,,,,,
410,39.6365,1785357794.489,2,,,,,,,,,,,,,,,,,0,acquiring:0/30,none,1,1920,1200,0.200000,101;102,1,0,world_rms>0.050;pnp_baseline_error>0.500,2-tag corner homography,0.377087,0.889800,101,102,3.370200,4.260000,0,0.050000,0.500000,590.9628888758,0.0000000000,1007.8592059077,0.0000000000,592.3761043005,547.7101609771,0.0000000000,0.0000000000,1.0000000000,-0.0359937509,0.0291287486,0.0062609452,0.0003552766,-0.0208418310,1,0.000000,0.000000,321.955,707.155,65.912,791.556,9.619,779.512,79.740,716.191,135.231,723.087,-2.849752,0.620137,1.802642,3.428582,,,1,4.260000,0.000000,1689.986,854.035,1843.143,934.204,1760.584,935.305,1705.510,840.214,1784.464,843.438,-1.230429,-0.537282,-0.916994,1.625886,,,0.0233012426,0.0231537709,-19.1110173420,0.0018067583,-0.0215595054,16.0680827594,0.0008973125,0.0084999066,1.0000000000,,,,,,,,,
411,39.7386,1785357794.598,2,,,,,,,,,,,,,,,,,0,acquiring:0/30,none,1,1920,1200,0.200000,101;102,1,0,world_rms>0.050;pnp_baseline_error>0.500,2-tag corner homography,0.369677,0.886215,101,102,3.373785,4.260000,0,0.050000,0.500000,590.9628888758,0.0000000000,1007.8592059077,0.0000000000,592.3761043005,547.7101609771,0.0000000000,0.0000000000,1.0000000000,-0.0359937509,0.0291287486,0.0062609452,0.0003552766,-0.0208418310,1,0.000000,0.000000,322.112,707.094,65.512,791.533,9.491,779.262,79.790,716.124,134.952,723.403,-2.858762,0.621971,1.807974,3.439206,,,1,4.260000,0.000000,1689.993,854.069,1843.475,934.445,1760.660,935.348,1706.174,840.393,1784.153,843.299,-1.211638,-0.529103,-0.902089,1.600557,,,0.0073586395,0.0072716505,-6.0034368757,0.0006088895,-0.0072505162,5.4067317330,0.0003375681,0.0018119884,1.0000000000,,,,,,,,,
412,39.8531,1785357794.706,2,,,,,,,,,,,,,,,,,0,acquiring:0/30,none,1,1920,1200,0.200000,101;102,1,0,world_rms>0.050;pnp_baseline_error>0.500,2-tag corner homography,0.383088,0.901108,101,102,3.358892,4.260000,0,0.050000,0.500000,590.9628888758,0.0000000000,1007.8592059077,0.0000000000,592.3761043005,547.7101609771,0.0000000000,0.0000000000,1.0000000000,-0.0359937509,0.0291287486,0.0062609452,0.0003552766,-0.0208418310,1,0.000000,0.000000,322.171,707.331,65.650,791.557,9.694,780.378,79.783,716.176,134.879,723.553,-2.843490,0.619680,1.798421,3.421075,,,1,4.260000,0.000000,1689.999,854.049,1843.516,934.388,1760.566,935.384,1706.115,840.286,1784.306,843.365,-1.215276,-0.530654,-0.904875,1.605394,,,0.0259722969,0.0256741276,-21.2058626067,0.0019865018,-0.0237253105,17.6900114696,0.0010750878,0.0094482650,1.0000000000,,,,,,,,,
413,39.9516,1785357794.801,2,,,,,,,,,,,,,,,,,0,acquiring:0/30,none,1,1920,1200,0.200000,101;102,1,0,world_rms>0.050;pnp_baseline_error>0.500,2-tag corner homography,0.383556,0.893903,101,102,3.366097,4.260000,0,0.050000,0.500000,590.9628888758,0.0000000000,1007.8592059077,0.0000000000,592.3761043005,547.7101609771,0.0000000000,0.0000000000,1.0000000000,-0.0359937509,0.0291287486,0.0062609452,0.0003552766,-0.0208418310,1,0.000000,0.000000,322.227,707.218,65.457,791.473,9.685,780.052,79.470,716.410,134.923,723.263,-2.849788,0.620626,1.802188,3.428462,,,1,4.260000,0.000000,1690.005,854.024,1843.444,934.372,1760.652,935.437,1705.978,840.250,1784.278,843.233,-1.217767,-0.531698,-0.906919,1.608777,,,0.0285162702,0.0283227913,-23.3771772019,0.0021764155,-0.0259895844,19.3753629547,0.0011761579,0.0104976999,1.0000000000,,,,,,,,,
414,40.0429,1785357794.887,2,,,,,,,,,,,,,,,,,0,acquiring:0/30,none,1,1920,1200,0.200000,101;102,1,0,world_rms>0.050;pnp_baseline_error>0.500,2-tag corner homography,0.383044,0.904914,101,102,3.355086,4.260000,0,0.050000,0.500000,590.9628888758,0.0000000000,1007.8592059077,0.0000000000,592.3761043005,547.7101609771,0.0000000000,0.0000000000,1.0000000000,-0.0359937509,0.0291287486,0.0062609452,0.0003552766,-0.0208418310,1,0.000000,0.000000,322.166,707.356,65.630,791.503,9.733,780.570,79.715,716.353,134.981,723.373,-2.840405,0.619106,1.796503,3.417399,,,1,4.260000,0.000000,1690.008,854.030,1843.488,934.326,1760.679,935.367,1706.078,840.387,1784.487,843.363,-1.213358,-0.529773,-0.903385,1.602811,,,0.0267814164,0.0265689555,-21.9393859424,0.0020457997,-0.0244374651,18.2216773032,0.0011126345,0.0097726919,1.0000000000,,,,,,,,,
415,40.1365,1785357794.994,2,,,,,,,,,,,,,,,,,0,acquiring:0/30,none,1,1920,1200,0.200000,101;102,1,0,world_rms>0.050;pnp_baseline_error>0.500,2-tag corner homography,0.377459,0.902436,101,102,3.357564,4.260000,0,0.050000,0.500000,590.9628888758,0.0000000000,1007.8592059077,0.0000000000,592.3761043005,547.7101609771,0.0000000000,0.0000000000,1.0000000000,-0.0359937509,0.0291287486,0.0062609452,0.0003552766,-0.0208418310,1,0.000000,0.000000,322.083,707.288,65.501,791.456,9.562,780.317,79.765,716.193,135.383,723.343,-2.838832,0.618414,1.795607,3.415496,,,1,4.260000,0.000000,1689.994,854.038,1843.415,934.383,1760.637,935.367,1705.729,840.190,1784.536,843.441,-1.227429,-0.535959,-0.914381,1.621705,,,0.0208115109,0.0207222404,-17.1045826374,0.0016183121,-0.0193301445,14.4117740000,0.0008212546,0.0074342919,1.0000000000,,,,,,,,,
416,40.2417,1785357795.088,2,,,,,,,,,,,,,,,,,0,acquiring:0/30,none,1,1920,1200,0.200000,101;102,1,0,world_rms>0.050;pnp_baseline_error>0.500,2-tag corner homography,0.383272,0.889649,101,102,3.370351,4.260000,0,0.050000,0.500000,590.9628888758,0.0000000000,1007.8592059077,0.0000000000,592.3761043005,547.7101609771,0.0000000000,0.0000000000,1.0000000000,-0.0359937509,0.0291287486,0.0062609452,0.0003552766,-0.0208418310,1,0.000000,0.000000,322.111,707.285,65.740,791.542,9.751,779.897,79.576,716.396,135.072,723.453,-2.854621,0.621864,1.805536,3.434463,,,1,4.260000,0.000000,1689.993,854.071,1843.415,934.435,1760.550,935.357,1706.199,840.314,1784.498,843.455,-1.214070,-0.530168,-0.903833,1.603732,,,0.0287553234,0.0285096843,-23.5397635752,0.0021975643,-0.0262214856,19.5484086373,0.0011875049,0.0105900482,1.0000000000,,,,,,,,,
417,40.3425,1785357795.188,2,,,,,,,,,,,,,,,,,0,acquiring:0/30,none,1,1920,1200,0.200000,101;102,1,0,world_rms>0.050;pnp_baseline_error>0.500,2-tag corner homography,0.382101,0.907274,101,102,3.352726,4.260000,0,0.050000,0.500000,590.9628888758,0.0000000000,1007.8592059077,0.0000000000,592.3761043005,547.7101609771,0.0000000000,0.0000000000,1.0000000000,-0.0359937509,0.0291287486,0.0062609452,0.0003552766,-0.0208418310,1,0.000000,0.000000,322.087,707.251,65.390,791.499,9.667,780.266,80.106,716.120,134.995,723.246,-2.836820,0.617826,1.794292,3.413025,,,1,4.260000,0.000000,1689.976,854.101,1843.407,934.472,1760.592,935.372,1705.995,840.355,1784.444,843.476,-1.218643,-0.532237,-0.907490,1.609940,,,0.0263328819,0.0261854489,-21.6146125728,0.0020167743,-0.0240554464,17.9325344520,0.0010872432,0.0096062058,1.0000000000,,,,,,,,,
418,40.4388,1785357795.291,2,,,,,,,,,,,,,,,,,0,acquiring:0/30,none,1,1920,1200,0.200000,101;102,1,0,world_rms>0.050;pnp_baseline_error>0.500,2-tag corner homography,0.384113,0.902815,101,102,3.357185,4.260000,0,0.050000,0.500000,590.9628888758,0.0000000000,1007.8592059077,0.0000000000,592.3761043005,547.7101609771,0.0000000000,0.0000000000,1.0000000000,-0.0359937509,0.0291287486,0.0062609452,0.0003552766,-0.0208418310,1,0.000000,0.000000,322.077,707.222,65.635,791.531,9.739,780.043,79.810,716.143,134.983,723.217,-2.842608,0.618956,1.797946,3.419961,,,1,4.260000,0.000000,1690.002,854.044,1843.507,934.375,1760.620,935.371,1706.113,840.358,1784.284,843.315,-1.212906,-0.529607,-0.903085,1.602244,,,0.0310843676,0.0307750222,-25.4109608615,0.0023595537,-0.0281443186,20.9787223992,0.0012916789,0.0115207256,1.0000000000,,,,,,,,,
419,40.5417,1785357795.405,2,,,,,,,,,,,,,,,,,0,acquiring:0/30,none,1,1920,1200,0.200000,101;102,1,0,world_rms>0.050;pnp_baseline_error>0.500,2-tag corner homography,0.380564,0.889638,101,102,3.370362,4.260000,0,0.050000,0.500000,590.9628888758,0.0000000000,1007.8592059077,0.0000000000,592.3761043005,547.7101609771,0.0000000000,0.0000000000,1.0000000000,-0.0359937509,0.0291287486,0.0062609452,0.0003552766,-0.0208418310,1,0.000000,0.000000,321.952,707.213,65.653,791.573,9.739,779.428,79.448,716.443,135.736,723.186,-2.854750,0.621462,1.805862,3.434669,,,1,4.260000,0.000000,1690.017,854.007,1843.364,934.299,1760.637,935.289,1706.112,840.342,1784.446,843.299,-1.213227,-0.529671,-0.903314,1.602638,,,0.0288312370,0.0287479339,-23.7229545018,0.0022113595,-0.0263740313,19.6574537492,0.0011595271,0.0106900119,1.0000000000,,,,,,,,,
420,40.6611,1785357795.507,2,,,,,,,,,,,,,,,,,0,acquiring:0/30,none,1,1920,1200,0.200000,101;102,1,0,world_rms>0.050;pnp_baseline_error>0.500,2-tag corner homography,0.383993,0.903022,101,102,3.356978,4.260000,0,0.050000,0.500000,590.9628888758,0.0000000000,1007.8592059077,0.0000000000,592.3761043005,547.7101609771,0.0000000000,0.0000000000,1.0000000000,-0.0359937509,0.0291287486,0.0062609452,0.0003552766,-0.0208418310,1,0.000000,0.000000,322.130,707.211,65.656,791.552,9.693,780.107,79.898,716.126,134.703,723.199,-2.841661,0.618750,1.797232,3.418762,,,1,4.260000,0.000000,1690.024,853.979,1843.394,934.162,1760.548,935.318,1706.007,840.271,1784.469,843.321,-1.215995,-0.530830,-0.905541,1.606371,,,0.0293333832,0.0289882940,-23.9385531440,0.0022291285,-0.0266131313,19.8381785193,0.0012152543,0.0108142271,1.0000000000,,,,,,,,,
421,40.7505,1785357795.597,2,,,,,,,,,,,,,,,,,0,acquiring:0/30,none,1,1920,1200,0.200000,101;102,1,0,world_rms>0.050;pnp_baseline_error>0.500,2-tag corner homography,0.381909,0.899772,101,102,3.360228,4.260000,0,0.050000,0.500000,590.9628888758,0.0000000000,1007.8592059077,0.0000000000,592.3761043005,547.7101609771,0.0000000000,0.0000000000,1.0000000000,-0.0359937509,0.0291287486,0.0062609452,0.0003552766,-0.0208418310,1,0.000000,0.000000,322.014,707.201,65.565,791.521,9.849,779.809,79.631,716.247,135.312,723.129,-2.846080,0.619578,1.800245,3.424169,,,1,4.260000,0.000000,1689.986,854.086,1843.599,934.485,1760.552,935.357,1706.058,840.504,1784.450,843.394,-1.210203,-0.528513,-0.901037,1.598683,,,0.0275813039,0.0273975908,-22.6154179186,0.0021137293,-0.0251868175,18.7729577422,0.0011294230,0.0101334464,1.0000000000,,,,,,,,,
422,40.8473,1785357795.700,2,,,,,,,,,,,,,,,,,0,acquiring:0/30,none,1,1920,1200,0.200000,101;102,1,0,world_rms>0.050;pnp_baseline_error>0.500,2-tag corner homography,0.369721,0.895433,101,102,3.364567,4.260000,0,0.050000,0.500000,590.9628888758,0.0000000000,1007.8592059077,0.0000000000,592.3761043005,547.7101609771,0.0000000000,0.0000000000,1.0000000000,-0.0359937509,0.0291287486,0.0062609452,0.0003552766,-0.0208418310,1,0.000000,0.000000,322.084,707.245,65.640,791.431,9.684,779.993,79.532,716.390,135.284,723.247,-2.849098,0.620472,1.802058,3.427792,,,1,4.260000,0.000000,1690.010,854.018,1843.446,934.261,1760.492,935.226,1706.039,840.365,1784.427,843.388,-1.214202,-0.530124,-0.904148,1.603996,,,0.0088165209,0.0087421373,-7.2179607125,0.0007254719,-0.0086550515,6.4547294162,0.0003777605,0.0024456964,1.0000000000,,,,,,,,,
423,40.9500,1785357795.804,2,,,,,,,,,,,,,,,,,0,acquiring:0/30,none,1,1920,1200,0.200000,101;102,1,0,world_rms>0.050;pnp_baseline_error>0.500,2-tag corner homography,0.388061,0.892661,101,102,3.367339,4.260000,0,0.050000,0.500000,590.9628888758,0.0000000000,1007.8592059077,0.0000000000,592.3761043005,547.7101609771,0.0000000000,0.0000000000,1.0000000000,-0.0359937509,0.0291287486,0.0062609452,0.0003552766,-0.0208418310,1,0.000000,0.000000,322.222,707.217,65.557,791.457,9.638,780.042,79.574,716.427,134.788,723.254,-2.850901,0.620859,1.802901,3.429804,,,1,4.260000,0.000000,1690.001,854.041,1843.402,934.351,1760.614,935.381,1706.019,840.285,1784.576,843.430,-1.218319,-0.531969,-0.907198,1.609441,,,0.0466888121,0.0460928130,-38.0642701465,0.0034843428,-0.0416023858,31.0128703418,0.0019640855,0.0178120035,1.0000000000,,,,,,,,,
424,41.0535,1785357795.898,2,,,,,,,,,,,,,,,,,0,acquiring:0/30,none,1,1920,1200,0.200000,101;102,1,0,world_rms>0.050;pnp_baseline_error>0.500,2-tag corner homography,0.384001,0.909053,101,102,3.350947,4.260000,0,0.050000,0.500000,590.9628888758,0.0000000000,1007.8592059077,0.0000000000,592.3761043005,547.7101609771,0.0000000000,0.0000000000,1.0000000000,-0.0359937509,0.0291287486,0.0062609452,0.0003552766,-0.0208418310,1,0.000000,0.000000,322.155,707.291,65.842,791.551,9.686,780.481,79.659,716.206,134.818,723.204,-2.837440,0.618181,1.794588,3.413761,,,1,4.260000,0.000000,1690.007,854.037,1843.521,934.361,1760.641,935.438,1706.155,840.382,1784.446,843.316,-1.210391,-0.528489,-0.901094,1.598849,,,0.0272616347,0.0269027755,-22.2224920067,0.0020752821,-0.0247690326,18.4664146269,0.0011376748,0.0099534010,1.0000000000,,,,,,,,,
425,41.1466,1785357795.991,2,,,,,,,,,,,,,,,,,0,acquiring:0/30,none,1,1920,1200,0.200000,101;102,1,0,world_rms>0.050;pnp_baseline_error>0.500,2-tag corner homography,0.494968,0.911185,101,102,3.348815,4.260000,0,0.050000,0.500000,590.9628888758,0.0000000000,1007.8592059077,0.0000000000,592.3761043005,547.7101609771,0.0000000000,0.0000000000,1.0000000000,-0.0359937509,0.0291287486,0.0062609452,0.0003552766,-0.0208418310,1,0.000000,0.000000,321.788,707.283,65.636,791.539,9.814,780.016,80.291,716.020,135.660,723.148,-2.833846,0.617072,1.793027,3.409752,,,1,4.260000,0.000000,1690.014,854.014,1843.406,934.282,1760.583,935.386,1706.123,840.262,1784.425,843.331,-1.214762,-0.530357,-0.904479,1.604682,,,-4.7523443423,0.5554399412,-70.1845956368,-0.0698886260,0.8920710992,-668.7038355332,-0.1263448637,-1.8793965736,1.0000000000,,,,,,,,,
426,41.2361,1785357796.099,2,,,,,,,,,,,,,,,,,0,acquiring:0/30,none,1,1920,1200,0.200000,101;102,1,0,world_rms>0.050;pnp_baseline_error>0.500,2-tag corner homography,0.380666,0.907714,101,102,3.352286,4.260000,0,0.050000,0.500000,590.9628888758,0.0000000000,1007.8592059077,0.0000000000,592.3761043005,547.7101609771,0.0000000000,0.0000000000,1.0000000000,-0.0359937509,0.0291287486,0.0062609452,0.0003552766,-0.0208418310,1,0.000000,0.000000,322.034,707.293,65.322,791.521,9.867,780.280,79.779,716.162,135.471,723.278,-2.836525,0.617895,1.794248,3.412769,,,1,4.260000,0.000000,1690.005,854.028,1843.314,934.368,1760.636,935.303,1706.008,840.290,1784.346,843.282,-1.217623,-0.531642,-0.906779,1.608570,,,0.0247941750,0.0246557969,-20.3543501679,0.0019037946,-0.0227291885,16.9446806923,0.0010124590,0.0090018916,1.0000000000,,,,,,,,,
427,41.3551,1785357796.215,2,,,,,,,,,,,,,,,,,0,acquiring:0/30,none,1,1920,1200,0.200000,101;102,1,0,world_rms>0.050;pnp_baseline_error>0.500,2-tag corner homography,0.377913,0.896129,101,102,3.363871,4.260000,0,0.050000,0.500000,590.9628888758,0.0000000000,1007.8592059077,0.0000000000,592.3761043005,547.7101609771,0.0000000000,0.0000000000,1.0000000000,-0.0359937509,0.0291287486,0.0062609452,0.0003552766,-0.0208418310,1,0.000000,0.000000,322.011,707.227,65.651,791.527,9.748,779.810,79.869,716.206,135.151,723.281,-2.847944,0.620088,1.801453,3.426445,,,1,4.260000,0.000000,1689.995,854.062,1843.369,934.444,1760.772,935.428,1706.098,840.334,1784.489,843.367,-1.216349,-0.531147,-0.905609,1.606783,,,0.0177666219,0.0175805324,-14.5179732279,0.0013955419,-0.0166373949,12.4025434195,0.0007217222,0.0061393406,1.0000000000,,,,,,,,,
428,41.4637,1785357796.308,2,,,,,,,,,,,,,,,,,0,acquiring:0/30,none,1,1920,1200,0.200000,101;102,1,0,world_rms>0.050;pnp_baseline_error>0.500,2-tag corner homography,0.381430,0.900959,101,102,3.359041,4.260000,0,0.050000,0.500000,590.9628888758,0.0000000000,1007.8592059077,0.0000000000,592.3761043005,547.7101609771,0.0000000000,0.0000000000,1.0000000000,-0.0359937509,0.0291287486,0.0062609452,0.0003552766,-0.0208418310,1,0.000000,0.000000,322.045,707.316,65.932,791.457,9.714,780.306,79.690,716.166,135.137,723.411,-2.843513,0.619518,1.798668,3.421195,,,1,4.260000,0.000000,1689.991,854.075,1843.506,934.543,1760.616,935.387,1706.114,840.329,1784.552,843.422,-1.215489,-0.530797,-0.904935,1.605636,,,0.0248747911,0.0245986192,-20.3177764471,0.0019096884,-0.0227841253,16.9861634284,0.0010171358,0.0090273366,1.0000000000,,,,,,,,,
429,41.5604,1785357796.416,2,,,,,,,,,,,,,,,,,0,acquiring:0/30,none,1,1920,1200,0.200000,101;102,1,0,world_rms>0.050;pnp_baseline_error>0.500,2-tag corner homography,0.383734,0.885997,101,102,3.374003,4.260000,0,0.050000,0.500000,590.9628888758,0.0000000000,1007.8592059077,0.0000000000,592.3761043005,547.7101609771,0.0000000000,0.0000000000,1.0000000000,-0.0359937509,0.0291287486,0.0062609452,0.0003552766,-0.0208418310,1,0.000000,0.000000,322.123,707.132,65.602,791.550,9.589,779.365,79.701,716.394,134.886,723.229,-2.859620,0.622324,1.808530,3.440275,,,1,4.260000,0.000000,1690.006,854.032,1843.237,934.335,1760.700,935.369,1706.119,840.450,1784.286,843.144,-1.208561,-0.527687,-0.899860,1.596503,,,0.0311736807,0.0310160366,-25.5925196151,0.0023786282,-0.0283598240,21.1370678708,0.0012865202,0.0115822825,1.0000000000,,,,,,,,,
430,41.6642,1785357796.515,2,,,,,,,,,,,,,,,,,0,acquiring:0/30,none,1,1920,1200,0.200000,101;102,1,0,world_rms>0.050;pnp_baseline_error>0.500,2-tag corner homography,0.382236,0.891621,101,102,3.368379,4.260000,0,0.050000,0.500000,590.9628888758,0.0000000000,1007.8592059077,0.0000000000,592.3761043005,547.7101609771,0.0000000000,0.0000000000,1.0000000000,-0.0359937509,0.0291287486,0.0062609452,0.0003552766,-0.0208418310,1,0.000000,0.000000,321.985,707.182,65.787,791.612,9.681,779.446,80.065,716.100,134.924,723.366,-2.853643,0.621121,1.805068,3.433270,,,1,4.260000,0.000000,1690.025,853.984,1843.228,934.072,1760.624,935.361,1706.102,840.373,1784.400,843.241,-1.210457,-0.528416,-0.901309,1.598996,,,0.0277161562,0.0274193605,-22.6408864813,0.0021216882,-0.0253051223,18.8602206791,0.0011336989,0.0101872389,1.0000000000,,,,,,,,,
431,58.7868,1785357813.661,2,,,,,,,,,,,,,,,,,0,acquiring:0/30,none,1,1920,1200,0.200000,101;102,1,0,world_rms>0.050;pnp_baseline_error>0.500,2-tag corner homography,0.385208,0.900047,101,102,3.359953,4.260000,0,0.050000,0.500000,590.9628888758,0.0000000000,1007.8592059077,0.0000000000,592.3761043005,547.7101609771,0.0000000000,0.0000000000,1.0000000000,-0.0359937509,0.0291287486,0.0062609452,0.0003552766,-0.0208418310,1,0.000000,0.000000,322.075,707.267,65.800,791.624,9.872,780.146,79.874,716.127,134.755,723.249,-2.841622,0.618927,1.797367,3.418832,,,1,4.260000,0.000000,1689.995,854.046,1843.437,934.440,1760.660,935.362,1705.896,840.162,1784.419,843.424,-1.225926,-0.535310,-0.913085,1.619622,,,0.0347452872,0.0341227449,-28.1987095796,0.0026141953,-0.0312145315,23.2687836608,0.0014361523,0.0130117675,1.0000000000,,,,,,,,,
432,58.9333,1785357813.814,2,,,,,,,,,,,,,,,,,0,acquiring:0/30,none,1,1920,1200,0.200000,101;102,1,0,world_rms>0.050;pnp_baseline_error>0.500,2-tag corner homography,0.385213,0.902550,101,102,3.357450,4.260000,0,0.050000,0.500000,590.9628888758,0.0000000000,1007.8592059077,0.0000000000,592.3761043005,547.7101609771,0.0000000000,0.0000000000,1.0000000000,-0.0359937509,0.0291287486,0.0062609452,0.0003552766,-0.0208418310,1,0.000000,0.000000,322.220,707.216,65.730,791.498,9.518,780.194,79.494,716.303,134.826,723.185,-2.844493,0.619458,1.798852,3.422096,,,1,4.260000,0.000000,1690.014,854.018,1843.420,934.309,1760.563,935.242,1706.183,840.450,1784.287,843.245,-1.207290,-0.527099,-0.898822,1.594761,,,0.0317858494,0.0314800291,-25.9893858347,0.0024100480,-0.0287630611,21.4420794971,0.0013267905,0.0117955555,1.0000000000,,,,,,,,,
433,59.0659,1785357813.918,2,,,,,,,,,,,,,,,,,0,acquiring:0/30,none,1,1920,1200,0.200000,101;102,1,0,world_rms>0.050;pnp_baseline_error>0.500,2-tag corner homography,0.380741,0.898228,101,102,3.361772,4.260000,0,0.050000,0.500000,590.9628888758,0.0000000000,1007.8592059077,0.0000000000,592.3761043005,547.7101609771,0.0000000000,0.0000000000,1.0000000000,-0.0359937509,0.0291287486,0.0062609452,0.0003552766,-0.0208418310,1,0.000000,0.000000,321.847,707.283,66.094,791.497,10.030,779.921,79.673,716.193,135.425,723.164,-2.845724,0.619703,1.800426,3.423991,,,1,4.260000,0.000000,1689.987,854.079,1843.511,934.309,1760.649,935.379,1706.019,840.438,1784.500,843.541,-1.215878,-0.530980,-0.905317,1.606206,,,0.0270923924,0.0267812103,-22.1224931539,0.0020769871,-0.0247549823,18.4511466361,0.0010973725,0.0099515395,1.0000000000,,,,,,,,,
434,59.1701,1785357814.025,2,,,,,,,,,,,,,,,,,0,acquiring:0/30,none,1,1920,1200,0.200000,101;102,1,0,world_rms>0.050;pnp_baseline_error>0.500,2-tag corner homography,0.386070,0.903941,101,102,3.356059,4.260000,0,0.050000,0.500000,590.9628888758,0.0000000000,1007.8592059077,0.0000000000,592.3761043005,547.7101609771,0.0000000000,0.0000000000,1.0000000000,-0.0359937509,0.0291287486,0.0062609452,0.0003552766,-0.0208418310,1,0.000000,0.000000,322.060,707.237,65.468,791.537,10.002,780.067,79.849,716.209,134.962,723.167,-2.842478,0.618979,1.797910,3.419839,,,1,4.260000,0.000000,1690.011,854.028,1843.448,934.396,1760.636,935.284,1706.264,840.357,1784.238,843.264,-1.209488,-0.528075,-0.900375,1.597623,,,0.0354106408,0.0350908453,-28.9733733955,0.0026702672,-0.0318499984,23.7407224924,0.0015067821,0.0132103107,1.0000000000,,,,,,,,,
435,59.2877,1785357814.155,1,,,,,,,,,,,,,,,,,0,acquiring:0/30,none,1,1920,1200,0.200000,101,0,0,insufficient,insufficient,,,,,,,0,0.050000,0.500000,590.9628888758,0.0000000000,1007.8592059077,0.0000000000,592.3761043005,547.7101609771,0.0000000000,0.0000000000,1.0000000000,-0.0359937509,0.0291287486,0.0062609452,0.0003552766,-0.0208418310,1,0.000000,0.000000,322.128,707.241,65.494,791.487,9.809,779.984,79.640,716.333,135.042,723.316,-2.849521,0.620585,1.802236,3.428257,,,0,4.260000,0.000000,,,,,,,,,,,,,,,,,,,,,,,,,,,,,,,,,,
436,59.4138,1785357814.273,2,,,,,,,,,,,,,,,,,0,acquiring:0/30,none,1,1920,1200,0.200000,101;102,1,0,world_rms>0.050;pnp_baseline_error>0.500,2-tag corner homography,0.383254,0.900775,101,102,3.359225,4.260000,0,0.050000,0.500000,590.9628888758,0.0000000000,1007.8592059077,0.0000000000,592.3761043005,547.7101609771,0.0000000000,0.0000000000,1.0000000000,-0.0359937509,0.0291287486,0.0062609452,0.0003552766,-0.0208418310,1,0.000000,0.000000,322.152,707.229,65.606,791.461,9.745,780.167,79.764,716.131,134.776,723.348,-2.844899,0.619546,1.799253,3.422660,,,1,4.260000,0.000000,1690.033,853.963,1843.408,934.013,1760.613,935.299,1706.071,840.371,1784.401,843.318,-1.211745,-0.528935,-0.902264,1.600681,,,0.0261646837,0.0258669877,-21.3606654207,0.0020031053,-0.0239171733,17.8297358933,0.0010835329,0.0095270861,1.0000000000,,,,,,,,,
437,59.5297,1785357814.407,2,,,,,,,,,,,,,,,,,0,acquiring:0/30,none,1,1920,1200,0.200000,101;102,1,0,world_rms>0.050;pnp_baseline_error>0.500,2-tag corner homography,0.380266,0.904680,101,102,3.355320,4.260000,0,0.050000,0.500000,590.9628888758,0.0000000000,1007.8592059077,0.0000000000,592.3761043005,547.7101609771,0.0000000000,0.0000000000,1.0000000000,-0.0359937509,0.0291287486,0.0062609452,0.0003552766,-0.0208418310,1,0.000000,0.000000,322.031,707.271,65.254,791.520,9.814,780.128,79.940,716.154,135.393,723.316,-2.839149,0.618370,1.795893,3.415901,,,1,4.260000,0.000000,1689.995,854.057,1843.455,934.351,1760.665,935.321,1705.988,840.361,1784.599,843.522,-1.218952,-0.532278,-0.907650,1.610277,,,0.0245486696,0.0244511415,-20.1815951142,0.0018915364,-0.0225661896,16.8224679080,0.0009982560,0.0089120747,1.0000000000,,,,,,,,,
438,59.6853,1785357814.573,2,,,,,,,,,,,,,,,,,0,acquiring:0/30,none,1,1920,1200,0.200000,101;102,1,0,world_rms>0.050;pnp_baseline_error>0.500,2-tag corner homography,0.382776,0.883455,101,102,3.376545,4.260000,0,0.050000,0.500000,590.9628888758,0.0000000000,1007.8592059077,0.0000000000,592.3761043005,547.7101609771,0.0000000000,0.0000000000,1.0000000000,-0.0359937509,0.0291287486,0.0062609452,0.0003552766,-0.0208418310,1,0.000000,0.000000,322.037,707.138,65.804,791.448,9.688,779.415,79.763,716.120,134.912,723.403,-2.859208,0.622191,1.808445,3.439864,,,1,4.260000,0.000000,1689.993,854.060,1843.508,934.457,1760.552,935.316,1706.041,840.263,1784.358,843.424,-1.219140,-0.532369,-0.907843,1.610559,,,0.0450457965,0.0455113193,-37.5042094911,0.0034077551,-0.0406099937,30.2629473928,0.0018330381,0.0173102875,1.0000000000,,,,,,,,,
439,59.8329,1785357814.696,2,,,,,,,,,,,,,,,,,0,acquiring:0/30,none,1,1920,1200,0.200000,101;102,1,0,world_rms>0.050;pnp_baseline_error>0.500,2-tag corner homography,0.381284,0.905852,101,102,3.354148,4.260000,0,0.050000,0.500000,590.9628888758,0.0000000000,1007.8592059077,0.0000000000,592.3761043005,547.7101609771,0.0000000000,0.0000000000,1.0000000000,-0.0359937509,0.0291287486,0.0062609452,0.0003552766,-0.0208418310,1,0.000000,0.000000,321.889,707.298,66.052,791.535,9.827,780.085,79.648,716.198,135.528,723.139,-2.840584,0.618682,1.797106,3.417788,,,1,4.260000,0.000000,1690.016,854.017,1843.610,934.484,1760.562,935.192,1706.219,840.397,1784.344,843.271,-1.208635,-0.527679,-0.899728,1.596481,,,0.0270585842,0.0267825669,-22.1209672146,0.0020692565,-0.0246772173,18.3943482849,0.0011075790,0.0099168674,1.0000000000,,,,,,,,,
440,59.9650,1785357814.837,1,,,,,,,,,,,,,,,,,0,acquiring:0/30,none,1,1920,1200,0.200000,102,0,0,insufficient,insufficient,,,,,,,0,0.050000,0.500000,590.9628888758,0.0000000000,1007.8592059077,0.0000000000,592.3761043005,547.7101609771,0.0000000000,0.0000000000,1.0000000000,-0.0359937509,0.0291287486,0.0062609452,0.0003552766,-0.0208418310,0,0.000000,0.000000,,,,,,,,,,,,,,,,,1,4.260000,0.000000,1690.007,854.039,1843.452,934.328,1760.478,935.217,1706.224,840.456,1784.505,843.412,-1.207625,-0.527284,-0.898967,1.595158,,,,,,,,,,,,,,,,,,,,
441,60.0917,1785357814.966,2,,,,,,,,,,,,,,,,,0,acquiring:0/30,none,1,1920,1200,0.200000,101;102,1,0,world_rms>0.050;pnp_baseline_error>0.500,2-tag corner homography,0.344427,0.885361,101,102,3.374639,4.260000,0,0.050000,0.500000,590.9628888758,0.0000000000,1007.8592059077,0.0000000000,592.3761043005,547.7101609771,0.0000000000,0.0000000000,1.0000000000,-0.0359937509,0.0291287486,0.0062609452,0.0003552766,-0.0208418310,1,0.000000,0.000000,321.995,707.187,65.818,791.517,9.571,779.430,79.675,716.246,135.315,723.374,-2.857277,0.621939,1.807351,3.437639,,,1,4.260000,0.000000,1689.986,854.076,1843.459,934.423,1760.528,935.319,1706.021,840.296,1784.324,843.449,-1.218956,-0.532322,-0.907749,1.610350,,,-7.8320602874,-8.4924667844,6883.4447045803,-0.0154977028,0.3644239524,-284.8405487824,-0.1048936650,-3.6946836703,1.0000000000,,,,,,,,,
442,60.2474,1785357815.126,2,,,,,,,,,,,,,,,,,0,acquiring:0/30,none,1,1920,1200,0.200000,101;102,1,0,world_rms>0.050;pnp_baseline_error>0.500,2-tag corner homography,0.383238,0.903102,101,102,3.356898,4.260000,0,0.050000,0.500000,590.9628888758,0.0000000000,1007.8592059077,0.0000000000,592.3761043005,547.7101609771,0.0000000000,0.0000000000,1.0000000000,-0.0359937509,0.0291287486,0.0062609452,0.0003552766,-0.0208418310,1,0.000000,0.000000,322.029,707.243,65.628,791.488,9.845,780.066,79.757,716.105,135.169,723.287,-2.842902,0.619071,1.798245,3.420384,,,1,4.260000,0.000000,1690.009,854.031,1843.423,934.268,1760.534,935.313,1706.243,840.334,1784.285,843.362,-1.210580,-0.528560,-0.901241,1.599098,,,0.0278906347,0.0276119259,-22.8009236246,0.0021291081,-0.0253947645,18.9295123893,0.0011609224,0.0102184885,1.0000000000,,,,,,,,,
443,60.3808,1785357815.263,2,,,,,,,,,,,,,,,,,0,acquiring:0/30,none,1,1920,1200,0.200000,101;102,1,0,world_rms>0.050;pnp_baseline_error>0.500,2-tag corner homography,0.380977,0.905995,101,102,3.354005,4.260000,0,0.050000,0.500000,590.9628888758,0.0000000000,1007.8592059077,0.0000000000,592.3761043005,547.7101609771,0.0000000000,0.0000000000,1.0000000000,-0.0359937509,0.0291287486,0.0062609452,0.0003552766,-0.0208418310,1,0.000000,0.000000,322.024,707.250,65.568,791.449,9.662,780.180,79.621,716.277,135.523,723.097,-2.838702,0.618181,1.795605,3.415344,,,1,4.260000,0.000000,1690.001,854.051,1843.543,934.432,1760.530,935.308,1706.182,840.262,1784.607,843.534,-1.216579,-0.531220,-0.905680,1.607021,,,0.0258390817,0.0257510346,-21.2522380602,0.0019846655,-0.0236690003,17.6436643828,0.0010579816,0.0094263184,1.0000000000,,,,,,,,,
444,60.5182,1785357815.386,2,,,,,,,,,,,,,,,,,0,acquiring:0/30,none,1,1920,1200,0.200000,101;102,1,0,world_rms>0.050;pnp_baseline_error>0.500,2-tag corner homography,0.375322,0.903669,101,102,3.356331,4.260000,0,0.050000,0.500000,590.9628888758,0.0000000000,1007.8592059077,0.0000000000,592.3761043005,547.7101609771,0.0000000000,0.0000000000,1.0000000000,-0.0359937509,0.0291287486,0.0062609452,0.0003552766,-0.0208418310,1,0.000000,0.000000,322.126,707.137,65.567,791.462,9.780,779.766,79.629,716.218,134.833,723.135,-2.850003,0.620253,1.802445,3.428708,,,1,4.260000,0.000000,1690.016,854.052,1843.465,934.336,1760.633,935.260,1706.917,840.653,1784.301,843.341,-1.182850,-0.516454,-0.879616,1.561916,,,0.0067534960,0.0066608486,-5.5003436154,0.0005496890,-0.0065385774,4.8768281559,0.0003544032,0.0014824562,1.0000000000,,,,,,,,,
445,60.6545,1785357815.524,2,,,,,,,,,,,,,,,,,0,acquiring:0/30,none,1,1920,1200,0.200000,101;102,1,0,world_rms>0.050;pnp_baseline_error>0.500,2-tag corner homography,0.386671,0.886648,101,102,3.373352,4.260000,0,0.050000,0.500000,590.9628888758,0.0000000000,1007.8592059077,0.0000000000,592.3761043005,547.7101609771,0.0000000000,0.0000000000,1.0000000000,-0.0359937509,0.0291287486,0.0062609452,0.0003552766,-0.0208418310,1,0.000000,0.000000,322.015,707.071,65.699,791.459,9.744,779.159,79.698,716.142,134.977,723.241,-2.860846,0.622247,1.809461,3.441770,,,1,4.260000,0.000000,1689.980,854.117,1843.336,934.390,1760.485,935.351,1706.418,840.537,1784.423,843.476,-1.201925,-0.524945,-0.894505,1.587555,,,0.0411593424,0.0407318176,-33.6225371810,0.0031062493,-0.0369515300,27.5338635154,0.0017331375,0.0155746411,1.0000000000,,,,,,,,,
446,60.7985,1785357815.664,2,,,,,,,,,,,,,,,,,0,acquiring:0/30,none,1,1920,1200,0.200000,101;102,1,0,world_rms>0.050;pnp_baseline_error>0.500,2-tag corner homography,0.380952,0.906311,101,102,3.353689,4.260000,0,0.050000,0.500000,590.9628888758,0.0000000000,1007.8592059077,0.0000000000,592.3761043005,547.7101609771,0.0000000000,0.0000000000,1.0000000000,-0.0359937509,0.0291287486,0.0062609452,0.0003552766,-0.0208418310,1,0.000000,0.000000,322.076,707.301,65.653,791.483,9.698,780.407,79.665,716.216,135.280,723.248,-2.837493,0.618171,1.794786,3.413907,,,1,4.260000,0.000000,1690.010,854.020,1843.520,934.265,1760.635,935.285,1706.034,840.275,1784.416,843.472,-1.219478,-0.532431,-0.908059,1.610957,,,0.0247397431,0.0245518638,-20.2719450209,0.0019011458,-0.0226998766,16.9235407016,0.0010077142,0.0089833453,1.0000000000,,,,,,,,,
447,60.9248,1785357815.783,2,,,,,,,,,,,,,,,,,0,acquiring:0/30,none,1,1920,1200,0.200000,101;102,1,0,world_rms>0.050;pnp_baseline_error>0.500,2-tag corner homography,0.379340,0.908839,101,102,3.351161,4.260000,0,0.050000,0.500000,590.9628888758,0.0000000000,1007.8592059077,0.0000000000,592.3761043005,547.7101609771,0.0000000000,0.0000000000,1.0000000000,-0.0359937509,0.0291287486,0.0062609452,0.0003552766,-0.0208418310,1,0.000000,0.000000,321.891,707.274,65.854,791.547,9.658,780.106,79.782,716.186,135.666,723.031,-2.835284,0.617429,1.793725,3.411378,,,1,4.260000,0.000000,1690.013,854.018,1843.495,934.387,1760.763,935.348,1706.036,840.295,1784.595,843.399,-1.218451,-0.531974,-0.907202,1.609545,,,0.0259726515,0.0258443634,-21.3351524088,0.0019929862,-0.0237707728,17.7183060531,0.0010426101,0.0095201274,1.0000000000,,,,,,,,,
448,61.0345,1785357815.905,2,,,,,,,,,,,,,,,,,0,acquiring:0/30,none,1,1920,1200,0.200000,101;102,1,0,world_rms>0.050;pnp_baseline_error>0.500,2-tag corner homography,0.365477,0.894069,101,102,3.365931,4.260000,0,0.050000,0.500000,590.9628888758,0.0000000000,1007.8592059077,0.0000000000,592.3761043005,547.7101609771,0.0000000000,0.0000000000,1.0000000000,-0.0359937509,0.0291287486,0.0062609452,0.0003552766,-0.0208418310,1,0.000000,0.000000,321.985,707.132,65.599,791.504,9.676,779.494,79.654,716.199,135.385,723.096,-2.849648,0.620041,1.802494,3.428400,,,1,4.260000,0.000000,1690.011,854.028,1843.560,934.388,1760.661,935.279,1706.106,840.303,1784.860,843.597,-1.218414,-0.531972,-0.907013,1.609410,,,0.0047841373,0.0055238567,-4.5019405331,0.0003424796,-0.0040644217,3.0320163253,0.0003514237,0.0005538089,1.0000000000,,,,,,,,,
449,61.1611,1785357816.022,2,,,,,,,,,,,,,,,,,0,acquiring:0/30,none,1,1920,1200,0.200000,101;102,1,0,world_rms>0.050;pnp_baseline_error>0.500,2-tag corner homography,0.368478,0.884869,101,102,3.375131,4.260000,0,0.050000,0.500000,590.9628888758,0.0000000000,1007.8592059077,0.0000000000,592.3761043005,547.7101609771,0.0000000000,0.0000000000,1.0000000000,-0.0359937509,0.0291287486,0.0062609452,0.0003552766,-0.0208418310,1,0.000000,0.000000,321.998,707.050,65.748,791.510,9.535,779.049,79.458,716.404,135.341,722.924,-2.859307,0.621812,1.808501,3.439907,,,1,4.260000,0.000000,1690.004,854.041,1843.432,934.397,1760.617,935.296,1706.139,840.335,1784.455,843.388,-1.214470,-0.530282,-0.904192,1.604275,,,0.0078864289,0.0077995882,-6.4387308918,0.0006544505,-0.0077892714,5.8071857615,0.0003453449,0.0020552082,1.0000000000,,,,,,,,,
450,61.2694,1785357816.120,2,,,,,,,,,,,,,,,,,0,acquiring:0/30,none,1,1920,1200,0.200000,101;102,1,0,world_rms>0.050;pnp_baseline_error>0.500,2-tag corner homography,0.386198,0.883438,101,102,3.376562,4.260000,0,0.050000,0.500000,590.9628888758,0.0000000000,1007.8592059077,0.0000000000,592.3761043005,547.7101609771,0.0000000000,0.0000000000,1.0000000000,-0.0359937509,0.0291287486,0.0062609452,0.0003552766,-0.0208418310,1,0.000000,0.000000,322.066,707.098,65.778,791.513,9.702,779.336,79.552,716.228,134.934,723.171,-2.858082,0.621804,1.807637,3.438433,,,1,4.260000,0.000000,1689.995,854.045,1843.392,934.366,1760.506,935.326,1705.945,840.160,1784.290,843.404,-1.223607,-0.534297,-0.911387,1.616574,,,0.0043773734,0.0039344490,-3.2765173012,0.0003263997,-0.0038947995,2.9069407470,0.0003010462,0.0004102474,1.0000000000,,,,,,,,,
451,61.3656,1785357816.217,2,,,,,,,,,,,,,,,,,0,acquiring:0/30,none,1,1920,1200,0.200000,101;102,1,0,world_rms>0.050;pnp_baseline_error>0.500,2-tag corner homography,0.382104,0.882147,101,102,3.377853,4.260000,0,0.050000,0.500000,590.9628888758,0.0000000000,1007.8592059077,0.0000000000,592.3761043005,547.7101609771,0.0000000000,0.0000000000,1.0000000000,-0.0359937509,0.0291287486,0.0062609452,0.0003552766,-0.0208418310,1,0.000000,0.000000,322.144,707.134,65.566,791.482,9.563,779.327,79.069,716.512,135.452,723.263,-2.863051,0.623097,1.810659,3.444386,,,1,4.260000,0.000000,1690.014,854.019,1843.540,934.359,1760.556,935.336,1706.185,840.355,1784.319,843.272,-1.209694,-0.528149,-0.900602,1.597932,,,0.0287120878,0.0286145141,-23.6067799259,0.0022056626,-0.0263012116,19.6035364690,0.0011622406,0.0106277117,1.0000000000,,,,,,,,,
452,61.4610,1785357816.309,2,,,,,,,,,,,,,,,,,0,acquiring:0/30,none,1,1920,1200,0.200000,101;102,1,0,world_rms>0.050;pnp_baseline_error>0.500,2-tag corner homography,0.388813,0.900467,101,102,3.359533,4.260000,0,0.050000,0.500000,590.9628888758,0.0000000000,1007.8592059077,0.0000000000,592.3761043005,547.7101609771,0.0000000000,0.0000000000,1.0000000000,-0.0359937509,0.0291287486,0.0062609452,0.0003552766,-0.0208418310,1,0.000000,0.000000,322.158,707.275,65.588,791.409,9.828,780.044,79.361,716.483,135.145,723.400,-2.854703,0.621879,1.805486,3.434508,,,1,4.260000,0.000000,1690.009,854.074,1843.406,934.161,1760.804,935.404,1706.927,840.932,1784.491,843.386,-1.174700,-0.512933,-0.873366,1.551060,,,0.0385859537,0.0383542053,-31.6580572556,0.0029145070,-0.0346963515,25.8652298101,0.0016960218,0.0143963043,1.0000000000,,,,,,,,,
453,61.5535,1785357816.402,2,,,,,,,,,,,,,,,,,0,acquiring:0/30,none,1,1920,1200,0.200000,101;102,1,0,world_rms>0.050;pnp_baseline_error>0.500,2-tag corner homography,0.385571,0.891187,101,102,3.368813,4.260000,0,0.050000,0.500000,590.9628888758,0.0000000000,1007.8592059077,0.0000000000,592.3761043005,547.7101609771,0.0000000000,0.0000000000,1.0000000000,-0.0359937509,0.0291287486,0.0062609452,0.0003552766,-0.0208418310,1,0.000000,0.000000,322.241,707.231,65.564,791.512,9.848,779.990,79.374,716.385,134.756,723.378,-2.854209,0.621655,1.804969,3.433785,,,1,4.260000,0.000000,1690.013,854.025,1843.568,934.346,1760.600,935.365,1706.220,840.323,1784.358,843.348,-1.211204,-0.528818,-0.901661,1.599893,,,0.0302864565,0.0299444026,-24.7257311441,0.0023040999,-0.0275006581,20.5020500466,0.0012713823,0.0111703587,1.0000000000,,,,,,,,,
454,61.6429,1785357816.494,2,,,,,,,,,,,,,,,,,0,acquiring:0/30,none,1,1920,1200,0.200000,101;102,1,0,world_rms>0.050;pnp_baseline_error>0.500,2-tag corner homography,0.383575,0.889620,101,102,3.370380,4.260000,0,0.050000,0.500000,590.9628888758,0.0000000000,1007.8592059077,0.0000000000,592.3761043005,547.7101609771,0.0000000000,0.0000000000,1.0000000000,-0.0359937509,0.0291287486,0.0062609452,0.0003552766,-0.0208418310,1,0.000000,0.000000,322.110,707.120,65.560,791.537,9.608,779.434,79.743,716.229,134.903,723.256,-2.855780,0.621428,1.806115,3.435652,,,1,4.260000,0.000000,1690.006,854.042,1843.482,934.336,1760.666,935.365,1706.181,840.411,1784.565,843.424,-1.211108,-0.528809,-0.901553,1.599756,,,0.0297285422,0.0294927908,-24.3415714977,0.0022730069,-0.0270846056,20.1860566566,0.0012245114,0.0109960110,1.0000000000,,,,,,,,,
455,61.7503,1785357816.610,2,,,,,,,,,,,,,,,,,0,acquiring:0/30,none,1,1920,1200,0.200000,101;102,1,0,world_rms>0.050;pnp_baseline_error>0.500,2-tag corner homography,0.373114,0.900648,101,102,3.359352,4.260000,0,0.050000,0.500000,590.9628888758,0.0000000000,1007.8592059077,0.0000000000,592.3761043005,547.7101609771,0.0000000000,0.0000000000,1.0000000000,-0.0359937509,0.0291287486,0.0062609452,0.0003552766,-0.0208418310,1,0.000000,0.000000,322.038,707.208,65.626,791.467,9.669,779.894,79.673,716.175,135.292,723.254,-2.846018,0.619613,1.800165,3.424081,,,1,4.260000,0.000000,1690.009,854.035,1843.654,934.465,1760.486,935.340,1706.259,840.352,1784.337,843.297,-1.207814,-0.527357,-0.899093,1.595396,,,0.0056151013,0.0054788430,-4.5295546225,0.0004508065,-0.0053729456,4.0086356405,0.0003126373,0.0010052574,1.0000000000,,,,,,,,,
456,61.8626,1785357816.730,2,,,,,,,,,,,,,,,,,0,acquiring:0/30,none,1,1920,1200,0.200000,101;102,1,0,world_rms>0.050;pnp_baseline_error>0.500,2-tag corner homography,0.382440,0.900692,101,102,3.359308,4.260000,0,0.050000,0.500000,590.9628888758,0.0000000000,1007.8592059077,0.0000000000,592.3761043005,547.7101609771,0.0000000000,0.0000000000,1.0000000000,-0.0359937509,0.0291287486,0.0062609452,0.0003552766,-0.0208418310,1,0.000000,0.000000,321.978,707.271,65.511,791.445,10.083,780.096,79.839,716.104,135.238,723.342,-2.843555,0.619289,1.798786,3.421250,,,1,4.260000,0.000000,1690.016,854.008,1843.562,934.449,1760.617,935.355,1706.178,840.168,1784.243,843.260,-1.216382,-0.531051,-0.905651,1.606799,,,0.0262152785,0.0259631045,-21.4409255760,0.0020058250,-0.0239347039,17.8416333945,0.0010917247,0.0095361354,1.0000000000,,,,,,,,,
457,61.9895,1785357816.845,2,,,,,,,,,,,,,,,,,0,acquiring:0/30,none,1,1920,1200,0.200000,101;102,1,0,world_rms>0.050;pnp_baseline_error>0.500,2-tag corner homography,0.379611,0.891116,101,102,3.368884,4.260000,0,0.050000,0.500000,590.9628888758,0.0000000000,1007.8592059077,0.0000000000,592.3761043005,547.7101609771,0.0000000000,0.0000000000,1.0000000000,-0.0359937509,0.0291287486,0.0062609452,0.0003552766,-0.0208418310,1,0.000000,0.000000,321.988,707.150,65.636,791.456,9.718,779.453,79.660,716.248,135.328,723.222,-2.854846,0.621252,1.805793,3.434674,,,1,4.260000,0.000000,1690.022,854.005,1843.669,934.396,1760.758,935.477,1706.218,840.357,1784.357,843.207,-1.208541,-0.527611,-0.899604,1.596319,,,0.0380050808,0.0390790843,-32.1560097409,0.0029056571,-0.0346063810,25.7885269302,0.0015434644,0.0144638708,1.0000000000,,,,,,,,,
