frame,host_monotonic_ns,t_s,t_unix_s,n_ref,green_x_m,green_y_m,red_x_m,red_y_m,x_m,y_m,heading_deg,vx_m_s,vy_m_s,u_m_s,v_port_m_s,v_starboard_m_s,r_deg_s,r_rad_s,scale,ref_world_rms_m,ref_range_rms_m,color_spacing_m,motion_reset,homography_state,reference_method,calibration_debug_schema_version,frame_width_px,frame_height_px,ref_tag_size_m,visible_ref_ids,candidate_available,candidate_accepted,candidate_reject_reason,candidate_method,candidate_world_rms_m,candidate_pnp_baseline_error_m,pnp_baseline_tag_a,pnp_baseline_tag_b,pnp_baseline_measured_m,pnp_baseline_expected_m,accepted_calibration_samples,max_ref_world_error_m,max_ref_range_error_m,max_ref_pose_reproj_error_px,geometry_distortion_mode,camera_K_00,camera_K_01,camera_K_02,camera_K_10,camera_K_11,camera_K_12,camera_K_20,camera_K_21,camera_K_22,camera_dist_0,camera_dist_1,camera_dist_2,camera_dist_3,camera_dist_4,geometry_dist_0,geometry_dist_1,geometry_dist_2,geometry_dist_3,geometry_dist_4,ref_101_detected,ref_101_target_x_m,ref_101_target_y_m,ref_101_center_px_x,ref_101_center_px_y,ref_101_pnp_pose_valid,ref_101_pnp_reproj_rms_px,ref_101_pnp_center_px_x,ref_101_pnp_center_px_y,ref_101_corner0_px_x,ref_101_corner0_px_y,ref_101_corner1_px_x,ref_101_corner1_px_y,ref_101_corner2_px_x,ref_101_corner2_px_y,ref_101_corner3_px_x,ref_101_corner3_px_y,ref_101_cam_x_m,ref_101_cam_y_m,ref_101_cam_z_m,ref_101_range_m,ref_101_map_x_m,ref_101_map_y_m,ref_102_detected,ref_102_target_x_m,ref_102_target_y_m,ref_102_center_px_x,ref_102_center_px_y,ref_102_pnp_pose_valid,ref_102_pnp_reproj_rms_px,ref_102_pnp_center_px_x,ref_102_pnp_center_px_y,ref_102_corner0_px_x,ref_102_corner0_px_y,ref_102_corner1_px_x,ref_102_corner1_px_y,ref_102_corner2_px_x,ref_102_corner2_px_y,ref_102_corner3_px_x,ref_102_corner3_px_y,ref_102_cam_x_m,ref_102_cam_y_m,ref_102_cam_z_m,ref_102_range_m,ref_102_map_x_m,ref_102_map_y_m,candidate_H_00,candidate_H_01,candidate_H_02,candidate_H_10,candidate_H_11,candidate_H_12,candidate_H_20,candidate_H_21,candidate_H_22,active_map_H_00,active_map_H_01,active_map_H_02,active_map_H_10,active_map_H_11,active_map_H_12,active_map_H_20,active_map_H_21,active_map_H_22
0,34179066774506,0.2705,1785360948.371,2,,,,,,,,,,,,,,,,,,,0,acquiring:1/30,none,2,1920,1200,0.200000,101;102,1,1,,2-tag corner homography,0.012609,0.472165,101,102,4.732165,4.260000,1,0.050000,0.600000,5.000000,raw-zero-distortion,590.9628888758,0.0000000000,1007.8592059077,0.0000000000,592.3761043005,547.7101609771,0.0000000000,0.0000000000,1.0000000000,-0.0359937509,0.0291287486,0.0062609452,0.0003552766,-0.0208418310,0.0000000000,0.0000000000,0.0000000000,0.0000000000,0.0000000000,1,0.000000,0.000000,73.011,751.191,1,1.044,73.340,751.640,65.334,791.446,8.607,780.345,79.646,716.404,135.638,722.842,-2.828470,0.615754,1.788643,3.402740,-0.002484,0.001492,1,4.260000,0.000000,1772.991,886.248,1,1.233,1772.199,886.558,1843.880,934.512,1760.824,935.638,1705.004,839.959,1783.557,843.351,1.887128,0.834607,1.459066,2.527191,4.262784,0.000441,0.0116963007,0.0110551469,-9.1689183838,0.0009073145,-0.0114505448,8.5415671567,0.0001414546,0.0042442375,1.0000000000,,,,,,,,,
1,34179486233153,0.6900,1785360948.776,2,,,,,,,,,,,,,,,,,,,0,acquiring:2/30,none,2,1920,1200,0.200000,101;102,1,1,,2-tag corner homography,0.010883,0.490666,101,102,4.750666,4.260000,2,0.050000,0.600000,5.000000,raw-zero-distortion,590.9628888758,0.0000000000,1007.8592059077,0.0000000000,592.3761043005,547.7101609771,0.0000000000,0.0000000000,1.0000000000,-0.0359937509,0.0291287486,0.0062609452,0.0003552766,-0.0208418310,0.0000000000,0.0000000000,0.0000000000,0.0000000000,0.0000000000,1,0.000000,0.000000,73.153,751.231,1,0.791,73.222,751.781,65.544,791.501,8.643,780.286,79.748,716.326,134.901,723.419,-2.842426,0.619140,1.797242,3.419473,-0.002102,0.001540,1,4.260000,0.000000,1773.416,886.592,1,1.297,1772.474,886.632,1844.017,934.578,1760.773,935.528,1705.029,840.112,1784.554,843.477,1.891404,0.836381,1.461847,2.532575,4.262687,0.000137,0.0115084462,0.0116189549,-9.5790955041,0.0009008725,-0.0113578862,8.4728726006,0.0001489493,0.0041655622,1.0000000000,,,,,,,,,
2,34179626726146,0.8305,1785360948.894,2,,,,,,,,,,,,,,,,,,,0,acquiring:3/30,none,2,1920,1200,0.200000,101;102,1,1,,2-tag corner homography,0.010987,0.476458,101,102,4.736458,4.260000,3,0.050000,0.600000,5.000000,raw-zero-distortion,590.9628888758,0.0000000000,1007.8592059077,0.0000000000,592.3761043005,547.7101609771,0.0000000000,0.0000000000,1.0000000000,-0.0359937509,0.0291287486,0.0062609452,0.0003552766,-0.0208418310,0.0000000000,0.0000000000,0.0000000000,0.0000000000,0.0000000000,1,0.000000,0.000000,73.026,751.353,1,0.959,73.370,751.716,65.463,791.476,8.640,780.459,79.625,716.343,135.633,723.051,-2.829395,0.616204,1.789286,3.403928,-0.002354,0.001003,1,4.260000,0.000000,1773.447,886.645,1,1.261,1772.543,886.713,1843.890,934.772,1760.891,935.557,1705.323,840.103,1784.500,843.587,1.890556,0.836129,1.461059,2.531404,4.262669,0.000153,0.0114924349,0.0115818224,-9.5510451110,0.0008997551,-0.0113337756,8.4541226344,0.0001397086,0.0041752711,1.0000000000,,,,,,,,,
3,34179734519476,0.9383,1785360949.004,2,,,,,,,,,,,,,,,,,,,0,acquiring:4/30,none,2,1920,1200,0.200000,101;102,1,1,,2-tag corner homography,0.010991,0.494568,101,102,4.754568,4.260000,4,0.050000,0.600000,5.000000,raw-zero-distortion,590.9628888758,0.0000000000,1007.8592059077,0.0000000000,592.3761043005,547.7101609771,0.0000000000,0.0000000000,1.0000000000,-0.0359937509,0.0291287486,0.0062609452,0.0003552766,-0.0208418310,0.0000000000,0.0000000000,0.0000000000,0.0000000000,0.0000000000,1,0.000000,0.000000,73.040,751.242,1,0.844,73.128,751.816,65.563,791.487,8.543,780.358,79.497,716.490,134.850,723.339,-2.843867,0.619498,1.797971,3.421119,-0.002215,0.001641,1,4.260000,0.000000,1773.325,886.372,1,1.118,1772.604,886.669,1844.168,934.544,1760.678,935.538,1705.610,840.327,1784.381,843.388,1.893915,0.837439,1.463539,2.535776,4.262530,0.000652,0.0114123665,0.0114533542,-9.4468977981,0.0008935696,-0.0112695696,8.4076433278,0.0001464665,0.0041218757,1.0000000000,,,,,,,,,
4,34179845812393,1.0495,1785360949.105,2,,,,,,,,,,,,,,,,,,,0,acquiring:5/30,none,2,1920,1200,0.200000,101;102,1,1,,2-tag corner homography,0.010958,0.486094,101,102,4.746094,4.260000,5,0.050000,0.600000,5.000000,raw-zero-distortion,590.9628888758,0.0000000000,1007.8592059077,0.0000000000,592.3761043005,547.7101609771,0.0000000000,0.0000000000,1.0000000000,-0.0359937509,0.0291287486,0.0062609452,0.0003552766,-0.0208418310,0.0000000000,0.0000000000,0.0000000000,0.0000000000,0.0000000000,1,0.000000,0.000000,73.019,751.167,1,1.005,73.217,751.745,65.528,791.487,8.568,780.275,79.444,716.579,135.229,723.072,-2.840050,0.618510,1.795729,3.416590,-0.002540,0.001612,1,4.260000,0.000000,1773.207,886.377,1,1.121,1772.441,886.554,1844.051,934.589,1760.662,935.478,1705.249,840.128,1784.243,843.183,1.889205,0.835252,1.460209,2.529615,4.262488,0.000351,0.0117362879,0.0118652537,-9.7804891284,0.0009176639,-0.0115763693,8.6355930197,0.0001483001,0.0042782832,1.0000000000,,,,,,,,,
5,34179951538513,1.1553,1785360949.214,2,,,,,,,,,,,,,,,,,,,0,acquiring:6/30,none,2,1920,1200,0.200000,101;102,1,1,,2-tag corner homography,0.010860,0.465854,101,102,4.725854,4.260000,6,0.050000,0.600000,5.000000,raw-zero-distortion,590.9628888758,0.0000000000,1007.8592059077,0.0000000000,592.3761043005,547.7101609771,0.0000000000,0.0000000000,1.0000000000,-0.0359937509,0.0291287486,0.0062609452,0.0003552766,-0.0208418310,0.0000000000,0.0000000000,0.0000000000,0.0000000000,0.0000000000,1,0.000000,0.000000,73.129,751.099,1,1.211,73.578,751.539,65.530,791.453,8.555,780.386,79.659,716.424,136.361,722.420,-2.816517,0.613003,1.781537,3.388572,-0.002880,0.001152,1,4.260000,0.000000,1773.371,886.473,1,1.222,1772.524,886.640,1844.075,934.610,1760.650,935.424,1705.306,840.131,1784.527,843.547,1.893270,0.837172,1.463194,2.535008,4.262637,0.000403,0.0116250360,0.0119558598,-9.8422674818,0.0009119069,-0.0114740401,8.5562929383,0.0001378726,0.0042519601,1.0000000000,,,,,,,,,
6,34180060871642,1.2646,1785360949.355,2,,,,,,,,,,,,,,,,,,,0,acquiring:7/30,none,2,1920,1200,0.200000,101;102,1,1,,2-tag corner homography,0.011170,0.492727,101,102,4.752727,4.260000,7,0.050000,0.600000,5.000000,raw-zero-distortion,590.9628888758,0.0000000000,1007.8592059077,0.0000000000,592.3761043005,547.7101609771,0.0000000000,0.0000000000,1.0000000000,-0.0359937509,0.0291287486,0.0062609452,0.0003552766,-0.0208418310,0.0000000000,0.0000000000,0.0000000000,0.0000000000,0.0000000000,1,0.000000,0.000000,73.257,750.961,1,0.774,73.126,751.704,65.652,791.445,8.519,780.236,79.770,716.287,134.531,723.253,-2.842447,0.618847,1.797069,3.419347,-0.002085,0.002139,1,4.260000,0.000000,1773.374,886.512,1,1.241,1772.507,886.662,1843.874,934.640,1760.622,935.425,1705.400,840.109,1784.559,843.608,1.893515,0.837352,1.463416,2.535379,4.262680,0.000349,0.0114065514,0.0114156308,-9.4168598374,0.0008933575,-0.0112568061,8.3967562049,0.0001464485,0.0041179987,1.0000000000,,,,,,,,,
7,34180221678559,1.4254,1785360949.515,2,,,,,,,,,,,,,,,,,,,0,acquiring:8/30,none,2,1920,1200,0.200000,101;102,1,1,,2-tag corner homography,0.042276,0.491775,101,102,4.751775,4.260000,8,0.050000,0.600000,5.000000,raw-zero-distortion,590.9628888758,0.0000000000,1007.8592059077,0.0000000000,592.3761043005,547.7101609771,0.0000000000,0.0000000000,1.0000000000,-0.0359937509,0.0291287486,0.0062609452,0.0003552766,-0.0208418310,0.0000000000,0.0000000000,0.0000000000,0.0000000000,0.0000000000,1,0.000000,0.000000,73.147,751.209,1,0.720,73.109,751.816,65.615,791.432,8.575,780.470,79.667,716.385,134.553,723.383,-2.842848,0.619265,1.797291,3.419872,-0.001129,0.002911,1,4.260000,0.000000,1773.357,886.414,1,1.307,1772.449,886.581,1843.760,934.501,1760.600,935.465,1705.339,839.957,1784.509,843.537,1.892130,0.836604,1.462457,2.533543,4.262321,-0.001778,0.0262833297,0.0180141751,-15.4648051479,0.0017504360,-0.0223450564,16.6831774651,0.0005520333,0.0102372030,1.0000000000,,,,,,,,,
8,34180364154768,1.5679,1785360949.628,2,,,,,,,,,,,,,,,,,,,0,acquiring:9/30,none,2,1920,1200,0.200000,101;102,1,1,,2-tag corner homography,0.010961,0.465535,101,102,4.725535,4.260000,9,0.050000,0.600000,5.000000,raw-zero-distortion,590.9628888758,0.0000000000,1007.8592059077,0.0000000000,592.3761043005,547.7101609771,0.0000000000,0.0000000000,1.0000000000,-0.0359937509,0.0291287486,0.0062609452,0.0003552766,-0.0208418310,0.0000000000,0.0000000000,0.0000000000,0.0000000000,0.0000000000,1,0.000000,0.000000,73.244,751.073,1,1.145,73.640,751.527,65.660,791.497,8.596,780.323,79.772,716.279,136.341,722.526,-2.816754,0.613059,1.781806,3.388919,-0.002776,0.001118,1,4.260000,0.000000,1773.307,886.231,1,1.170,1772.538,886.506,1844.204,934.373,1760.703,935.422,1705.384,840.110,1784.316,843.265,1.892695,0.836569,1.462723,2.534107,4.262582,0.000679,0.0116667583,0.0121888477,-10.0209766560,0.0009156127,-0.0115265542,8.5949531452,0.0001357503,0.0042834220,1.0000000000,,,,,,,,,
9,34180474574856,1.6783,1785360949.749,2,,,,,,,,,,,,,,,,,,,0,acquiring:10/30,none,2,1920,1200,0.200000,101;102,1,1,,2-tag corner homography,0.010850,0.493674,101,102,4.753674,4.260000,10,0.050000,0.600000,5.000000,raw-zero-distortion,590.9628888758,0.0000000000,1007.8592059077,0.0000000000,592.3761043005,547.7101609771,0.0000000000,0.0000000000,1.0000000000,-0.0359937509,0.0291287486,0.0062609452,0.0003552766,-0.0208418310,0.0000000000,0.0000000000,0.0000000000,0.0000000000,0.0000000000,1,0.000000,0.000000,73.026,751.108,1,0.995,73.211,751.692,65.418,791.482,8.463,779.999,79.554,716.465,135.292,723.245,-2.844654,0.619348,1.798629,3.422092,-0.002494,0.001651,1,4.260000,0.000000,1773.315,886.370,1,1.242,1772.461,886.554,1843.904,934.440,1760.649,935.474,1705.313,840.061,1784.405,843.379,1.892141,0.836529,1.462441,2.533518,4.262681,0.000409,0.0114892871,0.0115973482,-9.5602073785,0.0009008664,-0.0113598319,8.4735115287,0.0001421052,0.0041702744,1.0000000000,,,,,,,,,
10,34180592122440,1.7959,1785360949.852,2,,,,,,,,,,,,,,,,,,,0,acquiring:11/30,none,2,1920,1200,0.200000,101;102,1,1,,2-tag corner homography,0.010978,0.487323,101,102,4.747323,4.260000,11,0.050000,0.600000,5.000000,raw-zero-distortion,590.9628888758,0.0000000000,1007.8592059077,0.0000000000,592.3761043005,547.7101609771,0.0000000000,0.0000000000,1.0000000000,-0.0359937509,0.0291287486,0.0062609452,0.0003552766,-0.0208418310,0.0000000000,0.0000000000,0.0000000000,0.0000000000,0.0000000000,1,0.000000,0.000000,73.209,751.030,1,0.978,73.333,751.669,65.657,791.499,8.605,780.182,79.666,716.424,135.305,723.010,-2.836952,0.617682,1.793992,3.412951,-0.002464,0.001874,1,4.260000,0.000000,1773.488,886.577,1,1.315,1772.550,886.675,1844.090,934.552,1760.840,935.528,1705.168,840.153,1784.585,843.629,1.893753,0.837443,1.463517,2.535644,4.262754,0.000183,0.0114838306,0.0113507689,-9.3756645046,0.0008987075,-0.0113236964,8.4463869979,0.0001435086,0.0041559540,1.0000000000,,,,,,,,,
11,34180693276999,1.8970,1785360949.953,2,,,,,,,,,,,,,,,,,,,0,acquiring:12/30,none,2,1920,1200,0.200000,101;102,1,1,,2-tag corner homography,0.011212,0.487710,101,102,4.747710,4.260000,12,0.050000,0.600000,5.000000,raw-zero-distortion,590.9628888758,0.0000000000,1007.8592059077,0.0000000000,592.3761043005,547.7101609771,0.0000000000,0.0000000000,1.0000000000,-0.0359937509,0.0291287486,0.0062609452,0.0003552766,-0.0208418310,0.0000000000,0.0000000000,0.0000000000,0.0000000000,0.0000000000,1,0.000000,0.000000,73.138,751.118,1,0.845,73.182,751.737,65.506,791.514,8.552,780.280,79.707,716.346,134.900,723.231,-2.839055,0.618246,1.795033,3.415349,-0.002227,0.001770,1,4.260000,0.000000,1773.476,886.472,1,1.428,1772.470,886.597,1843.712,934.349,1761.003,935.661,1705.237,839.955,1784.353,843.580,1.891946,0.836539,1.462273,2.533279,4.262970,0.000321,0.0113728644,0.0113857143,-9.3929292577,0.0008899650,-0.0112218631,8.3711067609,0.0001425891,0.0041092074,1.0000000000,,,,,,,,,
12,34180794343290,1.9981,1785360950.054,2,,,,,,,,,,,,,,,,,,,0,acquiring:13/30,none,2,1920,1200,0.200000,101;102,1,1,,2-tag corner homography,0.011091,0.491532,101,102,4.751532,4.260000,13,0.050000,0.600000,5.000000,raw-zero-distortion,590.9628888758,0.0000000000,1007.8592059077,0.0000000000,592.3761043005,547.7101609771,0.0000000000,0.0000000000,1.0000000000,-0.0359937509,0.0291287486,0.0062609452,0.0003552766,-0.0208418310,0.0000000000,0.0000000000,0.0000000000,0.0000000000,0.0000000000,1,0.000000,0.000000,73.190,751.144,1,0.796,73.194,751.769,65.701,791.482,8.676,780.329,79.647,716.363,134.724,723.306,-2.842626,0.619131,1.797314,3.419676,-0.002130,0.001789,1,4.260000,0.000000,1773.338,886.463,1,1.265,1772.452,886.601,1843.863,934.523,1760.711,935.485,1705.258,840.069,1784.410,843.475,1.892097,0.836634,1.462424,2.533510,4.262707,0.000331,0.0113901152,0.0113873854,-9.3959314281,0.0008909112,-0.0112355933,8.3816687570,0.0001466237,0.0041087906,1.0000000000,,,,,,,,,
13,34180896712829,2.1004,1785360950.173,2,,,,,,,,,,,,,,,,,,,0,acquiring:14/30,none,2,1920,1200,0.200000,101;102,1,1,,2-tag corner homography,0.011174,0.496243,101,102,4.756243,4.260000,14,0.050000,0.600000,5.000000,raw-zero-distortion,590.9628888758,0.0000000000,1007.8592059077,0.0000000000,592.3761043005,547.7101609771,0.0000000000,0.0000000000,1.0000000000,-0.0359937509,0.0291287486,0.0062609452,0.0003552766,-0.0208418310,0.0000000000,0.0000000000,0.0000000000,0.0000000000,0.0000000000,1,0.000000,0.000000,72.968,751.167,1,0.913,73.093,751.751,65.333,791.408,8.654,780.257,79.538,716.545,134.787,723.207,-2.845180,0.619563,1.798734,3.422623,-0.002366,0.001656,1,4.260000,0.000000,1773.414,886.374,1,1.296,1772.511,886.538,1844.004,934.373,1760.716,935.396,1705.263,840.034,1784.522,843.493,1.894266,0.837374,1.463988,2.536277,4.262768,0.000383,0.0116033295,0.0116753479,-9.6266797073,0.0009080540,-0.0114571766,8.5469037183,0.0001529437,0.0042029843,1.0000000000,,,,,,,,,
14,34181014719093,2.2185,1785360950.274,2,,,,,,,,,,,,,,,,,,,0,acquiring:15/30,none,2,1920,1200,0.200000,101;102,1,1,,2-tag corner homography,0.011106,0.492199,101,102,4.752199,4.260000,15,0.050000,0.600000,5.000000,raw-zero-distortion,590.9628888758,0.0000000000,1007.8592059077,0.0000000000,592.3761043005,547.7101609771,0.0000000000,0.0000000000,1.0000000000,-0.0359937509,0.0291287486,0.0062609452,0.0003552766,-0.0208418310,0.0000000000,0.0000000000,0.0000000000,0.0000000000,0.0000000000,1,0.000000,0.000000,73.006,751.203,1,0.878,73.131,751.756,65.281,791.455,8.625,780.286,79.675,716.453,134.876,723.255,-2.841826,0.618876,1.796687,3.418635,-0.002288,0.001565,1,4.260000,0.000000,1773.362,886.319,1,1.259,1772.505,886.538,1843.997,934.396,1760.563,935.410,1705.358,840.033,1784.541,843.443,1.893654,0.837110,1.463527,2.535467,4.262733,0.000490,0.0116270599,0.0117353955,-9.6740737945,0.0009094261,-0.0114748862,8.5601188661,0.0001523076,0.0042169246,1.0000000000,,,,,,,,,
15,34181115351084,2.3191,1785360950.377,2,,,,,,,,,,,,,,,,,,,0,acquiring:16/30,none,2,1920,1200,0.200000,101;102,1,1,,2-tag corner homography,0.010996,0.484941,101,102,4.744941,4.260000,16,0.050000,0.600000,5.000000,raw-zero-distortion,590.9628888758,0.0000000000,1007.8592059077,0.0000000000,592.3761043005,547.7101609771,0.0000000000,0.0000000000,1.0000000000,-0.0359937509,0.0291287486,0.0062609452,0.0003552766,-0.0208418310,0.0000000000,0.0000000000,0.0000000000,0.0000000000,0.0000000000,1,0.000000,0.000000,72.979,751.403,1,0.863,73.241,751.788,65.349,791.425,8.555,780.481,79.650,716.419,135.303,723.274,-2.836177,0.617813,1.793326,3.411980,-0.002187,0.001088,1,4.260000,0.000000,1773.390,886.548,1,1.246,1772.515,886.685,1843.916,934.698,1760.636,935.489,1705.358,840.101,1784.583,843.595,1.892138,0.836790,1.462335,2.533541,4.262678,0.000300,0.0115488275,0.0116485546,-9.6046837542,0.0009039658,-0.0113962565,8.5017364873,0.0001458306,0.0041909335,1.0000000000,,,,,,,,,
16,34181216412743,2.4201,1785360950.475,2,,,,,,,,,,,,,,,,,,,0,acquiring:17/30,none,2,1920,1200,0.200000,101;102,1,1,,2-tag corner homography,0.010937,0.492465,101,102,4.752465,4.260000,17,0.050000,0.600000,5.000000,raw-zero-distortion,590.9628888758,0.0000000000,1007.8592059077,0.0000000000,592.3761043005,547.7101609771,0.0000000000,0.0000000000,1.0000000000,-0.0359937509,0.0291287486,0.0062609452,0.0003552766,-0.0208418310,0.0000000000,0.0000000000,0.0000000000,0.0000000000,0.0000000000,1,0.000000,0.000000,72.932,751.333,1,0.959,73.214,751.775,65.436,791.448,8.582,780.264,79.437,716.519,135.298,723.294,-2.843161,0.619279,1.797691,3.420346,-0.002379,0.001246,1,4.260000,0.000000,1773.232,886.403,1,1.306,1772.298,886.485,1843.533,934.275,1760.642,935.452,1705.128,840.027,1784.293,843.306,1.892518,0.836704,1.463045,2.534206,4.262736,0.000185,0.0114405109,0.0115188775,-9.4987020281,0.0008955922,-0.0113052995,8.4338715833,0.0001431102,0.0041428754,1.0000000000,,,,,,,,,
17,34181317526177,2.5213,1785360950.579,2,,,,,,,,,,,,,,,,,,,0,acquiring:18/30,none,2,1920,1200,0.200000,101;102,1,1,,2-tag corner homography,0.010981,0.499472,101,102,4.759472,4.260000,18,0.050000,0.600000,5.000000,raw-zero-distortion,590.9628888758,0.0000000000,1007.8592059077,0.0000000000,592.3761043005,547.7101609771,0.0000000000,0.0000000000,1.0000000000,-0.0359937509,0.0291287486,0.0062609452,0.0003552766,-0.0208418310,0.0000000000,0.0000000000,0.0000000000,0.0000000000,0.0000000000,1,0.000000,0.000000,73.029,751.224,1,0.821,73.114,751.781,65.423,791.456,8.504,780.200,79.611,716.409,134.850,723.461,-2.846866,0.620036,1.799841,3.424692,-0.002154,0.001592,1,4.260000,0.000000,1773.371,886.084,1,1.374,1772.457,886.372,1843.879,933.855,1760.800,935.490,1705.318,839.975,1784.263,843.279,1.895842,0.837718,1.465310,2.538331,4.262936,0.000664,0.0114825325,0.0115516996,-9.5253760543,0.0008987633,-0.0113562496,8.4720296736,0.0001459545,0.0041582067,1.0000000000,,,,,,,,,
18,34181420841695,2.6246,1785360950.683,2,,,,,,,,,,,,,,,,,,,0,acquiring:19/30,none,2,1920,1200,0.200000,101;102,1,1,,2-tag corner homography,0.012644,0.493738,101,102,4.753738,4.260000,19,0.050000,0.600000,5.000000,raw-zero-distortion,590.9628888758,0.0000000000,1007.8592059077,0.0000000000,592.3761043005,547.7101609771,0.0000000000,0.0000000000,1.0000000000,-0.0359937509,0.0291287486,0.0062609452,0.0003552766,-0.0208418310,0.0000000000,0.0000000000,0.0000000000,0.0000000000,0.0000000000,1,0.000000,0.000000,72.954,751.287,1,0.782,73.052,751.794,65.193,791.488,8.494,780.311,79.701,716.337,134.758,723.459,-2.842439,0.619072,1.796923,3.419304,-0.002133,0.001209,1,4.260000,0.000000,1773.348,886.433,1,1.253,1772.480,886.601,1843.688,934.444,1760.645,935.439,1705.500,840.122,1784.476,843.502,1.894605,0.837713,1.464309,2.536827,4.262706,0.000038,0.0151178632,0.0160821788,-13.1968896651,0.0011856891,-0.0149653330,11.1633701460,0.0001610791,0.0059248814,1.0000000000,,,,,,,,,
19,34181523683486,2.7274,1785360950.792,2,,,,,,,,,,,,,,,,,,,0,acquiring:20/30,none,2,1920,1200,0.200000,101;102,1,1,,2-tag corner homography,0.012355,0.489581,101,102,4.749581,4.260000,20,0.050000,0.600000,5.000000,raw-zero-distortion,590.9628888758,0.0000000000,1007.8592059077,0.0000000000,592.3761043005,547.7101609771,0.0000000000,0.0000000000,1.0000000000,-0.0359937509,0.0291287486,0.0062609452,0.0003552766,-0.0208418310,0.0000000000,0.0000000000,0.0000000000,0.0000000000,0.0000000000,1,0.000000,0.000000,73.012,751.167,1,1.051,73.300,751.675,65.425,791.453,8.515,780.271,79.540,716.503,135.580,722.934,-2.833830,0.616998,1.791956,3.409162,-0.002671,0.001160,1,4.260000,0.000000,1773.660,886.717,1,1.460,1772.597,886.774,1843.901,934.507,1760.686,935.480,1705.263,840.181,1785.014,844.042,1.899420,0.840142,1.467806,2.543244,4.262940,0.000422,0.0114852859,0.0123683328,-10.1403716083,0.0009066519,-0.0113952948,8.4984047656,0.0001418933,0.0041962820,1.0000000000,,,,,,,,,
20,34181631782379,2.8355,1785360950.894,2,,,,,,,,,,,,,,,,,,,0,acquiring:21/30,none,2,1920,1200,0.200000,101;102,1,1,,2-tag corner homography,0.011985,0.489898,101,102,4.749898,4.260000,21,0.050000,0.600000,5.000000,raw-zero-distortion,590.9628888758,0.0000000000,1007.8592059077,0.0000000000,592.3761043005,547.7101609771,0.0000000000,0.0000000000,1.0000000000,-0.0359937509,0.0291287486,0.0062609452,0.0003552766,-0.0208418310,0.0000000000,0.0000000000,0.0000000000,0.0000000000,0.0000000000,1,0.000000,0.000000,72.994,751.118,1,0.912,73.128,751.690,65.354,791.471,8.506,780.278,79.572,716.367,134.999,723.080,-2.836746,0.617565,1.793469,3.412484,-0.002432,0.001418,1,4.260000,0.000000,1773.342,886.566,1,1.235,1772.442,886.594,1843.629,934.328,1760.797,935.421,1705.314,840.339,1784.432,843.376,1.896689,0.838657,1.465992,2.539667,4.262583,0.000257,0.0114068116,0.0120714499,-9.9097370809,0.0008973911,-0.0112992354,8.4274000032,0.0001432669,0.0041478659,1.0000000000,,,,,,,,,
21,34181732945359,2.9367,1785360950.999,2,,,,,,,,,,,,,,,,,,,0,acquiring:22/30,none,2,1920,1200,0.200000,101;102,1,1,,2-tag corner homography,0.010711,0.467018,101,102,4.727018,4.260000,22,0.050000,0.600000,5.000000,raw-zero-distortion,590.9628888758,0.0000000000,1007.8592059077,0.0000000000,592.3761043005,547.7101609771,0.0000000000,0.0000000000,1.0000000000,-0.0359937509,0.0291287486,0.0062609452,0.0003552766,-0.0208418310,0.0000000000,0.0000000000,0.0000000000,0.0000000000,0.0000000000,1,0.000000,0.000000,73.152,751.176,1,1.191,73.624,751.572,65.639,791.427,8.513,780.544,79.632,716.457,136.490,722.399,-2.813844,0.612552,1.779934,3.385425,-0.002806,0.001085,1,4.260000,0.000000,1773.550,886.658,1,1.321,1772.593,886.720,1843.907,934.513,1760.664,935.483,1705.356,840.274,1784.885,843.710,1.897307,0.839078,1.466180,2.540376,4.262733,0.000125,0.0115673284,0.0117640535,-9.6947810163,0.0009072918,-0.0114160923,8.5136594973,0.0001366179,0.0042215106,1.0000000000,,,,,,,,,
22,34181836973887,3.0407,1785360951.091,2,,,,,,,,,,,,,,,,,,,0,acquiring:23/30,none,2,1920,1200,0.200000,101;102,1,1,,2-tag corner homography,0.010805,0.487005,101,102,4.747005,4.260000,23,0.050000,0.600000,5.000000,raw-zero-distortion,590.9628888758,0.0000000000,1007.8592059077,0.0000000000,592.3761043005,547.7101609771,0.0000000000,0.0000000000,1.0000000000,-0.0359937509,0.0291287486,0.0062609452,0.0003552766,-0.0208418310,0.0000000000,0.0000000000,0.0000000000,0.0000000000,0.0000000000,1,0.000000,0.000000,72.918,751.302,1,1.006,73.258,751.711,65.336,791.485,8.637,780.312,79.501,716.411,135.447,723.083,-2.834789,0.617288,1.792481,3.410287,-0.002458,0.001121,1,4.260000,0.000000,1773.474,886.486,1,1.298,1772.569,886.655,1844.202,934.479,1760.731,935.459,1705.225,840.176,1784.618,843.660,1.895751,0.838256,1.465024,2.538275,4.262754,0.000404,0.0115671066,0.0116797130,-9.6286912646,0.0009068525,-0.0114274635,8.5240232025,0.0001448088,0.0042027561,1.0000000000,,,,,,,,,
23,34181931063820,3.1348,1785360951.186,2,,,,,,,,,,,,,,,,,,,0,acquiring:24/30,none,2,1920,1200,0.200000,101;102,1,1,,2-tag corner homography,0.043582,0.488047,101,102,4.748047,4.260000,24,0.050000,0.600000,5.000000,raw-zero-distortion,590.9628888758,0.0000000000,1007.8592059077,0.0000000000,592.3761043005,547.7101609771,0.0000000000,0.0000000000,1.0000000000,-0.0359937509,0.0291287486,0.0062609452,0.0003552766,-0.0208418310,0.0000000000,0.0000000000,0.0000000000,0.0000000000,0.0000000000,1,0.000000,0.000000,72.938,751.267,1,1.008,73.233,751.733,65.449,791.390,8.435,780.321,79.412,716.583,135.494,723.089,-2.838868,0.618229,1.795012,3.415179,-0.001660,0.002790,1,4.260000,0.000000,1773.260,886.374,1,1.185,1772.448,886.554,1843.822,934.409,1760.765,935.485,1705.388,840.171,1784.224,843.278,1.892498,0.836699,1.462741,2.534014,4.262218,-0.001698,0.0171553596,0.0107250122,-9.3182977949,0.0011444744,-0.0146137368,10.9115955589,0.0002885145,0.0063966858,1.0000000000,,,,,,,,,
24,34182024796204,3.2285,1785360951.278,2,,,,,,,,,,,,,,,,,,,0,acquiring:25/30,none,2,1920,1200,0.200000,101;102,1,1,,2-tag corner homography,0.010898,0.495727,101,102,4.755727,4.260000,25,0.050000,0.600000,5.000000,raw-zero-distortion,590.9628888758,0.0000000000,1007.8592059077,0.0000000000,592.3761043005,547.7101609771,0.0000000000,0.0000000000,1.0000000000,-0.0359937509,0.0291287486,0.0062609452,0.0003552766,-0.0208418310,0.0000000000,0.0000000000,0.0000000000,0.0000000000,0.0000000000,1,0.000000,0.000000,73.147,751.158,1,0.954,73.297,751.751,65.645,791.530,8.628,780.082,79.592,716.480,135.237,723.324,-2.845641,0.619802,1.799419,3.423410,-0.002416,0.001686,1,4.260000,0.000000,1773.368,886.475,1,1.313,1772.451,886.630,1843.786,934.473,1760.678,935.537,1705.298,840.078,1784.468,843.563,1.893208,0.837197,1.463284,2.535021,4.262784,0.000355,0.0114007446,0.0114425515,-9.4390296098,0.0008940645,-0.0112720652,8.4086402415,0.0001407083,0.0041271158,1.0000000000,,,,,,,,,
25,34182118197873,3.3219,1785360951.381,2,,,,,,,,,,,,,,,,,,,0,acquiring:26/30,none,2,1920,1200,0.200000,101;102,1,1,,2-tag corner homography,0.011015,0.483510,101,102,4.743510,4.260000,26,0.050000,0.600000,5.000000,raw-zero-distortion,590.9628888758,0.0000000000,1007.8592059077,0.0000000000,592.3761043005,547.7101609771,0.0000000000,0.0000000000,1.0000000000,-0.0359937509,0.0291287486,0.0062609452,0.0003552766,-0.0208418310,0.0000000000,0.0000000000,0.0000000000,0.0000000000,0.0000000000,1,0.000000,0.000000,73.200,751.181,1,0.865,73.305,751.752,65.727,791.521,8.604,780.373,79.649,716.368,135.167,723.177,-2.836325,0.617779,1.793543,3.412211,-0.002258,0.001616,1,4.260000,0.000000,1773.375,886.480,1,1.266,1772.482,886.597,1843.834,934.613,1760.755,935.474,1705.309,839.983,1784.452,843.476,1.890495,0.835884,1.461129,2.531318,4.262702,0.000290,0.0113315139,0.0113772445,-9.3850592446,0.0008863731,-0.0111764994,8.3372894574,0.0001411240,0.0040928729,1.0000000000,,,,,,,,,
26,34182219689938,3.4234,1785360951.474,2,,,,,,,,,,,,,,,,,,,0,acquiring:27/30,none,2,1920,1200,0.200000,101;102,1,1,,2-tag corner homography,0.033239,0.497818,101,102,4.757818,4.260000,27,0.050000,0.600000,5.000000,raw-zero-distortion,590.9628888758,0.0000000000,1007.8592059077,0.0000000000,592.3761043005,547.7101609771,0.0000000000,0.0000000000,1.0000000000,-0.0359937509,0.0291287486,0.0062609452,0.0003552766,-0.0208418310,0.0000000000,0.0000000000,0.0000000000,0.0000000000,0.0000000000,1,0.000000,0.000000,73.057,751.240,1,0.854,73.134,751.835,65.619,791.547,8.623,780.255,79.470,716.484,134.783,723.446,-2.847608,0.620376,1.800348,3.425637,-0.001461,0.002949,1,4.260000,0.000000,1773.365,886.449,1,1.284,1772.474,886.608,1843.871,934.455,1760.875,935.505,1705.297,840.102,1784.295,843.523,1.893304,0.837161,1.463315,2.535099,4.262632,-0.001038,0.0120891575,0.0080559968,-6.9413721303,0.0008640327,-0.0109968558,8.2106377811,0.0001552305,0.0042879037,1.0000000000,,,,,,,,,
27,34182313102040,3.5168,1785360951.568,2,,,,,,,,,,,,,,,,,,,0,acquiring:28/30,none,2,1920,1200,0.200000,101;102,1,1,,2-tag corner homography,0.010954,0.501290,101,102,4.761290,4.260000,28,0.050000,0.600000,5.000000,raw-zero-distortion,590.9628888758,0.0000000000,1007.8592059077,0.0000000000,592.3761043005,547.7101609771,0.0000000000,0.0000000000,1.0000000000,-0.0359937509,0.0291287486,0.0062609452,0.0003552766,-0.0208418310,0.0000000000,0.0000000000,0.0000000000,0.0000000000,0.0000000000,1,0.000000,0.000000,72.895,751.307,1,0.902,73.042,751.862,65.513,791.460,8.504,780.403,79.262,716.668,134.822,723.324,-2.847145,0.620296,1.799878,3.424991,-0.002330,0.001568,1,4.260000,0.000000,1773.430,886.400,1,1.363,1772.484,886.595,1843.890,934.217,1760.583,935.505,1705.285,840.155,1784.626,843.603,1.897423,0.838939,1.466479,2.540590,4.262873,0.000459,0.0115310709,0.0116270883,-9.5857323565,0.0009034951,-0.0114043357,8.5088037508,0.0001493112,0.0041757160,1.0000000000,,,,,,,,,
28,34182406041311,3.6098,1785360951.660,2,,,,,,,,,,,,,,,,,,,0,acquiring:29/30,none,2,1920,1200,0.200000,101;102,1,1,,2-tag corner homography,0.010941,0.465088,101,102,4.725088,4.260000,29,0.050000,0.600000,5.000000,raw-zero-distortion,590.9628888758,0.0000000000,1007.8592059077,0.0000000000,592.3761043005,547.7101609771,0.0000000000,0.0000000000,1.0000000000,-0.0359937509,0.0291287486,0.0062609452,0.0003552766,-0.0208418310,0.0000000000,0.0000000000,0.0000000000,0.0000000000,0.0000000000,1,0.000000,0.000000,72.974,751.300,1,1.215,73.520,751.620,65.341,791.448,8.573,780.434,79.592,716.495,136.362,722.624,-2.820211,0.614014,1.783763,3.392995,-0.002801,0.000866,1,4.260000,0.000000,1773.149,886.348,1,1.086,1772.407,886.517,1843.766,934.584,1760.628,935.436,1705.428,840.091,1784.183,843.089,1.888579,0.834919,1.459790,2.528796,4.262438,0.000314,0.0115761978,0.0117744018,-9.7025841122,0.0009048546,-0.0114067857,8.5075073554,0.0001385468,0.0042219094,1.0000000000,,,,,,,,,
29,34182499261689,3.7030,1785360951.756,2,3.5275,0.8876,3.4718,0.7052,3.4996,0.7964,163.03,,,,,,,,1.0000,0.0018,0.4995,0.1907,0,frozen,2-tag corner homography,2,1920,1200,0.200000,101;102,1,1,,2-tag corner homography,0.011191,0.499453,101,102,4.759453,4.260000,30,0.050000,0.600000,5.000000,raw-zero-distortion,590.9628888758,0.0000000000,1007.8592059077,0.0000000000,592.3761043005,547.7101609771,0.0000000000,0.0000000000,1.0000000000,-0.0359937509,0.0291287486,0.0062609452,0.0003552766,-0.0208418310,0.0000000000,0.0000000000,0.0000000000,0.0000000000,0.0000000000,1,0.000000,0.000000,72.812,751.349,1,0.920,72.991,751.878,65.321,791.442,8.577,780.382,79.281,716.728,134.727,723.364,-2.849579,0.620842,1.801319,3.427871,-0.002192,0.000754,1,4.260000,0.000000,1773.490,886.577,1,1.239,1772.612,886.684,1844.111,934.662,1760.831,935.494,1705.342,840.175,1784.623,843.560,1.892891,0.837015,1.462732,2.534406,4.258892,-0.000223,0.0111375224,0.0110713440,-9.1387474894,0.0008710507,-0.0109899530,8.2000617022,0.0001512530,0.0039752361,1.0000000000,0.0115197585,0.0116081516,-9.5696514413,0.0009021838,-0.0113775633,8.4859581472,0.0001453197,0.0041833248,1.0000000000
30,34182594742506,3.7985,1785360951.853,2,3.5275,0.8875,3.4715,0.7047,3.4995,0.7961,162.97,,,,,,,,1.0000,0.0020,0.4995,0.1912,0,frozen,2-tag corner homography,2,1920,1200,0.200000,101;102,1,1,,2-tag corner homography,0.010883,0.490848,101,102,4.750848,4.260000,30,0.050000,0.600000,5.000000,raw-zero-distortion,590.9628888758,0.0000000000,1007.8592059077,0.0000000000,592.3761043005,547.7101609771,0.0000000000,0.0000000000,1.0000000000,-0.0359937509,0.0291287486,0.0062609452,0.0003552766,-0.0208418310,0.0000000000,0.0000000000,0.0000000000,0.0000000000,0.0000000000,1,0.000000,0.000000,73.122,751.173,1,0.824,73.180,751.763,65.598,791.451,8.461,780.342,79.616,716.408,134.967,723.275,-2.840753,0.618695,1.796102,3.417403,-0.001824,0.001301,1,4.260000,0.000000,1773.170,886.440,1,1.104,1772.405,886.591,1843.890,934.503,1760.553,935.414,1705.302,840.316,1784.296,843.249,1.893398,0.837237,1.463520,2.535313,4.258358,0.000032,0.0114277365,0.0114777977,-9.4663777046,0.0008944902,-0.0112820355,8.4163287679,0.0001455712,0.0041310224,1.0000000000,0.0115197585,0.0116081516,-9.5696514413,0.0009021838,-0.0113775633,8.4859581472,0.0001453197,0.0041833248,1.0000000000
31,34182691418882,3.8952,1785360951.951,2,3.5278,0.8884,3.4709,0.7051,3.4994,0.7967,162.77,-0.0015,0.0018,0.0019,-0.0013,0.0013,-1.33,-0.023215,1.0000,0.0017,0.4995,0.1920,0,frozen,2-tag corner homography,2,1920,1200,0.200000,101;102,1,1,,2-tag corner homography,0.010987,0.490143,101,102,4.750143,4.260000,30,0.050000,0.600000,5.000000,raw-zero-distortion,590.9628888758,0.0000000000,1007.8592059077,0.0000000000,592.3761043005,547.7101609771,0.0000000000,0.0000000000,1.0000000000,-0.0359937509,0.0291287486,0.0062609452,0.0003552766,-0.0208418310,0.0000000000,0.0000000000,0.0000000000,0.0000000000,0.0000000000,1,0.000000,0.000000,73.132,751.188,1,0.741,73.162,751.740,65.515,791.410,8.561,780.342,79.745,716.267,134.777,723.354,-2.840941,0.618653,1.796187,3.417596,-0.001755,0.001265,1,4.260000,0.000000,1773.452,886.465,1,1.347,1772.492,886.572,1843.927,934.466,1760.669,935.464,1705.178,839.964,1784.649,843.541,1.892458,0.836678,1.462627,2.533911,4.258946,0.000025,0.0114666027,0.0114892234,-9.4773823513,0.0008966859,-0.0113093435,8.4364128065,0.0001490412,0.0041423652,1.0000000000,0.0115197585,0.0116081516,-9.5696514413,0.0009021838,-0.0113775633,8.4859581472,0.0001453197,0.0041833248,1.0000000000
32,34182789637660,3.9934,1785360952.043,2,3.5283,0.8875,3.4718,0.7051,3.5000,0.7963,162.80,0.0001,0.0010,0.0002,-0.0010,0.0010,-1.07,-0.018589,1.0000,0.0018,0.4995,0.1909,0,frozen,2-tag corner homography,2,1920,1200,0.200000,101;102,1,1,,2-tag corner homography,0.011243,0.495775,101,102,4.755775,4.260000,30,0.050000,0.600000,5.000000,raw-zero-distortion,590.9628888758,0.0000000000,1007.8592059077,0.0000000000,592.3761043005,547.7101609771,0.0000000000,0.0000000000,1.0000000000,-0.0359937509,0.0291287486,0.0062609452,0.0003552766,-0.0208418310,0.0000000000,0.0000000000,0.0000000000,0.0000000000,0.0000000000,1,0.000000,0.000000,72.928,751.313,1,0.852,73.092,751.803,65.265,791.401,8.588,780.271,79.580,716.513,134.861,723.438,-2.847568,0.620243,1.800241,3.425523,-0.001971,0.000876,1,4.260000,0.000000,1773.317,886.408,1,1.244,1772.461,886.587,1843.794,934.620,1760.645,935.405,1705.407,839.953,1784.409,843.520,1.891227,0.836204,1.461735,2.532320,4.258722,0.000131,0.0115581822,0.0116454545,-9.6014875864,0.0009048596,-0.0114173342,8.5178024695,0.0001484174,0.0041902449,1.0000000000,0.0115197585,0.0116081516,-9.5696514413,0.0009021838,-0.0113775633,8.4859581472,0.0001453197,0.0041833248,1.0000000000
33,34182882319856,4.0861,1785360952.137,2,3.5286,0.8877,3.4723,0.7047,3.5005,0.7962,162.88,0.0021,0.0004,-0.0019,-0.0010,0.0010,-0.58,-0.010185,1.0000,0.0017,0.4995,0.1914,0,frozen,2-tag corner homography,2,1920,1200,0.200000,101;102,1,1,,2-tag corner homography,0.011003,0.486760,101,102,4.746760,4.260000,30,0.050000,0.600000,5.000000,raw-zero-distortion,590.9628888758,0.0000000000,1007.8592059077,0.0000000000,592.3761043005,547.7101609771,0.0000000000,0.0000000000,1.0000000000,-0.0359937509,0.0291287486,0.0062609452,0.0003552766,-0.0208418310,0.0000000000,0.0000000000,0.0000000000,0.0000000000,0.0000000000,1,0.000000,0.000000,72.927,751.392,1,0.878,73.190,751.785,65.249,791.423,8.569,780.453,79.630,716.442,135.208,723.268,-2.837345,0.618027,1.793966,3.413326,-0.001753,0.000661,1,4.260000,0.000000,1773.264,886.506,1,1.312,1772.329,886.607,1843.754,934.524,1760.520,935.438,1705.052,840.039,1784.445,843.575,1.892807,0.837098,1.463208,2.534646,4.258484,-0.000102,0.0116093369,0.0117110499,-9.6554887485,0.0009083643,-0.0114569413,8.5470475982,0.0001486723,0.0042144583,1.0000000000,0.0115197585,0.0116081516,-9.5696514413,0.0009021838,-0.0113775633,8.4859581472,0.0001453197,0.0041833248,1.0000000000
34,34182975228410,4.1790,1785360952.230,2,3.5292,0.8877,3.4725,0.7046,3.5009,0.7962,162.80,0.0039,-0.0010,-0.0041,-0.0002,0.0002,-0.14,-0.002431,1.0000,0.0016,0.4995,0.1917,0,frozen,2-tag corner homography,2,1920,1200,0.200000,101;102,1,1,,2-tag corner homography,0.011139,0.483379,101,102,4.743379,4.260000,30,0.050000,0.600000,5.000000,raw-zero-distortion,590.9628888758,0.0000000000,1007.8592059077,0.0000000000,592.3761043005,547.7101609771,0.0000000000,0.0000000000,1.0000000000,-0.0359937509,0.0291287486,0.0062609452,0.0003552766,-0.0208418310,0.0000000000,0.0000000000,0.0000000000,0.0000000000,0.0000000000,1,0.000000,0.000000,72.995,751.349,1,0.856,73.234,751.756,65.389,791.414,8.643,780.458,79.635,716.372,135.181,723.219,-2.836203,0.617717,1.793328,3.411986,-0.001684,0.000792,1,4.260000,0.000000,1773.377,886.504,1,1.250,1772.481,886.568,1843.723,934.551,1760.823,935.476,1705.336,840.031,1784.439,843.352,1.890501,0.835815,1.461135,2.531303,4.258735,-0.000077,0.0114778178,0.0115471699,-9.5228358747,0.0008971120,-0.0113167535,8.4421038641,0.0001456380,0.0041559390,1.0000000000,0.0115197585,0.0116081516,-9.5696514413,0.0009021838,-0.0113775633,8.4859581472,0.0001453197,0.0041833248,1.0000000000
35,34183068980783,4.2727,1785360952.324,2,3.5295,0.8884,3.4728,0.7049,3.5011,0.7966,162.84,0.0039,0.0001,-0.0037,-0.0012,0.0012,-0.05,-0.000830,1.0000,0.0019,0.4995,0.1921,0,frozen,2-tag corner homography,2,1920,1200,0.200000,101;102,1,1,,2-tag corner homography,0.011204,0.482862,101,102,4.742862,4.260000,30,0.050000,0.600000,5.000000,raw-zero-distortion,590.9628888758,0.0000000000,1007.8592059077,0.0000000000,592.3761043005,547.7101609771,0.0000000000,0.0000000000,1.0000000000,-0.0359937509,0.0291287486,0.0062609452,0.0003552766,-0.0208418310,0.0000000000,0.0000000000,0.0000000000,0.0000000000,0.0000000000,1,0.000000,0.000000,73.267,751.043,1,0.807,73.261,751.685,65.653,791.450,8.649,780.387,79.819,716.270,134.874,723.067,-2.834304,0.617107,1.792180,3.409694,-0.001785,0.001690,1,4.260000,0.000000,1773.377,886.383,1,1.199,1772.564,886.594,1844.037,934.608,1760.693,935.407,1705.476,840.041,1784.479,843.469,1.891973,0.836440,1.462115,2.533174,4.258884,0.000200,0.0114773882,0.0115980637,-9.5605867466,0.0008978710,-0.0113155795,8.4401476074,0.0001467761,0.0041556169,1.0000000000,0.0115197585,0.0116081516,-9.5696514413,0.0009021838,-0.0113775633,8.4859581472,0.0001453197,0.0041833248,1.0000000000
36,34183162839915,4.3666,1785360952.418,2,3.5299,0.8868,3.4732,0.7041,3.5015,0.7955,162.75,0.0038,-0.0011,-0.0040,-0.0001,0.0001,-0.25,-0.004301,1.0000,0.0023,0.4995,0.1913,0,frozen,2-tag corner homography,2,1920,1200,0.200000,101;102,1,1,,2-tag corner homography,0.010724,0.474767,101,102,4.734767,4.260000,30,0.050000,0.600000,5.000000,raw-zero-distortion,590.9628888758,0.0000000000,1007.8592059077,0.0000000000,592.3761043005,547.7101609771,0.0000000000,0.0000000000,1.0000000000,-0.0359937509,0.0291287486,0.0062609452,0.0003552766,-0.0208418310,0.0000000000,0.0000000000,0.0000000000,0.0000000000,0.0000000000,1,0.000000,0.000000,73.025,751.017,1,1.283,73.534,751.446,65.455,791.354,8.580,780.060,79.521,716.405,136.369,722.471,-2.824624,0.614460,1.786580,3.398224,-0.002527,0.001708,1,4.260000,0.000000,1773.440,886.581,1,1.361,1772.444,886.602,1843.773,934.419,1760.740,935.491,1705.095,840.094,1784.618,843.535,1.893863,0.837427,1.463804,2.535887,4.258776,-0.000242,0.0115752393,0.0117605580,-9.6901184353,0.0009088625,-0.0114345573,8.5260637939,0.0001368962,0.0042248305,1.0000000000,0.0115197585,0.0116081516,-9.5696514413,0.0009021838,-0.0113775633,8.4859581472,0.0001453197,0.0041833248,1.0000000000
37,34183257034906,4.4608,1785360952.522,2,3.5304,0.8866,3.4718,0.7043,3.5011,0.7955,162.19,0.0024,-0.0024,-0.0030,0.0016,-0.0016,-1.31,-0.022779,1.0000,0.0020,0.4995,0.1915,0,frozen,2-tag corner homography,2,1920,1200,0.200000,101;102,1,1,,2-tag corner homography,0.011195,0.493749,101,102,4.753749,4.260000,30,0.050000,0.600000,5.000000,raw-zero-distortion,590.9628888758,0.0000000000,1007.8592059077,0.0000000000,592.3761043005,547.7101609771,0.0000000000,0.0000000000,1.0000000000,-0.0359937509,0.0291287486,0.0062609452,0.0003552766,-0.0208418310,0.0000000000,0.0000000000,0.0000000000,0.0000000000,0.0000000000,1,0.000000,0.000000,72.992,751.166,1,0.815,73.075,751.718,65.315,791.428,8.652,780.162,79.640,716.307,134.658,723.376,-2.845773,0.619583,1.799075,3.423300,-0.002201,0.001292,1,4.260000,0.000000,1773.416,886.393,1,1.378,1772.446,886.529,1843.734,934.437,1760.655,935.476,1705.253,839.821,1784.562,843.528,1.891041,0.835997,1.461620,2.532047,4.258959,0.000184,0.0114450191,0.0113967734,-9.4050750083,0.0008944798,-0.0112852245,8.4183743600,0.0001491575,0.0041293615,1.0000000000,0.0115197585,0.0116081516,-9.5696514413,0.0009021838,-0.0113775633,8.4859581472,0.0001453197,0.0041833248,1.0000000000
38,34183360702747,4.5644,1785360952.615,2,3.5313,0.8857,3.4710,0.7045,3.5012,0.7951,161.59,0.0007,-0.0038,-0.0019,0.0034,-0.0034,-3.27,-0.057123,1.0000,0.0016,0.4995,0.1910,0,frozen,2-tag corner homography,2,1920,1200,0.200000,101;102,1,0,world_rms>0.050,2-tag corner homography,0.148264,0.487863,101,102,4.747863,4.260000,30,0.050000,0.600000,5.000000,raw-zero-distortion,590.9628888758,0.0000000000,1007.8592059077,0.0000000000,592.3761043005,547.7101609771,0.0000000000,0.0000000000,1.0000000000,-0.0359937509,0.0291287486,0.0062609452,0.0003552766,-0.0208418310,0.0000000000,0.0000000000,0.0000000000,0.0000000000,0.0000000000,1,0.000000,0.000000,73.240,751.220,1,0.853,73.367,751.756,65.730,791.499,8.598,780.380,79.738,716.363,135.311,723.220,-2.835998,0.617762,1.793455,3.411890,-0.001365,0.001198,1,4.260000,0.000000,1773.281,886.435,1,1.212,1772.430,886.570,1843.873,934.378,1760.622,935.390,1705.254,840.234,1784.411,843.393,1.895366,0.838027,1.464993,2.537894,4.258609,0.000063,128.5645646483,94.2573499604,-80602.0569189908,6.5625319970,-79.8388862876,59360.9703974600,61.3717273277,-61.1532521001,1.0000000000,0.0115197585,0.0116081516,-9.5696514413,0.0009021838,-0.0113775633,8.4859581472,0.0001453197,0.0041833248,1.0000000000
39,34183454636236,4.6584,1785360952.730,2,3.5310,0.8854,3.4716,0.7034,3.5013,0.7944,161.93,-0.0001,-0.0038,-0.0011,0.0036,-0.0036,-3.19,-0.055680,1.0000,0.0014,0.4995,0.1914,0,frozen,2-tag corner homography,2,1920,1200,0.200000,101;102,1,1,,2-tag corner homography,0.010926,0.494265,101,102,4.754265,4.260000,30,0.050000,0.600000,5.000000,raw-zero-distortion,590.9628888758,0.0000000000,1007.8592059077,0.0000000000,592.3761043005,547.7101609771,0.0000000000,0.0000000000,1.0000000000,-0.0359937509,0.0291287486,0.0062609452,0.0003552766,-0.0208418310,0.0000000000,0.0000000000,0.0000000000,0.0000000000,0.0000000000,1,0.000000,0.000000,73.146,751.338,1,0.793,73.249,751.856,65.736,791.486,8.644,780.398,79.582,716.462,134.976,723.481,-2.845031,0.619954,1.798939,3.422678,-0.001298,0.000856,1,4.260000,0.000000,1773.380,886.453,1,1.231,1772.533,886.636,1844.006,934.522,1760.781,935.559,1705.366,840.163,1784.414,843.443,1.892355,0.836746,1.462468,2.533765,4.258803,0.000039,0.0114146595,0.0114259296,-9.4282452630,0.0008933082,-0.0112712050,8.4092437096,0.0001448746,0.0041244852,1.0000000000,0.0115197585,0.0116081516,-9.5696514413,0.0009021838,-0.0113775633,8.4859581472,0.0001453197,0.0041833248,1.0000000000
40,34183568876509,4.7726,1785360952.827,2,3.5313,0.8849,3.4711,0.7029,3.5012,0.7939,161.71,0.0002,-0.0047,-0.0016,0.0044,-0.0044,-1.80,-0.031340,1.0000,0.0021,0.4995,0.1917,0,frozen,2-tag corner homography,2,1920,1200,0.200000,101;102,1,1,,2-tag corner homography,0.011157,0.492047,101,102,4.752047,4.260000,30,0.050000,0.600000,5.000000,raw-zero-distortion,590.9628888758,0.0000000000,1007.8592059077,0.0000000000,592.3761043005,547.7101609771,0.0000000000,0.0000000000,1.0000000000,-0.0359937509,0.0291287486,0.0062609452,0.0003552766,-0.0208418310,0.0000000000,0.0000000000,0.0000000000,0.0000000000,0.0000000000,1,0.000000,0.000000,73.211,751.030,1,0.837,73.166,751.738,65.676,791.501,8.617,780.182,79.663,716.378,134.676,723.289,-2.844863,0.619505,1.798674,3.422318,-0.001977,0.001715,1,4.260000,0.000000,1773.237,886.303,1,1.151,1772.464,886.518,1843.885,934.533,1760.664,935.408,1705.448,840.025,1784.261,843.251,1.890241,0.835597,1.460968,2.530941,4.258678,0.000357,0.0113530732,0.0113514720,-9.3655268888,0.0008875598,-0.0111983395,8.3536057595,0.0001455558,0.0040933167,1.0000000000,0.0115197585,0.0116081516,-9.5696514413,0.0009021838,-0.0113775633,8.4859581472,0.0001453197,0.0041833248,1.0000000000
41,34183666495266,4.8702,1785360952.961,2,3.5322,0.8848,3.4714,0.7046,3.5018,0.7947,161.36,0.0010,-0.0029,-0.0019,0.0024,-0.0024,-1.26,-0.022046,1.0000,0.0022,0.4995,0.1902,0,frozen,2-tag corner homography,2,1920,1200,0.200000,101;102,1,1,,2-tag corner homography,0.011071,0.479884,101,102,4.739884,4.260000,30,0.050000,0.600000,5.000000,raw-zero-distortion,590.9628888758,0.0000000000,1007.8592059077,0.0000000000,592.3761043005,547.7101609771,0.0000000000,0.0000000000,1.0000000000,-0.0359937509,0.0291287486,0.0062609452,0.0003552766,-0.0208418310,0.0000000000,0.0000000000,0.0000000000,0.0000000000,0.0000000000,1,0.000000,0.000000,72.918,751.150,1,1.111,73.249,751.653,65.327,791.395,8.535,780.278,79.435,716.595,135.553,722.812,-2.834209,0.616982,1.792096,3.409548,-0.002455,0.001322,1,4.260000,0.000000,1773.155,886.279,1,1.074,1772.446,886.516,1844.008,934.536,1760.667,935.466,1705.398,840.131,1784.122,843.079,1.888998,0.835060,1.460040,2.529299,4.258527,0.000399,0.0115986387,0.0117086484,-9.6520287006,0.0009064978,-0.0114321495,8.5270808823,0.0001469103,0.0042137853,1.0000000000,0.0115197585,0.0116081516,-9.5696514413,0.0009021838,-0.0113775633,8.4859581472,0.0001453197,0.0041833248,1.0000000000
42,34183812838837,5.0166,1785360953.074,2,3.5329,0.8846,3.4717,0.7031,3.5023,0.7939,161.37,0.0035,-0.0012,-0.0037,-0.0000,0.0000,-1.29,-0.022493,1.0000,0.0019,0.4995,0.1916,0,frozen,2-tag corner homography,2,1920,1200,0.200000,101;102,1,1,,2-tag corner homography,0.010902,0.459446,101,102,4.719446,4.260000,30,0.050000,0.600000,5.000000,raw-zero-distortion,590.9628888758,0.0000000000,1007.8592059077,0.0000000000,592.3761043005,547.7101609771,0.0000000000,0.0000000000,1.0000000000,-0.0359937509,0.0291287486,0.0062609452,0.0003552766,-0.0208418310,0.0000000000,0.0000000000,0.0000000000,0.0000000000,0.0000000000,1,0.000000,0.000000,73.257,751.067,1,1.099,73.622,751.515,65.549,791.499,8.584,780.392,79.903,716.203,136.266,722.497,-2.813190,0.612238,1.779517,3.384606,-0.001746,0.001622,1,4.260000,0.000000,1773.371,886.436,1,1.209,1772.539,886.610,1844.075,934.599,1760.817,935.541,1705.327,840.086,1784.378,843.378,1.890173,0.835710,1.460772,2.530814,4.258804,0.000077,0.0115461526,0.0118542869,-9.7603794152,0.0009042739,-0.0113778393,8.4842042101,0.0001366943,0.0042152130,1.0000000000,0.0115197585,0.0116081516,-9.5696514413,0.0009021838,-0.0113775633,8.4859581472,0.0001453197,0.0041833248,1.0000000000
43,34183917958953,5.1217,1785360953.190,2,3.5330,0.8847,3.4710,0.7039,3.5020,0.7943,161.07,0.0029,-0.0003,-0.0029,-0.0007,0.0007,-1.46,-0.025525,1.0000,0.0024,0.4995,0.1912,0,frozen,2-tag corner homography,2,1920,1200,0.200000,101;102,1,1,,2-tag corner homography,0.011136,0.477400,101,102,4.737400,4.260000,30,0.050000,0.600000,5.000000,raw-zero-distortion,590.9628888758,0.0000000000,1007.8592059077,0.0000000000,592.3761043005,547.7101609771,0.0000000000,0.0000000000,1.0000000000,-0.0359937509,0.0291287486,0.0062609452,0.0003552766,-0.0208418310,0.0000000000,0.0000000000,0.0000000000,0.0000000000,0.0000000000,1,0.000000,0.000000,73.412,750.782,1,0.840,73.284,751.568,65.515,791.493,8.527,780.230,80.135,716.127,134.890,722.881,-2.828343,0.615472,1.788455,3.402485,-0.002111,0.002436,1,4.260000,0.000000,1773.435,886.489,1,1.261,1772.550,886.630,1844.042,934.557,1760.691,935.494,1705.304,840.106,1784.614,843.505,1.892654,0.836844,1.462666,2.534135,4.258880,-0.000032,0.0114792507,0.0115188497,-9.5001152216,0.0008974726,-0.0112997659,8.4271087021,0.0001485449,0.0041502947,1.0000000000,0.0115197585,0.0116081516,-9.5696514413,0.0009021838,-0.0113775633,8.4859581472,0.0001453197,0.0041833248,1.0000000000
44,34184034776336,5.2385,1785360953.291,2,3.5339,0.8833,3.4719,0.7035,3.5029,0.7934,160.95,0.0029,-0.0017,-0.0033,0.0007,-0.0007,-1.75,-0.030482,1.0000,0.0016,0.4995,0.1902,0,frozen,2-tag corner homography,2,1920,1200,0.200000,101;102,1,1,,2-tag corner homography,0.011073,0.489912,101,102,4.749912,4.260000,30,0.050000,0.600000,5.000000,raw-zero-distortion,590.9628888758,0.0000000000,1007.8592059077,0.0000000000,592.3761043005,547.7101609771,0.0000000000,0.0000000000,1.0000000000,-0.0359937509,0.0291287486,0.0062609452,0.0003552766,-0.0208418310,0.0000000000,0.0000000000,0.0000000000,0.0000000000,0.0000000000,1,0.000000,0.000000,73.285,751.202,1,0.769,73.318,751.774,65.686,791.452,8.804,780.303,79.867,716.339,134.875,723.406,-2.843444,0.619405,1.798068,3.420802,-0.001291,0.001258,1,4.260000,0.000000,1773.229,886.353,1,1.168,1772.445,886.579,1844.061,934.657,1760.569,935.442,1705.282,840.017,1784.314,843.372,1.889526,0.835452,1.460451,2.530060,4.258598,0.000241,0.0115127199,0.0116251609,-9.5851395435,0.0009003897,-0.0113548005,8.4704110509,0.0001500683,0.0041651606,1.0000000000,0.0115197585,0.0116081516,-9.5696514413,0.0009021838,-0.0113775633,8.4859581472,0.0001453197,0.0041833248,1.0000000000
45,34184130825427,5.3346,1785360953.397,2,3.5344,0.8829,3.4725,0.7018,3.5035,0.7924,161.14,0.0037,-0.0038,-0.0047,0.0024,-0.0024,-1.17,-0.020390,1.0000,0.0020,0.4995,0.1914,0,frozen,2-tag corner homography,2,1920,1200,0.200000,101;102,1,1,,2-tag corner homography,0.011056,0.475312,101,102,4.735312,4.260000,30,0.050000,0.600000,5.000000,raw-zero-distortion,590.9628888758,0.0000000000,1007.8592059077,0.0000000000,592.3761043005,547.7101609771,0.0000000000,0.0000000000,1.0000000000,-0.0359937509,0.0291287486,0.0062609452,0.0003552766,-0.0208418310,0.0000000000,0.0000000000,0.0000000000,0.0000000000,0.0000000000,1,0.000000,0.000000,73.092,751.132,1,1.006,73.353,751.632,65.405,791.440,8.580,780.294,79.720,716.377,135.574,722.888,-2.830050,0.616082,1.789667,3.404651,-0.002021,0.001407,1,4.260000,0.000000,1773.249,886.271,1,1.154,1772.484,886.520,1844.254,934.533,1760.676,935.496,1705.223,840.035,1784.250,843.196,1.888683,0.834890,1.459725,2.528826,4.258743,0.000433,0.0118455309,0.0117701386,-9.7173259064,0.0009235723,-0.0116492156,8.6888380319,0.0001488557,0.0043230313,1.0000000000,0.0115197585,0.0116081516,-9.5696514413,0.0009021838,-0.0113775633,8.4859581472,0.0001453197,0.0041833248,1.0000000000
46,34184234924432,5.4387,1785360953.492,2,3.5350,0.8828,3.4718,0.7030,3.5034,0.7929,160.62,0.0042,-0.0046,-0.0055,0.0029,-0.0029,-1.12,-0.019532,1.0000,0.0017,0.4995,0.1906,0,frozen,2-tag corner homography,2,1920,1200,0.200000,101;102,1,1,,2-tag corner homography,0.010859,0.491049,101,102,4.751049,4.260000,30,0.050000,0.600000,5.000000,raw-zero-distortion,590.9628888758,0.0000000000,1007.8592059077,0.0000000000,592.3761043005,547.7101609771,0.0000000000,0.0000000000,1.0000000000,-0.0359937509,0.0291287486,0.0062609452,0.0003552766,-0.0208418310,0.0000000000,0.0000000000,0.0000000000,0.0000000000,0.0000000000,1,0.000000,0.000000,73.193,751.165,1,0.929,73.331,751.753,65.772,791.470,8.482,780.267,79.573,716.510,135.381,723.199,-2.840644,0.618740,1.796323,3.417437,-0.001649,0.001338,1,4.260000,0.000000,1773.361,886.408,1,1.280,1772.469,886.563,1843.801,934.371,1760.714,935.479,1705.340,840.092,1784.436,843.433,1.893704,0.837234,1.463634,2.535606,4.258818,0.000139,0.0114238396,0.0115103632,-9.4921265296,0.0008953716,-0.0112941760,8.4251503364,0.0001395794,0.0041422295,1.0000000000,0.0115197585,0.0116081516,-9.5696514413,0.0009021838,-0.0113775633,8.4859581472,0.0001453197,0.0041833248,1.0000000000
47,34184330757990,5.5345,1785360953.585,2,3.5349,0.8827,3.4710,0.7035,3.5029,0.7931,160.37,0.0017,-0.0019,-0.0023,0.0012,-0.0012,-1.80,-0.031487,1.0000,0.0019,0.4995,0.1903,0,frozen,2-tag corner homography,2,1920,1200,0.200000,101;102,1,1,,2-tag corner homography,0.011014,0.495618,101,102,4.755618,4.260000,30,0.050000,0.600000,5.000000,raw-zero-distortion,590.9628888758,0.0000000000,1007.8592059077,0.0000000000,592.3761043005,547.7101609771,0.0000000000,0.0000000000,1.0000000000,-0.0359937509,0.0291287486,0.0062609452,0.0003552766,-0.0208418310,0.0000000000,0.0000000000,0.0000000000,0.0000000000,0.0000000000,1,0.000000,0.000000,73.166,751.112,1,0.843,73.176,751.768,65.637,791.466,8.558,780.274,79.631,716.458,134.820,723.283,-2.843988,0.619410,1.798140,3.421293,-0.001874,0.001480,1,4.260000,0.000000,1773.364,886.365,1,1.234,1772.514,886.550,1843.933,934.347,1760.657,935.420,1705.398,840.152,1784.495,843.393,1.894885,0.837673,1.464461,2.537111,4.258879,0.000239,0.0114176372,0.0114773049,-9.4652865201,0.0008939454,-0.0112788147,8.4139501670,0.0001470281,0.0041239207,1.0000000000,0.0115197585,0.0116081516,-9.5696514413,0.0009021838,-0.0113775633,8.4859581472,0.0001453197,0.0041833248,1.0000000000
48,34184423901838,5.6276,1785360953.679,2,3.5362,0.8821,3.4720,0.7019,3.5041,0.7920,160.40,0.0015,-0.0012,-0.0018,0.0007,-0.0007,-2.26,-0.039360,1.0000,0.0019,0.4995,0.1913,0,frozen,2-tag corner homography,2,1920,1200,0.200000,101;102,1,1,,2-tag corner homography,0.010883,0.489131,101,102,4.749131,4.260000,30,0.050000,0.600000,5.000000,raw-zero-distortion,590.9628888758,0.0000000000,1007.8592059077,0.0000000000,592.3761043005,547.7101609771,0.0000000000,0.0000000000,1.0000000000,-0.0359937509,0.0291287486,0.0062609452,0.0003552766,-0.0208418310,0.0000000000,0.0000000000,0.0000000000,0.0000000000,0.0000000000,1,0.000000,0.000000,73.156,751.061,1,0.916,73.274,751.656,65.518,791.431,8.516,780.187,79.723,716.356,135.234,723.091,-2.837537,0.617732,1.794249,3.413581,-0.002041,0.001616,1,4.260000,0.000000,1773.579,886.425,1,1.315,1772.671,886.622,1844.229,934.453,1760.779,935.473,1705.404,840.079,1784.748,843.627,1.895005,0.837732,1.464251,2.537098,4.259276,0.000141,0.0115400265,0.0116247019,-9.5848849373,0.0009045822,-0.0113984975,8.5018250779,0.0001451824,0.0041883289,1.0000000000,0.0115197585,0.0116081516,-9.5696514413,0.0009021838,-0.0113775633,8.4859581472,0.0001453197,0.0041833248,1.0000000000
49,34184518028780,5.7218,1785360953.772,2,3.5361,0.8815,3.4729,0.7025,3.5045,0.7920,160.54,0.0034,-0.0028,-0.0041,0.0015,-0.0015,-1.07,-0.018610,1.0000,0.0020,0.4995,0.1898,0,frozen,2-tag corner homography,2,1920,1200,0.200000,101;102,1,1,,2-tag corner homography,0.011176,0.492080,101,102,4.752080,4.260000,30,0.050000,0.600000,5.000000,raw-zero-distortion,590.9628888758,0.0000000000,1007.8592059077,0.0000000000,592.3761043005,547.7101609771,0.0000000000,0.0000000000,1.0000000000,-0.0359937509,0.0291287486,0.0062609452,0.0003552766,-0.0208418310,0.0000000000,0.0000000000,0.0000000000,0.0000000000,0.0000000000,1,0.000000,0.000000,73.176,751.109,1,0.776,73.074,751.825,65.584,791.553,8.586,780.379,79.688,716.414,134.422,723.353,-2.843213,0.619347,1.797453,3.420276,-0.001854,0.001490,1,4.260000,0.000000,1773.274,886.541,1,1.192,1772.407,886.570,1843.776,934.520,1760.710,935.418,1705.173,840.196,1784.395,843.277,1.892066,0.836593,1.462486,2.533509,4.258461,-0.000181,0.0114327621,0.0115169497,-9.4957574502,0.0008936255,-0.0112758468,8.4123357566,0.0001508269,0.0041243002,1.0000000000,0.0115197585,0.0116081516,-9.5696514413,0.0009021838,-0.0113775633,8.4859581472,0.0001453197,0.0041833248,1.0000000000
50,34184610408357,5.8141,1785360953.864,2,3.5362,0.8813,3.4728,0.7013,3.5045,0.7913,160.59,0.0046,-0.0046,-0.0059,0.0028,-0.0028,0.05,0.000841,1.0000,0.0014,0.4995,0.1908,0,frozen,2-tag corner homography,2,1920,1200,0.200000,101;102,1,1,,2-tag corner homography,0.010850,0.487528,101,102,4.747528,4.260000,30,0.050000,0.600000,5.000000,raw-zero-distortion,590.9628888758,0.0000000000,1007.8592059077,0.0000000000,592.3761043005,547.7101609771,0.0000000000,0.0000000000,1.0000000000,-0.0359937509,0.0291287486,0.0062609452,0.0003552766,-0.0208418310,0.0000000000,0.0000000000,0.0000000000,0.0000000000,0.0000000000,1,0.000000,0.000000,73.211,751.275,1,0.837,73.377,751.754,65.660,791.438,8.659,780.379,79.774,716.363,135.321,723.272,-2.837591,0.618109,1.794481,3.413816,-0.001291,0.001041,1,4.260000,0.000000,1773.447,886.427,1,1.275,1772.563,886.597,1844.149,934.458,1760.820,935.491,1705.259,840.104,1784.496,843.494,1.893299,0.837034,1.463141,2.534953,4.258984,0.000112,0.0115248375,0.0115923469,-9.5617825609,0.0009022746,-0.0113780977,8.4876709164,0.0001450587,0.0041796878,1.0000000000,0.0115197585,0.0116081516,-9.5696514413,0.0009021838,-0.0113775633,8.4859581472,0.0001453197,0.0041833248,1.0000000000
51,34184702704881,5.9064,1785360953.957,2,3.5365,0.8814,3.4732,0.7005,3.5049,0.7909,160.70,0.0033,-0.0044,-0.0046,0.0031,-0.0031,0.62,0.010775,1.0000,0.0020,0.4995,0.1916,0,frozen,2-tag corner homography,2,1920,1200,0.200000,101;102,1,1,,2-tag corner homography,0.011138,0.497019,101,102,4.757019,4.260000,30,0.050000,0.600000,5.000000,raw-zero-distortion,590.9628888758,0.0000000000,1007.8592059077,0.0000000000,592.3761043005,547.7101609771,0.0000000000,0.0000000000,1.0000000000,-0.0359937509,0.0291287486,0.0062609452,0.0003552766,-0.0208418310,0.0000000000,0.0000000000,0.0000000000,0.0000000000,0.0000000000,1,0.000000,0.000000,73.043,751.153,1,0.956,73.131,751.816,65.587,791.526,8.641,780.312,79.414,716.656,134.828,723.180,-2.844967,0.619740,1.798673,3.422446,-0.002098,0.001339,1,4.260000,0.000000,1773.210,886.321,1,1.098,1772.484,886.563,1843.882,934.299,1760.687,935.475,1705.554,840.390,1784.201,843.175,1.895306,0.837924,1.464844,2.537729,4.258596,0.000312,0.0113950182,0.0114328138,-9.4302544015,0.0008917046,-0.0112546179,8.3965615893,0.0001476079,0.0041108597,1.0000000000,0.0115197585,0.0116081516,-9.5696514413,0.0009021838,-0.0113775633,8.4859581472,0.0001453197,0.0041833248,1.0000000000
52,34184795443026,5.9992,1785360954.050,2,3.5365,0.8795,3.4728,0.6998,3.5046,0.7897,160.46,0.0019,-0.0065,-0.0039,0.0055,-0.0055,0.17,0.003045,1.0000,0.0020,0.4995,0.1907,0,frozen,2-tag corner homography,2,1920,1200,0.200000,101;102,1,1,,2-tag corner homography,0.011059,0.493606,101,102,4.753606,4.260000,30,0.050000,0.600000,5.000000,raw-zero-distortion,590.9628888758,0.0000000000,1007.8592059077,0.0000000000,592.3761043005,547.7101609771,0.0000000000,0.0000000000,1.0000000000,-0.0359937509,0.0291287486,0.0062609452,0.0003552766,-0.0208418310,0.0000000000,0.0000000000,0.0000000000,0.0000000000,0.0000000000,1,0.000000,0.000000,73.114,751.125,1,0.811,73.120,751.761,65.595,791.437,8.525,780.191,79.589,716.410,134.718,723.403,-2.847797,0.620183,1.800440,3.425808,-0.001979,0.001432,1,4.260000,0.000000,1773.163,886.336,1,1.138,1772.375,886.478,1843.822,934.479,1760.736,935.447,1705.243,840.059,1784.109,843.082,1.888735,0.834929,1.459973,2.529021,4.258475,0.000269,0.0114279012,0.0114535363,-9.4474238118,0.0008932906,-0.0112760199,8.4118979583,0.0001467938,0.0041280431,1.0000000000,0.0115197585,0.0116081516,-9.5696514413,0.0009021838,-0.0113775633,8.4859581472,0.0001453197,0.0041833248,1.0000000000
53,34184888661579,6.0924,1785360954.143,2,3.5375,0.8798,3.4704,0.7036,3.5040,0.7917,159.17,-0.0004,-0.0027,-0.0006,0.0026,-0.0026,-2.76,-0.048176,1.0000,0.0016,0.4995,0.1886,0,frozen,2-tag corner homography,2,1920,1200,0.200000,101;102,1,1,,2-tag corner homography,0.011082,0.489902,101,102,4.749902,4.260000,30,0.050000,0.600000,5.000000,raw-zero-distortion,590.9628888758,0.0000000000,1007.8592059077,0.0000000000,592.3761043005,547.7101609771,0.0000000000,0.0000000000,1.0000000000,-0.0359937509,0.0291287486,0.0062609452,0.0003552766,-0.0208418310,0.0000000000,0.0000000000,0.0000000000,0.0000000000,0.0000000000,1,0.000000,0.000000,73.067,751.320,1,0.789,73.170,751.831,65.505,791.461,8.590,780.513,79.638,716.445,134.884,723.331,-2.839670,0.618659,1.795398,3.416127,-0.001564,0.000888,1,4.260000,0.000000,1773.338,886.441,1,1.257,1772.451,886.563,1843.870,934.445,1760.709,935.403,1705.242,840.095,1784.427,843.448,1.893584,0.837199,1.463575,2.535471,4.258727,0.000060,0.0115006190,0.0115434500,-9.5218293434,0.0008991243,-0.0113484185,8.4666497790,0.0001482677,0.0041607209,1.0000000000,0.0115197585,0.0116081516,-9.5696514413,0.0009021838,-0.0113775633,8.4859581472,0.0001453197,0.0041833248,1.0000000000
54,34184981220058,6.1850,1785360954.236,2,3.5380,0.8799,3.4730,0.7005,3.5055,0.7902,160.07,0.0006,-0.0013,-0.0010,0.0010,-0.0010,-3.14,-0.054865,1.0000,0.0017,0.4995,0.1909,0,frozen,2-tag corner homography,2,1920,1200,0.200000,101;102,1,1,,2-tag corner homography,0.011737,0.490449,101,102,4.750449,4.260000,30,0.050000,0.600000,5.000000,raw-zero-distortion,590.9628888758,0.0000000000,1007.8592059077,0.0000000000,592.3761043005,547.7101609771,0.0000000000,0.0000000000,1.0000000000,-0.0359937509,0.0291287486,0.0062609452,0.0003552766,-0.0208418310,0.0000000000,0.0000000000,0.0000000000,0.0000000000,0.0000000000,1,0.000000,0.000000,73.133,751.220,1,0.870,73.311,751.715,65.649,791.409,8.593,780.195,79.627,716.353,135.282,723.319,-2.842629,0.619043,1.797540,3.419781,-0.001660,0.001175,1,4.260000,0.000000,1773.236,886.286,1,1.127,1772.491,886.530,1844.030,934.474,1760.736,935.459,1705.431,840.132,1784.189,843.201,1.890952,0.835909,1.461464,2.531861,4.258697,0.000397,0.0114537694,0.0121138137,-9.9472834303,0.0009005075,-0.0113453658,8.4619758747,0.0001413585,0.0041739510,1.0000000000,0.0115197585,0.0116081516,-9.5696514413,0.0009021838,-0.0113775633,8.4859581472,0.0001453197,0.0041833248,1.0000000000
55,34185074262324,6.2780,1785360954.329,2,3.5389,0.8803,3.4737,0.7002,3.5063,0.7903,160.12,0.0043,-0.0004,-0.0042,-0.0011,0.0011,-1.39,-0.024244,1.0000,0.0022,0.4995,0.1915,0,frozen,2-tag corner homography,2,1920,1200,0.200000,101;102,1,1,,2-tag corner homography,0.011165,0.473889,101,102,4.733889,4.260000,30,0.050000,0.600000,5.000000,raw-zero-distortion,590.9628888758,0.0000000000,1007.8592059077,0.0000000000,592.3761043005,547.7101609771,0.0000000000,0.0000000000,1.0000000000,-0.0359937509,0.0291287486,0.0062609452,0.0003552766,-0.0208418310,0.0000000000,0.0000000000,0.0000000000,0.0000000000,0.0000000000,1,0.000000,0.000000,73.111,751.065,1,1.003,73.302,751.643,65.438,791.524,8.640,780.361,79.691,716.369,135.340,722.787,-2.827511,0.615529,1.787964,3.401546,-0.002157,0.001597,1,4.260000,0.000000,1773.278,886.465,1,1.178,1772.454,886.594,1843.870,934.683,1760.683,935.425,1705.321,840.047,1784.362,843.379,1.889922,0.835653,1.460740,2.530589,4.258565,-0.000007,0.0115225157,0.0116043911,-9.5686594452,0.0009003758,-0.0113452587,8.4619234544,0.0001446295,0.0041801102,1.0000000000,0.0115197585,0.0116081516,-9.5696514413,0.0009021838,-0.0113775633,8.4859581472,0.0001453197,0.0041833248,1.0000000000
56,34185166138619,6.3699,1785360954.420,2,3.5390,0.8802,3.4744,0.7005,3.5067,0.7904,160.22,0.0075,-0.0026,-0.0079,-0.0001,0.0001,1.41,0.024663,1.0000,0.0020,0.4995,0.1910,0,frozen,2-tag corner homography,2,1920,1200,0.200000,101;102,1,1,,2-tag corner homography,0.011065,0.489895,101,102,4.749895,4.260000,30,0.050000,0.600000,5.000000,raw-zero-distortion,590.9628888758,0.0000000000,1007.8592059077,0.0000000000,592.3761043005,547.7101609771,0.0000000000,0.0000000000,1.0000000000,-0.0359937509,0.0291287486,0.0062609452,0.0003552766,-0.0208418310,0.0000000000,0.0000000000,0.0000000000,0.0000000000,0.0000000000,1,0.000000,0.000000,73.226,751.088,1,0.828,73.182,751.788,65.695,791.574,8.478,780.300,79.679,716.395,134.820,723.298,-2.840825,0.618787,1.796152,3.417506,-0.001774,0.001559,1,4.260000,0.000000,1773.097,886.276,1,1.031,1772.429,886.537,1843.840,934.477,1760.609,935.392,1705.578,840.272,1784.069,843.120,1.892338,0.836609,1.462654,2.533814,4.258403,0.000394,0.0112988421,0.0113035247,-9.3262480423,0.0008836235,-0.0111516088,8.3193432336,0.0001413835,0.0040752376,1.0000000000,0.0115197585,0.0116081516,-9.5696514413,0.0009021838,-0.0113775633,8.4859581472,0.0001453197,0.0041833248,1.0000000000
57,34185259045013,6.4628,1785360954.513,2,3.5406,0.8800,3.4731,0.7009,3.5069,0.7905,159.35,0.0059,-0.0005,-0.0057,-0.0016,0.0016,-0.73,-0.012656,1.0000,0.0018,0.4995,0.1915,0,frozen,2-tag corner homography,2,1920,1200,0.200000,101;102,1,1,,2-tag corner homography,0.010946,0.493296,101,102,4.753296,4.260000,30,0.050000,0.600000,5.000000,raw-zero-distortion,590.9628888758,0.0000000000,1007.8592059077,0.0000000000,592.3761043005,547.7101609771,0.0000000000,0.0000000000,1.0000000000,-0.0359937509,0.0291287486,0.0062609452,0.0003552766,-0.0208418310,0.0000000000,0.0000000000,0.0000000000,0.0000000000,0.0000000000,1,0.000000,0.000000,73.149,751.123,1,0.871,73.216,751.739,65.508,791.511,8.581,780.181,79.722,716.383,134.980,723.297,-2.842292,0.618980,1.797145,3.419282,-0.001887,0.001445,1,4.260000,0.000000,1773.420,886.341,1,1.304,1772.519,886.528,1843.956,934.281,1760.710,935.474,1705.325,840.062,1784.523,843.421,1.894283,0.837348,1.463986,2.536279,4.259031,0.000303,0.0114442345,0.0114946062,-9.4803481991,0.0008958385,-0.0113023912,8.4312058642,0.0001460838,0.0041384180,1.0000000000,0.0115197585,0.0116081516,-9.5696514413,0.0009021838,-0.0113775633,8.4859581472,0.0001453197,0.0041833248,1.0000000000
58,34185351027857,6.5548,1785360954.605,2,3.5411,0.8795,3.4743,0.7001,3.5077,0.7898,159.57,0.0052,-0.0010,-0.0052,-0.0009,0.0009,-1.88,-0.032865,1.0000,0.0018,0.4995,0.1914,0,frozen,2-tag corner homography,2,1920,1200,0.200000,101;102,1,1,,2-tag corner homography,0.011026,0.477167,101,102,4.737167,4.260000,30,0.050000,0.600000,5.000000,raw-zero-distortion,590.9628888758,0.0000000000,1007.8592059077,0.0000000000,592.3761043005,547.7101609771,0.0000000000,0.0000000000,1.0000000000,-0.0359937509,0.0291287486,0.0062609452,0.0003552766,-0.0208418310,0.0000000000,0.0000000000,0.0000000000,0.0000000000,0.0000000000,1,0.000000,0.000000,73.070,751.194,1,1.016,73.407,751.607,65.249,791.445,8.650,780.248,79.854,716.282,135.732,722.933,-2.828147,0.615629,1.788567,3.402409,-0.001909,0.001234,1,4.260000,0.000000,1773.420,886.435,1,1.252,1772.552,886.595,1843.869,934.431,1760.846,935.556,1705.457,840.133,1784.439,843.386,1.892620,0.836742,1.462637,2.534059,4.258914,0.000089,0.0115337608,0.0116550455,-9.6083076332,0.0009030386,-0.0113769930,8.4851625139,0.0001419226,0.0041924917,1.0000000000,0.0115197585,0.0116081516,-9.5696514413,0.0009021838,-0.0113775633,8.4859581472,0.0001453197,0.0041833248,1.0000000000
59,34185442896811,6.6466,1785360954.701,2,3.5419,0.8794,3.4747,0.6993,3.5083,0.7893,159.51,0.0058,-0.0028,-0.0064,0.0006,-0.0006,-1.98,-0.034505,1.0000,0.0020,0.4995,0.1922,0,frozen,2-tag corner homography,2,1920,1200,0.200000,101;102,1,1,,2-tag corner homography,0.011051,0.501510,101,102,4.761510,4.260000,30,0.050000,0.600000,5.000000,raw-zero-distortion,590.9628888758,0.0000000000,1007.8592059077,0.0000000000,592.3761043005,547.7101609771,0.0000000000,0.0000000000,1.0000000000,-0.0359937509,0.0291287486,0.0062609452,0.0003552766,-0.0208418310,0.0000000000,0.0000000000,0.0000000000,0.0000000000,0.0000000000,1,0.000000,0.000000,72.901,751.214,1,0.962,73.098,751.752,65.068,791.503,8.627,779.995,79.651,716.494,134.960,723.425,-2.849004,0.620404,1.801161,3.427230,-0.002322,0.001141,1,4.260000,0.000000,1773.426,886.484,1,1.417,1772.394,886.529,1843.710,934.242,1760.649,935.415,1705.040,840.017,1784.633,843.563,1.895654,0.838093,1.465284,2.538298,4.258865,-0.000024,0.0116024023,0.0115411550,-9.5257038479,0.0009082396,-0.0114637997,8.5521378418,0.0001502769,0.0042028212,1.0000000000,0.0115197585,0.0116081516,-9.5696514413,0.0009021838,-0.0113775633,8.4859581472,0.0001453197,0.0041833248,1.0000000000
60,34185545656778,6.7494,1785360954.800,2,3.5425,0.8788,3.4730,0.6996,3.5078,0.7892,158.79,0.0043,-0.0038,-0.0054,0.0020,-0.0020,-1.91,-0.033380,1.0000,0.0014,0.4995,0.1923,0,frozen,2-tag corner homography,2,1920,1200,0.200000,101;102,1,1,,2-tag corner homography,0.010788,0.491035,101,102,4.751035,4.260000,30,0.050000,0.600000,5.000000,raw-zero-distortion,590.9628888758,0.0000000000,1007.8592059077,0.0000000000,592.3761043005,547.7101609771,0.0000000000,0.0000000000,1.0000000000,-0.0359937509,0.0291287486,0.0062609452,0.0003552766,-0.0208418310,0.0000000000,0.0000000000,0.0000000000,0.0000000000,0.0000000000,1,0.000000,0.000000,73.001,751.383,1,0.878,73.220,751.833,65.467,791.538,8.618,780.410,79.554,716.454,135.160,723.358,-2.839739,0.618714,1.795539,3.416268,-0.001572,0.000702,1,4.260000,0.000000,1773.555,886.536,1,1.367,1772.572,886.627,1844.021,934.475,1760.626,935.462,1705.220,840.048,1784.887,843.652,1.894664,0.837702,1.464179,2.536793,4.259083,-0.000119,0.0114769974,0.0115266799,-9.5079924883,0.0008980175,-0.0113299737,8.4528602901,0.0001473633,0.0041514537,1.0000000000,0.0115197585,0.0116081516,-9.5696514413,0.0009021838,-0.0113775633,8.4859581472,0.0001453197,0.0041833248,1.0000000000
61,34185649228634,6.8530,1785360954.912,2,3.5419,0.8778,3.4722,0.7012,3.5071,0.7895,158.44,0.0000,-0.0020,-0.0008,0.0019,-0.0019,-3.32,-0.057885,1.0000,0.0018,0.4995,0.1899,0,frozen,2-tag corner homography,2,1920,1200,0.200000,101;102,1,1,,2-tag corner homography,0.010830,0.494060,101,102,4.754060,4.260000,30,0.050000,0.600000,5.000000,raw-zero-distortion,590.9628888758,0.0000000000,1007.8592059077,0.0000000000,592.3761043005,547.7101609771,0.0000000000,0.0000000000,1.0000000000,-0.0359937509,0.0291287486,0.0062609452,0.0003552766,-0.0208418310,0.0000000000,0.0000000000,0.0000000000,0.0000000000,0.0000000000,1,0.000000,0.000000,73.005,751.258,1,1.049,73.288,751.775,65.583,791.493,8.586,780.257,79.390,716.644,135.473,723.138,-2.841588,0.618983,1.796838,3.418537,-0.001910,0.001043,1,4.260000,0.000000,1773.320,885.969,1,1.334,1772.474,886.361,1844.060,933.861,1760.645,935.468,1705.380,839.972,1784.257,843.257,1.895851,0.837677,1.465284,2.538308,4.259277,0.001139,0.0115194823,0.0116258068,-9.5856863286,0.0009015273,-0.0113913069,8.4980161110,0.0001440583,0.0041808520,1.0000000000,0.0115197585,0.0116081516,-9.5696514413,0.0009021838,-0.0113775633,8.4859581472,0.0001453197,0.0041833248,1.0000000000
62,34185756812878,6.9605,1785360955.013,2,3.5423,0.8780,3.4732,0.6997,3.5078,0.7888,158.83,-0.0013,-0.0014,0.0007,0.0018,-0.0018,-2.65,-0.046286,1.0000,0.0017,0.4995,0.1913,0,frozen,2-tag corner homography,2,1920,1200,0.200000,101;102,1,1,,2-tag corner homography,0.024286,0.490431,101,102,4.750431,4.260000,30,0.050000,0.600000,5.000000,raw-zero-distortion,590.9628888758,0.0000000000,1007.8592059077,0.0000000000,592.3761043005,547.7101609771,0.0000000000,0.0000000000,1.0000000000,-0.0359937509,0.0291287486,0.0062609452,0.0003552766,-0.0208418310,0.0000000000,0.0000000000,0.0000000000,0.0000000000,0.0000000000,1,0.000000,0.000000,72.934,751.335,1,0.905,73.146,751.815,65.390,791.461,8.618,780.425,79.475,716.548,135.024,723.252,-2.841217,0.618931,1.796331,3.417952,-0.001891,0.000817,1,4.260000,0.000000,1773.327,886.259,1,1.206,1772.514,886.488,1844.108,934.323,1760.696,935.444,1705.327,840.083,1784.374,843.240,1.892482,0.836457,1.462602,2.533841,4.258930,0.000476,0.0127678809,0.0100305048,-8.4761366015,0.0009474524,-0.0120353049,8.9833640719,0.0001728178,0.0046286580,1.0000000000,0.0115197585,0.0116081516,-9.5696514413,0.0009021838,-0.0113775633,8.4859581472,0.0001453197,0.0041833248,1.0000000000
63,34185866416905,7.0701,1785360955.125,2,3.5426,0.8760,3.4731,0.6993,3.5078,0.7876,158.54,0.0001,-0.0038,-0.0015,0.0035,-0.0035,-1.17,-0.020339,1.0000,0.0018,0.4995,0.1899,0,frozen,2-tag corner homography,2,1920,1200,0.200000,101;102,1,1,,2-tag corner homography,0.010912,0.497224,101,102,4.757224,4.260000,30,0.050000,0.600000,5.000000,raw-zero-distortion,590.9628888758,0.0000000000,1007.8592059077,0.0000000000,592.3761043005,547.7101609771,0.0000000000,0.0000000000,1.0000000000,-0.0359937509,0.0291287486,0.0062609452,0.0003552766,-0.0208418310,0.0000000000,0.0000000000,0.0000000000,0.0000000000,0.0000000000,1,0.000000,0.000000,73.252,751.151,1,0.792,73.229,751.804,65.836,791.516,8.633,780.286,79.638,716.395,134.777,723.412,-2.845395,0.619862,1.799132,3.423065,-0.001523,0.001390,1,4.260000,0.000000,1773.301,886.494,1,1.157,1772.494,886.632,1843.909,934.410,1760.784,935.517,1705.374,840.399,1784.327,843.310,1.895039,0.837966,1.464618,2.537413,4.258578,-0.000070,0.0113017467,0.0113093262,-9.3314846494,0.0008854379,-0.0111669052,8.3307887399,0.0001437825,0.0040718383,1.0000000000,0.0115197585,0.0116081516,-9.5696514413,0.0009021838,-0.0113775633,8.4859581472,0.0001453197,0.0041833248,1.0000000000
64,34185977217253,7.1809,1785360955.245,2,3.5433,0.8767,3.4729,0.7006,3.5081,0.7887,158.21,0.0020,-0.0035,-0.0032,0.0026,-0.0026,-1.00,-0.017396,1.0000,0.0015,0.4995,0.1897,0,frozen,2-tag corner homography,2,1920,1200,0.200000,101;102,1,1,,2-tag corner homography,0.010969,0.482225,101,102,4.742225,4.260000,30,0.050000,0.600000,5.000000,raw-zero-distortion,590.9628888758,0.0000000000,1007.8592059077,0.0000000000,592.3761043005,547.7101609771,0.0000000000,0.0000000000,1.0000000000,-0.0359937509,0.0291287486,0.0062609452,0.0003552766,-0.0208418310,0.0000000000,0.0000000000,0.0000000000,0.0000000000,0.0000000000,1,0.000000,0.000000,73.019,751.462,1,0.924,73.333,751.835,65.501,791.513,8.618,780.522,79.583,716.495,135.515,723.262,-2.834998,0.617761,1.792758,3.410693,-0.001301,0.000488,1,4.260000,0.000000,1773.149,886.322,1,1.103,1772.401,886.508,1843.871,934.509,1760.734,935.380,1705.346,840.124,1784.069,843.169,1.890606,0.835801,1.461369,2.531512,4.258460,0.000298,0.0114960449,0.0115879494,-9.5568376149,0.0008985465,-0.0113454095,8.4643598756,0.0001414694,0.0041732768,1.0000000000,0.0115197585,0.0116081516,-9.5696514413,0.0009021838,-0.0113775633,8.4859581472,0.0001453197,0.0041833248,1.0000000000
65,34186089433615,7.2932,1785360955.344,2,3.5446,0.8768,3.4739,0.6999,3.5092,0.7884,158.22,0.0035,-0.0015,-0.0038,0.0001,-0.0001,-1.61,-0.028168,1.0000,0.0019,0.4995,0.1905,0,frozen,2-tag corner homography,2,1920,1200,0.200000,101;102,1,1,,2-tag corner homography,0.020498,0.489774,101,102,4.749774,4.260000,30,0.050000,0.600000,5.000000,raw-zero-distortion,590.9628888758,0.0000000000,1007.8592059077,0.0000000000,592.3761043005,547.7101609771,0.0000000000,0.0000000000,1.0000000000,-0.0359937509,0.0291287486,0.0062609452,0.0003552766,-0.0208418310,0.0000000000,0.0000000000,0.0000000000,0.0000000000,0.0000000000,1,0.000000,0.000000,73.182,751.156,1,0.773,73.178,751.769,65.567,791.498,8.591,780.329,79.758,716.316,134.752,723.347,-2.840921,0.618749,1.796204,3.417606,-0.001706,0.001362,1,4.260000,0.000000,1773.269,886.541,1,1.178,1772.416,886.582,1843.854,934.520,1760.715,935.443,1705.150,840.238,1784.379,843.262,1.892103,0.836630,1.462499,2.533556,4.258450,-0.000181,0.0113471085,0.0136256525,-11.0750328385,0.0008892646,-0.0111652979,8.3257708205,0.0001473656,0.0041679461,1.0000000000,0.0115197585,0.0116081516,-9.5696514413,0.0009021838,-0.0113775633,8.4859581472,0.0001453197,0.0041833248,1.0000000000
66,34186186078459,7.3898,1785360955.440,2,3.5453,0.8770,3.4738,0.7010,3.5096,0.7890,157.89,0.0050,0.0015,-0.0041,-0.0032,0.0032,-1.72,-0.029987,1.0000,0.0015,0.4995,0.1900,0,frozen,2-tag corner homography,2,1920,1200,0.200000,101;102,1,1,,2-tag corner homography,0.011061,0.484790,101,102,4.744790,4.260000,30,0.050000,0.600000,5.000000,raw-zero-distortion,590.9628888758,0.0000000000,1007.8592059077,0.0000000000,592.3761043005,547.7101609771,0.0000000000,0.0000000000,1.0000000000,-0.0359937509,0.0291287486,0.0062609452,0.0003552766,-0.0208418310,0.0000000000,0.0000000000,0.0000000000,0.0000000000,0.0000000000,1,0.000000,0.000000,72.976,751.451,1,0.810,73.214,751.820,65.274,791.447,8.578,780.517,79.730,716.381,135.178,723.376,-2.836628,0.617990,1.793560,3.412510,-0.001450,0.000509,1,4.260000,0.000000,1773.279,886.425,1,1.252,1772.405,886.571,1843.740,934.479,1760.628,935.493,1705.285,840.053,1784.374,843.389,1.891529,0.836360,1.462076,2.532794,4.258617,0.000086,0.0115212253,0.0116093040,-9.5732305181,0.0009003939,-0.0113630984,8.4774580584,0.0001472333,0.0041741503,1.0000000000,0.0115197585,0.0116081516,-9.5696514413,0.0009021838,-0.0113775633,8.4859581472,0.0001453197,0.0041833248,1.0000000000
67,34186279056729,7.4828,1785360955.533,2,3.5453,0.8774,3.4745,0.6998,3.5099,0.7886,158.27,0.0055,0.0008,-0.0048,-0.0028,0.0028,-0.81,-0.014205,1.0000,0.0017,0.4995,0.1913,0,frozen,2-tag corner homography,2,1920,1200,0.200000,101;102,1,1,,2-tag corner homography,0.011018,0.499622,101,102,4.759622,4.260000,30,0.050000,0.600000,5.000000,raw-zero-distortion,590.9628888758,0.0000000000,1007.8592059077,0.0000000000,592.3761043005,547.7101609771,0.0000000000,0.0000000000,1.0000000000,-0.0359937509,0.0291287486,0.0062609452,0.0003552766,-0.0208418310,0.0000000000,0.0000000000,0.0000000000,0.0000000000,0.0000000000,1,0.000000,0.000000,73.070,751.285,1,0.928,73.229,751.847,65.572,791.526,8.697,780.177,79.532,716.612,135.044,723.471,-2.850272,0.621057,1.802215,3.428956,-0.001653,0.000984,1,4.260000,0.000000,1773.265,886.394,1,1.266,1772.400,886.595,1843.801,934.491,1760.594,935.489,1705.292,840.044,1784.337,843.498,1.892322,0.836777,1.462698,2.533883,4.258626,0.000154,0.0115237104,0.0115943974,-9.5625602725,0.0009028440,-0.0113935720,8.5004510084,0.0001455587,0.0041779473,1.0000000000,0.0115197585,0.0116081516,-9.5696514413,0.0009021838,-0.0113775633,8.4859581472,0.0001453197,0.0041833248,1.0000000000
68,34186372625958,7.5764,1785360955.627,2,3.5461,0.8760,3.4741,0.6989,3.5101,0.7874,157.86,0.0041,-0.0016,-0.0044,-0.0000,0.0000,-0.78,-0.013567,1.0000,0.0012,0.4995,0.1912,0,frozen,2-tag corner homography,2,1920,1200,0.200000,101;102,1,1,,2-tag corner homography,0.010933,0.497638,101,102,4.757638,4.260000,30,0.050000,0.600000,5.000000,raw-zero-distortion,590.9628888758,0.0000000000,1007.8592059077,0.0000000000,592.3761043005,547.7101609771,0.0000000000,0.0000000000,1.0000000000,-0.0359937509,0.0291287486,0.0062609452,0.0003552766,-0.0208418310,0.0000000000,0.0000000000,0.0000000000,0.0000000000,0.0000000000,1,0.000000,0.000000,72.907,751.551,1,0.906,73.246,751.881,65.405,791.484,8.748,780.358,79.486,716.535,135.262,723.554,-2.846338,0.620312,1.799761,3.424261,-0.001362,0.000220,1,4.260000,0.000000,1773.427,886.369,1,1.330,1772.496,886.519,1843.811,934.296,1760.736,935.421,1705.336,840.003,1784.525,843.476,1.894481,0.837437,1.464183,2.536571,4.259013,0.000241,0.0114729638,0.0115403181,-9.5187825586,0.0008982765,-0.0113459509,8.4653783736,0.0001445891,0.0041553825,1.0000000000,0.0115197585,0.0116081516,-9.5696514413,0.0009021838,-0.0113775633,8.4859581472,0.0001453197,0.0041833248,1.0000000000
69,34186469104193,7.6728,1785360955.734,2,3.5475,0.8759,3.4738,0.6991,3.5106,0.7875,157.36,0.0038,-0.0043,-0.0051,0.0025,-0.0025,-1.60,-0.027898,1.0000,0.0020,0.4995,0.1916,0,frozen,2-tag corner homography,2,1920,1200,0.200000,101;102,1,1,,2-tag corner homography,0.010590,0.470208,101,102,4.730208,4.260000,30,0.050000,0.600000,5.000000,raw-zero-distortion,590.9628888758,0.0000000000,1007.8592059077,0.0000000000,592.3761043005,547.7101609771,0.0000000000,0.0000000000,1.0000000000,-0.0359937509,0.0291287486,0.0062609452,0.0003552766,-0.0208418310,0.0000000000,0.0000000000,0.0000000000,0.0000000000,0.0000000000,1,0.000000,0.000000,73.314,751.046,1,1.173,73.699,751.538,65.793,791.499,8.559,780.270,79.764,716.356,136.474,722.542,-2.818779,0.613571,1.783200,3.391428,-0.001646,0.001693,1,4.260000,0.000000,1773.252,886.454,1,1.156,1772.448,886.600,1843.890,934.370,1760.686,935.467,1705.322,840.375,1784.318,843.293,1.895369,0.838083,1.464962,2.537896,4.258522,0.000015,0.0114493192,0.0116148137,-9.5742812225,0.0008982453,-0.0113075966,8.4323056748,0.0001322228,0.0041715701,1.0000000000,0.0115197585,0.0116081516,-9.5696514413,0.0009021838,-0.0113775633,8.4859581472,0.0001453197,0.0041833248,1.0000000000
70,34186573584892,7.7773,1785360955.828,2,3.5466,0.8755,3.4739,0.6994,3.5102,0.7875,157.60,0.0023,-0.0037,-0.0036,0.0026,-0.0026,-2.18,-0.038083,1.0000,0.0018,0.4995,0.1906,0,frozen,2-tag corner homography,2,1920,1200,0.200000,101;102,1,0,world_rms>0.050,2-tag corner homography,0.144010,0.481354,101,102,4.741354,4.260000,30,0.050000,0.600000,5.000000,raw-zero-distortion,590.9628888758,0.0000000000,1007.8592059077,0.0000000000,592.3761043005,547.7101609771,0.0000000000,0.0000000000,1.0000000000,-0.0359937509,0.0291287486,0.0062609452,0.0003552766,-0.0208418310,0.0000000000,0.0000000000,0.0000000000,0.0000000000,0.0000000000,1,0.000000,0.000000,73.176,751.176,1,0.905,73.359,751.689,65.609,791.511,8.576,780.385,79.721,716.287,135.426,723.030,-2.829957,0.616237,1.789619,3.404576,-0.001666,0.001305,1,4.260000,0.000000,1773.390,886.543,1,1.334,1772.433,886.629,1843.964,934.415,1760.707,935.486,1705.028,840.172,1784.521,843.589,1.895051,0.838030,1.464744,2.537516,4.258713,-0.000164,1.0866479866,0.8117080288,-693.0779768132,0.0546757224,-0.6670782287,495.9404827058,0.5068912768,-0.4943518554,1.0000000000,0.0115197585,0.0116081516,-9.5696514413,0.0009021838,-0.0113775633,8.4859581472,0.0001453197,0.0041833248,1.0000000000
71,34186665903252,7.8696,1785360955.920,2,3.5466,0.8749,3.4735,0.6991,3.5101,0.7870,157.41,0.0007,-0.0023,-0.0015,0.0018,-0.0018,-1.55,-0.027131,1.0000,0.0019,0.4995,0.1904,0,frozen,2-tag corner homography,2,1920,1200,0.200000,101;102,1,1,,2-tag corner homography,0.011070,0.487951,101,102,4.747951,4.260000,30,0.050000,0.600000,5.000000,raw-zero-distortion,590.9628888758,0.0000000000,1007.8592059077,0.0000000000,592.3761043005,547.7101609771,0.0000000000,0.0000000000,1.0000000000,-0.0359937509,0.0291287486,0.0062609452,0.0003552766,-0.0208418310,0.0000000000,0.0000000000,0.0000000000,0.0000000000,0.0000000000,1,0.000000,0.000000,73.150,751.136,1,0.898,73.250,751.736,65.493,791.493,8.617,780.225,79.735,716.429,135.072,723.224,-2.840697,0.618646,1.796201,3.417400,-0.001850,0.001411,1,4.260000,0.000000,1773.309,886.450,1,1.105,1772.563,886.647,1844.176,934.654,1760.855,935.556,1705.404,840.261,1784.257,843.278,1.890416,0.835882,1.460913,2.531134,4.258652,0.000034,0.0116252932,0.0115961710,-9.5703711346,0.0009089159,-0.0114601077,8.5488826135,0.0001476546,0.0042201530,1.0000000000,0.0115197585,0.0116081516,-9.5696514413,0.0009021838,-0.0113775633,8.4859581472,0.0001453197,0.0041833248,1.0000000000
72,34186759745181,7.9635,1785360956.035,2,3.5476,0.8741,3.4741,0.6985,3.5108,0.7863,157.27,0.0005,-0.0032,-0.0017,0.0028,-0.0028,-0.90,-0.015775,1.0000,0.0021,0.4995,0.1904,0,frozen,2-tag corner homography,2,1920,1200,0.200000,101;102,1,1,,2-tag corner homography,0.010871,0.479025,101,102,4.739025,4.260000,30,0.050000,0.600000,5.000000,raw-zero-distortion,590.9628888758,0.0000000000,1007.8592059077,0.0000000000,592.3761043005,547.7101609771,0.0000000000,0.0000000000,1.0000000000,-0.0359937509,0.0291287486,0.0062609452,0.0003552766,-0.0208418310,0.0000000000,0.0000000000,0.0000000000,0.0000000000,0.0000000000,1,0.000000,0.000000,73.143,751.077,1,1.035,73.415,751.591,65.573,791.416,8.636,780.315,79.658,716.366,135.663,722.740,-2.827681,0.615482,1.788287,3.401848,-0.002033,0.001571,1,4.260000,0.000000,1773.281,886.486,1,1.265,1772.377,886.577,1843.820,934.362,1760.603,935.430,1705.102,840.211,1784.434,843.428,1.895057,0.837968,1.464857,2.537565,4.258546,-0.000053,0.0115625929,0.0117669582,-9.6943965926,0.0009063906,-0.0114151668,8.5132299831,0.0001434250,0.0042060492,1.0000000000,0.0115197585,0.0116081516,-9.5696514413,0.0009021838,-0.0113775633,8.4859581472,0.0001453197,0.0041833248,1.0000000000
73,34186873812558,8.0775,1785360956.136,2,3.5485,0.8739,3.4736,0.6982,3.5111,0.7860,156.92,0.0023,-0.0044,-0.0038,0.0031,-0.0031,-1.76,-0.030723,1.0000,0.0019,0.4995,0.1910,0,frozen,2-tag corner homography,2,1920,1200,0.200000,101;102,1,0,world_rms>0.050,2-tag corner homography,0.059650,0.498470,101,102,4.758470,4.260000,30,0.050000,0.600000,5.000000,raw-zero-distortion,590.9628888758,0.0000000000,1007.8592059077,0.0000000000,592.3761043005,547.7101609771,0.0000000000,0.0000000000,1.0000000000,-0.0359937509,0.0291287486,0.0062609452,0.0003552766,-0.0208418310,0.0000000000,0.0000000000,0.0000000000,0.0000000000,0.0000000000,1,0.000000,0.000000,72.943,751.228,1,0.905,73.089,751.783,65.372,791.440,8.537,780.277,79.472,716.547,134.899,723.284,-2.845158,0.619654,1.798712,3.422610,-0.002168,0.001113,1,4.260000,0.000000,1773.329,886.336,1,1.269,1772.470,886.577,1843.920,934.283,1760.472,935.445,1705.374,840.181,1784.546,843.494,1.896608,0.838549,1.465877,2.539504,4.258838,0.000298,0.0111295702,0.0185947597,-14.7910229488,0.0007516891,-0.0093150030,6.9377940049,0.0001514205,0.0042413560,1.0000000000,0.0115197585,0.0116081516,-9.5696514413,0.0009021838,-0.0113775633,8.4859581472,0.0001453197,0.0041833248,1.0000000000
74,34186984453535,8.1882,1785360956.240,2,3.5489,0.8736,3.4749,0.6979,3.5119,0.7857,157.15,0.0043,-0.0040,-0.0055,0.0021,-0.0021,-1.29,-0.022497,1.0000,0.0016,0.4995,0.1906,0,frozen,2-tag corner homography,2,1920,1200,0.200000,101;102,1,1,,2-tag corner homography,0.010988,0.486477,101,102,4.746477,4.260000,30,0.050000,0.600000,5.000000,raw-zero-distortion,590.9628888758,0.0000000000,1007.8592059077,0.0000000000,592.3761043005,547.7101609771,0.0000000000,0.0000000000,1.0000000000,-0.0359937509,0.0291287486,0.0062609452,0.0003552766,-0.0208418310,0.0000000000,0.0000000000,0.0000000000,0.0000000000,0.0000000000,1,0.000000,0.000000,73.031,751.304,1,0.924,73.317,751.710,65.433,791.390,8.619,780.345,79.648,716.392,135.452,723.161,-2.836278,0.617650,1.793536,3.412146,-0.001710,0.000924,1,4.260000,0.000000,1773.449,886.547,1,1.319,1772.503,886.620,1843.841,934.480,1760.883,935.489,1705.245,840.102,1784.488,843.555,1.893613,0.837296,1.463498,2.535480,4.258839,-0.000163,0.0115504123,0.0116576387,-9.6115812522,0.0009052920,-0.0114108951,8.5116698202,0.0001427517,0.0041982140,1.0000000000,0.0115197585,0.0116081516,-9.5696514413,0.0009021838,-0.0113775633,8.4859581472,0.0001453197,0.0041833248,1.0000000000
75,34187079540459,8.2833,1785360956.334,2,3.5494,0.8737,3.4746,0.6987,3.5120,0.7862,156.86,0.0042,-0.0020,-0.0046,0.0002,-0.0002,-1.07,-0.018750,1.0000,0.0017,0.4995,0.1903,0,frozen,2-tag corner homography,2,1920,1200,0.200000,101;102,1,1,,2-tag corner homography,0.010838,0.486170,101,102,4.746170,4.260000,30,0.050000,0.600000,5.000000,raw-zero-distortion,590.9628888758,0.0000000000,1007.8592059077,0.0000000000,592.3761043005,547.7101609771,0.0000000000,0.0000000000,1.0000000000,-0.0359937509,0.0291287486,0.0062609452,0.0003552766,-0.0208418310,0.0000000000,0.0000000000,0.0000000000,0.0000000000,0.0000000000,1,0.000000,0.000000,73.041,751.269,1,1.103,73.423,751.709,65.595,791.420,8.559,780.315,79.467,716.614,135.905,722.951,-2.834754,0.617384,1.792776,3.410431,-0.001781,0.001022,1,4.260000,0.000000,1773.292,886.323,1,1.282,1772.419,886.541,1843.852,934.336,1760.591,935.395,1705.298,840.057,1784.375,843.505,1.894930,0.837774,1.464677,2.537302,4.258774,0.000321,0.0115803440,0.0117340496,-9.6723596092,0.0009081575,-0.0114533022,8.5432792785,0.0001393574,0.0042207995,1.0000000000,0.0115197585,0.0116081516,-9.5696514413,0.0009021838,-0.0113775633,8.4859581472,0.0001453197,0.0041833248,1.0000000000
76,34187173574469,8.3773,1785360956.430,2,3.5503,0.8729,3.4745,0.6985,3.5124,0.7857,156.51,0.0042,-0.0011,-0.0043,-0.0007,0.0007,-1.32,-0.023008,1.0000,0.0018,0.4995,0.1901,0,frozen,2-tag corner homography,2,1920,1200,0.200000,101;102,1,1,,2-tag corner homography,0.010878,0.490903,101,102,4.750903,4.260000,30,0.050000,0.600000,5.000000,raw-zero-distortion,590.9628888758,0.0000000000,1007.8592059077,0.0000000000,592.3761043005,547.7101609771,0.0000000000,0.0000000000,1.0000000000,-0.0359937509,0.0291287486,0.0062609452,0.0003552766,-0.0208418310,0.0000000000,0.0000000000,0.0000000000,0.0000000000,0.0000000000,1,0.000000,0.000000,73.150,751.146,1,0.963,73.368,751.663,65.463,791.432,8.671,780.097,79.783,716.384,135.442,723.178,-2.839999,0.618353,1.795987,3.416654,-0.001821,0.001382,1,4.260000,0.000000,1773.389,886.261,1,1.335,1772.486,886.512,1844.093,934.336,1760.608,935.377,1705.231,839.917,1784.495,843.576,1.894230,0.837320,1.464008,2.536244,4.259063,0.000482,0.0116796098,0.0117689162,-9.7046954604,0.0009153063,-0.0115426676,8.6094290011,0.0001452438,0.0042554816,1.0000000000,0.0115197585,0.0116081516,-9.5696514413,0.0009021838,-0.0113775633,8.4859581472,0.0001453197,0.0041833248,1.0000000000
77,34187267555489,8.4713,1785360956.522,2,3.5508,0.8732,3.4754,0.6975,3.5131,0.7854,156.76,0.0042,-0.0015,-0.0044,-0.0003,0.0003,-1.50,-0.026150,1.0000,0.0020,0.4995,0.1912,0,frozen,2-tag corner homography,2,1920,1200,0.200000,101;102,1,1,,2-tag corner homography,0.010981,0.497936,101,102,4.757936,4.260000,30,0.050000,0.600000,5.000000,raw-zero-distortion,590.9628888758,0.0000000000,1007.8592059077,0.0000000000,592.3761043005,547.7101609771,0.0000000000,0.0000000000,1.0000000000,-0.0359937509,0.0291287486,0.0062609452,0.0003552766,-0.0208418310,0.0000000000,0.0000000000,0.0000000000,0.0000000000,0.0000000000,1,0.000000,0.000000,73.047,751.131,1,0.956,73.150,751.779,65.627,791.553,8.574,780.179,79.396,716.543,134.942,723.244,-2.845548,0.619766,1.799077,3.423147,-0.002150,0.001402,1,4.260000,0.000000,1773.409,886.396,1,1.304,1772.500,886.557,1843.840,934.331,1760.701,935.407,1705.363,840.084,1784.526,843.525,1.895628,0.838035,1.465062,2.538132,4.258939,0.000175,0.0113816915,0.0113970368,-9.4020945636,0.0008918552,-0.0112534030,8.3951852907,0.0001424510,0.0041140448,1.0000000000,0.0115197585,0.0116081516,-9.5696514413,0.0009021838,-0.0113775633,8.4859581472,0.0001453197,0.0041833248,1.0000000000
78,34187361610836,8.5653,1785360956.618,2,3.5512,0.8733,3.4744,0.6976,3.5128,0.7854,156.41,0.0037,-0.0023,-0.0043,0.0006,-0.0006,-1.30,-0.022746,1.0000,0.0018,0.4995,0.1918,0,frozen,2-tag corner homography,2,1920,1200,0.200000,101;102,1,0,world_rms>0.050,2-tag corner homography,0.089794,0.497974,101,102,4.757974,4.260000,30,0.050000,0.600000,5.000000,raw-zero-distortion,590.9628888758,0.0000000000,1007.8592059077,0.0000000000,592.3761043005,547.7101609771,0.0000000000,0.0000000000,1.0000000000,-0.0359937509,0.0291287486,0.0062609452,0.0003552766,-0.0208418310,0.0000000000,0.0000000000,0.0000000000,0.0000000000,0.0000000000,1,0.000000,0.000000,73.006,751.218,1,0.864,73.112,751.786,65.471,791.454,8.605,780.352,79.509,716.491,134.809,723.259,-2.843120,0.619234,1.797468,3.420186,-0.002020,0.001155,1,4.260000,0.000000,1773.525,886.516,1,1.296,1772.614,886.661,1844.083,934.341,1760.826,935.487,1705.363,840.314,1784.650,843.615,1.898249,0.839325,1.466869,2.541559,4.259044,-0.000077,4.2021123331,9.0798250366,-7173.8383140944,0.2692258844,-3.3052077381,2451.6724150363,-0.5027505411,3.2097144801,1.0000000000,0.0115197585,0.0116081516,-9.5696514413,0.0009021838,-0.0113775633,8.4859581472,0.0001453197,0.0041833248,1.0000000000
79,34187469515926,8.6732,1785360956.732,2,3.5518,0.8724,3.4757,0.6973,3.5138,0.7849,156.52,0.0038,-0.0025,-0.0045,0.0007,-0.0007,-0.68,-0.011863,1.0000,0.0017,0.4995,0.1909,0,frozen,2-tag corner homography,2,1920,1200,0.200000,101;102,1,1,,2-tag corner homography,0.010908,0.476060,101,102,4.736060,4.260000,30,0.050000,0.600000,5.000000,raw-zero-distortion,590.9628888758,0.0000000000,1007.8592059077,0.0000000000,592.3761043005,547.7101609771,0.0000000000,0.0000000000,1.0000000000,-0.0359937509,0.0291287486,0.0062609452,0.0003552766,-0.0208418310,0.0000000000,0.0000000000,0.0000000000,0.0000000000,0.0000000000,1,0.000000,0.000000,73.062,751.296,1,0.959,73.388,751.680,65.399,791.438,8.580,780.473,79.736,716.335,135.696,722.955,-2.826566,0.615492,1.787530,3.400525,-0.001646,0.000952,1,4.260000,0.000000,1773.275,886.535,1,1.237,1772.381,886.583,1843.742,934.462,1760.720,935.439,1705.138,840.192,1784.357,843.371,1.893187,0.837150,1.463403,2.535059,4.258472,-0.000166,0.0115416663,0.0116620935,-9.6148020197,0.0009032135,-0.0113846133,8.4916908389,0.0001422850,0.0041949507,1.0000000000,0.0115197585,0.0116081516,-9.5696514413,0.0009021838,-0.0113775633,8.4859581472,0.0001453197,0.0041833248,1.0000000000
80,34187576921793,8.7807,1785360956.831,2,3.5523,0.8709,3.4736,0.6991,3.5130,0.7850,155.38,0.0018,-0.0019,-0.0024,0.0009,-0.0009,-2.73,-0.047643,1.0000,0.0021,0.4995,0.1890,0,frozen,2-tag corner homography,2,1920,1200,0.200000,101;102,1,1,,2-tag corner homography,0.011194,0.492109,101,102,4.752109,4.260000,30,0.050000,0.600000,5.000000,raw-zero-distortion,590.9628888758,0.0000000000,1007.8592059077,0.0000000000,592.3761043005,547.7101609771,0.0000000000,0.0000000000,1.0000000000,-0.0359937509,0.0291287486,0.0062609452,0.0003552766,-0.0208418310,0.0000000000,0.0000000000,0.0000000000,0.0000000000,0.0000000000,1,0.000000,0.000000,72.899,751.227,1,0.939,73.124,751.718,65.336,791.323,8.582,780.233,79.442,716.539,135.045,723.200,-2.845320,0.619517,1.798883,3.422810,-0.002291,0.001107,1,4.260000,0.000000,1773.260,886.392,1,1.149,1772.467,886.544,1843.864,934.532,1760.811,935.486,1705.383,840.110,1784.214,843.197,1.889813,0.835468,1.460630,2.530384,4.258618,0.000159,0.0116259462,0.0118233698,-9.7395707254,0.0009104970,-0.0114835321,8.5660472113,0.0001488820,0.0042264058,1.0000000000,0.0115197585,0.0116081516,-9.5696514413,0.0009021838,-0.0113775633,8.4859581472,0.0001453197,0.0041833248,1.0000000000
81,34187675013958,8.8787,1785360956.960,2,3.5526,0.8710,3.4753,0.6976,3.5140,0.7843,155.98,0.0023,-0.0026,-0.0032,0.0014,-0.0014,-2.50,-0.043616,1.0000,0.0021,0.4995,0.1899,0,frozen,2-tag corner homography,2,1920,1200,0.200000,101;102,1,1,,2-tag corner homography,0.011136,0.484139,101,102,4.744139,4.260000,30,0.050000,0.600000,5.000000,raw-zero-distortion,590.9628888758,0.0000000000,1007.8592059077,0.0000000000,592.3761043005,547.7101609771,0.0000000000,0.0000000000,1.0000000000,-0.0359937509,0.0291287486,0.0062609452,0.0003552766,-0.0208418310,0.0000000000,0.0000000000,0.0000000000,0.0000000000,0.0000000000,1,0.000000,0.000000,73.233,751.072,1,0.792,73.155,751.779,65.694,791.503,8.607,780.390,79.700,716.395,134.592,723.237,-2.840774,0.618729,1.796067,3.417408,-0.001796,0.001603,1,4.260000,0.000000,1773.038,886.190,1,1.010,1772.399,886.475,1844.172,934.547,1760.695,935.503,1705.287,840.132,1783.874,842.900,1.886421,0.833874,1.458139,2.525886,4.258383,0.000581,0.0114455676,0.0114396402,-9.4389604942,0.0008919229,-0.0112598175,8.3999577321,0.0001518161,0.0041253352,1.0000000000,0.0115197585,0.0116081516,-9.5696514413,0.0009021838,-0.0113775633,8.4859581472,0.0001453197,0.0041833248,1.0000000000
82,34187810449843,9.0142,1785360957.072,2,3.5540,0.8707,3.4749,0.6976,3.5144,0.7841,155.43,0.0026,-0.0026,-0.0034,0.0013,-0.0013,-2.44,-0.042529,1.0000,0.0019,0.4995,0.1903,0,frozen,2-tag corner homography,2,1920,1200,0.200000,101;102,1,1,,2-tag corner homography,0.011138,0.489898,101,102,4.749898,4.260000,30,0.050000,0.600000,5.000000,raw-zero-distortion,590.9628888758,0.0000000000,1007.8592059077,0.0000000000,592.3761043005,547.7101609771,0.0000000000,0.0000000000,1.0000000000,-0.0359937509,0.0291287486,0.0062609452,0.0003552766,-0.0208418310,0.0000000000,0.0000000000,0.0000000000,0.0000000000,0.0000000000,1,0.000000,0.000000,73.049,751.207,1,0.848,73.166,751.747,65.369,791.486,8.586,780.248,79.694,716.352,134.947,723.321,-2.841210,0.618736,1.796366,3.417929,-0.001932,0.001193,1,4.260000,0.000000,1773.262,886.272,1,1.191,1772.462,886.493,1843.864,934.303,1760.815,935.500,1705.416,840.115,1784.156,843.185,1.891926,0.836282,1.462273,2.533179,4.258772,0.000434,0.0114521839,0.0116208778,-9.5754440630,0.0008964004,-0.0113107622,8.4374301158,0.0001453673,0.0041479002,1.0000000000,0.0115197585,0.0116081516,-9.5696514413,0.0009021838,-0.0113775633,8.4859581472,0.0001453197,0.0041833248,1.0000000000
83,34187919416887,9.1231,1785360957.184,2,3.5539,0.8714,3.4753,0.6984,3.5146,0.7849,155.56,0.0038,-0.0012,-0.0040,-0.0005,0.0005,-0.96,-0.016670,1.0000,0.0022,0.4995,0.1900,0,frozen,2-tag corner homography,2,1920,1200,0.200000,101;102,1,1,,2-tag corner homography,0.011266,0.489517,101,102,4.749517,4.260000,30,0.050000,0.600000,5.000000,raw-zero-distortion,590.9628888758,0.0000000000,1007.8592059077,0.0000000000,592.3761043005,547.7101609771,0.0000000000,0.0000000000,1.0000000000,-0.0359937509,0.0291287486,0.0062609452,0.0003552766,-0.0208418310,0.0000000000,0.0000000000,0.0000000000,0.0000000000,0.0000000000,1,0.000000,0.000000,73.128,751.043,1,0.849,73.109,751.730,65.475,791.488,8.715,780.256,79.684,716.393,134.544,723.189,-2.842505,0.618929,1.797074,3.419413,-0.002171,0.001660,1,4.260000,0.000000,1773.202,886.170,1,1.168,1772.463,886.511,1844.150,934.464,1760.603,935.470,1705.380,840.003,1784.165,843.274,1.890145,0.835537,1.460895,2.530807,4.258768,0.000657,0.0115468334,0.0116059634,-9.5703704573,0.0009017606,-0.0113766114,8.4864441065,0.0001533359,0.0041741955,1.0000000000,0.0115197585,0.0116081516,-9.5696514413,0.0009021838,-0.0113775633,8.4859581472,0.0001453197,0.0041833248,1.0000000000
84,34188026236989,9.2300,1785360957.288,2,3.5546,0.8710,3.4754,0.6982,3.5150,0.7846,155.37,0.0031,0.0009,-0.0025,-0.0021,0.0021,-0.50,-0.008801,1.0000,0.0018,0.4995,0.1901,0,frozen,2-tag corner homography,2,1920,1200,0.200000,101;102,1,1,,2-tag corner homography,0.010993,0.476975,101,102,4.736975,4.260000,30,0.050000,0.600000,5.000000,raw-zero-distortion,590.9628888758,0.0000000000,1007.8592059077,0.0000000000,592.3761043005,547.7101609771,0.0000000000,0.0000000000,1.0000000000,-0.0359937509,0.0291287486,0.0062609452,0.0003552766,-0.0208418310,0.0000000000,0.0000000000,0.0000000000,0.0000000000,0.0000000000,1,0.000000,0.000000,73.019,751.229,1,1.013,73.340,751.666,65.403,791.456,8.562,780.355,79.615,716.391,135.641,722.933,-2.829763,0.616113,1.789459,3.404309,-0.001951,0.001127,1,4.260000,0.000000,1773.331,886.449,1,1.297,1772.417,886.567,1843.811,934.480,1760.816,935.524,1705.174,840.001,1784.303,843.425,1.890723,0.835981,1.461429,2.531694,4.258702,0.000040,0.0115540844,0.0116780044,-9.6269282863,0.0009041722,-0.0113969788,8.5007694626,0.0001413000,0.0042033856,1.0000000000,0.0115197585,0.0116081516,-9.5696514413,0.0009021838,-0.0113775633,8.4859581472,0.0001453197,0.0041833248,1.0000000000
85,34188133170374,9.3369,1785360957.398,2,3.5558,0.8699,3.4759,0.6973,3.5159,0.7836,155.15,0.0039,-0.0007,-0.0038,-0.0010,0.0010,-0.78,-0.013534,1.0000,0.0021,0.4995,0.1902,0,frozen,2-tag corner homography,2,1920,1200,0.200000,101;102,1,1,,2-tag corner homography,0.010995,0.498977,101,102,4.758977,4.260000,30,0.050000,0.600000,5.000000,raw-zero-distortion,590.9628888758,0.0000000000,1007.8592059077,0.0000000000,592.3761043005,547.7101609771,0.0000000000,0.0000000000,1.0000000000,-0.0359937509,0.0291287486,0.0062609452,0.0003552766,-0.0208418310,0.0000000000,0.0000000000,0.0000000000,0.0000000000,0.0000000000,1,0.000000,0.000000,73.015,751.082,1,0.920,73.062,751.760,65.529,791.470,8.579,780.191,79.415,716.553,134.680,723.224,-2.847490,0.620073,1.800135,3.425372,-0.002375,0.001529,1,4.260000,0.000000,1773.440,886.359,1,1.289,1772.558,886.573,1844.203,934.336,1760.746,935.495,1705.250,840.127,1784.517,843.480,1.894629,0.837567,1.464178,2.536721,4.259053,0.000267,0.0115131082,0.0115421762,-9.5196289930,0.0009013428,-0.0113705087,8.4823631340,0.0001512606,0.0041612001,1.0000000000,0.0115197585,0.0116081516,-9.5696514413,0.0009021838,-0.0113775633,8.4859581472,0.0001453197,0.0041833248,1.0000000000
86,34188239954133,9.4437,1785360957.494,2,3.5562,0.8697,3.4755,0.6977,3.5158,0.7837,154.86,0.0040,-0.0029,-0.0049,0.0009,-0.0009,-1.65,-0.028840,1.0000,0.0023,0.4995,0.1900,0,frozen,2-tag corner homography,2,1920,1200,0.200000,101;102,1,1,,2-tag corner homography,0.011041,0.489934,101,102,4.749934,4.260000,30,0.050000,0.600000,5.000000,raw-zero-distortion,590.9628888758,0.0000000000,1007.8592059077,0.0000000000,592.3761043005,547.7101609771,0.0000000000,0.0000000000,1.0000000000,-0.0359937509,0.0291287486,0.0062609452,0.0003552766,-0.0208418310,0.0000000000,0.0000000000,0.0000000000,0.0000000000,0.0000000000,1,0.000000,0.000000,73.371,750.866,1,0.836,73.200,751.699,65.914,791.524,8.642,780.159,79.707,716.315,134.528,723.189,-2.843550,0.619122,1.797908,3.420755,-0.001993,0.002198,1,4.260000,0.000000,1773.237,886.284,1,1.162,1772.468,886.537,1844.160,934.551,1760.630,935.471,1705.274,840.030,1784.263,843.269,1.889440,0.835285,1.460341,2.529878,4.258703,0.000402,0.0113459447,0.0112912884,-9.3196698983,0.0008862867,-0.0111766203,8.3368796195,0.0001480376,0.0040830265,1.0000000000,0.0115197585,0.0116081516,-9.5696514413,0.0009021838,-0.0113775633,8.4859581472,0.0001453197,0.0041833248,1.0000000000
87,34188337203155,9.5409,1785360957.600,2,3.5571,0.8682,3.4753,0.6963,3.5162,0.7822,154.57,0.0036,-0.0052,-0.0055,0.0031,-0.0031,-2.22,-0.038794,1.0000,0.0015,0.4995,0.1904,0,frozen,2-tag corner homography,2,1920,1200,0.200000,101;102,1,1,,2-tag corner homography,0.010761,0.490795,101,102,4.750795,4.260000,30,0.050000,0.600000,5.000000,raw-zero-distortion,590.9628888758,0.0000000000,1007.8592059077,0.0000000000,592.3761043005,547.7101609771,0.0000000000,0.0000000000,1.0000000000,-0.0359937509,0.0291287486,0.0062609452,0.0003552766,-0.0208418310,0.0000000000,0.0000000000,0.0000000000,0.0000000000,0.0000000000,1,0.000000,0.000000,73.430,751.137,1,0.868,73.495,751.751,65.771,791.522,8.626,780.223,80.018,716.398,135.452,723.299,-2.838609,0.618399,1.795352,3.415173,-0.001073,0.001469,1,4.260000,0.000000,1773.395,886.496,1,1.209,1772.564,886.683,1844.098,934.486,1760.704,935.526,1705.383,840.332,1784.522,843.509,1.895577,0.838254,1.464900,2.538072,4.258783,-0.000056,0.0114844660,0.0115929974,-9.5605706622,0.0009009445,-0.0113532153,8.4689252443,0.0001426778,0.0041658570,1.0000000000,0.0115197585,0.0116081516,-9.5696514413,0.0009021838,-0.0113775633,8.4859581472,0.0001453197,0.0041833248,1.0000000000
88,34188445355080,9.6491,1785360957.699,2,3.5567,0.8687,3.4755,0.6961,3.5161,0.7824,154.77,0.0020,-0.0050,-0.0039,0.0037,-0.0037,-1.68,-0.029354,1.0000,0.0016,0.4995,0.1907,0,frozen,2-tag corner homography,2,1920,1200,0.200000,101;102,1,1,,2-tag corner homography,0.010875,0.466256,101,102,4.726256,4.260000,30,0.050000,0.600000,5.000000,raw-zero-distortion,590.9628888758,0.0000000000,1007.8592059077,0.0000000000,592.3761043005,547.7101609771,0.0000000000,0.0000000000,1.0000000000,-0.0359937509,0.0291287486,0.0062609452,0.0003552766,-0.0208418310,0.0000000000,0.0000000000,0.0000000000,0.0000000000,0.0000000000,1,0.000000,0.000000,73.136,751.258,1,1.176,73.643,751.595,65.556,791.437,8.665,780.462,79.708,716.422,136.442,722.582,-2.817996,0.613538,1.782598,3.390455,-0.001547,0.001071,1,4.260000,0.000000,1773.510,886.617,1,1.405,1772.473,886.591,1843.737,934.428,1761.013,935.551,1705.070,840.022,1784.516,843.519,1.892122,0.836598,1.462404,2.533505,4.258885,-0.000312,0.0116341338,0.0118233769,-9.7448043721,0.0009111550,-0.0114760445,8.5586372859,0.0001367535,0.0042530894,1.0000000000,0.0115197585,0.0116081516,-9.5696514413,0.0009021838,-0.0113775633,8.4859581472,0.0001453197,0.0041833248,1.0000000000
89,34188547824697,9.7516,1785360957.809,2,3.5570,0.8689,3.4750,0.6963,3.5160,0.7826,154.62,0.0010,-0.0037,-0.0025,0.0029,-0.0029,-0.94,-0.016477,1.0000,0.0019,0.4995,0.1911,0,frozen,2-tag corner homography,2,1920,1200,0.200000,101;102,1,1,,2-tag corner homography,0.010686,0.468448,101,102,4.728448,4.260000,30,0.050000,0.600000,5.000000,raw-zero-distortion,590.9628888758,0.0000000000,1007.8592059077,0.0000000000,592.3761043005,547.7101609771,0.0000000000,0.0000000000,1.0000000000,-0.0359937509,0.0291287486,0.0062609452,0.0003552766,-0.0208418310,0.0000000000,0.0000000000,0.0000000000,0.0000000000,0.0000000000,1,0.000000,0.000000,73.290,750.978,1,1.196,73.689,751.471,65.749,791.437,8.567,780.244,79.751,716.319,136.482,722.405,-2.816975,0.612970,1.782039,3.389210,-0.001902,0.001873,1,4.260000,0.000000,1773.659,886.497,1,1.478,1772.596,886.597,1843.937,934.361,1760.654,935.474,1705.250,839.906,1785.004,843.771,1.895447,0.837948,1.464738,2.537781,4.259361,-0.000010,0.0115865165,0.0116407406,-9.6030063687,0.0009077590,-0.0114259129,8.5199288077,0.0001352486,0.0042288276,1.0000000000,0.0115197585,0.0116081516,-9.5696514413,0.0009021838,-0.0113775633,8.4859581472,0.0001453197,0.0041833248,1.0000000000
90,34188654156631,9.8579,1785360957.908,2,3.5589,0.8682,3.4756,0.6966,3.5173,0.7824,154.11,0.0023,-0.0010,-0.0025,-0.0001,0.0001,-1.26,-0.022057,1.0000,0.0015,0.4995,0.1908,0,frozen,2-tag corner homography,2,1920,1200,0.200000,101;102,1,1,,2-tag corner homography,0.010794,0.492174,101,102,4.752174,4.260000,30,0.050000,0.600000,5.000000,raw-zero-distortion,590.9628888758,0.0000000000,1007.8592059077,0.0000000000,592.3761043005,547.7101609771,0.0000000000,0.0000000000,1.0000000000,-0.0359937509,0.0291287486,0.0062609452,0.0003552766,-0.0208418310,0.0000000000,0.0000000000,0.0000000000,0.0000000000,0.0000000000,1,0.000000,0.000000,73.096,751.301,1,0.927,73.342,751.760,65.647,791.448,8.647,780.362,79.559,716.466,135.413,723.200,-2.838533,0.618310,1.795009,3.414913,-0.001540,0.000947,1,4.260000,0.000000,1773.564,886.588,1,1.350,1772.582,886.644,1843.870,934.474,1760.614,935.370,1705.341,840.122,1784.946,843.713,1.897111,0.838815,1.466051,2.540068,4.259038,-0.000237,0.0114564722,0.0115347236,-9.5130821735,0.0008983435,-0.0113260943,8.4489952531,0.0001430475,0.0041509940,1.0000000000,0.0115197585,0.0116081516,-9.5696514413,0.0009021838,-0.0113775633,8.4859581472,0.0001453197,0.0041833248,1.0000000000
91,34188752999599,9.9567,1785360958.026,2,3.5579,0.8686,3.4752,0.6963,3.5166,0.7825,154.36,0.0025,-0.0004,-0.0024,-0.0007,0.0007,-1.54,-0.026957,1.0000,0.0022,0.4995,0.1912,0,frozen,2-tag corner homography,2,1920,1200,0.200000,101;102,1,1,,2-tag corner homography,0.011069,0.497191,101,102,4.757191,4.260000,30,0.050000,0.600000,5.000000,raw-zero-distortion,590.9628888758,0.0000000000,1007.8592059077,0.0000000000,592.3761043005,547.7101609771,0.0000000000,0.0000000000,1.0000000000,-0.0359937509,0.0291287486,0.0062609452,0.0003552766,-0.0208418310,0.0000000000,0.0000000000,0.0000000000,0.0000000000,0.0000000000,1,0.000000,0.000000,73.060,751.085,1,0.888,73.083,751.764,65.601,791.475,8.607,780.222,79.445,716.511,134.644,723.245,-2.846911,0.619975,1.799809,3.424702,-0.002241,0.001529,1,4.260000,0.000000,1773.361,886.568,1,1.277,1772.441,886.636,1843.893,934.616,1760.634,935.386,1705.139,840.093,1784.563,843.600,1.893395,0.837307,1.463449,2.535293,4.258618,-0.000227,0.0114779420,0.0114572866,-9.4535513542,0.0008986625,-0.0113314407,8.4532521356,0.0001487761,0.0041467748,1.0000000000,0.0115197585,0.0116081516,-9.5696514413,0.0009021838,-0.0113775633,8.4859581472,0.0001453197,0.0041833248,1.0000000000
92,34188878525771,10.0823,1785360958.142,2,3.5578,0.8679,3.4755,0.6958,3.5167,0.7819,154.45,0.0015,-0.0015,-0.0021,0.0007,-0.0007,-0.63,-0.010958,1.0000,0.0014,0.4995,0.1908,0,frozen,2-tag corner homography,2,1920,1200,0.200000,101;102,1,1,,2-tag corner homography,0.010961,0.483225,101,102,4.743225,4.260000,30,0.050000,0.600000,5.000000,raw-zero-distortion,590.9628888758,0.0000000000,1007.8592059077,0.0000000000,592.3761043005,547.7101609771,0.0000000000,0.0000000000,1.0000000000,-0.0359937509,0.0291287486,0.0062609452,0.0003552766,-0.0208418310,0.0000000000,0.0000000000,0.0000000000,0.0000000000,0.0000000000,1,0.000000,0.000000,73.088,751.360,1,0.833,73.284,751.799,65.476,791.491,8.563,780.449,79.725,716.372,135.275,723.324,-2.836203,0.617881,1.793426,3.412067,-0.001395,0.000783,1,4.260000,0.000000,1773.412,886.492,1,1.401,1772.410,886.582,1843.810,934.532,1760.723,935.516,1705.055,839.845,1784.511,843.610,1.890345,0.835858,1.461151,2.531210,4.258825,-0.000044,0.0115419787,0.0116146636,-9.5792981528,0.0009024115,-0.0113846325,8.4931663059,0.0001445546,0.0041889016,1.0000000000,0.0115197585,0.0116081516,-9.5696514413,0.0009021838,-0.0113775633,8.4859581472,0.0001453197,0.0041833248,1.0000000000
93,34188985670806,10.1894,1785360958.240,2,3.5595,0.8673,3.4755,0.6960,3.5175,0.7817,153.87,0.0011,-0.0021,-0.0019,0.0014,-0.0014,-0.58,-0.010198,1.0000,0.0020,0.4995,0.1908,0,frozen,2-tag corner homography,2,1920,1200,0.200000,101;102,1,1,,2-tag corner homography,0.011126,0.493010,101,102,4.753010,4.260000,30,0.050000,0.600000,5.000000,raw-zero-distortion,590.9628888758,0.0000000000,1007.8592059077,0.0000000000,592.3761043005,547.7101609771,0.0000000000,0.0000000000,1.0000000000,-0.0359937509,0.0291287486,0.0062609452,0.0003552766,-0.0208418310,0.0000000000,0.0000000000,0.0000000000,0.0000000000,0.0000000000,1,0.000000,0.000000,73.266,751.050,1,0.769,73.203,751.722,65.674,791.439,8.457,780.258,79.798,716.297,134.820,723.310,-2.841410,0.618728,1.796561,3.418196,-0.001768,0.001670,1,4.260000,0.000000,1773.267,886.485,1,1.212,1772.427,886.639,1843.861,934.360,1760.891,935.577,1705.260,840.365,1784.132,843.385,1.894925,0.838006,1.464658,2.537365,4.258516,-0.000053,0.0114133990,0.0112345545,-9.2822792257,0.0008931310,-0.0112614349,8.4007185537,0.0001426677,0.0041217230,1.0000000000,0.0115197585,0.0116081516,-9.5696514413,0.0009021838,-0.0113775633,8.4859581472,0.0001453197,0.0041833248,1.0000000000
94,34189083245405,10.2870,1785360958.351,2,3.5604,0.8671,3.4759,0.6960,3.5182,0.7816,153.71,0.0035,-0.0024,-0.0042,0.0006,-0.0006,-1.58,-0.027662,1.0000,0.0020,0.4995,0.1908,0,frozen,2-tag corner homography,2,1920,1200,0.200000,101;102,1,1,,2-tag corner homography,0.011106,0.502550,101,102,4.762550,4.260000,30,0.050000,0.600000,5.000000,raw-zero-distortion,590.9628888758,0.0000000000,1007.8592059077,0.0000000000,592.3761043005,547.7101609771,0.0000000000,0.0000000000,1.0000000000,-0.0359937509,0.0291287486,0.0062609452,0.0003552766,-0.0208418310,0.0000000000,0.0000000000,0.0000000000,0.0000000000,0.0000000000,1,0.000000,0.000000,73.033,751.199,1,0.883,73.108,751.819,65.634,791.439,8.590,780.287,79.393,716.610,134.765,723.334,-2.849176,0.620650,1.801290,3.427485,-0.001998,0.001212,1,4.260000,0.000000,1773.214,886.365,1,1.189,1772.435,886.644,1844.110,934.450,1760.769,935.407,1705.284,840.292,1784.067,843.593,1.896542,0.838726,1.465892,2.539522,4.258550,0.000212,0.0115605931,0.0116631094,-9.6152603366,0.0009077667,-0.0114474195,8.5402286714,0.0001454486,0.0041976763,1.0000000000,0.0115197585,0.0116081516,-9.5696514413,0.0009021838,-0.0113775633,8.4859581472,0.0001453197,0.0041833248,1.0000000000
95,34189203551496,10.4073,1785360958.468,2,3.5604,0.8663,3.4754,0.6973,3.5179,0.7818,153.29,0.0038,-0.0009,-0.0038,-0.0009,0.0009,-2.81,-0.049119,1.0000,0.0021,0.4995,0.1892,0,frozen,2-tag corner homography,2,1920,1200,0.200000,101;102,1,1,,2-tag corner homography,0.011319,0.497088,101,102,4.757088,4.260000,30,0.050000,0.600000,5.000000,raw-zero-distortion,590.9628888758,0.0000000000,1007.8592059077,0.0000000000,592.3761043005,547.7101609771,0.0000000000,0.0000000000,1.0000000000,-0.0359937509,0.0291287486,0.0062609452,0.0003552766,-0.0208418310,0.0000000000,0.0000000000,0.0000000000,0.0000000000,0.0000000000,1,0.000000,0.000000,72.969,751.111,1,0.914,73.049,751.747,65.427,791.371,8.504,780.195,79.435,716.597,134.760,723.234,-2.848668,0.620284,1.800854,3.426767,-0.002421,0.001439,1,4.260000,0.000000,1773.535,886.506,1,1.405,1772.514,886.529,1843.720,934.407,1761.064,935.488,1705.217,839.880,1784.483,843.504,1.891411,0.836086,1.461775,2.532442,4.259078,-0.000054,0.0115895994,0.0116669560,-9.6187989563,0.0009075459,-0.0114518448,8.5429391660,0.0001478911,0.0042067509,1.0000000000,0.0115197585,0.0116081516,-9.5696514413,0.0009021838,-0.0113775633,8.4859581472,0.0001453197,0.0041833248,1.0000000000
96,34189314308787,10.5180,1785360958.578,2,3.5609,0.8665,3.4758,0.6957,3.5183,0.7811,153.52,0.0026,-0.0012,-0.0028,-0.0001,0.0001,-1.86,-0.032523,1.0000,0.0019,0.4995,0.1909,0,frozen,2-tag corner homography,2,1920,1200,0.200000,101;102,1,1,,2-tag corner homography,0.010729,0.463317,101,102,4.723317,4.260000,30,0.050000,0.600000,5.000000,raw-zero-distortion,590.9628888758,0.0000000000,1007.8592059077,0.0000000000,592.3761043005,547.7101609771,0.0000000000,0.0000000000,1.0000000000,-0.0359937509,0.0291287486,0.0062609452,0.0003552766,-0.0208418310,0.0000000000,0.0000000000,0.0000000000,0.0000000000,0.0000000000,1,0.000000,0.000000,73.175,751.123,1,1.254,73.713,751.486,65.566,791.412,8.586,780.342,79.740,716.358,136.724,722.373,-2.813610,0.612300,1.779957,3.385197,-0.001819,0.001452,1,4.260000,0.000000,1773.310,886.473,1,1.264,1772.414,886.579,1843.820,934.435,1760.708,935.434,1705.187,840.135,1784.384,843.450,1.893734,0.837346,1.463763,2.535741,4.258625,-0.000020,0.0116068357,0.0118341708,-9.7503930176,0.0009102685,-0.0114559059,8.5422615101,0.0001334029,0.0042479011,1.0000000000,0.0115197585,0.0116081516,-9.5696514413,0.0009021838,-0.0113775633,8.4859581472,0.0001453197,0.0041833248,1.0000000000
97,34189423954887,10.6277,1785360958.679,2,3.5620,0.8649,3.4759,0.6962,3.5190,0.7805,152.96,0.0025,-0.0026,-0.0034,0.0012,-0.0012,-1.81,-0.031564,1.0000,0.0014,0.4995,0.1894,0,frozen,2-tag corner homography,2,1920,1200,0.200000,101;102,1,1,,2-tag corner homography,0.010906,0.488434,101,102,4.748434,4.260000,30,0.050000,0.600000,5.000000,raw-zero-distortion,590.9628888758,0.0000000000,1007.8592059077,0.0000000000,592.3761043005,547.7101609771,0.0000000000,0.0000000000,1.0000000000,-0.0359937509,0.0291287486,0.0062609452,0.0003552766,-0.0208418310,0.0000000000,0.0000000000,0.0000000000,0.0000000000,0.0000000000,1,0.000000,0.000000,73.108,751.313,1,0.842,73.283,751.787,65.626,791.465,8.595,780.384,79.614,716.395,135.212,723.328,-2.839673,0.618599,1.795618,3.416233,-0.001471,0.000916,1,4.260000,0.000000,1773.515,886.526,1,1.348,1772.548,886.604,1843.850,934.514,1760.776,935.515,1705.299,839.984,1784.693,843.543,1.892025,0.836506,1.462186,2.533276,4.259010,-0.000104,0.0114269881,0.0114838586,-9.4723216941,0.0008942400,-0.0112797112,8.4147543831,0.0001434112,0.0041352178,1.0000000000,0.0115197585,0.0116081516,-9.5696514413,0.0009021838,-0.0113775633,8.4859581472,0.0001453197,0.0041833248,1.0000000000
98,34189523411135,10.7271,1785360958.792,2,3.5624,0.8659,3.4762,0.6966,3.5193,0.7813,153.01,0.0037,-0.0023,-0.0044,0.0003,-0.0003,-1.50,-0.026109,1.0000,0.0022,0.4995,0.1901,0,frozen,2-tag corner homography,2,1920,1200,0.200000,101;102,1,1,,2-tag corner homography,0.010896,0.507812,101,102,4.767812,4.260000,30,0.050000,0.600000,5.000000,raw-zero-distortion,590.9628888758,0.0000000000,1007.8592059077,0.0000000000,592.3761043005,547.7101609771,0.0000000000,0.0000000000,1.0000000000,-0.0359937509,0.0291287486,0.0062609452,0.0003552766,-0.0208418310,0.0000000000,0.0000000000,0.0000000000,0.0000000000,0.0000000000,1,0.000000,0.000000,73.079,750.986,1,0.983,73.118,751.725,65.596,791.531,8.596,779.886,79.438,716.535,134.790,723.329,-2.853251,0.621259,1.803885,3.432347,-0.002465,0.001805,1,4.260000,0.000000,1773.542,886.349,1,1.277,1772.677,886.583,1844.201,934.240,1760.855,935.474,1705.501,840.232,1784.608,843.501,1.897615,0.838784,1.466258,2.540554,4.259290,0.000308,0.0113902321,0.0114036160,-9.4066114882,0.0008942449,-0.0112779890,8.4129143988,0.0001446003,0.0041145901,1.0000000000,0.0115197585,0.0116081516,-9.5696514413,0.0009021838,-0.0113775633,8.4859581472,0.0001453197,0.0041833248,1.0000000000
99,34189641414541,10.8451,1785360958.908,2,3.5640,0.8650,3.4765,0.6957,3.5203,0.7803,152.67,0.0050,-0.0018,-0.0053,-0.0007,0.0007,-2.06,-0.035871,1.0000,0.0017,0.4995,0.1905,0,frozen,2-tag corner homography,2,1920,1200,0.200000,101;102,1,1,,2-tag corner homography,0.011139,0.485371,101,102,4.745371,4.260000,30,0.050000,0.600000,5.000000,raw-zero-distortion,590.9628888758,0.0000000000,1007.8592059077,0.0000000000,592.3761043005,547.7101609771,0.0000000000,0.0000000000,1.0000000000,-0.0359937509,0.0291287486,0.0062609452,0.0003552766,-0.0208418310,0.0000000000,0.0000000000,0.0000000000,0.0000000000,0.0000000000,1,0.000000,0.000000,72.972,751.301,1,0.819,73.143,751.755,65.194,791.499,8.647,780.431,79.748,716.279,134.920,723.247,-2.834700,0.617326,1.792204,3.410075,-0.001881,0.000918,1,4.260000,0.000000,1773.354,886.504,1,1.259,1772.463,886.618,1843.771,934.486,1760.634,935.449,1705.332,840.154,1784.531,843.499,1.894182,0.837587,1.464015,2.536300,4.258684,-0.000082,0.0114556639,0.0115137103,-9.4950406091,0.0008957789,-0.0112953866,8.4261696000,0.0001482790,0.0041396548,1.0000000000,0.0115197585,0.0116081516,-9.5696514413,0.0009021838,-0.0113775633,8.4859581472,0.0001453197,0.0041833248,1.0000000000
100,34189752271103,10.9560,1785360959.006,2,3.5641,0.8645,3.4763,0.6950,3.5202,0.7797,152.62,0.0045,-0.0027,-0.0052,0.0003,-0.0003,-1.54,-0.026947,1.0000,0.0018,0.4995,0.1909,0,frozen,2-tag corner homography,2,1920,1200,0.200000,101;102,1,1,,2-tag corner homography,0.010941,0.488216,101,102,4.748216,4.260000,30,0.050000,0.600000,5.000000,raw-zero-distortion,590.9628888758,0.0000000000,1007.8592059077,0.0000000000,592.3761043005,547.7101609771,0.0000000000,0.0000000000,1.0000000000,-0.0359937509,0.0291287486,0.0062609452,0.0003552766,-0.0208418310,0.0000000000,0.0000000000,0.0000000000,0.0000000000,0.0000000000,1,0.000000,0.000000,73.119,751.183,1,0.876,73.251,751.732,65.629,791.423,8.453,780.324,79.588,716.425,135.230,723.193,-2.838989,0.618264,1.795124,3.415345,-0.001805,0.001275,1,4.260000,0.000000,1773.399,886.540,1,1.282,1772.488,886.640,1843.836,934.524,1760.785,935.548,1705.281,840.135,1784.479,843.492,1.892527,0.836882,1.462687,2.534065,4.258737,-0.000155,0.0114975516,0.0116691723,-9.6158203809,0.0009015107,-0.0113620838,8.4754463361,0.0001422022,0.0041760223,1.0000000000,0.0115197585,0.0116081516,-9.5696514413,0.0009021838,-0.0113775633,8.4859581472,0.0001453197,0.0041833248,1.0000000000
101,34189855110528,11.0588,1785360959.121,2,3.5647,0.8639,3.4771,0.6957,3.5209,0.7798,152.50,0.0044,-0.0038,-0.0056,0.0014,-0.0014,-1.48,-0.025768,1.0000,0.0018,0.4995,0.1896,0,frozen,2-tag corner homography,2,1920,1200,0.200000,101;102,1,1,,2-tag corner homography,0.011256,0.491888,101,102,4.751888,4.260000,30,0.050000,0.600000,5.000000,raw-zero-distortion,590.9628888758,0.0000000000,1007.8592059077,0.0000000000,592.3761043005,547.7101609771,0.0000000000,0.0000000000,1.0000000000,-0.0359937509,0.0291287486,0.0062609452,0.0003552766,-0.0208418310,0.0000000000,0.0000000000,0.0000000000,0.0000000000,0.0000000000,1,0.000000,0.000000,73.101,751.197,1,0.788,73.108,751.810,65.511,791.495,8.523,780.457,79.650,716.421,134.701,723.286,-2.839748,0.618569,1.795329,3.416138,-0.001816,0.001233,1,4.260000,0.000000,1773.371,886.481,1,1.282,1772.466,886.601,1843.606,934.354,1760.745,935.475,1705.447,840.184,1784.452,843.484,1.895562,0.838150,1.465076,2.538129,4.258749,-0.000027,0.0114199959,0.0115439140,-9.5153526968,0.0008942806,-0.0112812799,8.4162070337,0.0001453146,0.0041305856,1.0000000000,0.0115197585,0.0116081516,-9.5696514413,0.0009021838,-0.0113775633,8.4859581472,0.0001453197,0.0041833248,1.0000000000
102,34189962619015,11.1664,1785360959.217,2,3.5653,0.8645,3.4766,0.6965,3.5210,0.7805,152.16,0.0033,-0.0011,-0.0034,-0.0006,0.0006,-1.51,-0.026368,1.0000,0.0019,0.4995,0.1900,0,frozen,2-tag corner homography,2,1920,1200,0.200000,101;102,1,1,,2-tag corner homography,0.011051,0.471768,101,102,4.731768,4.260000,30,0.050000,0.600000,5.000000,raw-zero-distortion,590.9628888758,0.0000000000,1007.8592059077,0.0000000000,592.3761043005,547.7101609771,0.0000000000,0.0000000000,1.0000000000,-0.0359937509,0.0291287486,0.0062609452,0.0003552766,-0.0208418310,0.0000000000,0.0000000000,0.0000000000,0.0000000000,0.0000000000,1,0.000000,0.000000,73.020,751.165,1,1.311,73.572,751.559,65.312,791.491,8.627,780.179,79.644,716.511,136.481,722.571,-2.822501,0.614361,1.785311,3.395775,-0.002129,0.001302,1,4.260000,0.000000,1773.468,886.519,1,1.238,1772.595,886.623,1843.763,934.505,1761.066,935.520,1705.564,840.165,1784.372,843.433,1.893017,0.836939,1.462862,2.534551,4.258914,-0.000094,0.0115812342,0.0117972202,-9.7199710436,0.0009089316,-0.0114443200,8.5346432675,0.0001323843,0.0042377165,1.0000000000,0.0115197585,0.0116081516,-9.5696514413,0.0009021838,-0.0113775633,8.4859581472,0.0001453197,0.0041833248,1.0000000000
103,34190055086419,11.2588,1785360959.309,2,3.5662,0.8639,3.4762,0.6968,3.5212,0.7804,151.70,0.0031,0.0010,-0.0023,-0.0024,0.0024,-2.40,-0.041892,1.0000,0.0021,0.4995,0.1898,0,frozen,2-tag corner homography,2,1920,1200,0.200000,101;102,1,1,,2-tag corner homography,0.010863,0.502316,101,102,4.762316,4.260000,30,0.050000,0.600000,5.000000,raw-zero-distortion,590.9628888758,0.0000000000,1007.8592059077,0.0000000000,592.3761043005,547.7101609771,0.0000000000,0.0000000000,1.0000000000,-0.0359937509,0.0291287486,0.0062609452,0.0003552766,-0.0208418310,0.0000000000,0.0000000000,0.0000000000,0.0000000000,0.0000000000,1,0.000000,0.000000,72.872,751.214,1,1.063,73.179,751.710,65.303,791.453,8.692,780.063,79.390,716.559,135.235,723.182,-2.845808,0.619634,1.799296,3.423454,-0.002402,0.001135,1,4.260000,0.000000,1773.367,886.436,1,1.231,1772.525,886.644,1844.101,934.274,1760.680,935.422,1705.324,840.419,1784.470,843.564,1.899872,0.840098,1.468295,2.543849,4.258796,0.000076,0.0115432409,0.0117221352,-9.6578564856,0.0009077128,-0.0114383473,8.5321371146,0.0001461403,0.0041910334,1.0000000000,0.0115197585,0.0116081516,-9.5696514413,0.0009021838,-0.0113775633,8.4859581472,0.0001453197,0.0041833248,1.0000000000
104,34190149251935,11.3530,1785360959.404,2,3.5669,0.8634,3.4767,0.6961,3.5218,0.7798,151.66,0.0030,0.0003,-0.0025,-0.0017,0.0017,-2.80,-0.048828,1.0000,0.0021,0.4995,0.1900,0,frozen,2-tag corner homography,2,1920,1200,0.200000,101;102,1,0,world_rms>0.050,2-tag corner homography,0.607030,0.481361,101,102,4.741361,4.260000,30,0.050000,0.600000,5.000000,raw-zero-distortion,590.9628888758,0.0000000000,1007.8592059077,0.0000000000,592.3761043005,547.7101609771,0.0000000000,0.0000000000,1.0000000000,-0.0359937509,0.0291287486,0.0062609452,0.0003552766,-0.0208418310,0.0000000000,0.0000000000,0.0000000000,0.0000000000,0.0000000000,1,0.000000,0.000000,73.134,751.043,1,1.114,73.440,751.580,65.523,791.471,8.631,780.137,79.655,716.406,135.804,722.776,-2.830349,0.616046,1.790023,3.405080,-0.002153,0.001661,1,4.260000,0.000000,1773.446,886.470,1,1.382,1772.462,886.584,1844.006,934.316,1760.729,935.521,1705.034,840.081,1784.570,843.567,1.894618,0.837697,1.464353,2.536857,4.258928,0.000012,0.0006890111,-0.0074368460,5.4393337278,-0.0000018244,0.0000034733,-0.0010778048,0.0004531124,-0.0020167740,1.0000000000,0.0115197585,0.0116081516,-9.5696514413,0.0009021838,-0.0113775633,8.4859581472,0.0001453197,0.0041833248,1.0000000000
105,34190249242420,11.4530,1785360959.542,2,3.5669,0.8624,3.4760,0.6956,3.5215,0.7790,151.40,0.0026,-0.0031,-0.0037,0.0015,-0.0015,-2.57,-0.044796,1.0000,0.0021,0.4995,0.1900,0,frozen,2-tag corner homography,2,1920,1200,0.200000,101;102,1,1,,2-tag corner homography,0.011714,0.482312,101,102,4.742312,4.260000,30,0.050000,0.600000,5.000000,raw-zero-distortion,590.9628888758,0.0000000000,1007.8592059077,0.0000000000,592.3761043005,547.7101609771,0.0000000000,0.0000000000,1.0000000000,-0.0359937509,0.0291287486,0.0062609452,0.0003552766,-0.0208418310,0.0000000000,0.0000000000,0.0000000000,0.0000000000,0.0000000000,1,0.000000,0.000000,72.986,751.095,1,1.085,73.268,751.636,65.361,791.471,8.575,780.247,79.523,716.482,135.487,722.808,-2.831940,0.616449,1.790699,3.406831,-0.002418,0.001486,1,4.260000,0.000000,1773.452,886.329,1,1.253,1772.611,886.586,1844.371,934.438,1760.699,935.465,1705.304,840.101,1784.567,843.501,1.893918,0.837229,1.463527,2.535703,4.259116,0.000336,0.0115498508,0.0122190240,-10.0320636321,0.0009073827,-0.0114217235,8.5180735653,0.0001477793,0.0042087413,1.0000000000,0.0115197585,0.0116081516,-9.5696514413,0.0009021838,-0.0113775633,8.4859581472,0.0001453197,0.0041833248,1.0000000000
106,34190395924404,11.5997,1785360959.650,2,3.5680,0.8627,3.4762,0.6965,3.5221,0.7796,151.07,0.0022,-0.0026,-0.0032,0.0012,-0.0012,-2.08,-0.036378,1.0000,0.0016,0.4995,0.1899,0,frozen,2-tag corner homography,2,1920,1200,0.200000,101;102,1,1,,2-tag corner homography,0.011210,0.492962,101,102,4.752962,4.260000,30,0.050000,0.600000,5.000000,raw-zero-distortion,590.9628888758,0.0000000000,1007.8592059077,0.0000000000,592.3761043005,547.7101609771,0.0000000000,0.0000000000,1.0000000000,-0.0359937509,0.0291287486,0.0062609452,0.0003552766,-0.0208418310,0.0000000000,0.0000000000,0.0000000000,0.0000000000,0.0000000000,1,0.000000,0.000000,73.120,751.231,1,0.722,73.121,751.797,65.436,791.374,8.527,780.409,79.788,716.396,134.677,723.424,-2.843713,0.619403,1.797861,3.420916,-0.001668,0.001144,1,4.260000,0.000000,1773.514,886.559,1,1.373,1772.507,886.555,1843.802,934.323,1761.123,935.572,1705.121,840.083,1784.427,843.391,1.892430,0.836606,1.462576,2.533837,4.258964,-0.000179,0.0115653647,0.0116272571,-9.5886326327,0.0009045324,-0.0114150167,8.5159617033,0.0001507361,0.0041883116,1.0000000000,0.0115197585,0.0116081516,-9.5696514413,0.0009021838,-0.0113775633,8.4859581472,0.0001453197,0.0041833248,1.0000000000
107,34190489016690,11.6927,1785360959.744,2,3.5682,0.8620,3.4771,0.6955,3.5226,0.7788,151.31,0.0025,-0.0022,-0.0032,0.0007,-0.0007,-1.58,-0.027555,1.0000,0.0017,0.4995,0.1898,0,frozen,2-tag corner homography,2,1920,1200,0.200000,101;102,1,1,,2-tag corner homography,0.011179,0.482099,101,102,4.742099,4.260000,30,0.050000,0.600000,5.000000,raw-zero-distortion,590.9628888758,0.0000000000,1007.8592059077,0.0000000000,592.3761043005,547.7101609771,0.0000000000,0.0000000000,1.0000000000,-0.0359937509,0.0291287486,0.0062609452,0.0003552766,-0.0208418310,0.0000000000,0.0000000000,0.0000000000,0.0000000000,0.0000000000,1,0.000000,0.000000,73.188,751.193,1,0.986,73.440,751.692,65.629,791.503,8.528,780.255,79.713,716.394,135.744,723.077,-2.833110,0.616987,1.791769,3.408463,-0.001584,0.001262,1,4.260000,0.000000,1773.371,886.507,1,1.276,1772.458,886.592,1843.858,934.501,1760.698,935.469,1705.201,840.090,1784.516,843.448,1.892449,0.836762,1.462684,2.533965,4.258717,-0.000085,0.0126073139,0.0126942301,-10.4696366258,0.0009860475,-0.0124377386,9.2773886864,0.0001446321,0.0047064877,1.0000000000,0.0115197585,0.0116081516,-9.5696514413,0.0009021838,-0.0113775633,8.4859581472,0.0001453197,0.0041833248,1.0000000000
108,34190582306159,11.7860,1785360959.837,2,3.5685,0.8617,3.4765,0.6955,3.5225,0.7786,151.04,0.0030,-0.0019,-0.0035,0.0002,-0.0002,-1.14,-0.019881,1.0000,0.0020,0.4995,0.1900,0,frozen,2-tag corner homography,2,1920,1200,0.200000,101;102,1,1,,2-tag corner homography,0.011072,0.497928,101,102,4.757928,4.260000,30,0.050000,0.600000,5.000000,raw-zero-distortion,590.9628888758,0.0000000000,1007.8592059077,0.0000000000,592.3761043005,547.7101609771,0.0000000000,0.0000000000,1.0000000000,-0.0359937509,0.0291287486,0.0062609452,0.0003552766,-0.0208418310,0.0000000000,0.0000000000,0.0000000000,0.0000000000,0.0000000000,1,0.000000,0.000000,73.054,751.149,1,0.857,73.106,751.772,65.523,791.478,8.606,780.101,79.534,716.448,134.717,723.448,-2.850551,0.620807,1.802155,3.429111,-0.002079,0.001353,1,4.260000,0.000000,1773.276,886.345,1,1.130,1772.526,886.582,1844.101,934.612,1760.769,935.467,1705.433,840.110,1784.234,843.303,1.890253,0.835691,1.460858,2.530917,4.258710,0.000269,0.0115690409,0.0116673027,-9.6184217602,0.0009062397,-0.0114314103,8.5277817647,0.0001468613,0.0041993098,1.0000000000,0.0115197585,0.0116081516,-9.5696514413,0.0009021838,-0.0113775633,8.4859581472,0.0001453197,0.0041833248,1.0000000000
109,34190675376072,11.8791,1785360959.929,2,3.5687,0.8620,3.4768,0.6965,3.5228,0.7793,150.94,0.0024,-0.0015,-0.0028,0.0001,-0.0001,-0.90,-0.015764,1.0000,0.0017,0.4995,0.1893,0,frozen,2-tag corner homography,2,1920,1200,0.200000,101;102,1,1,,2-tag corner homography,0.010640,0.464248,101,102,4.724248,4.260000,30,0.050000,0.600000,5.000000,raw-zero-distortion,590.9628888758,0.0000000000,1007.8592059077,0.0000000000,592.3761043005,547.7101609771,0.0000000000,0.0000000000,1.0000000000,-0.0359937509,0.0291287486,0.0062609452,0.0003552766,-0.0208418310,0.0000000000,0.0000000000,0.0000000000,0.0000000000,0.0000000000,1,0.000000,0.000000,73.162,751.166,1,1.238,73.664,751.564,65.630,791.512,8.635,780.398,79.649,716.416,136.535,722.457,-2.815571,0.612929,1.781104,3.387544,-0.001732,0.001331,1,4.260000,0.000000,1773.399,886.345,1,1.326,1772.493,886.564,1844.171,934.388,1760.681,935.521,1705.134,840.004,1784.477,843.511,1.892622,0.836731,1.462753,2.534124,4.258981,0.000290,0.0116181717,0.0118049079,-9.7295554594,0.0009095038,-0.0114542646,8.5419924720,0.0001375820,0.0042437854,1.0000000000,0.0115197585,0.0116081516,-9.5696514413,0.0009021838,-0.0113775633,8.4859581472,0.0001453197,0.0041833248,1.0000000000
110,34190767642775,11.9714,1785360960.027,2,3.5704,0.8613,3.4775,0.6978,3.5240,0.7796,150.40,0.0037,0.0013,-0.0026,-0.0030,0.0030,-2.15,-0.037522,1.0000,0.0015,0.4995,0.1880,0,frozen,2-tag corner homography,2,1920,1200,0.200000,101;102,1,1,,2-tag corner homography,0.011142,0.489834,101,102,4.749834,4.260000,30,0.050000,0.600000,5.000000,raw-zero-distortion,590.9628888758,0.0000000000,1007.8592059077,0.0000000000,592.3761043005,547.7101609771,0.0000000000,0.0000000000,1.0000000000,-0.0359937509,0.0291287486,0.0062609452,0.0003552766,-0.0208418310,0.0000000000,0.0000000000,0.0000000000,0.0000000000,0.0000000000,1,0.000000,0.000000,72.991,751.359,1,0.749,73.109,751.819,65.277,791.451,8.610,780.481,79.728,716.351,134.770,723.416,-2.839880,0.618627,1.795415,3.416304,-0.001665,0.000763,1,4.260000,0.000000,1773.420,886.503,1,1.278,1772.518,886.623,1843.947,934.497,1760.806,935.501,1705.277,840.131,1784.489,843.508,1.893281,0.837141,1.463213,2.535017,4.258829,-0.000068,0.0115295211,0.0115728797,-9.5452625212,0.0009014379,-0.0113722412,8.4842972877,0.0001505859,0.0041704387,1.0000000000,0.0115197585,0.0116081516,-9.5696514413,0.0009021838,-0.0113775633,8.4859581472,0.0001453197,0.0041833248,1.0000000000
111,34190866021069,12.0698,1785360960.120,2,3.5711,0.8609,3.4781,0.6958,3.5246,0.7783,150.61,0.0064,0.0001,-0.0055,-0.0033,0.0033,-2.02,-0.035190,1.0000,0.0020,0.4995,0.1895,0,frozen,2-tag corner homography,2,1920,1200,0.200000,101;102,1,1,,2-tag corner homography,0.011223,0.494944,101,102,4.754944,4.260000,30,0.050000,0.600000,5.000000,raw-zero-distortion,590.9628888758,0.0000000000,1007.8592059077,0.0000000000,592.3761043005,547.7101609771,0.0000000000,0.0000000000,1.0000000000,-0.0359937509,0.0291287486,0.0062609452,0.0003552766,-0.0208418310,0.0000000000,0.0000000000,0.0000000000,0.0000000000,0.0000000000,1,0.000000,0.000000,73.111,751.107,1,0.786,73.092,751.746,65.506,791.421,8.487,780.300,79.663,716.373,134.660,723.302,-2.843172,0.619111,1.797462,3.420204,-0.002040,0.001482,1,4.260000,0.000000,1773.470,886.544,1,1.294,1772.537,886.596,1843.690,934.427,1760.892,935.422,1705.421,840.140,1784.545,843.508,1.895058,0.837839,1.464551,2.537347,4.258889,-0.000152,0.0114135051,0.0114387821,-9.4348853651,0.0008940661,-0.0112760267,8.4117091492,0.0001447854,0.0041254332,1.0000000000,0.0115197585,0.0116081516,-9.5696514413,0.0009021838,-0.0113775633,8.4859581472,0.0001453197,0.0041833248,1.0000000000
112,34190959041704,12.1628,1785360960.216,2,3.5708,0.8607,3.4770,0.6961,3.5239,0.7784,150.34,0.0052,-0.0023,-0.0057,-0.0006,0.0006,-1.81,-0.031606,1.0000,0.0016,0.4995,0.1894,0,frozen,2-tag corner homography,2,1920,1200,0.200000,101;102,1,1,,2-tag corner homography,0.010924,0.488266,101,102,4.748266,4.260000,30,0.050000,0.600000,5.000000,raw-zero-distortion,590.9628888758,0.0000000000,1007.8592059077,0.0000000000,592.3761043005,547.7101609771,0.0000000000,0.0000000000,1.0000000000,-0.0359937509,0.0291287486,0.0062609452,0.0003552766,-0.0208418310,0.0000000000,0.0000000000,0.0000000000,0.0000000000,0.0000000000,1,0.000000,0.000000,73.085,751.238,1,0.901,73.291,751.723,65.561,791.394,8.474,780.277,79.607,716.428,135.400,723.231,-2.839766,0.618432,1.795692,3.416319,-0.001744,0.001116,1,4.260000,0.000000,1773.617,886.541,1,1.314,1772.696,886.673,1844.206,934.592,1761.152,935.612,1705.366,840.080,1784.528,843.591,1.891720,0.836379,1.461668,2.532708,4.259215,-0.000118,0.0115765480,0.0116857356,-9.6344089460,0.0009079036,-0.0114415676,8.5346949113,0.0001412000,0.0042146018,1.0000000000,0.0115197585,0.0116081516,-9.5696514413,0.0009021838,-0.0113775633,8.4859581472,0.0001453197,0.0041833248,1.0000000000
113,34191064170071,12.2679,1785360960.332,2,3.5712,0.8598,3.4773,0.6964,3.5242,0.7781,150.11,0.0020,-0.0036,-0.0036,0.0021,-0.0021,-1.41,-0.024610,1.0000,0.0015,0.4995,0.1884,0,frozen,2-tag corner homography,2,1920,1200,0.200000,101;102,1,1,,2-tag corner homography,0.011139,0.495065,101,102,4.755065,4.260000,30,0.050000,0.600000,5.000000,raw-zero-distortion,590.9628888758,0.0000000000,1007.8592059077,0.0000000000,592.3761043005,547.7101609771,0.0000000000,0.0000000000,1.0000000000,-0.0359937509,0.0291287486,0.0062609452,0.0003552766,-0.0208418310,0.0000000000,0.0000000000,0.0000000000,0.0000000000,0.0000000000,1,0.000000,0.000000,73.033,751.318,1,0.787,73.104,751.865,65.533,791.481,8.509,780.425,79.536,716.497,134.779,723.465,-2.845161,0.619915,1.798742,3.422675,-0.001663,0.000885,1,4.260000,0.000000,1773.489,886.349,1,1.349,1772.540,886.482,1843.821,934.333,1760.839,935.387,1705.372,839.876,1784.550,843.473,1.893082,0.836681,1.463018,2.534604,4.259173,0.000298,0.0114980173,0.0116108509,-9.5719002145,0.0008995458,-0.0113630563,8.4779603258,0.0001457541,0.0041674643,1.0000000000,0.0115197585,0.0116081516,-9.5696514413,0.0009021838,-0.0113775633,8.4859581472,0.0001453197,0.0041833248,1.0000000000
114,34191171743623,12.3755,1785360960.426,2,3.5717,0.8596,3.4780,0.6957,3.5249,0.7776,150.23,0.0014,-0.0028,-0.0026,0.0017,-0.0017,-1.33,-0.023260,1.0000,0.0021,0.4995,0.1887,0,frozen,2-tag corner homography,2,1920,1200,0.200000,101;102,1,1,,2-tag corner homography,0.010598,0.470468,101,102,4.730468,4.260000,30,0.050000,0.600000,5.000000,raw-zero-distortion,590.9628888758,0.0000000000,1007.8592059077,0.0000000000,592.3761043005,547.7101609771,0.0000000000,0.0000000000,1.0000000000,-0.0359937509,0.0291287486,0.0062609452,0.0003552766,-0.0208418310,0.0000000000,0.0000000000,0.0000000000,0.0000000000,0.0000000000,1,0.000000,0.000000,73.344,750.931,1,1.178,73.673,751.496,65.825,791.490,8.536,780.227,79.758,716.341,136.373,722.440,-2.818294,0.613322,1.782842,3.390792,-0.001883,0.002013,1,4.260000,0.000000,1773.494,886.596,1,1.303,1772.550,886.655,1843.990,934.546,1760.637,935.365,1705.231,840.165,1784.811,843.672,1.896136,0.838447,1.465359,2.538819,4.258876,-0.000267,0.0115120056,0.0116591681,-9.6114506324,0.0009036078,-0.0113674257,8.4764075457,0.0001337860,0.0041986444,1.0000000000,0.0115197585,0.0116081516,-9.5696514413,0.0009021838,-0.0113775633,8.4859581472,0.0001453197,0.0041833248,1.0000000000
115,34191267603344,12.4713,1785360960.532,2,3.5727,0.8594,3.4768,0.6961,3.5248,0.7777,149.60,0.0024,-0.0026,-0.0034,0.0011,-0.0011,-1.73,-0.030242,1.0000,0.0016,0.4995,0.1893,0,frozen,2-tag corner homography,2,1920,1200,0.200000,101;102,1,1,,2-tag corner homography,0.011208,0.485185,101,102,4.745185,4.260000,30,0.050000,0.600000,5.000000,raw-zero-distortion,590.9628888758,0.0000000000,1007.8592059077,0.0000000000,592.3761043005,547.7101609771,0.0000000000,0.0000000000,1.0000000000,-0.0359937509,0.0291287486,0.0062609452,0.0003552766,-0.0208418310,0.0000000000,0.0000000000,0.0000000000,0.0000000000,0.0000000000,1,0.000000,0.000000,73.071,751.269,1,0.706,73.119,751.773,65.441,791.370,8.553,780.477,79.724,716.300,134.709,723.364,-2.840072,0.618537,1.795555,3.416521,-0.001696,0.001029,1,4.260000,0.000000,1773.413,886.421,1,1.340,1772.492,886.612,1844.021,934.627,1760.811,935.612,1705.200,839.850,1784.395,843.557,1.888240,0.834912,1.459367,2.528296,4.258917,0.000119,0.0115589227,0.0115933249,-9.5623644790,0.0009027431,-0.0113851747,8.4933739679,0.0001508120,0.0041839753,1.0000000000,0.0115197585,0.0116081516,-9.5696514413,0.0009021838,-0.0113775633,8.4859581472,0.0001453197,0.0041833248,1.0000000000
116,34191375609954,12.5793,1785360960.639,2,3.5729,0.8591,3.4780,0.6961,3.5254,0.7776,149.80,0.0030,-0.0018,-0.0036,0.0001,-0.0001,-1.57,-0.027475,1.0000,0.0021,0.4995,0.1886,0,frozen,2-tag corner homography,2,1920,1200,0.200000,101;102,1,1,,2-tag corner homography,0.010805,0.466655,101,102,4.726655,4.260000,30,0.050000,0.600000,5.000000,raw-zero-distortion,590.9628888758,0.0000000000,1007.8592059077,0.0000000000,592.3761043005,547.7101609771,0.0000000000,0.0000000000,1.0000000000,-0.0359937509,0.0291287486,0.0062609452,0.0003552766,-0.0208418310,0.0000000000,0.0000000000,0.0000000000,0.0000000000,0.0000000000,1,0.000000,0.000000,72.947,751.147,1,1.293,73.503,751.520,65.287,791.451,8.553,780.235,79.544,716.438,136.411,722.479,-2.819786,0.613609,1.783462,3.392410,-0.002383,0.001336,1,4.260000,0.000000,1773.437,886.573,1,1.252,1772.546,886.672,1844.088,934.766,1760.743,935.473,1705.227,840.045,1784.596,843.582,1.890614,0.836051,1.461097,2.531444,4.258779,-0.000224,0.0116815020,0.0118942492,-9.7989887019,0.0009157045,-0.0115213893,8.5916505402,0.0001383356,0.0042745312,1.0000000000,0.0115197585,0.0116081516,-9.5696514413,0.0009021838,-0.0113775633,8.4859581472,0.0001453197,0.0041833248,1.0000000000
117,34191485337456,12.6891,1785360960.745,2,3.5732,0.8588,3.4780,0.6982,3.5256,0.7785,149.34,0.0029,0.0008,-0.0020,-0.0022,0.0022,-2.07,-0.036052,1.0000,0.0023,0.4995,0.1867,0,frozen,2-tag corner homography,2,1920,1200,0.200000,101;102,1,1,,2-tag corner homography,0.013591,0.485071,101,102,4.745071,4.260000,30,0.050000,0.600000,5.000000,raw-zero-distortion,590.9628888758,0.0000000000,1007.8592059077,0.0000000000,592.3761043005,547.7101609771,0.0000000000,0.0000000000,1.0000000000,-0.0359937509,0.0291287486,0.0062609452,0.0003552766,-0.0208418310,0.0000000000,0.0000000000,0.0000000000,0.0000000000,0.0000000000,1,0.000000,0.000000,73.115,750.993,1,0.989,73.247,751.632,65.608,791.437,8.573,780.251,79.530,716.430,135.188,722.854,-2.834920,0.617072,1.792543,3.410391,-0.002347,0.001794,1,4.260000,0.000000,1773.444,886.551,1,1.343,1772.484,886.633,1843.663,934.432,1760.874,935.566,1705.333,840.106,1784.471,843.552,1.893602,0.837344,1.463526,2.535504,4.258823,-0.000172,0.0123706586,0.0116103636,-9.6344702249,0.0009584306,-0.0120977949,9.0244198849,0.0001506622,0.0045500733,1.0000000000,0.0115197585,0.0116081516,-9.5696514413,0.0009021838,-0.0113775633,8.4859581472,0.0001453197,0.0041833248,1.0000000000
118,34191588721307,12.7925,1785360960.845,2,3.5743,0.8583,3.4778,0.6968,3.5261,0.7776,149.14,0.0035,0.0006,-0.0027,-0.0023,0.0023,-1.85,-0.032215,1.0000,0.0017,0.4995,0.1881,0,frozen,2-tag corner homography,2,1920,1200,0.200000,101;102,1,1,,2-tag corner homography,0.010539,0.481278,101,102,4.741278,4.260000,30,0.050000,0.600000,5.000000,raw-zero-distortion,590.9628888758,0.0000000000,1007.8592059077,0.0000000000,592.3761043005,547.7101609771,0.0000000000,0.0000000000,1.0000000000,-0.0359937509,0.0291287486,0.0062609452,0.0003552766,-0.0208418310,0.0000000000,0.0000000000,0.0000000000,0.0000000000,0.0000000000,1,0.000000,0.000000,72.983,751.376,1,1.131,73.489,751.685,65.551,791.442,8.527,780.371,79.454,716.486,136.231,722.924,-2.828656,0.616027,1.789045,3.403155,-0.001642,0.000715,1,4.260000,0.000000,1773.333,886.632,1,1.348,1772.341,886.636,1843.755,934.376,1760.695,935.455,1704.920,840.250,1784.473,843.593,1.896354,0.838725,1.465928,2.539402,4.258476,-0.000380,0.0115739200,0.0117364821,-9.6741536898,0.0009088221,-0.0114503418,8.5406639228,0.0001359158,0.0042244102,1.0000000000,0.0115197585,0.0116081516,-9.5696514413,0.0009021838,-0.0113775633,8.4859581472,0.0001453197,0.0041833248,1.0000000000
119,34191682579123,12.8863,1785360960.937,2,3.5753,0.8581,3.4784,0.6967,3.5268,0.7774,149.01,0.0041,-0.0006,-0.0038,-0.0016,0.0016,-2.26,-0.039410,1.0000,0.0019,0.4995,0.1883,0,frozen,2-tag corner homography,2,1920,1200,0.200000,101;102,1,1,,2-tag corner homography,0.011143,0.490190,101,102,4.750190,4.260000,30,0.050000,0.600000,5.000000,raw-zero-distortion,590.9628888758,0.0000000000,1007.8592059077,0.0000000000,592.3761043005,547.7101609771,0.0000000000,0.0000000000,1.0000000000,-0.0359937509,0.0291287486,0.0062609452,0.0003552766,-0.0208418310,0.0000000000,0.0000000000,0.0000000000,0.0000000000,0.0000000000,1,0.000000,0.000000,72.981,751.175,1,0.872,73.109,751.724,65.414,791.413,8.548,780.293,79.518,716.414,134.890,723.198,-2.841490,0.618690,1.796432,3.418188,-0.002209,0.001265,1,4.260000,0.000000,1773.521,886.553,1,1.375,1772.530,886.612,1843.782,934.430,1760.938,935.619,1705.258,840.037,1784.562,843.501,1.891914,0.836495,1.462134,2.533160,4.258989,-0.000163,0.0114662466,0.0114632606,-9.4570722528,0.0008969119,-0.0113097943,8.4366997747,0.0001470577,0.0041454706,1.0000000000,0.0115197585,0.0116081516,-9.5696514413,0.0009021838,-0.0113775633,8.4859581472,0.0001453197,0.0041833248,1.0000000000
120,34191774485662,12.9782,1785360961.028,2,3.5750,0.8583,3.4785,0.6967,3.5267,0.7775,149.16,0.0043,-0.0022,-0.0048,-0.0003,0.0003,-1.37,-0.023894,1.0000,0.0021,0.4995,0.1882,0,frozen,2-tag corner homography,2,1920,1200,0.200000,101;102,1,1,,2-tag corner homography,0.010675,0.464472,101,102,4.724472,4.260000,30,0.050000,0.600000,5.000000,raw-zero-distortion,590.9628888758,0.0000000000,1007.8592059077,0.0000000000,592.3761043005,547.7101609771,0.0000000000,0.0000000000,1.0000000000,-0.0359937509,0.0291287486,0.0062609452,0.0003552766,-0.0208418310,0.0000000000,0.0000000000,0.0000000000,0.0000000000,0.0000000000,1,0.000000,0.000000,73.037,751.108,1,1.232,73.527,751.511,65.310,791.484,8.385,780.369,79.689,716.347,136.487,722.390,-2.812376,0.611984,1.778821,3.383517,-0.002243,0.001463,1,4.260000,0.000000,1773.448,886.543,1,1.260,1772.576,886.720,1844.189,934.505,1760.768,935.546,1705.282,840.326,1784.549,843.644,1.896235,0.838624,1.465386,2.538967,4.258842,-0.000153,0.0116558719,0.0118801707,-9.7867130071,0.0009147799,-0.0115049116,8.5792120146,0.0001358481,0.0042674646,1.0000000000,0.0115197585,0.0116081516,-9.5696514413,0.0009021838,-0.0113775633,8.4859581472,0.0001453197,0.0041833248,1.0000000000
121,34191866875189,13.0706,1785360961.121,2,3.5757,0.8580,3.4781,0.6946,3.5269,0.7763,149.15,0.0032,-0.0032,-0.0044,0.0011,-0.0011,-0.45,-0.007813,1.0000,0.0018,0.4995,0.1903,0,frozen,2-tag corner homography,2,1920,1200,0.200000,101;102,1,1,,2-tag corner homography,0.010914,0.494755,101,102,4.754755,4.260000,30,0.050000,0.600000,5.000000,raw-zero-distortion,590.9628888758,0.0000000000,1007.8592059077,0.0000000000,592.3761043005,547.7101609771,0.0000000000,0.0000000000,1.0000000000,-0.0359937509,0.0291287486,0.0062609452,0.0003552766,-0.0208418310,0.0000000000,0.0000000000,0.0000000000,0.0000000000,0.0000000000,1,0.000000,0.000000,72.991,751.232,1,0.861,73.186,751.693,65.319,791.353,8.620,780.169,79.663,716.340,135.059,723.330,-2.843994,0.619193,1.798163,3.421271,-0.002024,0.001114,1,4.260000,0.000000,1773.618,886.728,1,1.427,1772.562,886.721,1843.922,934.687,1760.663,935.472,1705.130,840.008,1785.010,843.864,1.893946,0.837628,1.463642,2.535922,4.258982,-0.000548,0.0115723637,0.0116470378,-9.6034597404,0.0009076855,-0.0114321833,8.5274227690,0.0001491585,0.0041953928,1.0000000000,0.0115197585,0.0116081516,-9.5696514413,0.0009021838,-0.0113775633,8.4859581472,0.0001453197,0.0041833248,1.0000000000
122,34191959350481,13.1631,1785360961.213,2,3.5760,0.8569,3.4779,0.6960,3.5269,0.7765,148.63,0.0016,-0.0037,-0.0033,0.0023,-0.0023,-0.91,-0.015805,1.0000,0.0022,0.4995,0.1885,0,frozen,2-tag corner homography,2,1920,1200,0.200000,101;102,1,1,,2-tag corner homography,0.010886,0.486127,101,102,4.746127,4.260000,30,0.050000,0.600000,5.000000,raw-zero-distortion,590.9628888758,0.0000000000,1007.8592059077,0.0000000000,592.3761043005,547.7101609771,0.0000000000,0.0000000000,1.0000000000,-0.0359937509,0.0291287486,0.0062609452,0.0003552766,-0.0208418310,0.0000000000,0.0000000000,0.0000000000,0.0000000000,0.0000000000,1,0.000000,0.000000,73.090,751.079,1,1.163,73.414,751.638,65.643,791.446,8.519,780.251,79.447,716.619,135.879,722.711,-2.831591,0.616475,1.790757,3.406576,-0.002177,0.001554,1,4.260000,0.000000,1773.287,886.560,1,1.287,1772.396,886.741,1843.922,934.545,1760.633,935.412,1705.174,840.290,1784.346,843.864,1.898233,0.839755,1.467275,2.541923,4.258465,-0.000223,0.0116266355,0.0117711167,-9.7027224565,0.0009145550,-0.0115099079,8.5845227990,0.0001367591,0.0042479844,1.0000000000,0.0115197585,0.0116081516,-9.5696514413,0.0009021838,-0.0113775633,8.4859581472,0.0001453197,0.0041833248,1.0000000000
123,34192054651685,13.2584,1785360961.312,2,3.5767,0.8571,3.4785,0.6958,3.5276,0.7764,148.66,0.0024,-0.0034,-0.0038,0.0017,-0.0017,-1.65,-0.028865,1.0000,0.0020,0.4995,0.1888,0,frozen,2-tag corner homography,2,1920,1200,0.200000,101;102,1,1,,2-tag corner homography,0.011226,0.492640,101,102,4.752640,4.260000,30,0.050000,0.600000,5.000000,raw-zero-distortion,590.9628888758,0.0000000000,1007.8592059077,0.0000000000,592.3761043005,547.7101609771,0.0000000000,0.0000000000,1.0000000000,-0.0359937509,0.0291287486,0.0062609452,0.0003552766,-0.0208418310,0.0000000000,0.0000000000,0.0000000000,0.0000000000,0.0000000000,1,0.000000,0.000000,73.133,751.107,1,0.767,73.066,751.782,65.648,791.453,8.516,780.252,79.574,716.386,134.501,723.426,-2.847882,0.620230,1.800391,3.425861,-0.001979,0.001487,1,4.260000,0.000000,1773.291,886.421,1,1.259,1772.431,886.621,1843.883,934.792,1760.579,935.490,1705.297,839.830,1784.396,843.558,1.887626,0.834729,1.459008,2.527570,4.258649,0.000097,0.0114166313,0.0115314941,-9.5048716620,0.0008934568,-0.0112651525,8.4037947131,0.0001470428,0.0041252610,1.0000000000,0.0115197585,0.0116081516,-9.5696514413,0.0009021838,-0.0113775633,8.4859581472,0.0001453197,0.0041833248,1.0000000000
124,34192151580693,13.3553,1785360961.405,2,3.5765,0.8573,3.4782,0.6977,3.5273,0.7775,148.36,0.0022,0.0008,-0.0015,-0.0018,0.0018,-2.14,-0.037286,1.0000,0.0020,0.4995,0.1875,0,frozen,2-tag corner homography,2,1920,1200,0.200000,101;102,1,1,,2-tag corner homography,0.010813,0.474336,101,102,4.734336,4.260000,30,0.050000,0.600000,5.000000,raw-zero-distortion,590.9628888758,0.0000000000,1007.8592059077,0.0000000000,592.3761043005,547.7101609771,0.0000000000,0.0000000000,1.0000000000,-0.0359937509,0.0291287486,0.0062609452,0.0003552766,-0.0208418310,0.0000000000,0.0000000000,0.0000000000,0.0000000000,0.0000000000,1,0.000000,0.000000,73.173,751.043,1,1.021,73.407,751.589,65.585,791.439,8.414,780.392,79.690,716.352,135.778,722.670,-2.822995,0.614452,1.785308,3.396200,-0.002046,0.001671,1,4.260000,0.000000,1773.577,886.531,1,1.434,1772.526,886.557,1843.863,934.385,1760.644,935.368,1705.135,839.931,1784.928,843.673,1.895187,0.837812,1.464671,2.537503,4.259140,-0.000102,0.0115976445,0.0118259369,-9.7411840354,0.0009087738,-0.0114480968,8.5378047747,0.0001413550,0.0042285684,1.0000000000,0.0115197585,0.0116081516,-9.5696514413,0.0009021838,-0.0113775633,8.4859581472,0.0001453197,0.0041833248,1.0000000000
125,34192243865541,13.4476,1785360961.499,2,3.5775,0.8569,3.4788,0.6961,3.5281,0.7765,148.47,0.0030,0.0009,-0.0021,-0.0024,0.0024,-1.36,-0.023711,1.0000,0.0019,0.4995,0.1886,0,frozen,2-tag corner homography,2,1920,1200,0.200000,101;102,1,1,,2-tag corner homography,0.011098,0.493806,101,102,4.753806,4.260000,30,0.050000,0.600000,5.000000,raw-zero-distortion,590.9628888758,0.0000000000,1007.8592059077,0.0000000000,592.3761043005,547.7101609771,0.0000000000,0.0000000000,1.0000000000,-0.0359937509,0.0291287486,0.0062609452,0.0003552766,-0.0208418310,0.0000000000,0.0000000000,0.0000000000,0.0000000000,0.0000000000,1,0.000000,0.000000,72.840,751.299,1,0.986,73.110,751.777,65.329,791.414,8.486,780.267,79.333,716.616,135.181,723.236,-2.844660,0.619540,1.798437,3.422031,-0.002256,0.000897,1,4.260000,0.000000,1773.443,886.373,1,1.224,1772.619,886.590,1844.113,934.443,1761.055,935.558,1705.474,840.139,1784.271,843.382,1.892278,0.836506,1.462245,2.533499,4.259043,0.000236,0.0115713804,0.0116414348,-9.5992752497,0.0009064728,-0.0114370189,8.5322349898,0.0001444077,0.0042045670,1.0000000000,0.0115197585,0.0116081516,-9.5696514413,0.0009021838,-0.0113775633,8.4859581472,0.0001453197,0.0041833248,1.0000000000
126,34192337813760,13.5415,1785360961.592,2,3.5788,0.8560,3.4782,0.6965,3.5285,0.7762,147.76,0.0034,-0.0006,-0.0032,-0.0013,0.0013,-2.17,-0.037902,1.0000,0.0018,0.4995,0.1886,0,frozen,2-tag corner homography,2,1920,1200,0.200000,101;102,1,1,,2-tag corner homography,0.011106,0.475198,101,102,4.735198,4.260000,30,0.050000,0.600000,5.000000,raw-zero-distortion,590.9628888758,0.0000000000,1007.8592059077,0.0000000000,592.3761043005,547.7101609771,0.0000000000,0.0000000000,1.0000000000,-0.0359937509,0.0291287486,0.0062609452,0.0003552766,-0.0208418310,0.0000000000,0.0000000000,0.0000000000,0.0000000000,0.0000000000,1,0.000000,0.000000,73.105,751.149,1,1.056,73.410,751.641,65.583,791.468,8.620,780.384,79.583,716.427,135.721,722.763,-2.827090,0.615502,1.787904,3.401159,-0.001937,0.001363,1,4.260000,0.000000,1773.577,886.502,1,1.383,1772.596,886.627,1844.211,934.557,1760.802,935.537,1705.133,839.938,1784.739,843.659,1.891703,0.836367,1.461844,2.532793,4.259174,-0.000037,0.0117820587,0.0122667634,-10.0867333666,0.0009243090,-0.0116365847,8.6784992258,0.0001448147,0.0043202520,1.0000000000,0.0115197585,0.0116081516,-9.5696514413,0.0009021838,-0.0113775633,8.4859581472,0.0001453197,0.0041833248,1.0000000000
127,34192430694597,13.6344,1785360961.685,2,3.5795,0.8552,3.4787,0.6959,3.5291,0.7755,147.68,0.0049,-0.0041,-0.0063,0.0008,-0.0008,-2.65,-0.046209,1.0000,0.0021,0.4995,0.1885,0,frozen,2-tag corner homography,2,1920,1200,0.200000,101;102,1,1,,2-tag corner homography,0.011674,0.476578,101,102,4.736578,4.260000,30,0.050000,0.600000,5.000000,raw-zero-distortion,590.9628888758,0.0000000000,1007.8592059077,0.0000000000,592.3761043005,547.7101609771,0.0000000000,0.0000000000,1.0000000000,-0.0359937509,0.0291287486,0.0062609452,0.0003552766,-0.0208418310,0.0000000000,0.0000000000,0.0000000000,0.0000000000,0.0000000000,1,0.000000,0.000000,73.165,751.027,1,1.020,73.407,751.563,65.586,791.433,8.564,780.242,79.680,716.290,135.665,722.762,-2.827553,0.615366,1.788190,3.401670,-0.002113,0.001712,1,4.260000,0.000000,1773.604,886.734,1,1.400,1772.561,886.685,1844.021,934.627,1761.014,935.525,1705.001,840.076,1784.709,843.695,1.892625,0.836955,1.462623,2.534125,4.258943,-0.000563,0.0130620691,0.0140936807,-11.5528978996,0.0010299009,-0.0129506579,9.6566747697,0.0001403296,0.0049703133,1.0000000000,0.0115197585,0.0116081516,-9.5696514413,0.0009021838,-0.0113775633,8.4859581472,0.0001453197,0.0041833248,1.0000000000
128,34192524239174,13.7280,1785360961.804,2,3.5803,0.8555,3.4790,0.6951,3.5296,0.7753,147.74,0.0052,-0.0043,-0.0067,0.0008,-0.0008,-2.53,-0.044219,1.0000,0.0017,0.4995,0.1898,0,frozen,2-tag corner homography,2,1920,1200,0.200000,101;102,1,1,,2-tag corner homography,0.044379,0.495323,101,102,4.755323,4.260000,30,0.050000,0.600000,5.000000,raw-zero-distortion,590.9628888758,0.0000000000,1007.8592059077,0.0000000000,592.3761043005,547.7101609771,0.0000000000,0.0000000000,1.0000000000,-0.0359937509,0.0291287486,0.0062609452,0.0003552766,-0.0208418310,0.0000000000,0.0000000000,0.0000000000,0.0000000000,0.0000000000,1,0.000000,0.000000,72.992,751.282,1,0.768,73.050,751.827,65.430,791.476,8.636,780.432,79.554,716.403,134.556,723.397,-2.843530,0.619406,1.797608,3.420632,-0.001878,0.000975,1,4.260000,0.000000,1773.348,886.430,1,1.291,1772.457,886.615,1843.949,934.342,1760.726,935.539,1705.228,840.201,1784.380,843.509,1.895089,0.837986,1.464728,2.537520,4.258763,0.000087,0.0161251682,0.0096436532,-8.4279930101,0.0010693613,-0.0136605495,10.2016536864,0.0002763764,0.0059191432,1.0000000000,0.0115197585,0.0116081516,-9.5696514413,0.0009021838,-0.0113775633,8.4859581472,0.0001453197,0.0041833248,1.0000000000
129,34192652722840,13.8565,1785360961.906,2,3.5807,0.8553,3.4791,0.6962,3.5299,0.7757,147.46,0.0047,-0.0023,-0.0052,-0.0006,0.0006,-1.34,-0.023385,1.0000,0.0021,0.4995,0.1888,0,frozen,2-tag corner homography,2,1920,1200,0.200000,101;102,1,1,,2-tag corner homography,0.011502,0.491873,101,102,4.751873,4.260000,30,0.050000,0.600000,5.000000,raw-zero-distortion,590.9628888758,0.0000000000,1007.8592059077,0.0000000000,592.3761043005,547.7101609771,0.0000000000,0.0000000000,1.0000000000,-0.0359937509,0.0291287486,0.0062609452,0.0003552766,-0.0208418310,0.0000000000,0.0000000000,0.0000000000,0.0000000000,0.0000000000,1,0.000000,0.000000,73.025,751.139,1,0.848,73.088,751.737,65.307,791.396,8.544,780.290,79.675,716.454,134.759,723.230,-2.842720,0.618983,1.797169,3.419651,-0.002187,0.001375,1,4.260000,0.000000,1773.465,886.650,1,1.325,1772.497,886.663,1843.845,934.477,1761.037,935.648,1705.133,840.216,1784.419,843.461,1.892346,0.836847,1.462530,2.533828,4.258743,-0.000397,0.0118560112,0.0123413466,-10.1456557348,0.0009308694,-0.0117259325,8.7465485319,0.0001519229,0.0043422568,1.0000000000,0.0115197585,0.0116081516,-9.5696514413,0.0009021838,-0.0113775633,8.4859581472,0.0001453197,0.0041833248,1.0000000000
130,34192751643059,13.9554,1785360962.005,2,3.5811,0.8555,3.4788,0.6953,3.5300,0.7754,147.42,0.0034,-0.0008,-0.0033,-0.0011,0.0011,-1.12,-0.019526,1.0000,0.0026,0.4995,0.1901,0,frozen,2-tag corner homography,2,1920,1200,0.200000,101;102,1,1,,2-tag corner homography,0.010932,0.469888,101,102,4.729888,4.260000,30,0.050000,0.600000,5.000000,raw-zero-distortion,590.9628888758,0.0000000000,1007.8592059077,0.0000000000,592.3761043005,547.7101609771,0.0000000000,0.0000000000,1.0000000000,-0.0359937509,0.0291287486,0.0062609452,0.0003552766,-0.0208418310,0.0000000000,0.0000000000,0.0000000000,0.0000000000,0.0000000000,1,0.000000,0.000000,73.105,750.992,1,1.240,73.530,751.489,65.511,791.465,8.504,780.094,79.600,716.379,136.301,722.523,-2.823012,0.614234,1.785554,3.396305,-0.002377,0.001796,1,4.260000,0.000000,1772.806,886.286,1,1.084,1772.137,886.625,1843.862,934.566,1760.727,935.532,1705.086,840.272,1783.341,843.338,1.890554,0.836357,1.461834,2.531925,4.257753,0.000319,0.0116096615,0.0117874881,-9.7133986199,0.0009120310,-0.0114725463,8.5547841629,0.0001292703,0.0042553991,1.0000000000,0.0115197585,0.0116081516,-9.5696514413,0.0009021838,-0.0113775633,8.4859581472,0.0001453197,0.0041833248,1.0000000000
131,34192844849802,14.0486,1785360962.098,2,3.5815,0.8546,3.4786,0.6967,3.5301,0.7757,146.92,0.0021,0.0001,-0.0018,-0.0012,0.0012,-1.82,-0.031843,1.0000,0.0019,0.4995,0.1885,0,frozen,2-tag corner homography,2,1920,1200,0.200000,101;102,1,1,,2-tag corner homography,0.010896,0.489580,101,102,4.749580,4.260000,30,0.050000,0.600000,5.000000,raw-zero-distortion,590.9628888758,0.0000000000,1007.8592059077,0.0000000000,592.3761043005,547.7101609771,0.0000000000,0.0000000000,1.0000000000,-0.0359937509,0.0291287486,0.0062609452,0.0003552766,-0.0208418310,0.0000000000,0.0000000000,0.0000000000,0.0000000000,0.0000000000,1,0.000000,0.000000,72.975,751.247,1,0.982,73.245,751.723,65.505,791.451,8.633,780.220,79.436,716.471,135.310,723.178,-2.841323,0.618742,1.796588,3.418141,-0.002025,0.001067,1,4.260000,0.000000,1773.352,886.583,1,1.331,1772.398,886.665,1843.846,934.604,1760.710,935.557,1705.054,840.058,1784.445,843.606,1.891449,0.836564,1.462026,2.532773,4.258579,-0.000263,0.0115170331,0.0115924833,-9.5594012507,0.0009026395,-0.0113741638,8.4844521490,0.0001437905,0.0041786277,1.0000000000,0.0115197585,0.0116081516,-9.5696514413,0.0009021838,-0.0113775633,8.4859581472,0.0001453197,0.0041833248,1.0000000000
132,34192940671607,14.1444,1785360962.207,2,3.5814,0.8534,3.4782,0.6974,3.5298,0.7754,146.52,0.0007,-0.0004,-0.0008,-0.0000,0.0000,-2.80,-0.048910,1.0000,0.0019,0.4995,0.1870,0,frozen,2-tag corner homography,2,1920,1200,0.200000,101;102,1,1,,2-tag corner homography,0.011139,0.495523,101,102,4.755523,4.260000,30,0.050000,0.600000,5.000000,raw-zero-distortion,590.9628888758,0.0000000000,1007.8592059077,0.0000000000,592.3761043005,547.7101609771,0.0000000000,0.0000000000,1.0000000000,-0.0359937509,0.0291287486,0.0062609452,0.0003552766,-0.0208418310,0.0000000000,0.0000000000,0.0000000000,0.0000000000,0.0000000000,1,0.000000,0.000000,72.937,751.284,1,0.863,73.099,751.789,65.477,791.431,8.599,780.398,79.405,716.478,134.861,723.263,-2.842664,0.619137,1.797156,3.419625,-0.002025,0.000958,1,4.260000,0.000000,1773.335,886.560,1,1.221,1772.500,886.751,1843.989,934.565,1760.882,935.540,1705.353,840.370,1784.239,843.676,1.896193,0.838762,1.465497,2.539045,4.258572,-0.000213,0.0115076755,0.0115921883,-9.5576840114,0.0009033025,-0.0113809220,8.4902683746,0.0001441160,0.0041741118,1.0000000000,0.0115197585,0.0116081516,-9.5696514413,0.0009021838,-0.0113775633,8.4859581472,0.0001453197,0.0041833248,1.0000000000
133,34193045996896,14.2497,1785360962.300,2,3.5818,0.8539,3.4789,0.6966,3.5303,0.7753,146.83,0.0009,-0.0006,-0.0011,0.0000,-0.0000,-2.41,-0.042105,1.0000,0.0016,0.4995,0.1879,0,frozen,2-tag corner homography,2,1920,1200,0.200000,101;102,1,1,,2-tag corner homography,0.011044,0.485193,101,102,4.745193,4.260000,30,0.050000,0.600000,5.000000,raw-zero-distortion,590.9628888758,0.0000000000,1007.8592059077,0.0000000000,592.3761043005,547.7101609771,0.0000000000,0.0000000000,1.0000000000,-0.0359937509,0.0291287486,0.0062609452,0.0003552766,-0.0208418310,0.0000000000,0.0000000000,0.0000000000,0.0000000000,0.0000000000,1,0.000000,0.000000,72.681,751.553,1,0.988,73.103,751.842,65.157,791.415,8.543,780.705,79.275,716.627,135.321,723.082,-2.833189,0.617234,1.791172,3.408260,-0.001982,0.000165,1,4.260000,0.000000,1773.736,886.823,1,1.520,1772.588,886.718,1843.792,934.482,1760.936,935.586,1705.066,840.106,1785.023,843.828,1.895606,0.838327,1.464876,2.538105,4.259124,-0.000742,0.0116601030,0.0117835790,-9.7134348856,0.0009124546,-0.0115064290,8.5846867198,0.0001504661,0.0042369554,1.0000000000,0.0115197585,0.0116081516,-9.5696514413,0.0009021838,-0.0113775633,8.4859581472,0.0001453197,0.0041833248,1.0000000000
134,34193138769608,14.3425,1785360962.393,2,3.5826,0.8544,3.4788,0.6968,3.5307,0.7756,146.63,0.0018,-0.0004,-0.0018,-0.0006,0.0006,-1.32,-0.023035,1.0000,0.0019,0.4995,0.1886,0,frozen,2-tag corner homography,2,1920,1200,0.200000,101;102,1,1,,2-tag corner homography,0.010910,0.460408,101,102,4.720408,4.260000,30,0.050000,0.600000,5.000000,raw-zero-distortion,590.9628888758,0.0000000000,1007.8592059077,0.0000000000,592.3761043005,547.7101609771,0.0000000000,0.0000000000,1.0000000000,-0.0359937509,0.0291287486,0.0062609452,0.0003552766,-0.0208418310,0.0000000000,0.0000000000,0.0000000000,0.0000000000,0.0000000000,1,0.000000,0.000000,73.121,751.107,1,1.143,73.568,751.488,65.364,791.438,8.508,780.432,79.830,716.221,136.362,722.404,-2.810851,0.611610,1.777935,3.381716,-0.002013,0.001484,1,4.260000,0.000000,1773.509,886.594,1,1.362,1772.538,886.694,1843.785,934.542,1760.748,935.587,1705.352,840.090,1784.686,843.683,1.893653,0.837459,1.463463,2.535544,4.258912,-0.000259,0.0115525781,0.0117285232,-9.6654274228,0.0009051211,-0.0113838155,8.4886382926,0.0001357293,0.0042156423,1.0000000000,0.0115197585,0.0116081516,-9.5696514413,0.0009021838,-0.0113775633,8.4859581472,0.0001453197,0.0041833248,1.0000000000
135,34193232238808,14.4360,1785360962.486,2,3.5839,0.8540,3.4786,0.6970,3.5313,0.7755,146.15,0.0037,0.0001,-0.0030,-0.0022,0.0022,-1.30,-0.022764,1.0000,0.0016,0.4995,0.1890,0,frozen,2-tag corner homography,2,1920,1200,0.200000,101;102,1,1,,2-tag corner homography,0.011091,0.493632,101,102,4.753632,4.260000,30,0.050000,0.600000,5.000000,raw-zero-distortion,590.9628888758,0.0000000000,1007.8592059077,0.0000000000,592.3761043005,547.7101609771,0.0000000000,0.0000000000,1.0000000000,-0.0359937509,0.0291287486,0.0062609452,0.0003552766,-0.0208418310,0.0000000000,0.0000000000,0.0000000000,0.0000000000,0.0000000000,1,0.000000,0.000000,73.172,751.200,1,0.737,73.159,751.794,65.531,791.484,8.641,780.395,79.788,716.318,134.644,723.389,-2.841264,0.618886,1.796384,3.418011,-0.001609,0.001238,1,4.260000,0.000000,1773.502,886.374,1,1.300,1772.613,886.590,1844.120,934.353,1760.754,935.463,1705.416,840.113,1784.621,843.560,1.895731,0.838038,1.464924,2.538130,4.259172,0.000244,0.0114982572,0.0116015843,-9.5648010005,0.0009000625,-0.0113536759,8.4699621507,0.0001499067,0.0041590394,1.0000000000,0.0115197585,0.0116081516,-9.5696514413,0.0009021838,-0.0113775633,8.4859581472,0.0001453197,0.0041833248,1.0000000000
136,34193325225155,14.5290,1785360962.585,2,3.5838,0.8533,3.4788,0.6962,3.5313,0.7748,146.22,0.0037,-0.0009,-0.0036,-0.0013,0.0013,-1.98,-0.034539,1.0000,0.0017,0.4995,0.1890,0,frozen,2-tag corner homography,2,1920,1200,0.200000,101;102,1,1,,2-tag corner homography,0.011004,0.498636,101,102,4.758636,4.260000,30,0.050000,0.600000,5.000000,raw-zero-distortion,590.9628888758,0.0000000000,1007.8592059077,0.0000000000,592.3761043005,547.7101609771,0.0000000000,0.0000000000,1.0000000000,-0.0359937509,0.0291287486,0.0062609452,0.0003552766,-0.0208418310,0.0000000000,0.0000000000,0.0000000000,0.0000000000,0.0000000000,1,0.000000,0.000000,72.826,751.398,1,0.852,73.017,751.857,65.216,791.437,8.465,780.423,79.446,716.565,134.861,723.421,-2.844892,0.619773,1.798407,3.422250,-0.002017,0.000623,1,4.260000,0.000000,1773.479,886.582,1,1.204,1772.631,886.711,1844.099,934.547,1760.783,935.449,1705.445,840.375,1784.650,843.589,1.897053,0.838901,1.465912,2.539973,4.258860,-0.000239,0.0115657216,0.0116418161,-9.5990452992,0.0009066333,-0.0114356914,8.5321846931,0.0001495502,0.0041916476,1.0000000000,0.0115197585,0.0116081516,-9.5696514413,0.0009021838,-0.0113775633,8.4859581472,0.0001453197,0.0041833248,1.0000000000
137,34193424811848,14.6285,1785360962.683,2,3.5840,0.8530,3.4782,0.6967,3.5311,0.7748,145.89,0.0022,-0.0023,-0.0031,0.0006,-0.0006,-2.15,-0.037534,1.0000,0.0018,0.4995,0.1887,0,frozen,2-tag corner homography,2,1920,1200,0.200000,101;102,1,1,,2-tag corner homography,0.011111,0.497997,101,102,4.757997,4.260000,30,0.050000,0.600000,5.000000,raw-zero-distortion,590.9628888758,0.0000000000,1007.8592059077,0.0000000000,592.3761043005,547.7101609771,0.0000000000,0.0000000000,1.0000000000,-0.0359937509,0.0291287486,0.0062609452,0.0003552766,-0.0208418310,0.0000000000,0.0000000000,0.0000000000,0.0000000000,0.0000000000,1,0.000000,0.000000,73.072,751.192,1,0.759,73.057,751.808,65.617,791.408,8.479,780.384,79.513,716.445,134.581,723.394,-2.846205,0.619937,1.799314,3.423848,-0.001909,0.001239,1,4.260000,0.000000,1773.454,886.503,1,1.323,1772.511,886.601,1843.796,934.333,1760.823,935.529,1705.312,840.167,1784.538,843.486,1.894996,0.837850,1.464551,2.537304,4.258905,-0.000060,0.0113625218,0.0112563949,-9.2942914985,0.0008886735,-0.0112150170,8.3671282487,0.0001472132,0.0040910104,1.0000000000,0.0115197585,0.0116081516,-9.5696514413,0.0009021838,-0.0113775633,8.4859581472,0.0001453197,0.0041833248,1.0000000000
138,34193522712979,14.7264,1785360962.776,2,3.5847,0.8521,3.4793,0.6967,3.5320,0.7744,145.87,0.0020,-0.0029,-0.0033,0.0013,-0.0013,-1.59,-0.027821,1.0000,0.0020,0.4995,0.1877,0,frozen,2-tag corner homography,2,1920,1200,0.200000,101;102,1,1,,2-tag corner homography,0.010949,0.492717,101,102,4.752717,4.260000,30,0.050000,0.600000,5.000000,raw-zero-distortion,590.9628888758,0.0000000000,1007.8592059077,0.0000000000,592.3761043005,547.7101609771,0.0000000000,0.0000000000,1.0000000000,-0.0359937509,0.0291287486,0.0062609452,0.0003552766,-0.0208418310,0.0000000000,0.0000000000,0.0000000000,0.0000000000,0.0000000000,1,0.000000,0.000000,72.955,751.201,1,1.001,73.187,751.738,65.530,791.430,8.582,780.228,79.344,716.583,135.197,723.135,-2.843599,0.619244,1.797915,3.420821,-0.002209,0.001189,1,4.260000,0.000000,1773.265,886.339,1,1.230,1772.419,886.521,1843.936,934.399,1760.635,935.431,1705.220,840.064,1784.329,843.335,1.892294,0.836561,1.462640,2.533758,4.258695,0.000281,0.0116292050,0.0118189581,-9.7373824658,0.0009111825,-0.0114946769,8.5745163911,0.0001464848,0.0042322098,1.0000000000,0.0115197585,0.0116081516,-9.5696514413,0.0009021838,-0.0113775633,8.4859581472,0.0001453197,0.0041833248,1.0000000000
139,34193615787236,14.8195,1785360962.870,2,3.5859,0.8524,3.4790,0.6978,3.5325,0.7751,145.34,0.0035,-0.0009,-0.0034,-0.0012,0.0012,-2.27,-0.039533,1.0000,0.0019,0.4995,0.1880,0,frozen,2-tag corner homography,2,1920,1200,0.200000,101;102,1,1,,2-tag corner homography,0.010814,0.492247,101,102,4.752247,4.260000,30,0.050000,0.600000,5.000000,raw-zero-distortion,590.9628888758,0.0000000000,1007.8592059077,0.0000000000,592.3761043005,547.7101609771,0.0000000000,0.0000000000,1.0000000000,-0.0359937509,0.0291287486,0.0062609452,0.0003552766,-0.0208418310,0.0000000000,0.0000000000,0.0000000000,0.0000000000,0.0000000000,1,0.000000,0.000000,72.867,751.277,1,1.005,73.160,751.746,65.453,791.398,8.491,780.292,79.277,716.589,135.303,723.136,-2.842163,0.618936,1.796954,3.419066,-0.002240,0.000962,1,4.260000,0.000000,1773.370,886.466,1,1.242,1772.495,886.598,1844.044,934.497,1760.657,935.444,1705.209,840.143,1784.535,843.452,1.893333,0.837126,1.463296,2.535098,4.258766,0.000008,0.0115614219,0.0116710074,-9.6209464271,0.0009059013,-0.0114245464,8.5224512318,0.0001463262,0.0041969323,1.0000000000,0.0115197585,0.0116081516,-9.5696514413,0.0009021838,-0.0113775633,8.4859581472,0.0001453197,0.0041833248,1.0000000000
140,34193709078370,14.9128,1785360962.964,2,3.5863,0.8522,3.4787,0.6970,3.5325,0.7746,145.24,0.0044,-0.0004,-0.0038,-0.0022,0.0022,-2.47,-0.043127,1.0000,0.0013,0.4995,0.1888,0,frozen,2-tag corner homography,2,1920,1200,0.200000,101;102,1,1,,2-tag corner homography,0.011001,0.487342,101,102,4.747342,4.260000,30,0.050000,0.600000,5.000000,raw-zero-distortion,590.9628888758,0.0000000000,1007.8592059077,0.0000000000,592.3761043005,547.7101609771,0.0000000000,0.0000000000,1.0000000000,-0.0359937509,0.0291287486,0.0062609452,0.0003552766,-0.0208418310,0.0000000000,0.0000000000,0.0000000000,0.0000000000,0.0000000000,1,0.000000,0.000000,73.051,751.406,1,0.735,73.196,751.825,65.457,791.496,8.730,780.528,79.706,716.272,134.855,723.423,-2.837785,0.618247,1.794256,3.413884,-0.001370,0.000649,1,4.260000,0.000000,1773.359,886.333,1,1.282,1772.499,886.592,1844.146,934.486,1760.619,935.465,1705.263,840.011,1784.447,843.570,1.892933,0.836931,1.462981,2.534553,4.258906,0.000310,0.0114705296,0.0114736508,-9.4673738958,0.0008961453,-0.0113071858,8.4357383804,0.0001491239,0.0041430219,1.0000000000,0.0115197585,0.0116081516,-9.5696514413,0.0009021838,-0.0113775633,8.4859581472,0.0001453197,0.0041833248,1.0000000000
141,34193802424262,15.0062,1785360963.059,2,3.5868,0.8521,3.4794,0.6961,3.5331,0.7741,145.45,0.0039,-0.0010,-0.0038,-0.0014,0.0014,-1.88,-0.032837,1.0000,0.0020,0.4995,0.1894,0,frozen,2-tag corner homography,2,1920,1200,0.200000,101;102,1,1,,2-tag corner homography,0.011081,0.486394,101,102,4.746394,4.260000,30,0.050000,0.600000,5.000000,raw-zero-distortion,590.9628888758,0.0000000000,1007.8592059077,0.0000000000,592.3761043005,547.7101609771,0.0000000000,0.0000000000,1.0000000000,-0.0359937509,0.0291287486,0.0062609452,0.0003552766,-0.0208418310,0.0000000000,0.0000000000,0.0000000000,0.0000000000,0.0000000000,1,0.000000,0.000000,73.206,751.084,1,0.804,73.203,751.722,65.648,791.466,8.540,780.352,79.713,716.314,134.855,723.181,-2.837697,0.617920,1.794214,3.413730,-0.001840,0.001564,1,4.260000,0.000000,1773.232,886.303,1,1.198,1772.426,886.532,1843.876,934.414,1760.597,935.457,1705.364,840.083,1784.284,843.304,1.892040,0.836466,1.462429,2.533414,4.258666,0.000357,0.0113837489,0.0114947877,-9.4757777614,0.0008904536,-0.0112301393,8.3769729963,0.0001455766,0.0041120071,1.0000000000,0.0115197585,0.0116081516,-9.5696514413,0.0009021838,-0.0113775633,8.4859581472,0.0001453197,0.0041833248,1.0000000000
142,34193897965114,15.1017,1785360963.153,2,3.5875,0.8512,3.4797,0.6971,3.5336,0.7741,145.02,0.0041,-0.0025,-0.0048,-0.0003,0.0003,-1.25,-0.021735,1.0000,0.0023,0.4995,0.1880,0,frozen,2-tag corner homography,2,1920,1200,0.200000,101;102,1,1,,2-tag corner homography,0.010836,0.462026,101,102,4.722026,4.260000,30,0.050000,0.600000,5.000000,raw-zero-distortion,590.9628888758,0.0000000000,1007.8592059077,0.0000000000,592.3761043005,547.7101609771,0.0000000000,0.0000000000,1.0000000000,-0.0359937509,0.0291287486,0.0062609452,0.0003552766,-0.0208418310,0.0000000000,0.0000000000,0.0000000000,0.0000000000,0.0000000000,1,0.000000,0.000000,73.103,751.140,1,1.199,73.551,751.577,65.665,791.476,8.484,780.410,79.501,716.450,136.351,722.491,-2.818433,0.613518,1.782697,3.390867,-0.001968,0.001389,1,4.260000,0.000000,1772.834,886.137,1,0.990,1772.215,886.434,1843.773,934.435,1760.564,935.461,1705.302,840.159,1783.605,842.833,1.887318,0.834369,1.459183,2.527322,4.258000,0.000665,0.0114764721,0.0116464983,-9.5989169916,0.0008968528,-0.0113068619,8.4324326440,0.0001335970,0.0041820198,1.0000000000,0.0115197585,0.0116081516,-9.5696514413,0.0009021838,-0.0113775633,8.4859581472,0.0001453197,0.0041833248,1.0000000000
143,34193991508193,15.1952,1785360963.263,2,3.5874,0.8512,3.4797,0.6974,3.5336,0.7743,145.01,0.0040,-0.0015,-0.0041,-0.0010,0.0010,-1.22,-0.021221,1.0000,0.0025,0.4995,0.1877,0,frozen,2-tag corner homography,2,1920,1200,0.200000,101;102,1,1,,2-tag corner homography,0.011153,0.493917,101,102,4.753917,4.260000,30,0.050000,0.600000,5.000000,raw-zero-distortion,590.9628888758,0.0000000000,1007.8592059077,0.0000000000,592.3761043005,547.7101609771,0.0000000000,0.0000000000,1.0000000000,-0.0359937509,0.0291287486,0.0062609452,0.0003552766,-0.0208418310,0.0000000000,0.0000000000,0.0000000000,0.0000000000,0.0000000000,1,0.000000,0.000000,72.933,750.989,1,0.988,73.048,751.643,65.297,791.426,8.466,780.032,79.453,716.460,134.895,723.075,-2.844166,0.618987,1.798007,3.421295,-0.002862,0.001765,1,4.260000,0.000000,1773.329,886.351,1,1.280,1772.453,886.551,1843.810,934.417,1760.645,935.446,1705.366,840.001,1784.408,843.472,1.892929,0.836877,1.463066,2.534582,4.258821,0.000265,0.0114902992,0.0115694735,-9.5370127851,0.0009004436,-0.0113514341,8.4668084841,0.0001456139,0.0041632916,1.0000000000,0.0115197585,0.0116081516,-9.5696514413,0.0009021838,-0.0113775633,8.4859581472,0.0001453197,0.0041833248,1.0000000000
144,34194106177332,15.3099,1785360963.368,2,3.5889,0.8507,3.4800,0.6974,3.5345,0.7741,144.59,0.0040,-0.0005,-0.0036,-0.0019,0.0019,-2.12,-0.037081,1.0000,0.0018,0.4995,0.1880,0,frozen,2-tag corner homography,2,1920,1200,0.200000,101;102,1,1,,2-tag corner homography,0.010914,0.493490,101,102,4.753490,4.260000,30,0.050000,0.600000,5.000000,raw-zero-distortion,590.9628888758,0.0000000000,1007.8592059077,0.0000000000,592.3761043005,547.7101609771,0.0000000000,0.0000000000,1.0000000000,-0.0359937509,0.0291287486,0.0062609452,0.0003552766,-0.0208418310,0.0000000000,0.0000000000,0.0000000000,0.0000000000,0.0000000000,1,0.000000,0.000000,73.094,751.169,1,0.823,73.143,751.767,65.565,791.454,8.417,780.266,79.589,716.411,134.923,723.353,-2.843652,0.619315,1.797865,3.420852,-0.001913,0.001307,1,4.260000,0.000000,1773.378,886.328,1,1.315,1772.461,886.488,1843.856,934.248,1760.726,935.481,1705.251,840.008,1784.442,843.345,1.893050,0.836767,1.463143,2.534681,4.258955,0.000325,0.0114266647,0.0114928595,-9.4772223186,0.0008942238,-0.0112877058,8.4206639925,0.0001449216,0.0041328098,1.0000000000,0.0115197585,0.0116081516,-9.5696514413,0.0009021838,-0.0113775633,8.4859581472,0.0001453197,0.0041833248,1.0000000000
145,34194207048354,15.4108,1785360963.464,2,3.5897,0.8505,3.4804,0.6975,3.5350,0.7740,144.46,0.0046,-0.0007,-0.0042,-0.0022,0.0022,-2.08,-0.036237,1.0000,0.0019,0.4995,0.1881,0,frozen,2-tag corner homography,2,1920,1200,0.200000,101;102,1,1,,2-tag corner homography,0.010651,0.476217,101,102,4.736217,4.260000,30,0.050000,0.600000,5.000000,raw-zero-distortion,590.9628888758,0.0000000000,1007.8592059077,0.0000000000,592.3761043005,547.7101609771,0.0000000000,0.0000000000,1.0000000000,-0.0359937509,0.0291287486,0.0062609452,0.0003552766,-0.0208418310,0.0000000000,0.0000000000,0.0000000000,0.0000000000,0.0000000000,1,0.000000,0.000000,72.919,751.217,1,1.316,73.502,751.578,65.368,791.499,8.615,780.248,79.424,716.516,136.396,722.559,-2.822646,0.614405,1.785269,3.395881,-0.002265,0.001138,1,4.260000,0.000000,1773.670,886.611,1,1.429,1772.642,886.703,1843.983,934.344,1760.754,935.617,1705.315,840.206,1784.967,843.746,1.897469,0.839055,1.466213,2.540508,4.259244,-0.000268,0.0115588449,0.0117498392,-9.6820408045,0.0009074038,-0.0114203180,8.5169956815,0.0001382815,0.0042144236,1.0000000000,0.0115197585,0.0116081516,-9.5696514413,0.0009021838,-0.0113775633,8.4859581472,0.0001453197,0.0041833248,1.0000000000
146,34194302442939,15.5062,1785360963.556,2,3.5906,0.8501,3.4803,0.6969,3.5355,0.7735,144.24,0.0055,-0.0017,-0.0055,-0.0018,0.0018,-2.25,-0.039280,1.0000,0.0022,0.4995,0.1888,0,frozen,2-tag corner homography,2,1920,1200,0.200000,101;102,1,1,,2-tag corner homography,0.011118,0.492949,101,102,4.752949,4.260000,30,0.050000,0.600000,5.000000,raw-zero-distortion,590.9628888758,0.0000000000,1007.8592059077,0.0000000000,592.3761043005,547.7101609771,0.0000000000,0.0000000000,1.0000000000,-0.0359937509,0.0291287486,0.0062609452,0.0003552766,-0.0208418310,0.0000000000,0.0000000000,0.0000000000,0.0000000000,0.0000000000,1,0.000000,0.000000,73.234,750.988,1,0.818,73.118,751.754,65.827,791.500,8.455,780.231,79.558,716.395,134.599,723.286,-2.845120,0.619577,1.798745,3.422582,-0.002031,0.001833,1,4.260000,0.000000,1773.395,886.574,1,1.332,1772.455,886.692,1843.849,934.670,1760.828,935.585,1705.197,840.018,1784.396,843.671,1.890891,0.836321,1.461486,2.531965,4.258687,-0.000234,0.0113766192,0.0113638747,-9.3761831114,0.0008912118,-0.0112307259,8.3778703728,0.0001424109,0.0041104459,1.0000000000,0.0115197585,0.0116081516,-9.5696514413,0.0009021838,-0.0113775633,8.4859581472,0.0001453197,0.0041833248,1.0000000000
147,34194394973748,15.5987,1785360963.649,2,3.5904,0.8492,3.4799,0.6987,3.5351,0.7740,143.71,0.0039,-0.0012,-0.0038,-0.0013,0.0013,-2.66,-0.046426,1.0000,0.0022,0.4995,0.1868,0,frozen,2-tag corner homography,2,1920,1200,0.200000,101;102,1,1,,2-tag corner homography,0.015293,0.493929,101,102,4.753929,4.260000,30,0.050000,0.600000,5.000000,raw-zero-distortion,590.9628888758,0.0000000000,1007.8592059077,0.0000000000,592.3761043005,547.7101609771,0.0000000000,0.0000000000,1.0000000000,-0.0359937509,0.0291287486,0.0062609452,0.0003552766,-0.0208418310,0.0000000000,0.0000000000,0.0000000000,0.0000000000,0.0000000000,1,0.000000,0.000000,72.979,751.084,1,0.820,73.032,751.671,65.273,791.343,8.432,780.313,79.631,716.335,134.723,723.124,-2.839086,0.617954,1.794764,3.415180,-0.002469,0.001515,1,4.260000,0.000000,1773.819,886.857,1,1.534,1772.659,886.755,1843.767,934.448,1760.885,935.562,1705.214,840.180,1785.220,843.926,1.898341,0.839549,1.466853,2.541692,4.259264,-0.000806,0.0123228283,0.0141389588,-11.5294695426,0.0009747335,-0.0122409637,9.1278861849,0.0001437404,0.0046336716,1.0000000000,0.0115197585,0.0116081516,-9.5696514413,0.0009021838,-0.0113775633,8.4859581472,0.0001453197,0.0041833248,1.0000000000
148,34194488085402,15.6918,1785360963.743,2,3.5907,0.8485,3.4804,0.6967,3.5355,0.7726,143.99,0.0024,-0.0029,-0.0036,0.0009,-0.0009,-2.32,-0.040491,1.0000,0.0022,0.4995,0.1876,0,frozen,2-tag corner homography,2,1920,1200,0.200000,101;102,1,1,,2-tag corner homography,0.010958,0.474340,101,102,4.734340,4.260000,30,0.050000,0.600000,5.000000,raw-zero-distortion,590.9628888758,0.0000000000,1007.8592059077,0.0000000000,592.3761043005,547.7101609771,0.0000000000,0.0000000000,1.0000000000,-0.0359937509,0.0291287486,0.0062609452,0.0003552766,-0.0208418310,0.0000000000,0.0000000000,0.0000000000,0.0000000000,0.0000000000,1,0.000000,0.000000,73.189,750.990,1,0.950,73.378,751.530,65.564,791.389,8.529,780.341,79.758,716.186,135.539,722.688,-2.823599,0.614387,1.785635,3.396862,-0.002149,0.001819,1,4.260000,0.000000,1773.752,886.919,1,1.510,1772.609,886.800,1843.789,934.719,1760.904,935.574,1705.114,840.073,1785.092,843.978,1.894506,0.838019,1.463986,2.536668,4.259039,-0.000959,0.0115291009,0.0115894009,-9.5574034723,0.0009040608,-0.0113659772,8.4759216736,0.0001410000,0.0041900665,1.0000000000,0.0115197585,0.0116081516,-9.5696514413,0.0009021838,-0.0113775633,8.4859581472,0.0001453197,0.0041833248,1.0000000000
149,34194581193862,15.7849,1785360963.835,2,3.5912,0.8491,3.4798,0.6980,3.5355,0.7736,143.59,0.0013,-0.0019,-0.0022,0.0008,-0.0008,-2.02,-0.035186,1.0000,0.0022,0.4995,0.1877,0,frozen,2-tag corner homography,2,1920,1200,0.200000,101;102,1,1,,2-tag corner homography,0.011057,0.497638,101,102,4.757638,4.260000,30,0.050000,0.600000,5.000000,raw-zero-distortion,590.9628888758,0.0000000000,1007.8592059077,0.0000000000,592.3761043005,547.7101609771,0.0000000000,0.0000000000,1.0000000000,-0.0359937509,0.0291287486,0.0062609452,0.0003552766,-0.0208418310,0.0000000000,0.0000000000,0.0000000000,0.0000000000,0.0000000000,1,0.000000,0.000000,73.012,751.099,1,0.902,73.077,751.746,65.610,791.401,8.549,780.165,79.359,716.543,134.737,723.267,-2.849685,0.620519,1.801551,3.428022,-0.002336,0.001482,1,4.260000,0.000000,1773.456,886.632,1,1.372,1772.461,886.683,1843.850,934.702,1760.688,935.533,1705.104,839.957,1784.663,843.710,1.890874,0.836287,1.461461,2.531926,4.258746,-0.000358,0.0114960765,0.0115155885,-9.4983783761,0.0009006901,-0.0113514417,8.4679249969,0.0001482754,0.0041580753,1.0000000000,0.0115197585,0.0116081516,-9.5696514413,0.0009021838,-0.0113775633,8.4859581472,0.0001453197,0.0041833248,1.0000000000
150,34194674063673,15.8778,1785360963.927,2,3.5915,0.8489,3.4795,0.6962,3.5355,0.7726,143.74,0.0012,-0.0028,-0.0026,0.0015,-0.0015,-1.03,-0.018018,1.0000,0.0015,0.4995,0.1894,0,frozen,2-tag corner homography,2,1920,1200,0.200000,101;102,1,1,,2-tag corner homography,0.010965,0.489454,101,102,4.749454,4.260000,30,0.050000,0.600000,5.000000,raw-zero-distortion,590.9628888758,0.0000000000,1007.8592059077,0.0000000000,592.3761043005,547.7101609771,0.0000000000,0.0000000000,1.0000000000,-0.0359937509,0.0291287486,0.0062609452,0.0003552766,-0.0208418310,0.0000000000,0.0000000000,0.0000000000,0.0000000000,0.0000000000,1,0.000000,0.000000,73.070,751.344,1,0.819,73.244,751.802,65.693,791.405,8.435,780.445,79.497,716.437,135.249,723.347,-2.840519,0.618803,1.796078,3.417216,-0.001492,0.000824,1,4.260000,0.000000,1773.272,886.360,1,1.191,1772.460,886.550,1843.683,934.449,1760.695,935.456,1705.532,840.095,1784.299,843.313,1.892198,0.836545,1.462488,2.533593,4.258683,0.000234,0.0113548761,0.0114220802,-9.4203095790,0.0008890394,-0.0112203190,8.3707255348,0.0001383679,0.0041105510,1.0000000000,0.0115197585,0.0116081516,-9.5696514413,0.0009021838,-0.0113775633,8.4859581472,0.0001453197,0.0041833248,1.0000000000
151,34194769729210,15.9735,1785360964.024,2,3.5915,0.8481,3.4805,0.6985,3.5360,0.7733,143.43,0.0015,-0.0003,-0.0014,-0.0006,0.0006,-1.38,-0.024107,1.0000,0.0021,0.4995,0.1863,0,frozen,2-tag corner homography,2,1920,1200,0.200000,101;102,1,1,,2-tag corner homography,0.011033,0.488122,101,102,4.748122,4.260000,30,0.050000,0.600000,5.000000,raw-zero-distortion,590.9628888758,0.0000000000,1007.8592059077,0.0000000000,592.3761043005,547.7101609771,0.0000000000,0.0000000000,1.0000000000,-0.0359937509,0.0291287486,0.0062609452,0.0003552766,-0.0208418310,0.0000000000,0.0000000000,0.0000000000,0.0000000000,0.0000000000,1,0.000000,0.000000,73.005,751.143,1,0.851,73.089,751.723,65.378,791.389,8.416,780.339,79.583,716.429,134.893,723.167,-2.839818,0.618308,1.795336,3.416153,-0.002233,0.001360,1,4.260000,0.000000,1773.294,886.389,1,1.235,1772.442,886.566,1843.951,934.470,1760.604,935.496,1705.238,840.078,1784.412,843.363,1.891571,0.836328,1.462038,2.532793,4.258695,0.000172,0.0115462183,0.0116305365,-9.5884190207,0.0009028996,-0.0113875096,8.4946178583,0.0001501831,0.0041810705,1.0000000000,0.0115197585,0.0116081516,-9.5696514413,0.0009021838,-0.0113775633,8.4859581472,0.0001453197,0.0041833248,1.0000000000
152,34194861792075,16.0655,1785360964.116,2,3.5925,0.8477,3.4803,0.6963,3.5364,0.7720,143.47,0.0026,-0.0025,-0.0036,0.0005,-0.0005,-0.98,-0.017164,1.0000,0.0020,0.4995,0.1884,0,frozen,2-tag corner homography,2,1920,1200,0.200000,101;102,1,1,,2-tag corner homography,0.010992,0.478335,101,102,4.738335,4.260000,30,0.050000,0.600000,5.000000,raw-zero-distortion,590.9628888758,0.0000000000,1007.8592059077,0.0000000000,592.3761043005,547.7101609771,0.0000000000,0.0000000000,1.0000000000,-0.0359937509,0.0291287486,0.0062609452,0.0003552766,-0.0208418310,0.0000000000,0.0000000000,0.0000000000,0.0000000000,0.0000000000,1,0.000000,0.000000,73.076,751.100,1,1.027,73.306,751.657,65.550,791.484,8.501,780.352,79.535,716.445,135.512,722.818,-2.829685,0.616048,1.789346,3.404172,-0.002153,0.001491,1,4.260000,0.000000,1773.512,886.616,1,1.288,1772.597,886.722,1844.020,934.788,1760.755,935.478,1705.357,840.052,1784.707,843.735,1.892187,0.836815,1.462217,2.533517,4.258890,-0.000309,0.0115277950,0.0116313399,-9.5894342541,0.0009032293,-0.0113723871,8.4822754935,0.0001409793,0.0041909371,1.0000000000,0.0115197585,0.0116081516,-9.5696514413,0.0009021838,-0.0113775633,8.4859581472,0.0001453197,0.0041833248,1.0000000000
153,34194955052565,16.1588,1785360964.209,2,3.5929,0.8482,3.4809,0.6975,3.5369,0.7729,143.38,0.0040,-0.0013,-0.0040,-0.0013,0.0013,-1.05,-0.018332,1.0000,0.0021,0.4995,0.1877,0,frozen,2-tag corner homography,2,1920,1200,0.200000,101;102,1,1,,2-tag corner homography,0.019178,0.489812,101,102,4.749812,4.260000,30,0.050000,0.600000,5.000000,raw-zero-distortion,590.9628888758,0.0000000000,1007.8592059077,0.0000000000,592.3761043005,547.7101609771,0.0000000000,0.0000000000,1.0000000000,-0.0359937509,0.0291287486,0.0062609452,0.0003552766,-0.0208418310,0.0000000000,0.0000000000,0.0000000000,0.0000000000,0.0000000000,1,0.000000,0.000000,72.988,751.155,1,0.970,73.223,751.663,65.572,791.395,8.466,780.251,79.389,716.417,135.354,723.031,-2.837659,0.617748,1.794229,3.413676,-0.002247,0.001323,1,4.260000,0.000000,1773.439,886.628,1,1.306,1772.529,886.789,1843.779,934.639,1760.712,935.586,1705.472,840.236,1784.570,843.816,1.895578,0.838555,1.464967,2.538212,4.258716,-0.000351,0.0116313180,0.0139334478,-11.3263212589,0.0009187447,-0.0115151922,8.5854931849,0.0001316623,0.0043384848,1.0000000000,0.0115197585,0.0116081516,-9.5696514413,0.0009021838,-0.0113775633,8.4859581472,0.0001453197,0.0041833248,1.0000000000
154,34195048098208,16.2518,1785360964.303,2,3.5936,0.8472,3.4803,0.6977,3.5369,0.7725,142.84,0.0037,-0.0016,-0.0039,-0.0009,0.0009,-1.61,-0.028153,1.0000,0.0020,0.4995,0.1876,0,frozen,2-tag corner homography,2,1920,1200,0.200000,101;102,1,1,,2-tag corner homography,0.011029,0.494904,101,102,4.754904,4.260000,30,0.050000,0.600000,5.000000,raw-zero-distortion,590.9628888758,0.0000000000,1007.8592059077,0.0000000000,592.3761043005,547.7101609771,0.0000000000,0.0000000000,1.0000000000,-0.0359937509,0.0291287486,0.0062609452,0.0003552766,-0.0208418310,0.0000000000,0.0000000000,0.0000000000,0.0000000000,0.0000000000,1,0.000000,0.000000,73.032,751.150,1,0.885,73.138,751.737,65.570,791.413,8.389,780.235,79.460,716.468,135.039,723.250,-2.843763,0.619242,1.797925,3.420962,-0.002138,0.001347,1,4.260000,0.000000,1773.469,886.649,1,1.325,1772.518,886.724,1843.684,934.570,1760.786,935.581,1705.396,840.189,1784.608,843.671,1.894363,0.837869,1.464050,2.536549,4.258754,-0.000393,0.0114899461,0.0116633059,-9.6095949229,0.0009025935,-0.0113702014,8.4816122805,0.0001407378,0.0041755972,1.0000000000,0.0115197585,0.0116081516,-9.5696514413,0.0009021838,-0.0113775633,8.4859581472,0.0001453197,0.0041833248,1.0000000000
155,34195142329585,16.3461,1785360964.396,2,3.5938,0.8474,3.4806,0.6975,3.5372,0.7724,142.95,0.0031,-0.0001,-0.0025,-0.0018,0.0018,-1.99,-0.034660,1.0000,0.0017,0.4995,0.1879,0,frozen,2-tag corner homography,2,1920,1200,0.200000,101;102,1,1,,2-tag corner homography,0.011074,0.481271,101,102,4.741271,4.260000,30,0.050000,0.600000,5.000000,raw-zero-distortion,590.9628888758,0.0000000000,1007.8592059077,0.0000000000,592.3761043005,547.7101609771,0.0000000000,0.0000000000,1.0000000000,-0.0359937509,0.0291287486,0.0062609452,0.0003552766,-0.0208418310,0.0000000000,0.0000000000,0.0000000000,0.0000000000,0.0000000000,1,0.000000,0.000000,73.023,751.248,1,0.983,73.359,751.639,65.391,791.342,8.720,780.326,79.661,716.371,135.545,722.975,-2.833205,0.616793,1.791673,3.408457,-0.001890,0.001076,1,4.260000,0.000000,1773.468,886.430,1,1.308,1772.571,886.632,1844.038,934.596,1760.758,935.524,1705.382,839.959,1784.553,843.613,1.891474,0.836305,1.461715,2.532526,4.259026,0.000108,0.0115992822,0.0117207344,-9.6622960574,0.0009082998,-0.0114419909,8.5339712937,0.0001456037,0.0042169945,1.0000000000,0.0115197585,0.0116081516,-9.5696514413,0.0009021838,-0.0113775633,8.4859581472,0.0001453197,0.0041833248,1.0000000000
156,34195235269877,16.4390,1785360964.489,2,3.5953,0.8463,3.4801,0.6983,3.5377,0.7723,142.10,0.0028,-0.0012,-0.0029,-0.0008,0.0008,-3.16,-0.055171,1.0000,0.0016,0.4995,0.1875,0,frozen,2-tag corner homography,2,1920,1200,0.200000,101;102,1,1,,2-tag corner homography,0.010956,0.492414,101,102,4.752414,4.260000,30,0.050000,0.600000,5.000000,raw-zero-distortion,590.9628888758,0.0000000000,1007.8592059077,0.0000000000,592.3761043005,547.7101609771,0.0000000000,0.0000000000,1.0000000000,-0.0359937509,0.0291287486,0.0062609452,0.0003552766,-0.0208418310,0.0000000000,0.0000000000,0.0000000000,0.0000000000,0.0000000000,1,0.000000,0.000000,73.046,751.279,1,0.926,73.267,751.764,65.481,791.453,8.686,780.285,79.597,716.485,135.216,723.259,-2.841779,0.618980,1.796918,3.418736,-0.001740,0.000996,1,4.260000,0.000000,1773.431,886.443,1,1.314,1772.513,886.603,1843.892,934.397,1760.670,935.530,1705.328,840.094,1784.593,843.510,1.893906,0.837372,1.463706,2.535844,4.258928,0.000071,0.0114901450,0.0115701005,-9.5413648984,0.0008997344,-0.0113474495,8.4650561105,0.0001470166,0.0041595210,1.0000000000,0.0115197585,0.0116081516,-9.5696514413,0.0009021838,-0.0113775633,8.4859581472,0.0001453197,0.0041833248,1.0000000000
157,34195327988230,16.5317,1785360964.582,2,3.5955,0.8465,3.4796,0.6972,3.5376,0.7719,142.19,0.0027,-0.0017,-0.0031,-0.0003,0.0003,-3.07,-0.053617,1.0000,0.0016,0.4995,0.1890,0,frozen,2-tag corner homography,2,1920,1200,0.200000,101;102,1,1,,2-tag corner homography,0.010872,0.495248,101,102,4.755248,4.260000,30,0.050000,0.600000,5.000000,raw-zero-distortion,590.9628888758,0.0000000000,1007.8592059077,0.0000000000,592.3761043005,547.7101609771,0.0000000000,0.0000000000,1.0000000000,-0.0359937509,0.0291287486,0.0062609452,0.0003552766,-0.0208418310,0.0000000000,0.0000000000,0.0000000000,0.0000000000,0.0000000000,1,0.000000,0.000000,73.119,751.279,1,0.903,73.317,751.775,65.615,791.483,8.635,780.283,79.619,716.450,135.306,723.309,-2.841332,0.618948,1.796733,3.418261,-0.001536,0.001011,1,4.260000,0.000000,1773.286,886.477,1,1.290,1772.364,886.573,1843.532,934.280,1760.530,935.383,1705.298,840.211,1784.496,843.496,1.897340,0.838980,1.466645,2.540636,4.258567,-0.000033,0.0113705118,0.0114402159,-9.4356064050,0.0008917597,-0.0112490966,8.3917870724,0.0001406005,0.0041133586,1.0000000000,0.0115197585,0.0116081516,-9.5696514413,0.0009021838,-0.0113775633,8.4859581472,0.0001453197,0.0041833248,1.0000000000
158,34195420080129,16.6238,1785360964.674,2,3.5954,0.8463,3.4802,0.6972,3.5378,0.7717,142.31,0.0022,-0.0023,-0.0032,0.0005,-0.0005,-2.45,-0.042727,1.0000,0.0020,0.4995,0.1884,0,frozen,2-tag corner homography,2,1920,1200,0.200000,101;102,1,1,,2-tag corner homography,0.010981,0.494231,101,102,4.754231,4.260000,30,0.050000,0.600000,5.000000,raw-zero-distortion,590.9628888758,0.0000000000,1007.8592059077,0.0000000000,592.3761043005,547.7101609771,0.0000000000,0.0000000000,1.0000000000,-0.0359937509,0.0291287486,0.0062609452,0.0003552766,-0.0208418310,0.0000000000,0.0000000000,0.0000000000,0.0000000000,0.0000000000,1,0.000000,0.000000,73.130,751.141,1,0.863,73.223,751.724,65.615,791.421,8.536,780.323,79.610,716.413,135.051,723.167,-2.839546,0.618342,1.795421,3.415978,-0.001890,0.001392,1,4.260000,0.000000,1773.850,887.039,1,1.536,1772.674,886.874,1843.876,934.733,1761.032,935.521,1705.102,840.214,1785.184,844.170,1.898135,0.839735,1.466664,2.541491,4.259104,-0.001216,0.0115217820,0.0115120215,-9.4990729535,0.0009051475,-0.0113910230,8.4970390581,0.0001434972,0.0041789943,1.0000000000,0.0115197585,0.0116081516,-9.5696514413,0.0009021838,-0.0113775633,8.4859581472,0.0001453197,0.0041833248,1.0000000000
159,34195514429499,16.7182,1785360964.774,2,3.5954,0.8454,3.4804,0.6969,3.5379,0.7711,142.25,0.0016,-0.0032,-0.0032,0.0015,-0.0015,-0.64,-0.011152,1.0000,0.0023,0.4995,0.1879,0,frozen,2-tag corner homography,2,1920,1200,0.200000,101;102,1,1,,2-tag corner homography,0.010830,0.472983,101,102,4.732983,4.260000,30,0.050000,0.600000,5.000000,raw-zero-distortion,590.9628888758,0.0000000000,1007.8592059077,0.0000000000,592.3761043005,547.7101609771,0.0000000000,0.0000000000,1.0000000000,-0.0359937509,0.0291287486,0.0062609452,0.0003552766,-0.0208418310,0.0000000000,0.0000000000,0.0000000000,0.0000000000,0.0000000000,1,0.000000,0.000000,72.839,751.176,1,1.237,73.378,751.522,65.139,791.369,8.327,780.303,79.495,716.430,136.316,722.515,-2.819823,0.613541,1.783246,3.392315,-0.002602,0.001234,1,4.260000,0.000000,1773.794,887.024,1,1.504,1772.640,886.849,1843.699,934.733,1760.909,935.526,1705.192,840.204,1785.210,844.049,1.897114,0.839260,1.465942,2.540155,4.258998,-0.001192,0.0117110249,0.0119686042,-9.8556229388,0.0009213147,-0.0115789935,8.6346747458,0.0001363039,0.0042949036,1.0000000000,0.0115197585,0.0116081516,-9.5696514413,0.0009021838,-0.0113775633,8.4859581472,0.0001453197,0.0041833248,1.0000000000
160,34195612838310,16.8166,1785360964.867,2,3.5972,0.8459,3.4805,0.6993,3.5388,0.7726,141.47,0.0032,-0.0003,-0.0026,-0.0018,0.0018,-1.69,-0.029434,1.0000,0.0027,0.4995,0.1874,0,frozen,2-tag corner homography,2,1920,1200,0.200000,101;102,1,1,,2-tag corner homography,0.010987,0.490202,101,102,4.750202,4.260000,30,0.050000,0.600000,5.000000,raw-zero-distortion,590.9628888758,0.0000000000,1007.8592059077,0.0000000000,592.3761043005,547.7101609771,0.0000000000,0.0000000000,1.0000000000,-0.0359937509,0.0291287486,0.0062609452,0.0003552766,-0.0208418310,0.0000000000,0.0000000000,0.0000000000,0.0000000000,0.0000000000,1,0.000000,0.000000,73.060,750.883,1,1.081,73.246,751.535,65.513,791.340,8.436,780.039,79.480,716.465,135.419,722.750,-2.836943,0.617217,1.793820,3.412770,-0.002806,0.002083,1,4.260000,0.000000,1773.797,886.958,1,1.485,1772.676,886.863,1843.747,934.694,1760.898,935.629,1705.315,840.224,1785.178,844.014,1.896706,0.839075,1.465557,2.539566,4.259088,-0.001042,0.0114647613,0.0115697503,-9.5363412649,0.0009019648,-0.0113361240,8.4538473158,0.0001412851,0.0041603711,1.0000000000,0.0115197585,0.0116081516,-9.5696514413,0.0009021838,-0.0113775633,8.4859581472,0.0001453197,0.0041833248,1.0000000000
161,34195707376778,16.9111,1785360964.963,2,3.5977,0.8469,3.4810,0.6979,3.5394,0.7724,141.91,0.0047,0.0021,-0.0024,-0.0045,0.0045,-1.91,-0.033332,1.0000,0.0021,0.4995,0.1893,0,frozen,2-tag corner homography,2,1920,1200,0.200000,101;102,1,1,,2-tag corner homography,0.010939,0.477342,101,102,4.737342,4.260000,30,0.050000,0.600000,5.000000,raw-zero-distortion,590.9628888758,0.0000000000,1007.8592059077,0.0000000000,592.3761043005,547.7101609771,0.0000000000,0.0000000000,1.0000000000,-0.0359937509,0.0291287486,0.0062609452,0.0003552766,-0.0208418310,0.0000000000,0.0000000000,0.0000000000,0.0000000000,0.0000000000,1,0.000000,0.000000,72.906,751.186,1,1.312,73.454,751.593,65.568,791.440,8.694,780.255,79.207,716.619,136.175,722.544,-2.828063,0.615599,1.788603,3.402353,-0.002387,0.001220,1,4.260000,0.000000,1773.661,886.758,1,1.437,1772.593,886.707,1843.765,934.580,1761.067,935.614,1705.218,840.069,1784.757,843.712,1.892867,0.837082,1.462750,2.534420,4.259040,-0.000607,0.0115268795,0.0116685422,-9.6182415978,0.0009045288,-0.0113845238,8.4904917896,0.0001364260,0.0042007377,1.0000000000,0.0115197585,0.0116081516,-9.5696514413,0.0009021838,-0.0113775633,8.4859581472,0.0001453197,0.0041833248,1.0000000000
162,34195803622640,17.0074,1785360965.059,2,3.5982,0.8452,3.4808,0.6971,3.5395,0.7712,141.60,0.0052,0.0008,-0.0035,-0.0039,0.0039,-1.73,-0.030142,1.0000,0.0020,0.4995,0.1890,0,frozen,2-tag corner homography,2,1920,1200,0.200000,101;102,1,1,,2-tag corner homography,0.011046,0.486103,101,102,4.746103,4.260000,30,0.050000,0.600000,5.000000,raw-zero-distortion,590.9628888758,0.0000000000,1007.8592059077,0.0000000000,592.3761043005,547.7101609771,0.0000000000,0.0000000000,1.0000000000,-0.0359937509,0.0291287486,0.0062609452,0.0003552766,-0.0208418310,0.0000000000,0.0000000000,0.0000000000,0.0000000000,0.0000000000,1,0.000000,0.000000,72.876,751.257,1,1.082,73.217,751.724,65.305,791.432,8.492,780.425,79.400,716.637,135.529,722.873,-2.832916,0.616894,1.791219,3.407997,-0.002271,0.001018,1,4.260000,0.000000,1773.289,886.452,1,1.282,1772.416,886.672,1844.052,934.486,1760.656,935.406,1705.153,840.201,1784.307,843.759,1.896832,0.838944,1.466153,2.539961,4.258606,0.000025,0.0118422825,0.0119386693,-9.8432990691,0.0009286225,-0.0117035636,8.7302977441,0.0001450362,0.0043348900,1.0000000000,0.0115197585,0.0116081516,-9.5696514413,0.0009021838,-0.0113775633,8.4859581472,0.0001453197,0.0041833248,1.0000000000
163,34195897817817,17.1015,1785360965.156,2,3.5989,0.8442,3.4810,0.6983,3.5400,0.7713,141.06,0.0044,-0.0029,-0.0052,-0.0005,0.0005,-1.66,-0.028911,1.0000,0.0015,0.4995,0.1876,0,frozen,2-tag corner homography,2,1920,1200,0.200000,101;102,1,1,,2-tag corner homography,0.010906,0.489759,101,102,4.749759,4.260000,30,0.050000,0.600000,5.000000,raw-zero-distortion,590.9628888758,0.0000000000,1007.8592059077,0.0000000000,592.3761043005,547.7101609771,0.0000000000,0.0000000000,1.0000000000,-0.0359937509,0.0291287486,0.0062609452,0.0003552766,-0.0208418310,0.0000000000,0.0000000000,0.0000000000,0.0000000000,0.0000000000,1,0.000000,0.000000,73.091,751.318,1,0.838,73.273,751.780,65.626,791.400,8.651,780.516,79.587,716.439,135.149,723.198,-2.837341,0.618064,1.794123,3.413412,-0.001505,0.000899,1,4.260000,0.000000,1773.381,886.465,1,1.264,1772.503,886.637,1844.089,934.416,1760.708,935.472,1705.220,840.242,1784.475,843.559,1.895897,0.838348,1.465263,2.538552,4.258790,0.000013,0.0115303045,0.0115821441,-9.5536591879,0.0009028362,-0.0113842694,8.4926632109,0.0001476271,0.0041766431,1.0000000000,0.0115197585,0.0116081516,-9.5696514413,0.0009021838,-0.0113775633,8.4859581472,0.0001453197,0.0041833248,1.0000000000
164,34195994944178,17.1987,1785360965.252,2,3.5993,0.8438,3.4807,0.6969,3.5400,0.7704,141.09,0.0032,-0.0049,-0.0056,0.0018,-0.0018,-2.54,-0.044387,1.0000,0.0015,0.4995,0.1887,0,frozen,2-tag corner homography,2,1920,1200,0.200000,101;102,1,1,,2-tag corner homography,0.011088,0.487240,101,102,4.747240,4.260000,30,0.050000,0.600000,5.000000,raw-zero-distortion,590.9628888758,0.0000000000,1007.8592059077,0.0000000000,592.3761043005,547.7101609771,0.0000000000,0.0000000000,1.0000000000,-0.0359937509,0.0291287486,0.0062609452,0.0003552766,-0.0208418310,0.0000000000,0.0000000000,0.0000000000,0.0000000000,0.0000000000,1,0.000000,0.000000,72.886,751.377,1,0.844,73.082,751.827,65.417,791.396,8.575,780.682,79.389,716.540,134.882,723.128,-2.836355,0.617865,1.793133,3.412036,-0.001906,0.000691,1,4.260000,0.000000,1773.750,886.634,1,1.428,1772.708,886.679,1844.077,934.552,1760.788,935.526,1705.316,840.007,1785.115,843.765,1.894341,0.837539,1.463668,2.536203,4.259388,-0.000308,0.0115667860,0.0116238801,-9.5861191347,0.0009037384,-0.0113990012,8.5043814533,0.0001539307,0.0041828703,1.0000000000,0.0115197585,0.0116081516,-9.5696514413,0.0009021838,-0.0113775633,8.4859581472,0.0001453197,0.0041833248,1.0000000000
165,34196091199331,17.2949,1785360965.345,2,3.5995,0.8437,3.4808,0.6989,3.5402,0.7713,140.64,0.0024,-0.0023,-0.0033,0.0002,-0.0002,-2.78,-0.048549,1.0000,0.0023,0.4995,0.1873,0,frozen,2-tag corner homography,2,1920,1200,0.200000,101;102,1,1,,2-tag corner homography,0.010805,0.472512,101,102,4.732512,4.260000,30,0.050000,0.600000,5.000000,raw-zero-distortion,590.9628888758,0.0000000000,1007.8592059077,0.0000000000,592.3761043005,547.7101609771,0.0000000000,0.0000000000,1.0000000000,-0.0359937509,0.0291287486,0.0062609452,0.0003552766,-0.0208418310,0.0000000000,0.0000000000,0.0000000000,0.0000000000,0.0000000000,1,0.000000,0.000000,72.811,751.136,1,1.364,73.407,751.521,65.246,791.408,8.402,780.178,79.305,716.571,136.437,722.447,-2.823215,0.614295,1.785447,3.396428,-0.002790,0.001338,1,4.260000,0.000000,1773.712,886.814,1,1.493,1772.591,886.728,1843.791,934.604,1760.971,935.621,1705.115,840.033,1784.942,843.800,1.893025,0.837205,1.462875,2.534652,4.259082,-0.000726,0.0116834070,0.0119240965,-9.8204036825,0.0009176729,-0.0115430668,8.6079266890,0.0001365351,0.0042804127,1.0000000000,0.0115197585,0.0116081516,-9.5696514413,0.0009021838,-0.0113775633,8.4859581472,0.0001453197,0.0041833248,1.0000000000
166,34196183700761,17.3874,1785360965.437,2,3.6001,0.8430,3.4814,0.6980,3.5408,0.7705,140.72,0.0026,-0.0018,-0.0031,-0.0002,0.0002,-2.07,-0.036087,1.0000,0.0021,0.4995,0.1874,0,frozen,2-tag corner homography,2,1920,1200,0.200000,101;102,1,1,,2-tag corner homography,0.011128,0.489750,101,102,4.749750,4.260000,30,0.050000,0.600000,5.000000,raw-zero-distortion,590.9628888758,0.0000000000,1007.8592059077,0.0000000000,592.3761043005,547.7101609771,0.0000000000,0.0000000000,1.0000000000,-0.0359937509,0.0291287486,0.0062609452,0.0003552766,-0.0208418310,0.0000000000,0.0000000000,0.0000000000,0.0000000000,0.0000000000,1,0.000000,0.000000,72.760,751.275,1,0.902,73.013,751.698,64.970,791.359,8.305,780.351,79.539,716.391,135.114,723.147,-2.836208,0.617397,1.792909,3.411711,-0.002543,0.000943,1,4.260000,0.000000,1773.366,886.539,1,1.218,1772.511,886.676,1843.806,934.573,1760.632,935.330,1705.475,840.243,1784.554,843.668,1.897109,0.838971,1.466185,2.540195,4.258666,-0.000159,0.0115914865,0.0117340394,-9.6684382407,0.0009096765,-0.0114629540,8.5506410640,0.0001442126,0.0042173748,1.0000000000,0.0115197585,0.0116081516,-9.5696514413,0.0009021838,-0.0113775633,8.4859581472,0.0001453197,0.0041833248,1.0000000000
167,34196276421539,17.4802,1785360965.530,2,3.6009,0.8437,3.4806,0.6991,3.5407,0.7714,140.24,0.0028,0.0007,-0.0017,-0.0023,0.0023,-2.40,-0.041888,1.0000,0.0017,0.4995,0.1881,0,frozen,2-tag corner homography,2,1920,1200,0.200000,101;102,1,1,,2-tag corner homography,0.010823,0.486380,101,102,4.746380,4.260000,30,0.050000,0.600000,5.000000,raw-zero-distortion,590.9628888758,0.0000000000,1007.8592059077,0.0000000000,592.3761043005,547.7101609771,0.0000000000,0.0000000000,1.0000000000,-0.0359937509,0.0291287486,0.0062609452,0.0003552766,-0.0208418310,0.0000000000,0.0000000000,0.0000000000,0.0000000000,0.0000000000,1,0.000000,0.000000,73.033,751.259,1,0.941,73.271,751.738,65.471,791.470,8.576,780.375,79.582,716.442,135.349,723.111,-2.835393,0.617511,1.792888,3.411044,-0.001828,0.001047,1,4.260000,0.000000,1773.454,886.510,1,1.414,1772.441,886.611,1843.957,934.372,1760.666,935.523,1705.000,840.038,1784.634,843.661,1.894474,0.837722,1.464282,2.536717,4.258896,-0.000077,0.0115714954,0.0116519298,-9.6085930260,0.0009059531,-0.0114220702,8.5203831952,0.0001467111,0.0041995133,1.0000000000,0.0115197585,0.0116081516,-9.5696514413,0.0009021838,-0.0113775633,8.4859581472,0.0001453197,0.0041833248,1.0000000000
168,34196368957125,17.5727,1785360965.622,2,3.6018,0.8433,3.4814,0.6986,3.5416,0.7709,140.22,0.0039,0.0001,-0.0029,-0.0025,0.0025,-2.11,-0.036854,1.0000,0.0021,0.4995,0.1882,0,frozen,2-tag corner homography,2,1920,1200,0.200000,101;102,1,1,,2-tag corner homography,0.011192,0.485808,101,102,4.745808,4.260000,30,0.050000,0.600000,5.000000,raw-zero-distortion,590.9628888758,0.0000000000,1007.8592059077,0.0000000000,592.3761043005,547.7101609771,0.0000000000,0.0000000000,1.0000000000,-0.0359937509,0.0291287486,0.0062609452,0.0003552766,-0.0208418310,0.0000000000,0.0000000000,0.0000000000,0.0000000000,0.0000000000,1,0.000000,0.000000,73.174,751.115,1,0.824,73.184,751.755,65.604,791.508,8.631,780.306,79.686,716.364,134.773,723.255,-2.840847,0.618693,1.796170,3.417517,-0.001842,0.001472,1,4.260000,0.000000,1773.020,886.110,1,0.991,1772.407,886.423,1844.007,934.476,1760.706,935.379,1705.492,840.099,1783.820,842.897,1.888076,0.834468,1.459403,2.528048,4.258443,0.000762,0.0113855760,0.0113958825,-9.4017335973,0.0008884101,-0.0112179647,8.3684706278,0.0001461446,0.0041082057,1.0000000000,0.0115197585,0.0116081516,-9.5696514413,0.0009021838,-0.0113775633,8.4859581472,0.0001453197,0.0041833248,1.0000000000
169,34196461910348,17.6656,1785360965.715,2,3.6024,0.8424,3.4829,0.6990,3.5426,0.7707,140.19,0.0057,0.0001,-0.0043,-0.0037,0.0037,-1.89,-0.032996,1.0000,0.0019,0.4995,0.1867,0,frozen,2-tag corner homography,2,1920,1200,0.200000,101;102,1,1,,2-tag corner homography,0.011052,0.494548,101,102,4.754548,4.260000,30,0.050000,0.600000,5.000000,raw-zero-distortion,590.9628888758,0.0000000000,1007.8592059077,0.0000000000,592.3761043005,547.7101609771,0.0000000000,0.0000000000,1.0000000000,-0.0359937509,0.0291287486,0.0062609452,0.0003552766,-0.0208418310,0.0000000000,0.0000000000,0.0000000000,0.0000000000,0.0000000000,1,0.000000,0.000000,73.049,751.157,1,0.921,73.177,751.743,65.458,791.434,8.607,780.239,79.577,716.517,134.989,723.203,-2.843465,0.619222,1.797812,3.420652,-0.002074,0.001332,1,4.260000,0.000000,1773.432,886.340,1,1.256,1772.578,886.561,1844.135,934.422,1760.723,935.401,1705.387,840.065,1784.529,843.500,1.894323,0.837381,1.463903,2.536273,4.259059,0.000309,0.0115791949,0.0116560257,-9.6112288085,0.0009067565,-0.0114383407,8.5326826663,0.0001489584,0.0041993484,1.0000000000,0.0115197585,0.0116081516,-9.5696514413,0.0009021838,-0.0113775633,8.4859581472,0.0001453197,0.0041833248,1.0000000000
170,34196554498676,17.7582,1785360965.808,2,3.6030,0.8425,3.4819,0.6996,3.5424,0.7710,139.73,0.0063,-0.0008,-0.0053,-0.0034,0.0034,-1.77,-0.030885,1.0000,0.0022,0.4995,0.1873,0,frozen,2-tag corner homography,2,1920,1200,0.200000,101;102,1,1,,2-tag corner homography,0.010939,0.487517,101,102,4.747517,4.260000,30,0.050000,0.600000,5.000000,raw-zero-distortion,590.9628888758,0.0000000000,1007.8592059077,0.0000000000,592.3761043005,547.7101609771,0.0000000000,0.0000000000,1.0000000000,-0.0359937509,0.0291287486,0.0062609452,0.0003552766,-0.0208418310,0.0000000000,0.0000000000,0.0000000000,0.0000000000,0.0000000000,1,0.000000,0.000000,72.928,751.137,1,1.045,73.225,751.627,65.376,791.350,8.518,780.374,79.433,716.495,135.442,722.760,-2.831342,0.616264,1.790238,3.406058,-0.002464,0.001360,1,4.260000,0.000000,1773.751,886.878,1,1.481,1772.650,886.859,1843.906,934.502,1760.828,935.643,1705.230,840.364,1785.107,844.023,1.899921,0.840515,1.468091,2.543906,4.259086,-0.000867,0.0115910339,0.0117303384,-9.6672103355,0.0009108338,-0.0114552079,8.5437211405,0.0001462937,0.0042126095,1.0000000000,0.0115197585,0.0116081516,-9.5696514413,0.0009021838,-0.0113775633,8.4859581472,0.0001453197,0.0041833248,1.0000000000
171,34196647171434,17.8509,1785360965.902,2,3.6034,0.8427,3.4816,0.6998,3.5425,0.7712,139.57,0.0043,0.0005,-0.0030,-0.0031,0.0031,-2.25,-0.039249,1.0000,0.0021,0.4995,0.1878,0,frozen,2-tag corner homography,2,1920,1200,0.200000,101;102,1,1,,2-tag corner homography,0.011260,0.484547,101,102,4.744547,4.260000,30,0.050000,0.600000,5.000000,raw-zero-distortion,590.9628888758,0.0000000000,1007.8592059077,0.0000000000,592.3761043005,547.7101609771,0.0000000000,0.0000000000,1.0000000000,-0.0359937509,0.0291287486,0.0062609452,0.0003552766,-0.0208418310,0.0000000000,0.0000000000,0.0000000000,0.0000000000,0.0000000000,1,0.000000,0.000000,73.064,751.124,1,0.949,73.242,751.680,65.597,791.383,8.511,780.311,79.492,716.467,135.262,723.001,-2.837399,0.617755,1.794100,3.413392,-0.002121,0.001425,1,4.260000,0.000000,1773.508,886.773,1,1.431,1772.451,886.740,1843.738,934.689,1760.967,935.684,1705.008,840.037,1784.545,843.729,1.890404,0.836229,1.461118,2.531358,4.258686,-0.000669,0.0124699748,0.0126387159,-10.4152810153,0.0009771067,-0.0123070154,9.1796198833,0.0001475009,0.0046373183,1.0000000000,0.0115197585,0.0116081516,-9.5696514413,0.0009021838,-0.0113775633,8.4859581472,0.0001453197,0.0041833248,1.0000000000
172,34196746805807,17.9505,1785360966.006,2,3.6043,0.8417,3.4821,0.6991,3.5432,0.7704,139.41,0.0029,-0.0002,-0.0023,-0.0017,0.0017,-2.48,-0.043279,1.0000,0.0022,0.4995,0.1878,0,frozen,2-tag corner homography,2,1920,1200,0.200000,101;102,1,1,,2-tag corner homography,0.010758,0.474328,101,102,4.734328,4.260000,30,0.050000,0.600000,5.000000,raw-zero-distortion,590.9628888758,0.0000000000,1007.8592059077,0.0000000000,592.3761043005,547.7101609771,0.0000000000,0.0000000000,1.0000000000,-0.0359937509,0.0291287486,0.0062609452,0.0003552766,-0.0208418310,0.0000000000,0.0000000000,0.0000000000,0.0000000000,0.0000000000,1,0.000000,0.000000,72.830,751.235,1,1.258,73.370,751.605,65.419,791.396,8.363,780.445,79.222,716.600,136.260,722.495,-2.821968,0.614252,1.784588,3.394932,-0.002459,0.001068,1,4.260000,0.000000,1773.813,886.988,1,1.531,1772.639,886.808,1843.822,934.606,1761.077,935.616,1705.045,840.214,1785.089,843.934,1.896240,0.838774,1.465268,2.538953,4.259086,-0.001106,0.0116572531,0.0118426958,-9.7578945520,0.0009156895,-0.0115189007,8.5909188588,0.0001372426,0.0042641875,1.0000000000,0.0115197585,0.0116081516,-9.5696514413,0.0009021838,-0.0113775633,8.4859581472,0.0001453197,0.0041833248,1.0000000000
173,34196850456256,18.0542,1785360966.106,2,3.6050,0.8412,3.4815,0.6989,3.5432,0.7700,139.04,0.0030,-0.0025,-0.0039,-0.0001,0.0001,-2.33,-0.040740,1.0000,0.0018,0.4995,0.1884,0,frozen,2-tag corner homography,2,1920,1200,0.200000,101;102,1,0,world_rms>0.050,2-tag corner homography,3.007057,0.489197,101,102,4.749197,4.260000,30,0.050000,0.600000,5.000000,raw-zero-distortion,590.9628888758,0.0000000000,1007.8592059077,0.0000000000,592.3761043005,547.7101609771,0.0000000000,0.0000000000,1.0000000000,-0.0359937509,0.0291287486,0.0062609452,0.0003552766,-0.0208418310,0.0000000000,0.0000000000,0.0000000000,0.0000000000,0.0000000000,1,0.000000,0.000000,73.206,751.166,1,0.779,73.255,751.728,65.579,791.439,8.569,780.281,79.814,716.275,134.989,723.337,-2.840159,0.618507,1.795871,3.416754,-0.001610,0.001340,1,4.260000,0.000000,1773.357,886.546,1,1.191,1772.522,886.671,1843.765,934.662,1760.746,935.492,1705.511,840.181,1784.456,843.472,1.892287,0.836814,1.462436,2.533718,4.258637,-0.000178,-0.0000324722,-0.0022985736,2.1402584610,0.0006804519,-0.0062609455,4.5942629818,0.0056423773,-0.0122177335,1.0000000000,0.0115197585,0.0116081516,-9.5696514413,0.0009021838,-0.0113775633,8.4859581472,0.0001453197,0.0041833248,1.0000000000
174,34196951611602,18.1553,1785360966.206,2,3.6052,0.8408,3.4820,0.6995,3.5436,0.7702,138.90,0.0031,-0.0031,-0.0044,0.0003,-0.0003,-2.33,-0.040702,1.0000,0.0018,0.4995,0.1875,0,frozen,2-tag corner homography,2,1920,1200,0.200000,101;102,1,1,,2-tag corner homography,0.011011,0.490879,101,102,4.750879,4.260000,30,0.050000,0.600000,5.000000,raw-zero-distortion,590.9628888758,0.0000000000,1007.8592059077,0.0000000000,592.3761043005,547.7101609771,0.0000000000,0.0000000000,1.0000000000,-0.0359937509,0.0291287486,0.0062609452,0.0003552766,-0.0208418310,0.0000000000,0.0000000000,0.0000000000,0.0000000000,0.0000000000,1,0.000000,0.000000,73.096,751.146,1,0.906,73.200,751.747,65.462,791.562,8.587,780.292,79.659,716.399,135.021,723.167,-2.837376,0.617923,1.794006,3.413354,-0.001972,0.001371,1,4.260000,0.000000,1773.449,886.443,1,1.266,1772.573,886.622,1843.893,934.309,1760.736,935.504,1705.499,840.271,1784.579,843.494,1.897021,0.838730,1.465997,2.539941,4.258969,0.000075,0.0113868632,0.0114304062,-9.4278557721,0.0008918455,-0.0112456463,8.3889569579,0.0001441231,0.0041142486,1.0000000000,0.0115197585,0.0116081516,-9.5696514413,0.0009021838,-0.0113775633,8.4859581472,0.0001453197,0.0041833248,1.0000000000
175,34197053602255,18.2573,1785360966.328,2,3.6046,0.8403,3.4814,0.6995,3.5430,0.7699,138.81,0.0010,-0.0021,-0.0021,0.0009,-0.0009,-2.07,-0.036069,1.0000,0.0021,0.4995,0.1870,0,frozen,2-tag corner homography,2,1920,1200,0.200000,101;102,1,1,,2-tag corner homography,0.011076,0.486690,101,102,4.746690,4.260000,30,0.050000,0.600000,5.000000,raw-zero-distortion,590.9628888758,0.0000000000,1007.8592059077,0.0000000000,592.3761043005,547.7101609771,0.0000000000,0.0000000000,1.0000000000,-0.0359937509,0.0291287486,0.0062609452,0.0003552766,-0.0208418310,0.0000000000,0.0000000000,0.0000000000,0.0000000000,0.0000000000,1,0.000000,0.000000,73.101,751.072,1,0.795,73.049,751.752,65.456,791.473,8.327,780.390,79.667,716.375,134.679,723.200,-2.838140,0.618005,1.794199,3.414106,-0.002164,0.001575,1,4.260000,0.000000,1773.400,886.491,1,1.268,1772.514,886.640,1844.096,934.602,1760.763,935.501,1705.201,840.078,1784.472,843.548,1.891874,0.836563,1.462133,2.533152,4.258800,-0.000043,0.0115733838,0.0116383617,-9.5961918552,0.0009052948,-0.0114136862,8.5144235579,0.0001487314,0.0041965848,1.0000000000,0.0115197585,0.0116081516,-9.5696514413,0.0009021838,-0.0113775633,8.4859581472,0.0001453197,0.0041833248,1.0000000000
176,34197174209756,18.3779,1785360966.445,2,3.6050,0.8405,3.4818,0.6994,3.5434,0.7700,138.90,0.0004,-0.0010,-0.0009,0.0005,-0.0005,-0.98,-0.017188,1.0000,0.0021,0.4995,0.1873,0,frozen,2-tag corner homography,2,1920,1200,0.200000,101;102,1,1,,2-tag corner homography,0.011104,0.499258,101,102,4.759258,4.260000,30,0.050000,0.600000,5.000000,raw-zero-distortion,590.9628888758,0.0000000000,1007.8592059077,0.0000000000,592.3761043005,547.7101609771,0.0000000000,0.0000000000,1.0000000000,-0.0359937509,0.0291287486,0.0062609452,0.0003552766,-0.0208418310,0.0000000000,0.0000000000,0.0000000000,0.0000000000,0.0000000000,1,0.000000,0.000000,72.939,751.185,1,0.884,73.114,751.689,65.359,791.322,8.504,780.275,79.503,716.421,135.002,723.166,-2.841765,0.618646,1.796615,3.418505,-0.002300,0.001230,1,4.260000,0.000000,1773.856,886.954,1,1.432,1772.788,886.911,1843.898,934.671,1761.042,935.540,1705.513,840.394,1785.148,844.139,1.900971,0.840956,1.468637,2.545151,4.259223,-0.001021,0.0115149485,0.0115980948,-9.5616547202,0.0009065626,-0.0114036226,8.5060486542,0.0001432910,0.0041800971,1.0000000000,0.0115197585,0.0116081516,-9.5696514413,0.0009021838,-0.0113775633,8.4859581472,0.0001453197,0.0041833248,1.0000000000
177,34197297897435,18.5016,1785360966.566,2,3.6066,0.8403,3.4820,0.7021,3.5443,0.7712,137.96,0.0016,0.0017,-0.0000,-0.0023,0.0023,-1.96,-0.034268,1.0000,0.0025,0.4995,0.1861,0,frozen,2-tag corner homography,2,1920,1200,0.200000,101;102,1,1,,2-tag corner homography,0.011066,0.499430,101,102,4.759430,4.260000,30,0.050000,0.600000,5.000000,raw-zero-distortion,590.9628888758,0.0000000000,1007.8592059077,0.0000000000,592.3761043005,547.7101609771,0.0000000000,0.0000000000,1.0000000000,-0.0359937509,0.0291287486,0.0062609452,0.0003552766,-0.0208418310,0.0000000000,0.0000000000,0.0000000000,0.0000000000,0.0000000000,1,0.000000,0.000000,73.008,750.960,1,0.902,73.069,751.605,65.366,791.352,8.422,780.041,79.558,716.334,134.849,723.114,-2.843526,0.618746,1.797642,3.420527,-0.002738,0.001862,1,4.260000,0.000000,1773.840,886.929,1,1.415,1772.764,886.799,1843.831,934.537,1761.180,935.529,1705.415,840.387,1785.064,843.840,1.899275,0.839956,1.467374,2.542825,4.259218,-0.000967,0.0114467131,0.0115152712,-9.4928814603,0.0009006610,-0.0113318487,8.4516174717,0.0001429049,0.0041477298,1.0000000000,0.0115197585,0.0116081516,-9.5696514413,0.0009021838,-0.0113775633,8.4859581472,0.0001453197,0.0041833248,1.0000000000
178,34197409909937,18.6136,1785360966.664,2,3.6075,0.8400,3.4825,0.7008,3.5450,0.7704,138.08,0.0050,0.0019,-0.0024,-0.0048,0.0048,-3.00,-0.052286,1.0000,0.0021,0.4995,0.1870,0,frozen,2-tag corner homography,2,1920,1200,0.200000,101;102,1,1,,2-tag corner homography,0.010861,0.480785,101,102,4.740785,4.260000,30,0.050000,0.600000,5.000000,raw-zero-distortion,590.9628888758,0.0000000000,1007.8592059077,0.0000000000,592.3761043005,547.7101609771,0.0000000000,0.0000000000,1.0000000000,-0.0359937509,0.0291287486,0.0062609452,0.0003552766,-0.0208418310,0.0000000000,0.0000000000,0.0000000000,0.0000000000,0.0000000000,1,0.000000,0.000000,73.148,751.000,1,1.020,73.327,751.608,65.538,791.486,8.491,780.281,79.656,716.374,135.495,722.765,-2.828259,0.615602,1.788483,3.402454,-0.002236,0.001782,1,4.260000,0.000000,1773.422,886.370,1,1.268,1772.570,886.625,1844.189,934.360,1760.686,935.497,1705.358,840.214,1784.520,843.562,1.896254,0.838403,1.465412,2.538923,4.258999,0.000237,0.0115236615,0.0116265472,-9.5851735019,0.0009030908,-0.0113744092,8.4832365710,0.0001427171,0.0041856453,1.0000000000,0.0115197585,0.0116081516,-9.5696514413,0.0009021838,-0.0113775633,8.4859581472,0.0001453197,0.0041833248,1.0000000000
179,34197512151409,18.7159,1785360966.777,2,3.6083,0.8392,3.4824,0.7001,3.5454,0.7697,137.86,0.0056,-0.0001,-0.0042,-0.0037,0.0037,-2.82,-0.049303,1.0000,0.0016,0.4995,0.1876,0,frozen,2-tag corner homography,2,1920,1200,0.200000,101;102,1,1,,2-tag corner homography,0.011057,0.488044,101,102,4.748044,4.260000,30,0.050000,0.600000,5.000000,raw-zero-distortion,590.9628888758,0.0000000000,1007.8592059077,0.0000000000,592.3761043005,547.7101609771,0.0000000000,0.0000000000,1.0000000000,-0.0359937509,0.0291287486,0.0062609452,0.0003552766,-0.0208418310,0.0000000000,0.0000000000,0.0000000000,0.0000000000,0.0000000000,1,0.000000,0.000000,73.224,751.191,1,0.669,73.129,751.814,65.595,791.458,8.483,780.533,79.836,716.295,134.566,723.390,-2.838681,0.618365,1.794694,3.414881,-0.001489,0.001274,1,4.260000,0.000000,1773.444,886.476,1,1.319,1772.512,886.605,1844.075,934.531,1760.711,935.455,1705.153,840.013,1784.594,843.587,1.892706,0.836848,1.462780,2.534241,4.258915,-0.000001,0.0115092077,0.0115177198,-9.5024565158,0.0008991587,-0.0113438004,8.4629833391,0.0001510223,0.0041584469,1.0000000000,0.0115197585,0.0116081516,-9.5696514413,0.0009021838,-0.0113775633,8.4859581472,0.0001453197,0.0041833248,1.0000000000
180,34197625851206,18.8296,1785360966.886,2,3.6091,0.8391,3.4828,0.7002,3.5459,0.7696,137.71,0.0051,-0.0033,-0.0061,-0.0010,0.0010,-1.56,-0.027261,1.0000,0.0019,0.4995,0.1877,0,frozen,2-tag corner homography,2,1920,1200,0.200000,101;102,1,1,,2-tag corner homography,0.011247,0.492144,101,102,4.752144,4.260000,30,0.050000,0.600000,5.000000,raw-zero-distortion,590.9628888758,0.0000000000,1007.8592059077,0.0000000000,592.3761043005,547.7101609771,0.0000000000,0.0000000000,1.0000000000,-0.0359937509,0.0291287486,0.0062609452,0.0003552766,-0.0208418310,0.0000000000,0.0000000000,0.0000000000,0.0000000000,0.0000000000,1,0.000000,0.000000,72.915,751.269,1,0.828,73.033,751.793,65.320,791.449,8.553,780.371,79.499,716.439,134.710,723.328,-2.843131,0.619208,1.797324,3.420115,-0.002129,0.000995,1,4.260000,0.000000,1773.629,886.766,1,1.286,1772.690,886.770,1844.046,934.773,1761.226,935.604,1705.363,840.225,1784.578,843.656,1.892172,0.836825,1.462027,2.533400,4.258960,-0.000632,0.0115364642,0.0115806602,-9.5504355197,0.0009038657,-0.0113893525,8.4967288623,0.0001470422,0.0041814708,1.0000000000,0.0115197585,0.0116081516,-9.5696514413,0.0009021838,-0.0113775633,8.4859581472,0.0001453197,0.0041833248,1.0000000000
181,34197730407764,18.9341,1785360967.000,2,3.6099,0.8386,3.4825,0.7025,3.5462,0.7705,136.92,0.0043,-0.0011,-0.0038,-0.0021,0.0021,-2.69,-0.047006,1.0000,0.0022,0.4995,0.1864,0,frozen,2-tag corner homography,2,1920,1200,0.200000,101;102,1,1,,2-tag corner homography,0.011034,0.486327,101,102,4.746327,4.260000,30,0.050000,0.600000,5.000000,raw-zero-distortion,590.9628888758,0.0000000000,1007.8592059077,0.0000000000,592.3761043005,547.7101609771,0.0000000000,0.0000000000,1.0000000000,-0.0359937509,0.0291287486,0.0062609452,0.0003552766,-0.0208418310,0.0000000000,0.0000000000,0.0000000000,0.0000000000,0.0000000000,1,0.000000,0.000000,72.982,751.135,1,0.959,73.176,751.681,65.525,791.409,8.405,780.319,79.403,716.451,135.261,722.990,-2.836201,0.617451,1.793217,3.411878,-0.002319,0.001376,1,4.260000,0.000000,1773.566,886.821,1,1.358,1772.568,886.826,1843.770,934.729,1760.740,935.683,1705.312,840.243,1784.868,843.767,1.893521,0.837693,1.463302,2.535430,4.258753,-0.000769,0.0119658350,0.0123678779,-10.1739123247,0.0009406890,-0.0118352212,8.8274202415,0.0001437755,0.0044087927,1.0000000000,0.0115197585,0.0116081516,-9.5696514413,0.0009021838,-0.0113775633,8.4859581472,0.0001453197,0.0041833248,1.0000000000
182,34197851939798,19.0557,1785360967.118,2,3.6097,0.8378,3.4827,0.7005,3.5462,0.7691,137.24,0.0031,-0.0009,-0.0028,-0.0014,0.0014,-2.43,-0.042367,1.0000,0.0023,0.4995,0.1870,0,frozen,2-tag corner homography,2,1920,1200,0.200000,101;102,1,1,,2-tag corner homography,0.023643,0.474511,101,102,4.734511,4.260000,30,0.050000,0.600000,5.000000,raw-zero-distortion,590.9628888758,0.0000000000,1007.8592059077,0.0000000000,592.3761043005,547.7101609771,0.0000000000,0.0000000000,1.0000000000,-0.0359937509,0.0291287486,0.0062609452,0.0003552766,-0.0208418310,0.0000000000,0.0000000000,0.0000000000,0.0000000000,0.0000000000,1,0.000000,0.000000,73.106,751.004,1,1.334,73.637,751.447,65.533,791.382,8.567,780.101,79.585,716.461,136.626,722.366,-2.820933,0.613726,1.784444,3.393901,-0.002341,0.001762,1,4.260000,0.000000,1773.552,886.744,1,1.355,1772.558,886.770,1843.951,934.598,1760.661,935.481,1705.198,840.280,1784.900,843.841,1.897492,0.839322,1.466390,2.540716,4.258818,-0.000596,0.0111248482,0.0085872060,-7.2729207403,0.0008349433,-0.0105510889,7.8714378686,0.0001237473,0.0039350223,1.0000000000,0.0115197585,0.0116081516,-9.5696514413,0.0009021838,-0.0113775633,8.4859581472,0.0001453197,0.0041833248,1.0000000000
183,34197965594283,19.1693,1785360967.219,2,3.6104,0.8386,3.4836,0.7031,3.5470,0.7708,136.92,0.0029,0.0009,-0.0015,-0.0026,0.0026,-1.98,-0.034582,1.0000,0.0021,0.4995,0.1856,0,frozen,2-tag corner homography,2,1920,1200,0.200000,101;102,1,1,,2-tag corner homography,0.010938,0.487901,101,102,4.747901,4.260000,30,0.050000,0.600000,5.000000,raw-zero-distortion,590.9628888758,0.0000000000,1007.8592059077,0.0000000000,592.3761043005,547.7101609771,0.0000000000,0.0000000000,1.0000000000,-0.0359937509,0.0291287486,0.0062609452,0.0003552766,-0.0208418310,0.0000000000,0.0000000000,0.0000000000,0.0000000000,0.0000000000,1,0.000000,0.000000,72.946,751.147,1,1.140,73.262,751.690,65.360,791.455,8.568,780.324,79.433,716.676,135.546,722.774,-2.833438,0.616935,1.791635,3.408656,-0.002386,0.001336,1,4.260000,0.000000,1773.497,886.572,1,1.247,1772.611,886.686,1844.089,934.362,1760.806,935.528,1705.350,840.437,1784.658,843.518,1.898112,0.839331,1.466768,2.541400,4.258912,-0.000211,0.0116290447,0.0118010936,-9.7243341536,0.0009121481,-0.0114913830,8.5715076119,0.0001479351,0.0042288133,1.0000000000,0.0115197585,0.0116081516,-9.5696514413,0.0009021838,-0.0113775633,8.4859581472,0.0001453197,0.0041833248,1.0000000000
184,34198057758841,19.2615,1785360967.312,2,3.6110,0.8373,3.4828,0.7020,3.5469,0.7697,136.51,0.0027,-0.0001,-0.0020,-0.0018,0.0018,-1.59,-0.027835,1.0000,0.0024,0.4995,0.1864,0,frozen,2-tag corner homography,2,1920,1200,0.200000,101;102,1,1,,2-tag corner homography,0.011243,0.484675,101,102,4.744675,4.260000,30,0.050000,0.600000,5.000000,raw-zero-distortion,590.9628888758,0.0000000000,1007.8592059077,0.0000000000,592.3761043005,547.7101609771,0.0000000000,0.0000000000,1.0000000000,-0.0359937509,0.0291287486,0.0062609452,0.0003552766,-0.0208418310,0.0000000000,0.0000000000,0.0000000000,0.0000000000,0.0000000000,1,0.000000,0.000000,73.064,750.951,1,0.950,73.114,751.645,65.450,791.427,8.634,780.308,79.556,716.445,134.766,722.838,-2.836031,0.617267,1.792991,3.411584,-0.002603,0.001897,1,4.260000,0.000000,1773.379,886.241,1,1.261,1772.539,886.507,1844.253,934.428,1760.696,935.400,1705.273,839.936,1784.421,843.442,1.892030,0.836278,1.462206,2.533216,4.259067,0.000525,0.0115834421,0.0116190930,-9.5820305847,0.0009047016,-0.0114081468,8.5090529021,0.0001534005,0.0041914813,1.0000000000,0.0115197585,0.0116081516,-9.5696514413,0.0009021838,-0.0113775633,8.4859581472,0.0001453197,0.0041833248,1.0000000000
185,34198151248237,19.3550,1785360967.408,2,3.6116,0.8375,3.4834,0.7005,3.5475,0.7690,136.90,0.0033,-0.0008,-0.0030,-0.0017,0.0017,-1.52,-0.026586,1.0000,0.0025,0.4995,0.1877,0,frozen,2-tag corner homography,2,1920,1200,0.200000,101;102,1,1,,2-tag corner homography,0.010774,0.477631,101,102,4.737631,4.260000,30,0.050000,0.600000,5.000000,raw-zero-distortion,590.9628888758,0.0000000000,1007.8592059077,0.0000000000,592.3761043005,547.7101609771,0.0000000000,0.0000000000,1.0000000000,-0.0359937509,0.0291287486,0.0062609452,0.0003552766,-0.0208418310,0.0000000000,0.0000000000,0.0000000000,0.0000000000,0.0000000000,1,0.000000,0.000000,73.246,750.845,1,0.967,73.326,751.521,65.548,791.486,8.447,780.163,79.814,716.173,135.380,722.732,-2.826282,0.614907,1.787232,3.400027,-0.002397,0.002229,1,4.260000,0.000000,1773.798,886.865,1,1.575,1772.614,886.789,1844.155,934.637,1760.934,935.597,1704.830,840.035,1785.093,844.074,1.895058,0.838230,1.464403,2.537391,4.259206,-0.000827,0.0115894354,0.0116831791,-9.6315216525,0.0009095274,-0.0114328352,8.5255934742,0.0001433902,0.0042160569,1.0000000000,0.0115197585,0.0116081516,-9.5696514413,0.0009021838,-0.0113775633,8.4859581472,0.0001453197,0.0041833248,1.0000000000
186,34198246971522,19.4507,1785360967.501,2,3.6129,0.8365,3.4828,0.7002,3.5479,0.7683,136.35,0.0034,-0.0055,-0.0063,0.0016,-0.0016,-1.45,-0.025279,1.0000,0.0021,0.4995,0.1884,0,frozen,2-tag corner homography,2,1920,1200,0.200000,101;102,1,0,world_rms>0.050,2-tag corner homography,4.791137,0.483698,101,102,4.743698,4.260000,30,0.050000,0.600000,5.000000,raw-zero-distortion,590.9628888758,0.0000000000,1007.8592059077,0.0000000000,592.3761043005,547.7101609771,0.0000000000,0.0000000000,1.0000000000,-0.0359937509,0.0291287486,0.0062609452,0.0003552766,-0.0208418310,0.0000000000,0.0000000000,0.0000000000,0.0000000000,0.0000000000,1,0.000000,0.000000,72.960,751.118,1,0.823,73.036,751.684,65.301,791.383,8.237,780.355,79.579,716.318,134.928,723.126,-2.835985,0.617321,1.792812,3.411462,-0.002427,0.001417,1,4.260000,0.000000,1773.516,886.592,1,1.443,1772.476,886.653,1843.692,934.528,1760.918,935.640,1705.189,839.919,1784.535,843.687,1.891066,0.836281,1.461581,2.532137,4.258928,-0.000254,-0.0002948991,0.0022030486,-1.2899993117,0.0002217041,-0.0026978685,1.9047452449,0.0009535170,-0.0031032450,1.0000000000,0.0115197585,0.0116081516,-9.5696514413,0.0009021838,-0.0113775633,8.4859581472,0.0001453197,0.0041833248,1.0000000000
187,34198339685994,19.5434,1785360967.596,2,3.6135,0.8357,3.4832,0.7014,3.5484,0.7686,135.85,0.0044,-0.0047,-0.0065,0.0003,-0.0003,-2.18,-0.038055,1.0000,0.0020,0.4995,0.1871,0,frozen,2-tag corner homography,2,1920,1200,0.200000,101;102,1,1,,2-tag corner homography,0.011358,0.492006,101,102,4.752006,4.260000,30,0.050000,0.600000,5.000000,raw-zero-distortion,590.9628888758,0.0000000000,1007.8592059077,0.0000000000,592.3761043005,547.7101609771,0.0000000000,0.0000000000,1.0000000000,-0.0359937509,0.0291287486,0.0062609452,0.0003552766,-0.0208418310,0.0000000000,0.0000000000,0.0000000000,0.0000000000,0.0000000000,1,0.000000,0.000000,73.121,751.085,1,0.763,73.014,751.794,65.496,791.440,8.453,780.368,79.667,716.441,134.406,723.334,-2.844674,0.619533,1.798262,3.421949,-0.002073,0.001544,1,4.260000,0.000000,1773.488,886.503,1,1.416,1772.482,886.613,1843.964,934.487,1760.877,935.632,1705.061,839.914,1784.501,843.600,1.890414,0.835885,1.461065,2.531221,4.258979,-0.000055,0.0115556403,0.0117953083,-9.7129817211,0.0009045037,-0.0114045938,8.5078667830,0.0001532095,0.0041851618,1.0000000000,0.0115197585,0.0116081516,-9.5696514413,0.0009021838,-0.0113775633,8.4859581472,0.0001453197,0.0041833248,1.0000000000
188,34198435195195,19.6389,1785360967.690,2,3.6134,0.8354,3.4830,0.7007,3.5482,0.7681,135.94,0.0035,-0.0035,-0.0049,0.0001,-0.0001,-3.02,-0.052721,1.0000,0.0019,0.4995,0.1875,0,frozen,2-tag corner homography,2,1920,1200,0.200000,101;102,1,1,,2-tag corner homography,0.010605,0.461051,101,102,4.721051,4.260000,30,0.050000,0.600000,5.000000,raw-zero-distortion,590.9628888758,0.0000000000,1007.8592059077,0.0000000000,592.3761043005,547.7101609771,0.0000000000,0.0000000000,1.0000000000,-0.0359937509,0.0291287486,0.0062609452,0.0003552766,-0.0208418310,0.0000000000,0.0000000000,0.0000000000,0.0000000000,0.0000000000,1,0.000000,0.000000,73.213,751.106,1,1.173,73.651,751.528,65.543,791.516,8.535,780.382,79.821,716.286,136.489,722.464,-2.812740,0.612195,1.779286,3.384102,-0.001760,0.001505,1,4.260000,0.000000,1773.277,886.292,1,1.245,1772.428,886.502,1844.149,934.343,1760.643,935.443,1705.087,840.059,1784.322,843.324,1.892336,0.836521,1.462656,2.533785,4.258779,0.000390,0.0116439771,0.0117880218,-9.7181965941,0.0009105974,-0.0114713151,8.5543949048,0.0001375404,0.0042549391,1.0000000000,0.0115197585,0.0116081516,-9.5696514413,0.0009021838,-0.0113775633,8.4859581472,0.0001453197,0.0041833248,1.0000000000
189,34198528975193,19.7327,1785360967.802,2,3.6150,0.8353,3.4839,0.7035,3.5494,0.7694,135.15,0.0042,0.0003,-0.0028,-0.0032,0.0032,-3.44,-0.060081,1.0000,0.0019,0.4995,0.1859,0,frozen,2-tag corner homography,2,1920,1200,0.200000,101;102,1,1,,2-tag corner homography,0.010998,0.477714,101,102,4.737714,4.260000,30,0.050000,0.600000,5.000000,raw-zero-distortion,590.9628888758,0.0000000000,1007.8592059077,0.0000000000,592.3761043005,547.7101609771,0.0000000000,0.0000000000,1.0000000000,-0.0359937509,0.0291287486,0.0062609452,0.0003552766,-0.0208418310,0.0000000000,0.0000000000,0.0000000000,0.0000000000,0.0000000000,1,0.000000,0.000000,73.119,751.092,1,1.006,73.340,751.638,65.451,791.468,8.567,780.379,79.708,716.397,135.508,722.787,-2.827208,0.615473,1.787845,3.401221,-0.002057,0.001523,1,4.260000,0.000000,1773.461,886.304,1,1.228,1772.649,886.582,1844.241,934.418,1760.736,935.472,1705.519,840.119,1784.550,843.456,1.894193,0.837299,1.463668,2.536013,4.259168,0.000396,0.0115556126,0.0116903391,-9.6360337140,0.0009042068,-0.0113949461,8.4989034731,0.0001453394,0.0041971797,1.0000000000,0.0115197585,0.0116081516,-9.5696514413,0.0009021838,-0.0113775633,8.4859581472,0.0001453197,0.0041833248,1.0000000000
190,34198651880170,19.8556,1785360967.918,2,3.6155,0.8352,3.4837,0.7015,3.5496,0.7683,135.42,0.0046,0.0004,-0.0030,-0.0035,0.0035,-2.40,-0.041859,1.0000,0.0018,0.4995,0.1877,0,frozen,2-tag corner homography,2,1920,1200,0.200000,101;102,1,1,,2-tag corner homography,0.010903,0.491013,101,102,4.751013,4.260000,30,0.050000,0.600000,5.000000,raw-zero-distortion,590.9628888758,0.0000000000,1007.8592059077,0.0000000000,592.3761043005,547.7101609771,0.0000000000,0.0000000000,1.0000000000,-0.0359937509,0.0291287486,0.0062609452,0.0003552766,-0.0208418310,0.0000000000,0.0000000000,0.0000000000,0.0000000000,0.0000000000,1,0.000000,0.000000,73.012,751.220,1,0.916,73.197,751.740,65.439,791.455,8.532,780.174,79.558,716.441,135.162,723.311,-2.843742,0.619288,1.798025,3.421006,-0.001998,0.001151,1,4.260000,0.000000,1773.408,886.504,1,1.371,1772.415,886.555,1843.755,934.519,1760.638,935.474,1705.087,839.870,1784.620,843.509,1.890365,0.835795,1.461156,2.531207,4.258803,-0.000071,0.0115046957,0.0115914938,-9.5573773596,0.0009005532,-0.0113593346,8.4737047478,0.0001456249,0.0041697016,1.0000000000,0.0115197585,0.0116081516,-9.5696514413,0.0009021838,-0.0113775633,8.4859581472,0.0001453197,0.0041833248,1.0000000000
191,34198763576892,19.9673,1785360968.023,2,3.6155,0.8346,3.4841,0.7019,3.5498,0.7683,135.28,0.0045,-0.0003,-0.0034,-0.0029,0.0029,-1.77,-0.030933,1.0000,0.0022,0.4995,0.1868,0,frozen,2-tag corner homography,2,1920,1200,0.200000,101;102,1,1,,2-tag corner homography,0.011198,0.486561,101,102,4.746561,4.260000,30,0.050000,0.600000,5.000000,raw-zero-distortion,590.9628888758,0.0000000000,1007.8592059077,0.0000000000,592.3761043005,547.7101609771,0.0000000000,0.0000000000,1.0000000000,-0.0359937509,0.0291287486,0.0062609452,0.0003552766,-0.0208418310,0.0000000000,0.0000000000,0.0000000000,0.0000000000,0.0000000000,1,0.000000,0.000000,73.023,751.060,1,1.036,73.280,751.593,65.501,791.378,8.499,780.352,79.486,716.420,135.504,722.696,-2.828693,0.615620,1.788668,3.402915,-0.002414,0.001592,1,4.260000,0.000000,1773.794,886.827,1,1.507,1772.686,886.847,1843.865,934.455,1760.864,935.573,1705.361,840.312,1785.118,844.140,1.901742,0.841251,1.469430,2.546282,4.259246,-0.000741,0.0117481236,0.0116261350,-9.6006534195,0.0009217696,-0.0115975232,8.6497728550,0.0001418114,0.0042885549,1.0000000000,0.0115197585,0.0116081516,-9.5696514413,0.0009021838,-0.0113775633,8.4859581472,0.0001453197,0.0041833248,1.0000000000
192,34198870253187,20.0740,1785360968.130,2,3.6167,0.8349,3.4838,0.7020,3.5502,0.7684,135.02,0.0031,-0.0018,-0.0035,-0.0009,0.0009,-0.93,-0.016181,1.0000,0.0027,0.4995,0.1879,0,frozen,2-tag corner homography,2,1920,1200,0.200000,101;102,1,1,,2-tag corner homography,0.011399,0.482137,101,102,4.742137,4.260000,30,0.050000,0.600000,5.000000,raw-zero-distortion,590.9628888758,0.0000000000,1007.8592059077,0.0000000000,592.3761043005,547.7101609771,0.0000000000,0.0000000000,1.0000000000,-0.0359937509,0.0291287486,0.0062609452,0.0003552766,-0.0208418310,0.0000000000,0.0000000000,0.0000000000,0.0000000000,0.0000000000,1,0.000000,0.000000,73.069,751.014,1,0.954,73.170,751.655,65.483,791.428,8.594,780.364,79.557,716.444,134.975,722.833,-2.833643,0.616814,1.791588,3.408780,-0.002417,0.001727,1,4.260000,0.000000,1772.726,886.175,1,1.051,1772.098,886.559,1843.751,934.526,1760.461,935.356,1705.207,840.211,1783.415,843.319,1.891976,0.836864,1.463008,2.533832,4.257716,0.000558,0.0115458862,0.0116070851,-9.5710621865,0.0009037943,-0.0113897948,8.4953726727,0.0001435996,0.0041921411,1.0000000000,0.0115197585,0.0116081516,-9.5696514413,0.0009021838,-0.0113775633,8.4859581472,0.0001453197,0.0041833248,1.0000000000
193,34198967975964,20.1717,1785360968.227,2,3.6169,0.8347,3.4838,0.7034,3.5503,0.7690,134.62,0.0027,0.0005,-0.0016,-0.0023,0.0023,-1.88,-0.032791,1.0000,0.0020,0.4995,0.1869,0,frozen,2-tag corner homography,2,1920,1200,0.200000,101;102,1,1,,2-tag corner homography,0.011146,0.495673,101,102,4.755673,4.260000,30,0.050000,0.600000,5.000000,raw-zero-distortion,590.9628888758,0.0000000000,1007.8592059077,0.0000000000,592.3761043005,547.7101609771,0.0000000000,0.0000000000,1.0000000000,-0.0359937509,0.0291287486,0.0062609452,0.0003552766,-0.0208418310,0.0000000000,0.0000000000,0.0000000000,0.0000000000,0.0000000000,1,0.000000,0.000000,73.067,751.146,1,0.840,73.086,751.789,65.523,791.494,8.609,780.294,79.553,716.462,134.626,723.309,-2.845014,0.619640,1.798616,3.422437,-0.002051,0.001365,1,4.260000,0.000000,1773.321,886.513,1,1.209,1772.463,886.617,1843.756,934.562,1760.582,935.388,1705.380,840.164,1784.540,843.467,1.893853,0.837440,1.463761,2.535859,4.258599,-0.000107,0.0113901054,0.0114246281,-9.4229347686,0.0008915221,-0.0112445815,8.3887053102,0.0001480720,0.0041074881,1.0000000000,0.0115197585,0.0116081516,-9.5696514413,0.0009021838,-0.0113775633,8.4859581472,0.0001453197,0.0041833248,1.0000000000
194,34199065689881,20.2694,1785360968.320,2,3.6170,0.8341,3.4832,0.7019,3.5501,0.7680,134.66,0.0017,0.0001,-0.0011,-0.0013,0.0013,-2.10,-0.036670,1.0000,0.0015,0.4995,0.1881,0,frozen,2-tag corner homography,2,1920,1200,0.200000,101;102,1,1,,2-tag corner homography,0.012327,0.500162,101,102,4.760162,4.260000,30,0.050000,0.600000,5.000000,raw-zero-distortion,590.9628888758,0.0000000000,1007.8592059077,0.0000000000,592.3761043005,547.7101609771,0.0000000000,0.0000000000,1.0000000000,-0.0359937509,0.0291287486,0.0062609452,0.0003552766,-0.0208418310,0.0000000000,0.0000000000,0.0000000000,0.0000000000,0.0000000000,1,0.000000,0.000000,73.017,751.375,1,0.885,73.204,751.872,65.667,791.509,8.619,780.454,79.389,716.584,135.072,723.355,-2.843505,0.619641,1.797889,3.420801,-0.001548,0.000725,1,4.260000,0.000000,1773.378,886.425,1,1.197,1772.564,886.638,1843.814,934.238,1760.672,935.447,1705.650,840.449,1784.511,843.472,1.900118,0.840150,1.468409,2.544116,4.258835,0.000105,0.0113806512,0.0106915166,-8.8732098974,0.0008853935,-0.0111903707,8.3503271969,0.0001420092,0.0040889411,1.0000000000,0.0115197585,0.0116081516,-9.5696514413,0.0009021838,-0.0113775633,8.4859581472,0.0001453197,0.0041833248,1.0000000000
195,34199159241293,20.3630,1785360968.421,2,3.6178,0.8329,3.4833,0.7017,3.5505,0.7673,134.28,0.0011,-0.0026,-0.0026,0.0011,-0.0011,-2.19,-0.038160,1.0000,0.0021,0.4995,0.1879,0,frozen,2-tag corner homography,2,1920,1200,0.200000,101;102,1,1,,2-tag corner homography,0.030357,0.481593,101,102,4.741593,4.260000,30,0.050000,0.600000,5.000000,raw-zero-distortion,590.9628888758,0.0000000000,1007.8592059077,0.0000000000,592.3761043005,547.7101609771,0.0000000000,0.0000000000,1.0000000000,-0.0359937509,0.0291287486,0.0062609452,0.0003552766,-0.0208418310,0.0000000000,0.0000000000,0.0000000000,0.0000000000,0.0000000000,1,0.000000,0.000000,73.169,750.994,1,0.857,73.187,751.651,65.547,791.435,8.532,780.400,79.708,716.303,134.895,722.913,-2.831738,0.616396,1.790415,3.406504,-0.002192,0.001803,1,4.260000,0.000000,1773.541,886.469,1,1.356,1772.611,886.685,1844.107,934.469,1760.777,935.669,1705.362,840.094,1784.650,843.649,1.893387,0.837237,1.463118,2.535073,4.259137,0.000031,0.0150943402,0.0215875640,-17.3318747699,0.0011920261,-0.0149091683,11.1105385615,0.0000168864,0.0064002148,1.0000000000,0.0115197585,0.0116081516,-9.5696514413,0.0009021838,-0.0113775633,8.4859581472,0.0001453197,0.0041833248,1.0000000000
196,34199262636893,20.4664,1785360968.529,2,3.6184,0.8327,3.4830,0.7029,3.5507,0.7678,133.79,0.0014,-0.0038,-0.0037,0.0016,-0.0016,-2.66,-0.046388,1.0000,0.0017,0.4995,0.1876,0,frozen,2-tag corner homography,2,1920,1200,0.200000,101;102,1,1,,2-tag corner homography,0.011320,0.493258,101,102,4.753258,4.260000,30,0.050000,0.600000,5.000000,raw-zero-distortion,590.9628888758,0.0000000000,1007.8592059077,0.0000000000,592.3761043005,547.7101609771,0.0000000000,0.0000000000,1.0000000000,-0.0359937509,0.0291287486,0.0062609452,0.0003552766,-0.0208418310,0.0000000000,0.0000000000,0.0000000000,0.0000000000,0.0000000000,1,0.000000,0.000000,73.146,751.209,1,0.817,73.233,751.764,65.784,791.391,8.524,780.312,79.518,716.425,135.033,723.337,-2.844506,0.619551,1.798577,3.421979,-0.001658,0.001209,1,4.260000,0.000000,1773.471,886.656,1,1.318,1772.526,886.729,1843.916,934.711,1760.924,935.577,1705.232,840.107,1784.489,843.694,1.891849,0.836759,1.462090,2.533173,4.258749,-0.000409,0.0123890121,0.0129924250,-10.6761363771,0.0009753779,-0.0122835277,9.1624228535,0.0001422432,0.0046240722,1.0000000000,0.0115197585,0.0116081516,-9.5696514413,0.0009021838,-0.0113775633,8.4859581472,0.0001453197,0.0041833248,1.0000000000
197,34199385268622,20.5890,1785360968.641,2,3.6179,0.8318,3.4838,0.7052,3.5509,0.7685,133.35,0.0020,0.0001,-0.0013,-0.0016,0.0016,-3.68,-0.064278,1.0000,0.0020,0.4995,0.1844,0,frozen,2-tag corner homography,2,1920,1200,0.200000,101;102,1,1,,2-tag corner homography,0.011069,0.471338,101,102,4.731338,4.260000,30,0.050000,0.600000,5.000000,raw-zero-distortion,590.9628888758,0.0000000000,1007.8592059077,0.0000000000,592.3761043005,547.7101609771,0.0000000000,0.0000000000,1.0000000000,-0.0359937509,0.0291287486,0.0062609452,0.0003552766,-0.0208418310,0.0000000000,0.0000000000,0.0000000000,0.0000000000,0.0000000000,1,0.000000,0.000000,72.938,751.256,1,1.180,73.442,751.605,65.458,791.396,8.375,780.411,79.418,716.484,136.299,722.644,-2.822453,0.614406,1.785031,3.395596,-0.002102,0.001035,1,4.260000,0.000000,1773.166,886.449,1,1.200,1772.363,886.663,1843.723,934.508,1761.107,935.586,1705.338,840.250,1783.709,843.486,1.892657,0.837133,1.463027,2.534441,4.258338,0.000010,0.0116036269,0.0118106995,-9.7308032313,0.0009117389,-0.0114782153,8.5605009535,0.0001272119,0.0042581038,1.0000000000,0.0115197585,0.0116081516,-9.5696514413,0.0009021838,-0.0113775633,8.4859581472,0.0001453197,0.0041833248,1.0000000000
198,34199486484746,20.6902,1785360968.757,2,3.6178,0.8319,3.4839,0.7025,3.5509,0.7672,134.01,0.0014,0.0004,-0.0007,-0.0013,0.0013,-2.14,-0.037424,1.0000,0.0023,0.4995,0.1863,0,frozen,2-tag corner homography,2,1920,1200,0.200000,101;102,1,1,,2-tag corner homography,0.010676,0.471050,101,102,4.731050,4.260000,30,0.050000,0.600000,5.000000,raw-zero-distortion,590.9628888758,0.0000000000,1007.8592059077,0.0000000000,592.3761043005,547.7101609771,0.0000000000,0.0000000000,1.0000000000,-0.0359937509,0.0291287486,0.0062609452,0.0003552766,-0.0208418310,0.0000000000,0.0000000000,0.0000000000,0.0000000000,0.0000000000,1,0.000000,0.000000,73.176,750.941,1,1.293,73.589,751.501,65.762,791.500,8.455,780.168,79.475,716.484,136.448,722.369,-2.820549,0.613775,1.784109,3.393414,-0.002322,0.001950,1,4.260000,0.000000,1773.405,886.541,1,1.266,1772.501,886.632,1843.802,934.511,1760.650,935.448,1705.344,840.163,1784.625,843.519,1.894352,0.837655,1.464074,2.536484,4.258749,-0.000157,0.0114805855,0.0116751299,-9.6202130860,0.0009013631,-0.0113420738,8.4576528513,0.0001310587,0.0041906587,1.0000000000,0.0115197585,0.0116081516,-9.5696514413,0.0009021838,-0.0113775633,8.4859581472,0.0001453197,0.0041833248,1.0000000000
199,34199607092037,20.8108,1785360968.864,2,3.6195,0.8308,3.4841,0.7041,3.5518,0.7675,133.10,0.0025,-0.0011,-0.0025,-0.0010,0.0010,-1.59,-0.027725,1.0000,0.0018,0.4995,0.1854,0,frozen,2-tag corner homography,2,1920,1200,0.200000,101;102,1,1,,2-tag corner homography,0.010780,0.465990,101,102,4.725990,4.260000,30,0.050000,0.600000,5.000000,raw-zero-distortion,590.9628888758,0.0000000000,1007.8592059077,0.0000000000,592.3761043005,547.7101609771,0.0000000000,0.0000000000,1.0000000000,-0.0359937509,0.0291287486,0.0062609452,0.0003552766,-0.0208418310,0.0000000000,0.0000000000,0.0000000000,0.0000000000,0.0000000000,1,0.000000,0.000000,73.173,751.151,1,1.231,73.691,751.524,65.617,791.490,8.624,780.339,79.695,716.331,136.611,722.464,-2.814917,0.612684,1.780740,3.386765,-0.001745,0.001375,1,4.260000,0.000000,1773.304,886.307,1,1.182,1772.492,886.480,1843.705,934.139,1760.870,935.473,1705.539,840.267,1784.225,843.123,1.895124,0.837629,1.464687,2.537405,4.258818,0.000360,0.0114028528,0.0115763750,-9.5417785695,0.0008934900,-0.0112576214,8.3949725651,0.0001298206,0.0041544469,1.0000000000,0.0115197585,0.0116081516,-9.5696514413,0.0009021838,-0.0113775633,8.4859581472,0.0001453197,0.0041833248,1.0000000000
200,34199709155621,20.9129,1785360968.963,2,3.6205,0.8311,3.4845,0.7035,3.5525,0.7673,133.15,0.0043,-0.0022,-0.0046,-0.0016,0.0016,-1.50,-0.026149,1.0000,0.0021,0.4995,0.1865,0,frozen,2-tag corner homography,2,1920,1200,0.200000,101;102,1,1,,2-tag corner homography,0.011177,0.493874,101,102,4.753874,4.260000,30,0.050000,0.600000,5.000000,raw-zero-distortion,590.9628888758,0.0000000000,1007.8592059077,0.0000000000,592.3761043005,547.7101609771,0.0000000000,0.0000000000,1.0000000000,-0.0359937509,0.0291287486,0.0062609452,0.0003552766,-0.0208418310,0.0000000000,0.0000000000,0.0000000000,0.0000000000,0.0000000000,1,0.000000,0.000000,73.013,751.122,1,0.854,73.061,751.743,65.404,791.412,8.573,780.426,79.557,716.473,134.662,723.088,-2.839326,0.618244,1.794972,3.415541,-0.002267,0.001418,1,4.260000,0.000000,1773.347,886.483,1,1.306,1772.430,886.635,1843.781,934.307,1760.525,935.456,1705.277,840.264,1784.573,843.605,1.898069,0.839384,1.467082,2.541567,4.258694,-0.000034,0.0114986905,0.0115358599,-9.5137632447,0.0009001737,-0.0113491010,8.4662013373,0.0001520327,0.0041524815,1.0000000000,0.0115197585,0.0116081516,-9.5696514413,0.0009021838,-0.0113775633,8.4859581472,0.0001453197,0.0041833248,1.0000000000
201,34199808182041,21.0119,1785360969.074,2,3.6215,0.8309,3.4848,0.7038,3.5531,0.7673,132.91,0.0060,-0.0008,-0.0046,-0.0038,0.0038,-2.48,-0.043336,1.0000,0.0023,0.4995,0.1867,0,frozen,2-tag corner homography,2,1920,1200,0.200000,101;102,1,1,,2-tag corner homography,0.010704,0.465864,101,102,4.725864,4.260000,30,0.050000,0.600000,5.000000,raw-zero-distortion,590.9628888758,0.0000000000,1007.8592059077,0.0000000000,592.3761043005,547.7101609771,0.0000000000,0.0000000000,1.0000000000,-0.0359937509,0.0291287486,0.0062609452,0.0003552766,-0.0208418310,0.0000000000,0.0000000000,0.0000000000,0.0000000000,0.0000000000,1,0.000000,0.000000,73.023,751.063,1,1.365,73.585,751.495,65.596,791.454,8.456,780.320,79.375,716.524,136.671,722.223,-2.814985,0.612543,1.780581,3.386712,-0.002404,0.001582,1,4.260000,0.000000,1773.741,886.934,1,1.496,1772.599,886.779,1843.733,934.628,1760.968,935.604,1705.099,840.160,1785.046,843.855,1.894883,0.838147,1.464297,2.537172,4.258994,-0.000996,0.0115801329,0.0117830748,-9.7086037566,0.0009095738,-0.0114335883,8.5257986435,0.0001324439,0.0042365798,1.0000000000,0.0115197585,0.0116081516,-9.5696514413,0.0009021838,-0.0113775633,8.4859581472,0.0001453197,0.0041833248,1.0000000000
202,34199935603342,21.1393,1785360969.235,2,3.6218,0.8310,3.4843,0.7037,3.5531,0.7673,132.80,0.0045,-0.0005,-0.0034,-0.0030,0.0030,-1.48,-0.025862,1.0000,0.0018,0.4995,0.1874,0,frozen,2-tag corner homography,2,1920,1200,0.200000,101;102,1,1,,2-tag corner homography,0.010909,0.459663,101,102,4.719663,4.260000,30,0.050000,0.600000,5.000000,raw-zero-distortion,590.9628888758,0.0000000000,1007.8592059077,0.0000000000,592.3761043005,547.7101609771,0.0000000000,0.0000000000,1.0000000000,-0.0359937509,0.0291287486,0.0062609452,0.0003552766,-0.0208418310,0.0000000000,0.0000000000,0.0000000000,0.0000000000,0.0000000000,1,0.000000,0.000000,73.056,751.175,1,1.162,73.502,751.579,65.536,791.462,8.439,780.551,79.546,716.407,136.284,722.430,-2.813953,0.612517,1.779770,3.385423,-0.002002,0.001283,1,4.260000,0.000000,1773.774,886.788,1,1.534,1772.610,886.632,1843.871,934.592,1761.288,935.612,1704.957,839.856,1784.802,843.669,1.889598,0.835434,1.460191,2.529959,4.259251,-0.000656,0.0116580121,0.0118357953,-9.7540825448,0.0009120623,-0.0114837912,8.5643021376,0.0001365676,0.0042654485,1.0000000000,0.0115197585,0.0116081516,-9.5696514413,0.0009021838,-0.0113775633,8.4859581472,0.0001453197,0.0041833248,1.0000000000
203,34200081196643,21.2849,1785360969.348,2,3.6226,0.8303,3.4847,0.7051,3.5537,0.7677,132.24,0.0027,0.0009,-0.0011,-0.0026,0.0026,-2.24,-0.039106,1.0000,0.0021,0.4995,0.1862,0,frozen,2-tag corner homography,2,1920,1200,0.200000,101;102,1,1,,2-tag corner homography,0.011060,0.487363,101,102,4.747363,4.260000,30,0.050000,0.600000,5.000000,raw-zero-distortion,590.9628888758,0.0000000000,1007.8592059077,0.0000000000,592.3761043005,547.7101609771,0.0000000000,0.0000000000,1.0000000000,-0.0359937509,0.0291287486,0.0062609452,0.0003552766,-0.0208418310,0.0000000000,0.0000000000,0.0000000000,0.0000000000,0.0000000000,1,0.000000,0.000000,73.333,750.940,1,0.779,73.152,751.734,65.757,791.474,8.502,780.324,79.800,716.342,134.520,723.208,-2.840756,0.618589,1.796050,3.417359,-0.001889,0.001986,1,4.260000,0.000000,1773.460,886.557,1,1.244,1772.575,886.654,1844.192,934.745,1760.734,935.509,1705.193,840.047,1784.656,843.494,1.889750,0.835594,1.460376,2.530231,4.258851,-0.000183,0.0114798677,0.0114721038,-9.4653173069,0.0008968576,-0.0113043083,8.4325400463,0.0001519143,0.0041421155,1.0000000000,0.0115197585,0.0116081516,-9.5696514413,0.0009021838,-0.0113775633,8.4859581472,0.0001453197,0.0041833248,1.0000000000
204,34200194126247,21.3979,1785360969.454,2,3.6238,0.8290,3.4845,0.7042,3.5542,0.7666,131.85,0.0037,-0.0013,-0.0035,-0.0019,0.0019,-3.20,-0.055885,1.0000,0.0016,0.4995,0.1870,0,frozen,2-tag corner homography,2,1920,1200,0.200000,101;102,1,1,,2-tag corner homography,0.011055,0.494036,101,102,4.754036,4.260000,30,0.050000,0.600000,5.000000,raw-zero-distortion,590.9628888758,0.0000000000,1007.8592059077,0.0000000000,592.3761043005,547.7101609771,0.0000000000,0.0000000000,1.0000000000,-0.0359937509,0.0291287486,0.0062609452,0.0003552766,-0.0208418310,0.0000000000,0.0000000000,0.0000000000,0.0000000000,0.0000000000,1,0.000000,0.000000,72.869,751.374,1,0.794,73.036,751.813,65.230,791.379,8.540,780.431,79.537,716.447,134.773,723.411,-2.843845,0.619424,1.797781,3.420988,-0.001965,0.000697,1,4.260000,0.000000,1773.410,886.336,1,1.237,1772.576,886.572,1844.204,934.421,1760.746,935.478,1705.354,840.112,1784.467,843.429,1.893409,0.837007,1.463200,2.535060,4.259015,0.000313,0.0115950876,0.0116763119,-9.6268628360,0.0009068530,-0.0114451130,8.5386803620,0.0001529890,0.0041993414,1.0000000000,0.0115197585,0.0116081516,-9.5696514413,0.0009021838,-0.0113775633,8.4859581472,0.0001453197,0.0041833248,1.0000000000
205,34200298873053,21.5026,1785360969.563,2,3.6238,0.8291,3.4850,0.7050,3.5544,0.7670,131.81,0.0034,-0.0025,-0.0042,-0.0009,0.0009,-2.44,-0.042661,1.0000,0.0021,0.4995,0.1862,0,frozen,2-tag corner homography,2,1920,1200,0.200000,101;102,1,1,,2-tag corner homography,0.011504,0.492248,101,102,4.752248,4.260000,30,0.050000,0.600000,5.000000,raw-zero-distortion,590.9628888758,0.0000000000,1007.8592059077,0.0000000000,592.3761043005,547.7101609771,0.0000000000,0.0000000000,1.0000000000,-0.0359937509,0.0291287486,0.0062609452,0.0003552766,-0.0208418310,0.0000000000,0.0000000000,0.0000000000,0.0000000000,0.0000000000,1,0.000000,0.000000,72.891,751.177,1,0.834,72.968,751.752,65.306,791.399,8.288,780.385,79.440,716.447,134.755,723.207,-2.840653,0.618499,1.795632,3.417037,-0.002453,0.001242,1,4.260000,0.000000,1773.624,886.662,1,1.484,1772.540,886.710,1843.852,934.530,1760.555,935.556,1705.156,839.994,1785.058,843.882,1.894955,0.838070,1.464464,2.537296,4.259078,-0.000394,0.0100790201,0.0097353989,-8.0553625000,0.0007865662,-0.0099119873,7.3948913356,0.0001445662,0.0034649745,1.0000000000,0.0115197585,0.0116081516,-9.5696514413,0.0009021838,-0.0113775633,8.4859581472,0.0001453197,0.0041833248,1.0000000000
206,34200408713801,21.6124,1785360969.669,2,3.6245,0.8292,3.4835,0.7051,3.5540,0.7672,131.36,0.0019,-0.0016,-0.0025,-0.0003,0.0003,-2.45,-0.042801,1.0000,0.0021,0.4995,0.1878,0,frozen,2-tag corner homography,2,1920,1200,0.200000,101;102,1,1,,2-tag corner homography,0.010729,0.473941,101,102,4.733941,4.260000,30,0.050000,0.600000,5.000000,raw-zero-distortion,590.9628888758,0.0000000000,1007.8592059077,0.0000000000,592.3761043005,547.7101609771,0.0000000000,0.0000000000,1.0000000000,-0.0359937509,0.0291287486,0.0062609452,0.0003552766,-0.0208418310,0.0000000000,0.0000000000,0.0000000000,0.0000000000,0.0000000000,1,0.000000,0.000000,73.157,751.078,1,1.110,73.530,751.536,65.790,791.377,8.455,780.268,79.505,716.351,136.186,722.643,-2.824812,0.614770,1.786693,3.398497,-0.001994,0.001571,1,4.260000,0.000000,1773.455,886.695,1,1.313,1772.500,886.722,1843.641,934.558,1760.850,935.672,1705.334,840.241,1784.564,843.530,1.892801,0.837192,1.462876,2.534480,4.258666,-0.000501,0.0113657862,0.0114960136,-9.4768854968,0.0008923402,-0.0112246371,8.3705449895,0.0001314093,0.0041318257,1.0000000000,0.0115197585,0.0116081516,-9.5696514413,0.0009021838,-0.0113775633,8.4859581472,0.0001453197,0.0041833248,1.0000000000
207,34200508647900,21.7124,1785360969.774,2,3.6252,0.8277,3.4845,0.7042,3.5549,0.7660,131.27,0.0017,-0.0016,-0.0023,-0.0002,0.0002,-2.22,-0.038682,1.0000,0.0020,0.4995,0.1872,0,frozen,2-tag corner homography,2,1920,1200,0.200000,101;102,1,1,,2-tag corner homography,0.010988,0.483354,101,102,4.743354,4.260000,30,0.050000,0.600000,5.000000,raw-zero-distortion,590.9628888758,0.0000000000,1007.8592059077,0.0000000000,592.3761043005,547.7101609771,0.0000000000,0.0000000000,1.0000000000,-0.0359937509,0.0291287486,0.0062609452,0.0003552766,-0.0208418310,0.0000000000,0.0000000000,0.0000000000,0.0000000000,0.0000000000,1,0.000000,0.000000,73.099,751.117,1,0.938,73.230,751.719,65.725,791.464,8.535,780.441,79.429,716.478,135.151,722.934,-2.834307,0.617190,1.792123,3.409681,-0.002045,0.001450,1,4.260000,0.000000,1773.287,886.356,1,1.235,1772.477,886.651,1844.145,934.573,1760.600,935.523,1705.309,840.098,1784.326,843.576,1.892489,0.836903,1.462679,2.534039,4.258721,0.000246,0.0114846853,0.0115388628,-9.5165806156,0.0008987927,-0.0113266360,8.4489446126,0.0001444162,0.0041611993,1.0000000000,0.0115197585,0.0116081516,-9.5696514413,0.0009021838,-0.0113775633,8.4859581472,0.0001453197,0.0041833248,1.0000000000
208,34200614543455,21.8183,1785360969.869,2,3.6254,0.8275,3.4841,0.7060,3.5548,0.7668,130.69,0.0018,-0.0017,-0.0025,-0.0003,0.0003,-2.89,-0.050376,1.0000,0.0019,0.4995,0.1863,0,frozen,2-tag corner homography,2,1920,1200,0.200000,101;102,1,1,,2-tag corner homography,0.010852,0.473518,101,102,4.733518,4.260000,30,0.050000,0.600000,5.000000,raw-zero-distortion,590.9628888758,0.0000000000,1007.8592059077,0.0000000000,592.3761043005,547.7101609771,0.0000000000,0.0000000000,1.0000000000,-0.0359937509,0.0291287486,0.0062609452,0.0003552766,-0.0208418310,0.0000000000,0.0000000000,0.0000000000,0.0000000000,0.0000000000,1,0.000000,0.000000,72.997,751.238,1,1.132,73.375,751.704,65.467,791.562,8.638,780.413,79.476,716.540,135.776,722.779,-2.827161,0.615683,1.787881,3.401238,-0.001988,0.001097,1,4.260000,0.000000,1773.190,886.287,1,1.079,1772.487,886.552,1844.213,934.543,1760.638,935.491,1705.345,840.191,1784.197,843.141,1.889915,0.835511,1.460670,2.530497,4.258595,0.000385,0.0115456540,0.0116664896,-9.6184765328,0.0009018693,-0.0113728668,8.4832291599,0.0001445836,0.0041926463,1.0000000000,0.0115197585,0.0116081516,-9.5696514413,0.0009021838,-0.0113775633,8.4859581472,0.0001453197,0.0041833248,1.0000000000
209,34200707409374,21.9111,1785360969.977,2,3.6263,0.8268,3.4849,0.7048,3.5556,0.7658,130.79,0.0035,-0.0026,-0.0043,-0.0009,0.0009,-2.55,-0.044523,1.0000,0.0016,0.4995,0.1868,0,frozen,2-tag corner homography,2,1920,1200,0.200000,101;102,1,1,,2-tag corner homography,0.020294,0.489971,101,102,4.749971,4.260000,30,0.050000,0.600000,5.000000,raw-zero-distortion,590.9628888758,0.0000000000,1007.8592059077,0.0000000000,592.3761043005,547.7101609771,0.0000000000,0.0000000000,1.0000000000,-0.0359937509,0.0291287486,0.0062609452,0.0003552766,-0.0208418310,0.0000000000,0.0000000000,0.0000000000,0.0000000000,0.0000000000,1,0.000000,0.000000,73.211,751.201,1,0.916,73.376,751.745,65.674,791.560,8.604,780.215,79.716,716.368,135.410,723.268,-2.838338,0.618244,1.794953,3.414710,-0.001499,0.001246,1,4.260000,0.000000,1773.400,886.454,1,1.242,1772.526,886.584,1843.913,934.368,1760.750,935.461,1705.355,840.219,1784.513,843.401,1.895038,0.837812,1.464556,2.537325,4.258846,0.000040,0.0408890008,0.0540503414,-43.6310492952,0.0032311211,-0.0406659035,30.3157443033,0.0002614210,0.0186733761,1.0000000000,0.0115197585,0.0116081516,-9.5696514413,0.0009021838,-0.0113775633,8.4859581472,0.0001453197,0.0041833248,1.0000000000
210,34200822854225,22.0266,1785360970.078,2,3.6264,0.8254,3.4846,0.7044,3.5555,0.7649,130.47,0.0029,-0.0036,-0.0047,0.0001,-0.0001,-2.36,-0.041246,1.0000,0.0016,0.4995,0.1864,0,frozen,2-tag corner homography,2,1920,1200,0.200000,101;102,1,1,,2-tag corner homography,0.011042,0.463741,101,102,4.723741,4.260000,30,0.050000,0.600000,5.000000,raw-zero-distortion,590.9628888758,0.0000000000,1007.8592059077,0.0000000000,592.3761043005,547.7101609771,0.0000000000,0.0000000000,1.0000000000,-0.0359937509,0.0291287486,0.0062609452,0.0003552766,-0.0208418310,0.0000000000,0.0000000000,0.0000000000,0.0000000000,0.0000000000,1,0.000000,0.000000,73.065,751.363,1,1.082,73.579,751.610,65.538,791.453,8.714,780.711,79.658,716.252,136.244,722.549,-2.811521,0.612130,1.778380,3.382601,-0.001451,0.000771,1,4.260000,0.000000,1773.306,886.536,1,1.191,1772.506,886.752,1844.011,934.532,1761.063,935.566,1705.394,840.436,1784.018,843.635,1.896400,0.838852,1.465647,2.539316,4.258537,-0.000164,0.0116016614,0.0118276936,-9.7452114575,0.0009106746,-0.0114551179,8.5429675838,0.0001319573,0.0042481629,1.0000000000,0.0115197585,0.0116081516,-9.5696514413,0.0009021838,-0.0113775633,8.4859581472,0.0001453197,0.0041833248,1.0000000000
211,34200923418068,22.1272,1785360970.187,2,3.6280,0.8261,3.4856,0.7062,3.5568,0.7662,130.10,0.0047,-0.0030,-0.0053,-0.0016,0.0016,-2.17,-0.037789,1.0000,0.0020,0.4995,0.1861,0,frozen,2-tag corner homography,2,1920,1200,0.200000,101;102,1,1,,2-tag corner homography,0.010831,0.490825,101,102,4.750825,4.260000,30,0.050000,0.600000,5.000000,raw-zero-distortion,590.9628888758,0.0000000000,1007.8592059077,0.0000000000,592.3761043005,547.7101609771,0.0000000000,0.0000000000,1.0000000000,-0.0359937509,0.0291287486,0.0062609452,0.0003552766,-0.0208418310,0.0000000000,0.0000000000,0.0000000000,0.0000000000,0.0000000000,1,0.000000,0.000000,72.959,751.232,1,0.959,73.235,751.684,65.589,791.348,8.495,780.304,79.350,716.445,135.394,723.075,-2.838759,0.618057,1.794948,3.415024,-0.002110,0.001104,1,4.260000,0.000000,1773.381,886.728,1,1.280,1772.453,886.775,1843.731,934.603,1760.703,935.586,1705.248,840.362,1784.555,843.661,1.895464,0.838553,1.465026,2.538160,4.258461,-0.000590,0.0114371338,0.0115239951,-9.5014958234,0.0008983808,-0.0113091303,8.4354779072,0.0001401928,0.0041475770,1.0000000000,0.0115197585,0.0116081516,-9.5696514413,0.0009021838,-0.0113775633,8.4859581472,0.0001453197,0.0041833248,1.0000000000
212,34201038103971,22.2418,1785360970.309,2,3.6287,0.8267,3.4856,0.7082,3.5571,0.7675,129.62,0.0051,0.0027,-0.0012,-0.0057,0.0057,-3.07,-0.053578,1.0000,0.0019,0.4995,0.1858,0,frozen,2-tag corner homography,2,1920,1200,0.200000,101;102,1,1,,2-tag corner homography,0.011224,0.473601,101,102,4.733601,4.260000,30,0.050000,0.600000,5.000000,raw-zero-distortion,590.9628888758,0.0000000000,1007.8592059077,0.0000000000,592.3761043005,547.7101609771,0.0000000000,0.0000000000,1.0000000000,-0.0359937509,0.0291287486,0.0062609452,0.0003552766,-0.0208418310,0.0000000000,0.0000000000,0.0000000000,0.0000000000,0.0000000000,1,0.000000,0.000000,72.972,751.188,1,1.102,73.331,751.650,65.432,791.433,8.541,780.405,79.467,716.519,135.734,722.728,-2.827753,0.615623,1.788172,3.401873,-0.002199,0.001228,1,4.260000,0.000000,1773.551,886.503,1,1.426,1772.519,886.532,1843.663,934.419,1761.155,935.595,1705.248,839.824,1784.420,843.461,1.889364,0.835183,1.460183,2.529696,4.259117,-0.000044,0.0115759730,0.0117211551,-9.6607453123,0.0009054102,-0.0114152317,8.5142349471,0.0001396307,0.0042184940,1.0000000000,0.0115197585,0.0116081516,-9.5696514413,0.0009021838,-0.0113775633,8.4859581472,0.0001453197,0.0041833248,1.0000000000
213,34201148588064,22.3523,1785360970.421,2,3.6289,0.8259,3.4856,0.7072,3.5572,0.7665,129.63,0.0050,0.0046,0.0004,-0.0068,0.0068,-2.85,-0.049668,1.0000,0.0017,0.4995,0.1861,0,frozen,2-tag corner homography,2,1920,1200,0.200000,101;102,1,1,,2-tag corner homography,0.010817,0.485828,101,102,4.745828,4.260000,30,0.050000,0.600000,5.000000,raw-zero-distortion,590.9628888758,0.0000000000,1007.8592059077,0.0000000000,592.3761043005,547.7101609771,0.0000000000,0.0000000000,1.0000000000,-0.0359937509,0.0291287486,0.0062609452,0.0003552766,-0.0208418310,0.0000000000,0.0000000000,0.0000000000,0.0000000000,0.0000000000,1,0.000000,0.000000,72.984,751.367,1,1.007,73.353,751.742,65.447,791.432,8.630,780.302,79.544,716.492,135.656,723.189,-2.837933,0.618131,1.794651,3.414194,-0.001664,0.000741,1,4.260000,0.000000,1773.149,886.127,1,1.049,1772.524,886.523,1844.330,934.467,1760.649,935.447,1705.520,840.198,1784.045,843.138,1.891178,0.835958,1.461576,2.532111,4.258705,0.000745,0.0115651748,0.0116923814,-9.6394959996,0.0009052582,-0.0114216747,8.5201339889,0.0001435904,0.0042044593,1.0000000000,0.0115197585,0.0116081516,-9.5696514413,0.0009021838,-0.0113775633,8.4859581472,0.0001453197,0.0041833248,1.0000000000
214,34201260636535,22.4644,1785360970.515,2,3.6301,0.8257,3.4857,0.7065,3.5579,0.7661,129.55,0.0037,0.0010,-0.0016,-0.0035,0.0035,-1.95,-0.034101,1.0000,0.0015,0.4995,0.1873,0,frozen,2-tag corner homography,2,1920,1200,0.200000,101;102,1,1,,2-tag corner homography,0.010876,0.493291,101,102,4.753291,4.260000,30,0.050000,0.600000,5.000000,raw-zero-distortion,590.9628888758,0.0000000000,1007.8592059077,0.0000000000,592.3761043005,547.7101609771,0.0000000000,0.0000000000,1.0000000000,-0.0359937509,0.0291287486,0.0062609452,0.0003552766,-0.0208418310,0.0000000000,0.0000000000,0.0000000000,0.0000000000,0.0000000000,1,0.000000,0.000000,73.156,751.283,1,0.741,73.238,751.779,65.576,791.436,8.553,780.420,79.762,716.290,134.992,723.394,-2.839123,0.618427,1.795184,3.415517,-0.001421,0.001008,1,4.260000,0.000000,1773.589,886.733,1,1.370,1772.581,886.740,1843.761,934.428,1760.789,935.590,1705.328,840.337,1784.866,843.689,1.897642,0.839289,1.466463,2.540859,4.258913,-0.000563,0.0113760542,0.0114128643,-9.4146443538,0.0008919568,-0.0112397444,8.3848509266,0.0001446262,0.0041073928,1.0000000000,0.0115197585,0.0116081516,-9.5696514413,0.0009021838,-0.0113775633,8.4859581472,0.0001453197,0.0041833248,1.0000000000
215,34201354026026,22.5578,1785360970.608,2,3.6310,0.8248,3.4868,0.7066,3.5589,0.7657,129.35,0.0048,-0.0028,-0.0052,-0.0019,0.0019,-1.30,-0.022761,1.0000,0.0021,0.4995,0.1865,0,frozen,2-tag corner homography,2,1920,1200,0.200000,101;102,1,1,,2-tag corner homography,0.011024,0.492847,101,102,4.752847,4.260000,30,0.050000,0.600000,5.000000,raw-zero-distortion,590.9628888758,0.0000000000,1007.8592059077,0.0000000000,592.3761043005,547.7101609771,0.0000000000,0.0000000000,1.0000000000,-0.0359937509,0.0291287486,0.0062609452,0.0003552766,-0.0208418310,0.0000000000,0.0000000000,0.0000000000,0.0000000000,0.0000000000,1,0.000000,0.000000,72.882,751.184,1,0.875,73.019,751.723,65.282,791.377,8.430,780.409,79.449,716.453,134.836,723.091,-2.838426,0.617961,1.794322,3.414400,-0.002460,0.001220,1,4.260000,0.000000,1773.678,886.751,1,1.443,1772.613,886.754,1843.980,934.438,1760.849,935.590,1705.153,840.270,1784.950,843.836,1.897936,0.839418,1.466629,2.541217,4.259085,-0.000588,0.0115854798,0.0117484707,-9.6791740117,0.0009089817,-0.0114477208,8.5393739368,0.0001511570,0.0042014211,1.0000000000,0.0115197585,0.0116081516,-9.5696514413,0.0009021838,-0.0113775633,8.4859581472,0.0001453197,0.0041833248,1.0000000000
216,34201446973551,22.6507,1785360970.703,2,3.6315,0.8246,3.4860,0.7087,3.5587,0.7666,128.54,0.0052,-0.0013,-0.0042,-0.0033,0.0033,-2.55,-0.044455,1.0000,0.0022,0.4995,0.1860,0,frozen,2-tag corner homography,2,1920,1200,0.200000,101;102,1,1,,2-tag corner homography,0.011075,0.469765,101,102,4.729765,4.260000,30,0.050000,0.600000,5.000000,raw-zero-distortion,590.9628888758,0.0000000000,1007.8592059077,0.0000000000,592.3761043005,547.7101609771,0.0000000000,0.0000000000,1.0000000000,-0.0359937509,0.0291287486,0.0062609452,0.0003552766,-0.0208418310,0.0000000000,0.0000000000,0.0000000000,0.0000000000,0.0000000000,1,0.000000,0.000000,72.846,751.141,1,1.294,73.378,751.545,65.227,791.404,8.394,780.343,79.391,716.559,136.275,722.403,-2.819921,0.613631,1.783308,3.392445,-0.002678,0.001330,1,4.260000,0.000000,1773.890,886.885,1,1.633,1772.650,886.726,1843.629,934.561,1761.183,935.623,1705.151,839.893,1785.078,843.977,1.893695,0.837433,1.463280,2.535461,4.259384,-0.000858,0.0117028264,0.0119360619,-9.8308834515,0.0009185656,-0.0115567996,8.6184627154,0.0001366183,0.0042895402,1.0000000000,0.0115197585,0.0116081516,-9.5696514413,0.0009021838,-0.0113775633,8.4859581472,0.0001453197,0.0041833248,1.0000000000
217,34201548860615,22.7526,1785360970.816,2,3.6313,0.8247,3.4857,0.7086,3.5585,0.7667,128.58,0.0031,0.0012,-0.0009,-0.0032,0.0032,-3.36,-0.058568,1.0000,0.0033,0.4995,0.1862,0,frozen,2-tag corner homography,2,1920,1200,0.200000,101;102,1,1,,2-tag corner homography,0.012446,0.527842,101,102,4.787842,4.260000,30,0.050000,0.600000,5.000000,raw-zero-distortion,590.9628888758,0.0000000000,1007.8592059077,0.0000000000,592.3761043005,547.7101609771,0.0000000000,0.0000000000,1.0000000000,-0.0359937509,0.0291287486,0.0062609452,0.0003552766,-0.0208418310,0.0000000000,0.0000000000,0.0000000000,0.0000000000,0.0000000000,1,0.000000,0.000000,72.983,750.712,1,0.848,72.000,752.012,65.307,791.470,8.547,780.379,79.439,716.438,131.000,724.000,-2.874504,0.626018,1.815150,3.456796,-0.003499,0.002538,1,4.260000,0.000000,1773.149,886.402,1,1.185,1772.383,886.700,1844.010,934.438,1760.823,935.572,1705.279,840.394,1783.891,843.557,1.895815,0.838600,1.465431,2.538671,4.258361,0.000114,0.0113368545,0.0110463413,-9.1250786567,0.0008839590,-0.0111631550,8.3312829026,0.0001760062,0.0040162858,1.0000000000,0.0115197585,0.0116081516,-9.5696514413,0.0009021838,-0.0113775633,8.4859581472,0.0001453197,0.0041833248,1.0000000000
218,34201658285382,22.8620,1785360970.929,2,3.6318,0.8229,3.4860,0.7080,3.5589,0.7654,128.24,0.0010,-0.0001,-0.0007,-0.0008,0.0008,-3.25,-0.056658,1.0000,0.0018,0.4995,0.1857,0,frozen,2-tag corner homography,2,1920,1200,0.200000,101;102,1,1,,2-tag corner homography,0.011163,0.495005,101,102,4.755005,4.260000,30,0.050000,0.600000,5.000000,raw-zero-distortion,590.9628888758,0.0000000000,1007.8592059077,0.0000000000,592.3761043005,547.7101609771,0.0000000000,0.0000000000,1.0000000000,-0.0359937509,0.0291287486,0.0062609452,0.0003552766,-0.0208418310,0.0000000000,0.0000000000,0.0000000000,0.0000000000,0.0000000000,1,0.000000,0.000000,73.026,751.211,1,0.814,73.116,751.753,65.361,791.413,8.618,780.359,79.664,716.390,134.767,723.270,-2.841284,0.618737,1.796315,3.417964,-0.001986,0.001179,1,4.260000,0.000000,1773.328,886.345,1,1.163,1772.558,886.603,1844.005,934.321,1760.681,935.447,1705.569,840.349,1784.393,843.389,1.897137,0.838752,1.466117,2.540105,4.258826,0.000279,0.0114671141,0.0116208243,-9.5760399337,0.0008987146,-0.0113323965,8.4536621155,0.0001493911,0.0041468096,1.0000000000,0.0115197585,0.0116081516,-9.5696514413,0.0009021838,-0.0113775633,8.4859581472,0.0001453197,0.0041833248,1.0000000000
219,34201772029956,22.9758,1785360971.042,2,3.6321,0.8245,3.4861,0.7083,3.5591,0.7664,128.50,0.0013,-0.0012,-0.0018,-0.0003,0.0003,-1.38,-0.024148,1.0000,0.0018,0.4995,0.1866,0,frozen,2-tag corner homography,2,1920,1200,0.200000,101;102,1,1,,2-tag corner homography,0.010786,0.489732,101,102,4.749732,4.260000,30,0.050000,0.600000,5.000000,raw-zero-distortion,590.9628888758,0.0000000000,1007.8592059077,0.0000000000,592.3761043005,547.7101609771,0.0000000000,0.0000000000,1.0000000000,-0.0359937509,0.0291287486,0.0062609452,0.0003552766,-0.0208418310,0.0000000000,0.0000000000,0.0000000000,0.0000000000,0.0000000000,1,0.000000,0.000000,73.170,751.201,1,0.895,73.308,751.762,65.731,791.533,8.561,780.180,79.589,716.399,135.262,723.350,-2.842850,0.619233,1.797674,3.420070,-0.001613,0.001237,1,4.260000,0.000000,1773.159,886.332,1,1.044,1772.467,886.557,1844.040,934.624,1760.649,935.411,1705.432,840.189,1784.166,843.151,1.889975,0.835570,1.460755,2.530611,4.258470,0.000277,0.0113576698,0.0114020530,-9.4056510432,0.0008891611,-0.0112168447,8.3675677097,0.0001395818,0.0041086427,1.0000000000,0.0115197585,0.0116081516,-9.5696514413,0.0009021838,-0.0113775633,8.4859581472,0.0001453197,0.0041833248,1.0000000000
220,34201884435427,23.0882,1785360971.158,2,3.6329,0.8230,3.4869,0.7088,3.5599,0.7659,128.05,0.0030,-0.0012,-0.0028,-0.0017,0.0017,-1.24,-0.021655,1.0000,0.0018,0.4995,0.1854,0,frozen,2-tag corner homography,2,1920,1200,0.200000,101;102,1,1,,2-tag corner homography,0.045453,0.486384,101,102,4.746384,4.260000,30,0.050000,0.600000,5.000000,raw-zero-distortion,590.9628888758,0.0000000000,1007.8592059077,0.0000000000,592.3761043005,547.7101609771,0.0000000000,0.0000000000,1.0000000000,-0.0359937509,0.0291287486,0.0062609452,0.0003552766,-0.0208418310,0.0000000000,0.0000000000,0.0000000000,0.0000000000,0.0000000000,1,0.000000,0.000000,72.987,751.234,1,0.798,73.061,751.782,65.402,791.457,8.491,780.558,79.556,716.394,134.742,723.155,-2.835405,0.617510,1.792494,3.410847,-0.002029,0.001106,1,4.260000,0.000000,1773.393,886.408,1,1.306,1772.512,886.661,1844.047,934.504,1760.544,935.511,1705.341,840.083,1784.573,843.683,1.894482,0.837771,1.464154,2.536665,4.258889,0.000145,0.0206641929,0.0363295908,-28.8183019771,0.0016160555,-0.0201662694,15.0217446113,-0.0004530060,0.0103729478,1.0000000000,0.0115197585,0.0116081516,-9.5696514413,0.0009021838,-0.0113775633,8.4859581472,0.0001453197,0.0041833248,1.0000000000
221,34201999194767,23.2029,1785360971.279,2,3.6340,0.8235,3.4870,0.7094,3.5605,0.7664,127.83,0.0043,0.0011,-0.0018,-0.0040,0.0040,-1.41,-0.024550,1.0000,0.0021,0.4995,0.1861,0,frozen,2-tag corner homography,2,1920,1200,0.200000,101;102,1,1,,2-tag corner homography,0.011009,0.494167,101,102,4.754167,4.260000,30,0.050000,0.600000,5.000000,raw-zero-distortion,590.9628888758,0.0000000000,1007.8592059077,0.0000000000,592.3761043005,547.7101609771,0.0000000000,0.0000000000,1.0000000000,-0.0359937509,0.0291287486,0.0062609452,0.0003552766,-0.0208418310,0.0000000000,0.0000000000,0.0000000000,0.0000000000,0.0000000000,1,0.000000,0.000000,72.862,751.238,1,0.972,73.121,751.715,65.300,791.401,8.459,780.333,79.402,716.502,135.212,723.070,-2.838063,0.617925,1.794289,3.414074,-0.002364,0.001068,1,4.260000,0.000000,1773.607,886.834,1,1.350,1772.622,886.880,1843.757,934.671,1760.652,935.533,1705.500,840.391,1785.001,844.004,1.899665,0.840484,1.467947,2.543622,4.258825,-0.000792,0.0114796186,0.0115785776,-9.5447741568,0.0009025312,-0.0113575105,8.4720222003,0.0001429445,0.0041636830,1.0000000000,0.0115197585,0.0116081516,-9.5696514413,0.0009021838,-0.0113775633,8.4859581472,0.0001453197,0.0041833248,1.0000000000
222,34202122651139,23.3264,1785360971.396,2,3.6354,0.8225,3.4852,0.7102,3.5603,0.7664,126.79,0.0025,0.0016,-0.0002,-0.0030,0.0030,-4.12,-0.071962,1.0000,0.0019,0.4995,0.1875,0,frozen,2-tag corner homography,2,1920,1200,0.200000,101;102,1,1,,2-tag corner homography,0.010868,0.497496,101,102,4.757496,4.260000,30,0.050000,0.600000,5.000000,raw-zero-distortion,590.9628888758,0.0000000000,1007.8592059077,0.0000000000,592.3761043005,547.7101609771,0.0000000000,0.0000000000,1.0000000000,-0.0359937509,0.0291287486,0.0062609452,0.0003552766,-0.0208418310,0.0000000000,0.0000000000,0.0000000000,0.0000000000,0.0000000000,1,0.000000,0.000000,73.168,751.136,1,0.842,73.229,751.741,65.803,791.391,8.630,780.257,79.516,716.441,134.913,723.276,-2.845780,0.619756,1.799375,3.423494,-0.001798,0.001413,1,4.260000,0.000000,1773.305,886.409,1,1.228,1772.457,886.594,1843.941,934.400,1760.551,935.448,1705.298,840.204,1784.480,843.437,1.894907,0.837853,1.464586,2.537259,4.258694,0.000127,0.0113988996,0.0114260105,-9.4256018440,0.0008931504,-0.0112625195,8.4014370403,0.0001464012,0.0041146311,1.0000000000,0.0115197585,0.0116081516,-9.5696514413,0.0009021838,-0.0113775633,8.4859581472,0.0001453197,0.0041833248,1.0000000000
223,34202287881562,23.4916,1785360971.597,2,3.6361,0.8226,3.4874,0.7094,3.5617,0.7660,127.29,0.0041,-0.0009,-0.0032,-0.0027,0.0027,-2.13,-0.037246,1.0000,0.0016,0.4995,0.1869,0,frozen,2-tag corner homography,2,1920,1200,0.200000,101;102,1,1,,2-tag corner homography,0.011293,0.485175,101,102,4.745175,4.260000,30,0.050000,0.600000,5.000000,raw-zero-distortion,590.9628888758,0.0000000000,1007.8592059077,0.0000000000,592.3761043005,547.7101609771,0.0000000000,0.0000000000,1.0000000000,-0.0359937509,0.0291287486,0.0062609452,0.0003552766,-0.0208418310,0.0000000000,0.0000000000,0.0000000000,0.0000000000,0.0000000000,1,0.000000,0.000000,72.912,751.402,1,0.894,73.105,751.894,65.361,791.557,8.704,780.541,79.456,716.606,134.849,723.294,-2.840725,0.619036,1.795940,3.417356,-0.001764,0.000629,1,4.260000,0.000000,1773.292,886.153,1,1.156,1772.555,886.476,1844.321,934.566,1760.718,935.443,1705.395,839.876,1784.246,843.216,1.887560,0.834208,1.458720,2.527182,4.258985,0.000710,0.0123414941,0.0126423990,-10.4097110152,0.0009628161,-0.0121663609,9.0773949969,0.0001569192,0.0045613261,1.0000000000,0.0115197585,0.0116081516,-9.5696514413,0.0009021838,-0.0113775633,8.4859581472,0.0001453197,0.0041833248,1.0000000000
224,34202473323875,23.6771,1785360971.796,2,3.6370,0.8210,3.4868,0.7095,3.5619,0.7652,126.59,,,,,,,,1.0000,0.0019,0.4995,0.1871,0,frozen,2-tag corner homography,2,1920,1200,0.200000,101;102,1,1,,2-tag corner homography,0.010748,0.467424,101,102,4.727424,4.260000,30,0.050000,0.600000,5.000000,raw-zero-distortion,590.9628888758,0.0000000000,1007.8592059077,0.0000000000,592.3761043005,547.7101609771,0.0000000000,0.0000000000,1.0000000000,-0.0359937509,0.0291287486,0.0062609452,0.0003552766,-0.0208418310,0.0000000000,0.0000000000,0.0000000000,0.0000000000,0.0000000000,1,0.000000,0.000000,72.958,751.198,1,1.228,73.473,751.570,65.398,791.471,8.484,780.436,79.484,716.435,136.320,722.464,-2.816633,0.613053,1.781411,3.388611,-0.002209,0.001199,1,4.260000,0.000000,1773.544,886.582,1,1.327,1772.592,886.666,1844.040,934.462,1760.870,935.554,1705.251,840.198,1784.671,843.586,1.894779,0.837827,1.464229,2.536948,4.259003,-0.000226,0.0115999772,0.0117878043,-9.7132506322,0.0009091781,-0.0114445298,8.5349662371,0.0001375643,0.0042356988,1.0000000000,0.0115197585,0.0116081516,-9.5696514413,0.0009021838,-0.0113775633,8.4859581472,0.0001453197,0.0041833248,1.0000000000
225,34202664569041,23.8683,1785360971.953,2,3.6371,0.8200,3.4879,0.7096,3.5625,0.7648,126.50,,,,,,,,1.0000,0.0020,0.4995,0.1856,0,frozen,2-tag corner homography,2,1920,1200,0.200000,101;102,1,1,,2-tag corner homography,0.010941,0.469771,101,102,4.729771,4.260000,30,0.050000,0.600000,5.000000,raw-zero-distortion,590.9628888758,0.0000000000,1007.8592059077,0.0000000000,592.3761043005,547.7101609771,0.0000000000,0.0000000000,1.0000000000,-0.0359937509,0.0291287486,0.0062609452,0.0003552766,-0.0208418310,0.0000000000,0.0000000000,0.0000000000,0.0000000000,0.0000000000,1,0.000000,0.000000,73.038,751.139,1,1.176,73.457,751.591,65.523,791.455,8.425,780.356,79.500,716.477,136.181,722.586,-2.822180,0.614314,1.784889,3.395277,-0.002152,0.001378,1,4.260000,0.000000,1773.628,886.701,1,1.391,1772.610,886.706,1843.846,934.687,1761.056,935.592,1705.293,840.002,1784.682,843.711,1.891295,0.836366,1.461502,2.532290,4.259037,-0.000483,0.0115798715,0.0117480794,-9.6819665242,0.0009080684,-0.0114292711,8.5238395462,0.0001341101,0.0042320723,1.0000000000,0.0115197585,0.0116081516,-9.5696514413,0.0009021838,-0.0113775633,8.4859581472,0.0001453197,0.0041833248,1.0000000000
226,34202795373888,23.9991,1785360972.083,2,3.6386,0.8190,3.4871,0.7099,3.5628,0.7645,125.74,0.0028,-0.0024,-0.0036,-0.0008,0.0008,-2.48,-0.043349,1.0000,0.0017,0.4995,0.1867,0,frozen,2-tag corner homography,2,1920,1200,0.200000,101;102,1,1,,2-tag corner homography,0.010667,0.500778,101,102,4.760778,4.260000,30,0.050000,0.600000,5.000000,raw-zero-distortion,590.9628888758,0.0000000000,1007.8592059077,0.0000000000,592.3761043005,547.7101609771,0.0000000000,0.0000000000,1.0000000000,-0.0359937509,0.0291287486,0.0062609452,0.0003552766,-0.0208418310,0.0000000000,0.0000000000,0.0000000000,0.0000000000,0.0000000000,1,0.000000,0.000000,73.051,751.294,1,0.894,73.234,751.804,65.552,791.550,8.614,780.026,79.548,716.419,135.142,723.608,-2.850806,0.621043,1.802562,3.429580,-0.001682,0.000957,1,4.260000,0.000000,1773.272,886.329,1,1.156,1772.510,886.593,1844.163,934.459,1760.660,935.500,1705.366,840.225,1784.301,843.327,1.892935,0.836921,1.462962,2.534540,4.258722,0.000305,0.0114646844,0.0114977699,-9.4850138165,0.0008989403,-0.0113419156,8.4614218311,0.0001421894,0.0041551934,1.0000000000,0.0115197585,0.0116081516,-9.5696514413,0.0009021838,-0.0113775633,8.4859581472,0.0001453197,0.0041833248,1.0000000000
227,34202930452959,24.1342,1785360972.214,2,3.6390,0.8183,3.4870,0.7114,3.5630,0.7649,125.12,0.0021,-0.0004,-0.0015,-0.0015,0.0015,-4.44,-0.077428,1.0000,0.0015,0.4995,0.1858,0,frozen,2-tag corner homography,2,1920,1200,0.200000,101;102,1,1,,2-tag corner homography,0.045440,0.482818,101,102,4.742818,4.260000,30,0.050000,0.600000,5.000000,raw-zero-distortion,590.9628888758,0.0000000000,1007.8592059077,0.0000000000,592.3761043005,547.7101609771,0.0000000000,0.0000000000,1.0000000000,-0.0359937509,0.0291287486,0.0062609452,0.0003552766,-0.0208418310,0.0000000000,0.0000000000,0.0000000000,0.0000000000,0.0000000000,1,0.000000,0.000000,72.980,751.384,1,0.888,73.239,751.793,65.447,791.460,8.645,780.540,79.547,716.443,135.230,723.173,-2.834706,0.617507,1.792392,3.410212,-0.001627,0.000692,1,4.260000,0.000000,1773.331,886.377,1,1.246,1772.493,886.610,1843.996,934.406,1760.752,935.667,1705.335,840.162,1784.314,843.345,1.891519,0.836358,1.461900,2.532684,4.258793,0.000205,0.0111532088,0.0168082983,-13.4530727075,0.0008147489,-0.0101483397,7.5621961390,0.0001520874,0.0041856152,1.0000000000,0.0115197585,0.0116081516,-9.5696514413,0.0009021838,-0.0113775633,8.4859581472,0.0001453197,0.0041833248,1.0000000000
228,34203064273460,24.2680,1785360972.347,1,3.6400,0.8190,3.4863,0.7099,3.5632,0.7644,125.38,0.0015,-0.0002,-0.0011,-0.0011,0.0011,-2.22,-0.038736,1.0000,0.0011,0.4995,0.1884,0,frozen,2-tag corner homography,2,1920,1200,0.200000,102,0,0,insufficient,insufficient,,,,,,,30,0.050000,0.600000,5.000000,raw-zero-distortion,590.9628888758,0.0000000000,1007.8592059077,0.0000000000,592.3761043005,547.7101609771,0.0000000000,0.0000000000,1.0000000000,-0.0359937509,0.0291287486,0.0062609452,0.0003552766,-0.0208418310,0.0000000000,0.0000000000,0.0000000000,0.0000000000,0.0000000000,0,0.000000,0.000000,,,,,,,,,,,,,,,,,,,,,1,4.260000,0.000000,1773.661,886.753,1,1.492,1772.538,886.676,1843.804,934.476,1760.709,935.458,1705.035,840.062,1785.076,843.830,1.896354,0.838608,1.465551,2.539146,4.259047,-0.000596,,,,,,,,,,0.0115197585,0.0116081516,-9.5696514413,0.0009021838,-0.0113775633,8.4859581472,0.0001453197,0.0041833248,1.0000000000
229,34203219971942,24.4237,1785360972.554,2,3.6412,0.8181,3.4882,0.7115,3.5647,0.7648,124.88,0.0050,-0.0002,-0.0031,-0.0040,0.0040,-1.21,-0.021093,1.0000,0.0020,0.4995,0.1864,0,frozen,2-tag corner homography,2,1920,1200,0.200000,101;102,1,1,,2-tag corner homography,0.010831,0.471299,101,102,4.731299,4.260000,30,0.050000,0.600000,5.000000,raw-zero-distortion,590.9628888758,0.0000000000,1007.8592059077,0.0000000000,592.3761043005,547.7101609771,0.0000000000,0.0000000000,1.0000000000,-0.0359937509,0.0291287486,0.0062609452,0.0003552766,-0.0208418310,0.0000000000,0.0000000000,0.0000000000,0.0000000000,0.0000000000,1,0.000000,0.000000,72.976,751.202,1,1.027,73.306,751.637,65.407,791.432,8.459,780.509,79.526,716.383,135.684,722.715,-2.823139,0.614560,1.785206,3.396286,-0.002150,0.001193,1,4.260000,0.000000,1773.352,886.562,1,1.265,1772.441,886.625,1844.046,934.555,1760.768,935.506,1705.002,840.159,1784.437,843.451,1.891901,0.836620,1.462294,2.533283,4.258608,-0.000214,0.0116201380,0.0117465733,-9.6826058989,0.0009089001,-0.0114493676,8.5394981353,0.0001445056,0.0042293278,1.0000000000,0.0115197585,0.0116081516,-9.5696514413,0.0009021838,-0.0113775633,8.4859581472,0.0001453197,0.0041833248,1.0000000000
230,34203405319988,24.6091,1785360972.698,2,3.6419,0.8182,3.4880,0.7119,3.5650,0.7650,124.65,0.0051,0.0015,-0.0017,-0.0051,0.0051,-1.97,-0.034325,1.0000,0.0016,0.4995,0.1870,0,frozen,2-tag corner homography,2,1920,1200,0.200000,101;102,1,1,,2-tag corner homography,0.010871,0.485952,101,102,4.745952,4.260000,30,0.050000,0.600000,5.000000,raw-zero-distortion,590.9628888758,0.0000000000,1007.8592059077,0.0000000000,592.3761043005,547.7101609771,0.0000000000,0.0000000000,1.0000000000,-0.0359937509,0.0291287486,0.0062609452,0.0003552766,-0.0208418310,0.0000000000,0.0000000000,0.0000000000,0.0000000000,0.0000000000,1,0.000000,0.000000,72.882,751.434,1,0.878,73.152,751.823,65.322,791.498,8.473,780.438,79.486,716.431,135.223,723.360,-2.838469,0.618359,1.794604,3.414656,-0.001761,0.000536,1,4.260000,0.000000,1773.190,886.219,1,1.198,1772.389,886.455,1843.972,934.283,1760.724,935.491,1705.212,840.059,1784.089,843.141,1.890787,0.835764,1.461532,2.531729,4.258680,0.000541,0.0115003651,0.0115821821,-9.5505393253,0.0008984657,-0.0113485767,8.4667562979,0.0001449007,0.0041688291,1.0000000000,0.0115197585,0.0116081516,-9.5696514413,0.0009021838,-0.0113775633,8.4859581472,0.0001453197,0.0041833248,1.0000000000
231,34203544117351,24.7478,1785360972.838,2,3.6429,0.8169,3.4883,0.7127,3.5656,0.7648,123.98,0.0033,0.0005,-0.0014,-0.0031,0.0031,-2.50,-0.043604,1.0000,0.0023,0.4995,0.1865,0,frozen,2-tag corner homography,2,1920,1200,0.200000,101;102,1,1,,2-tag corner homography,0.010909,0.472353,101,102,4.732353,4.260000,30,0.050000,0.600000,5.000000,raw-zero-distortion,590.9628888758,0.0000000000,1007.8592059077,0.0000000000,592.3761043005,547.7101609771,0.0000000000,0.0000000000,1.0000000000,-0.0359937509,0.0291287486,0.0062609452,0.0003552766,-0.0208418310,0.0000000000,0.0000000000,0.0000000000,0.0000000000,0.0000000000,1,0.000000,0.000000,73.013,751.062,1,1.333,73.553,751.494,65.494,791.418,8.526,780.134,79.452,716.503,136.514,722.434,-2.822724,0.614202,1.785416,3.395986,-0.002437,0.001583,1,4.260000,0.000000,1773.629,886.801,1,1.373,1772.619,886.785,1843.833,934.699,1761.167,935.634,1705.309,840.188,1784.609,843.778,1.893357,0.837462,1.463078,2.535102,4.258916,-0.000712,0.0116027528,0.0118084566,-9.7289626022,0.0009126898,-0.0114720016,8.5544199573,0.0001303444,0.0042519719,1.0000000000,0.0115197585,0.0116081516,-9.5696514413,0.0009021838,-0.0113775633,8.4859581472,0.0001453197,0.0041833248,1.0000000000
232,34203697942530,24.9017,1785360973.005,2,3.6438,0.8161,3.4883,0.7129,3.5661,0.7645,123.57,0.0037,-0.0012,-0.0030,-0.0024,0.0024,-3.38,-0.058942,1.0000,0.0021,0.4995,0.1867,0,frozen,2-tag corner homography,2,1920,1200,0.200000,101;102,1,1,,2-tag corner homography,0.012027,0.479944,101,102,4.739944,4.260000,30,0.050000,0.600000,5.000000,raw-zero-distortion,590.9628888758,0.0000000000,1007.8592059077,0.0000000000,592.3761043005,547.7101609771,0.0000000000,0.0000000000,1.0000000000,-0.0359937509,0.0291287486,0.0062609452,0.0003552766,-0.0208418310,0.0000000000,0.0000000000,0.0000000000,0.0000000000,0.0000000000,1,0.000000,0.000000,73.009,751.091,1,0.963,73.218,751.618,65.414,791.408,8.514,780.402,79.554,716.342,135.286,722.788,-2.828431,0.615598,1.788384,3.402543,-0.002368,0.001503,1,4.260000,0.000000,1773.803,886.712,1,1.515,1772.698,886.748,1843.927,934.573,1760.986,935.595,1705.333,839.981,1785.004,843.990,1.895186,0.838094,1.464341,2.537406,4.259408,-0.000477,0.0108940188,0.0102648284,-8.5143894967,0.0008483235,-0.0106885878,7.9729590898,0.0001382726,0.0038630530,1.0000000000,0.0115197585,0.0116081516,-9.5696514413,0.0009021838,-0.0113775633,8.4859581472,0.0001453197,0.0041833248,1.0000000000
233,34203852720823,25.0565,1785360973.117,2,3.6449,0.8145,3.4885,0.7120,3.5667,0.7632,123.22,0.0037,-0.0042,-0.0055,-0.0007,0.0007,-2.66,-0.046460,1.0000,0.0018,0.4995,0.1870,0,frozen,2-tag corner homography,2,1920,1200,0.200000,101;102,1,1,,2-tag corner homography,0.012343,0.483054,101,102,4.743054,4.260000,30,0.050000,0.600000,5.000000,raw-zero-distortion,590.9628888758,0.0000000000,1007.8592059077,0.0000000000,592.3761043005,547.7101609771,0.0000000000,0.0000000000,1.0000000000,-0.0359937509,0.0291287486,0.0062609452,0.0003552766,-0.0208418310,0.0000000000,0.0000000000,0.0000000000,0.0000000000,0.0000000000,1,0.000000,0.000000,73.089,751.205,1,0.978,73.314,751.727,65.500,791.482,8.450,780.379,79.630,716.494,135.536,723.020,-2.832764,0.616935,1.791308,3.407924,-0.001825,0.001208,1,4.260000,0.000000,1773.309,886.214,1,1.262,1772.454,886.441,1843.867,934.094,1760.662,935.500,1705.344,840.094,1784.353,843.177,1.893847,0.837011,1.463774,2.535720,4.258947,0.000574,0.0139733608,0.0140973513,-11.6236023145,0.0010875197,-0.0137463350,10.2542555045,0.0001618079,0.0053373427,1.0000000000,0.0115197585,0.0116081516,-9.5696514413,0.0009021838,-0.0113775633,8.4859581472,0.0001453197,0.0041833248,1.0000000000
234,34203959430930,25.1632,1785360973.235,2,3.6452,0.8144,3.4884,0.7120,3.5668,0.7632,123.15,0.0032,-0.0049,-0.0059,0.0000,-0.0000,-2.03,-0.035366,1.0000,0.0023,0.4995,0.1873,0,frozen,2-tag corner homography,2,1920,1200,0.200000,101;102,1,1,,2-tag corner homography,0.032736,0.477589,101,102,4.737589,4.260000,30,0.050000,0.600000,5.000000,raw-zero-distortion,590.9628888758,0.0000000000,1007.8592059077,0.0000000000,592.3761043005,547.7101609771,0.0000000000,0.0000000000,1.0000000000,-0.0359937509,0.0291287486,0.0062609452,0.0003552766,-0.0208418310,0.0000000000,0.0000000000,0.0000000000,0.0000000000,0.0000000000,1,0.000000,0.000000,73.290,750.911,1,0.931,73.367,751.561,65.654,791.396,8.459,780.240,79.825,716.269,135.410,722.808,-2.829369,0.615730,1.789264,3.403809,-0.002090,0.002058,1,4.260000,0.000000,1773.317,886.467,1,1.314,1772.382,886.567,1843.740,934.487,1760.589,935.458,1705.146,839.982,1784.485,843.485,1.891765,0.836482,1.462303,2.533142,4.258649,-0.000004,0.0118875590,0.0164860029,-13.2631699693,0.0009171827,-0.0114555854,8.5362446746,0.0001167837,0.0045748231,1.0000000000,0.0115197585,0.0116081516,-9.5696514413,0.0009021838,-0.0113775633,8.4859581472,0.0001453197,0.0041833248,1.0000000000
235,34204076770052,25.2805,1785360973.337,2,3.6464,0.8143,3.4885,0.7135,3.5674,0.7639,122.58,0.0032,0.0004,-0.0014,-0.0029,0.0029,-2.61,-0.045579,1.0000,0.0022,0.4995,0.1874,0,frozen,2-tag corner homography,2,1920,1200,0.200000,101;102,1,1,,2-tag corner homography,0.010726,0.468433,101,102,4.728433,4.260000,30,0.050000,0.600000,5.000000,raw-zero-distortion,590.9628888758,0.0000000000,1007.8592059077,0.0000000000,592.3761043005,547.7101609771,0.0000000000,0.0000000000,1.0000000000,-0.0359937509,0.0291287486,0.0062609452,0.0003552766,-0.0208418310,0.0000000000,0.0000000000,0.0000000000,0.0000000000,0.0000000000,1,0.000000,0.000000,72.925,751.159,1,1.169,73.392,751.538,65.233,791.337,8.297,780.413,79.572,716.435,136.237,722.500,-2.818538,0.613317,1.782461,3.390794,-0.002411,0.001299,1,4.260000,0.000000,1773.559,886.818,1,1.528,1772.418,886.770,1843.850,934.556,1760.743,935.692,1704.773,840.102,1784.815,843.892,1.893799,0.837842,1.463805,2.535977,4.258740,-0.000764,0.0118037938,0.0120521963,-9.9256133004,0.0009261855,-0.0116462817,8.6850528076,0.0001429238,0.0043257795,1.0000000000,0.0115197585,0.0116081516,-9.5696514413,0.0009021838,-0.0113775633,8.4859581472,0.0001453197,0.0041833248,1.0000000000
236,34204177103281,25.3808,1785360973.456,2,3.6469,0.8138,3.4886,0.7137,3.5677,0.7637,122.32,0.0033,0.0014,-0.0006,-0.0035,0.0035,-2.86,-0.049882,1.0000,0.0019,0.4995,0.1873,0,frozen,2-tag corner homography,2,1920,1200,0.200000,101;102,1,1,,2-tag corner homography,0.018685,0.487931,101,102,4.747931,4.260000,30,0.050000,0.600000,5.000000,raw-zero-distortion,590.9628888758,0.0000000000,1007.8592059077,0.0000000000,592.3761043005,547.7101609771,0.0000000000,0.0000000000,1.0000000000,-0.0359937509,0.0291287486,0.0062609452,0.0003552766,-0.0208418310,0.0000000000,0.0000000000,0.0000000000,0.0000000000,0.0000000000,1,0.000000,0.000000,73.157,751.082,1,0.758,73.110,751.727,65.489,791.446,8.547,780.347,79.769,716.280,134.599,723.253,-2.839476,0.618261,1.795161,3.415768,-0.001979,0.001559,1,4.260000,0.000000,1773.635,886.575,1,1.452,1772.597,886.659,1843.826,934.480,1761.096,935.682,1705.313,839.944,1784.585,843.690,1.891713,0.836448,1.461849,2.532829,4.259212,-0.000192,0.0126373845,0.0152233561,-12.3693480639,0.0009981161,-0.0125330522,9.3451352600,0.0001286107,0.0048436248,1.0000000000,0.0115197585,0.0116081516,-9.5696514413,0.0009021838,-0.0113775633,8.4859581472,0.0001453197,0.0041833248,1.0000000000
237,34204296086949,25.4998,1785360973.565,2,3.6478,0.8133,3.4887,0.7131,3.5683,0.7632,122.22,0.0039,0.0004,-0.0018,-0.0035,0.0035,-2.78,-0.048563,1.0000,0.0018,0.4995,0.1880,0,frozen,2-tag corner homography,2,1920,1200,0.200000,101;102,1,1,,2-tag corner homography,0.010958,0.492687,101,102,4.752687,4.260000,30,0.050000,0.600000,5.000000,raw-zero-distortion,590.9628888758,0.0000000000,1007.8592059077,0.0000000000,592.3761043005,547.7101609771,0.0000000000,0.0000000000,1.0000000000,-0.0359937509,0.0291287486,0.0062609452,0.0003552766,-0.0208418310,0.0000000000,0.0000000000,0.0000000000,0.0000000000,0.0000000000,1,0.000000,0.000000,73.116,751.163,1,0.801,73.160,751.748,65.538,791.442,8.586,780.309,79.664,716.352,134.801,723.303,-2.841978,0.618904,1.796839,3.418846,-0.001868,0.001327,1,4.260000,0.000000,1773.435,886.505,1,1.263,1772.546,886.641,1844.046,934.533,1760.655,935.471,1705.290,840.154,1784.649,843.542,1.893978,0.837463,1.463699,2.535924,4.258860,-0.000070,0.0115368792,0.0115600935,-9.5358732234,0.0009029826,-0.0113846598,8.4926789232,0.0001493542,0.0041759161,1.0000000000,0.0115197585,0.0116081516,-9.5696514413,0.0009021838,-0.0113775633,8.4859581472,0.0001453197,0.0041833248,1.0000000000
238,34204404793446,25.6085,1785360973.677,2,3.6486,0.8131,3.4900,0.7142,3.5693,0.7637,121.96,0.0049,-0.0006,-0.0031,-0.0039,0.0039,-2.14,-0.037337,1.0000,0.0017,0.4995,0.1869,0,frozen,2-tag corner homography,2,1920,1200,0.200000,101;102,1,1,,2-tag corner homography,0.010968,0.489407,101,102,4.749407,4.260000,30,0.050000,0.600000,5.000000,raw-zero-distortion,590.9628888758,0.0000000000,1007.8592059077,0.0000000000,592.3761043005,547.7101609771,0.0000000000,0.0000000000,1.0000000000,-0.0359937509,0.0291287486,0.0062609452,0.0003552766,-0.0208418310,0.0000000000,0.0000000000,0.0000000000,0.0000000000,0.0000000000,1,0.000000,0.000000,72.965,751.416,1,0.799,73.141,751.851,65.371,791.463,8.552,780.459,79.595,716.444,134.969,723.458,-2.842019,0.619211,1.796827,3.418930,-0.001581,0.000603,1,4.260000,0.000000,1773.063,886.344,1,1.105,1772.303,886.503,1843.812,934.490,1760.520,935.379,1705.183,840.150,1784.118,843.132,1.890581,0.835886,1.461538,2.531619,4.258244,0.000231,0.0114948557,0.0115541302,-9.5292782342,0.0008978765,-0.0113391279,8.4600293680,0.0001486408,0.0041574724,1.0000000000,0.0115197585,0.0116081516,-9.5696514413,0.0009021838,-0.0113775633,8.4859581472,0.0001453197,0.0041833248,1.0000000000
239,34204518977519,25.7227,1785360973.809,2,3.6493,0.8129,3.4911,0.7144,3.5702,0.7637,121.90,0.0066,-0.0001,-0.0036,-0.0055,0.0055,-1.62,-0.028231,1.0000,0.0015,0.4995,0.1864,0,frozen,2-tag corner homography,2,1920,1200,0.200000,101;102,1,1,,2-tag corner homography,0.011037,0.484016,101,102,4.744016,4.260000,30,0.050000,0.600000,5.000000,raw-zero-distortion,590.9628888758,0.0000000000,1007.8592059077,0.0000000000,592.3761043005,547.7101609771,0.0000000000,0.0000000000,1.0000000000,-0.0359937509,0.0291287486,0.0062609452,0.0003552766,-0.0208418310,0.0000000000,0.0000000000,0.0000000000,0.0000000000,0.0000000000,1,0.000000,0.000000,72.951,751.355,1,0.926,73.223,751.781,65.487,791.449,8.481,780.476,79.442,716.487,135.369,723.161,-2.835807,0.617702,1.793058,3.411512,-0.001789,0.000766,1,4.260000,0.000000,1773.525,886.426,1,1.377,1772.563,886.581,1843.847,934.455,1760.867,935.552,1705.390,839.891,1784.567,843.573,1.891582,0.836235,1.461815,2.532642,4.259155,0.000127,0.0114917544,0.0115830876,-9.5509768942,0.0008991114,-0.0113436396,8.4624720370,0.0001414155,0.0041721326,1.0000000000,0.0115197585,0.0116081516,-9.5696514413,0.0009021838,-0.0113775633,8.4859581472,0.0001453197,0.0041833248,1.0000000000
240,34204664085736,25.8678,1785360973.955,2,3.6500,0.8129,3.4907,0.7149,3.5704,0.7639,121.60,0.0048,0.0008,-0.0018,-0.0045,0.0045,-1.46,-0.025403,1.0000,0.0025,0.4995,0.1870,0,frozen,2-tag corner homography,2,1920,1200,0.200000,101;102,1,1,,2-tag corner homography,0.011187,0.477268,101,102,4.737268,4.260000,30,0.050000,0.600000,5.000000,raw-zero-distortion,590.9628888758,0.0000000000,1007.8592059077,0.0000000000,592.3761043005,547.7101609771,0.0000000000,0.0000000000,1.0000000000,-0.0359937509,0.0291287486,0.0062609452,0.0003552766,-0.0208418310,0.0000000000,0.0000000000,0.0000000000,0.0000000000,0.0000000000,1,0.000000,0.000000,73.172,750.852,1,0.963,73.136,751.658,65.991,791.453,8.408,780.455,79.248,716.501,134.844,722.662,-2.832773,0.616611,1.790974,3.407697,-0.002582,0.002193,1,4.260000,0.000000,1773.469,886.549,1,1.278,1772.571,886.675,1844.020,934.801,1760.841,935.602,1705.321,839.941,1784.539,843.544,1.887800,0.834787,1.458876,2.527643,4.258879,-0.000164,0.0113864791,0.0113858629,-9.3926378919,0.0008895477,-0.0112042902,8.3570452300,0.0001437363,0.0041135730,1.0000000000,0.0115197585,0.0116081516,-9.5696514413,0.0009021838,-0.0113775633,8.4859581472,0.0001453197,0.0041833248,1.0000000000
241,34204807701209,26.0114,1785360974.066,2,3.6508,0.8115,3.4911,0.7149,3.5709,0.7632,121.17,0.0030,-0.0010,-0.0024,-0.0021,0.0021,-2.24,-0.039060,1.0000,0.0026,0.4995,0.1867,0,frozen,2-tag corner homography,2,1920,1200,0.200000,101;102,1,1,,2-tag corner homography,0.010994,0.473121,101,102,4.733121,4.260000,30,0.050000,0.600000,5.000000,raw-zero-distortion,590.9628888758,0.0000000000,1007.8592059077,0.0000000000,592.3761043005,547.7101609771,0.0000000000,0.0000000000,1.0000000000,-0.0359937509,0.0291287486,0.0062609452,0.0003552766,-0.0208418310,0.0000000000,0.0000000000,0.0000000000,0.0000000000,0.0000000000,1,0.000000,0.000000,73.148,751.044,1,1.016,73.373,751.595,65.521,791.436,8.452,780.381,79.696,716.362,135.673,722.692,-2.824295,0.614730,1.786065,3.397729,-0.002112,0.001661,1,4.260000,0.000000,1772.723,886.261,1,1.060,1772.056,886.563,1843.896,934.334,1760.741,935.516,1704.874,840.433,1783.208,843.163,1.892583,0.837188,1.463558,2.534710,4.257602,0.000361,0.0116398513,0.0117616209,-9.6956842357,0.0009121292,-0.0114881957,8.5678836836,0.0001385205,0.0042495679,1.0000000000,0.0115197585,0.0116081516,-9.5696514413,0.0009021838,-0.0113775633,8.4859581472,0.0001453197,0.0041833248,1.0000000000
242,34204915506252,26.1192,1785360974.220,2,3.6508,0.8099,3.4923,0.7181,3.5716,0.7640,120.07,0.0041,-0.0004,-0.0024,-0.0033,0.0033,-4.59,-0.080170,1.0000,0.0020,0.4995,0.1832,0,frozen,2-tag corner homography,2,1920,1200,0.200000,101;102,1,1,,2-tag corner homography,0.011070,0.492716,101,102,4.752716,4.260000,30,0.050000,0.600000,5.000000,raw-zero-distortion,590.9628888758,0.0000000000,1007.8592059077,0.0000000000,592.3761043005,547.7101609771,0.0000000000,0.0000000000,1.0000000000,-0.0359937509,0.0291287486,0.0062609452,0.0003552766,-0.0208418310,0.0000000000,0.0000000000,0.0000000000,0.0000000000,0.0000000000,1,0.000000,0.000000,73.225,751.060,1,0.829,73.161,751.782,65.740,791.513,8.501,780.226,79.630,716.444,134.723,723.347,-2.845762,0.619831,1.799232,3.423417,-0.001855,0.001636,1,4.260000,0.000000,1773.267,886.332,1,1.219,1772.428,886.506,1843.779,934.438,1760.649,935.487,1705.348,839.995,1784.330,843.235,1.889985,0.835492,1.460838,2.530640,4.258707,0.000297,0.0113611881,0.0113065925,-9.3327741272,0.0008874271,-0.0112032413,8.3579196530,0.0001453914,0.0040955217,1.0000000000,0.0115197585,0.0116081516,-9.5696514413,0.0009021838,-0.0113775633,8.4859581472,0.0001453197,0.0041833248,1.0000000000
243,34205086717597,26.2905,1785360974.408,2,3.6511,0.8098,3.4915,0.7154,3.5713,0.7626,120.60,0.0017,-0.0021,-0.0027,-0.0004,0.0004,-2.18,-0.038110,1.0000,0.0018,0.4995,0.1854,0,frozen,2-tag corner homography,2,1920,1200,0.200000,101;102,1,1,,2-tag corner homography,0.011171,0.491123,101,102,4.751123,4.260000,30,0.050000,0.600000,5.000000,raw-zero-distortion,590.9628888758,0.0000000000,1007.8592059077,0.0000000000,592.3761043005,547.7101609771,0.0000000000,0.0000000000,1.0000000000,-0.0359937509,0.0291287486,0.0062609452,0.0003552766,-0.0208418310,0.0000000000,0.0000000000,0.0000000000,0.0000000000,0.0000000000,1,0.000000,0.000000,72.945,751.268,1,0.812,73.078,751.760,65.242,791.429,8.692,780.392,79.640,716.363,134.696,723.277,-2.840472,0.618558,1.795728,3.416948,-0.002050,0.001005,1,4.260000,0.000000,1773.397,886.402,1,1.371,1772.438,886.566,1843.934,934.335,1760.689,935.494,1705.120,840.005,1784.482,843.577,1.893994,0.837401,1.463917,2.536042,4.258904,0.000159,0.0115623562,0.0115955081,-9.5636458760,0.0009038285,-0.0114016676,8.5055936978,0.0001534428,0.0041804530,1.0000000000,0.0115197585,0.0116081516,-9.5696514413,0.0009021838,-0.0113775633,8.4859581472,0.0001453197,0.0041833248,1.0000000000
244,34205280300592,26.4840,1785360974.610,2,3.6522,0.8086,3.4913,0.7172,3.5718,0.7629,119.59,,,,,,,,1.0000,0.0027,0.4995,0.1850,0,frozen,2-tag corner homography,2,1920,1200,0.200000,101;102,1,1,,2-tag corner homography,0.010957,0.482502,101,102,4.742502,4.260000,30,0.050000,0.600000,5.000000,raw-zero-distortion,590.9628888758,0.0000000000,1007.8592059077,0.0000000000,592.3761043005,547.7101609771,0.0000000000,0.0000000000,1.0000000000,-0.0359937509,0.0291287486,0.0062609452,0.0003552766,-0.0208418310,0.0000000000,0.0000000000,0.0000000000,0.0000000000,0.0000000000,1,0.000000,0.000000,72.865,750.960,1,1.202,73.228,751.501,65.327,791.412,8.461,780.043,79.300,716.424,135.675,722.596,-2.831036,0.615817,1.790051,3.405624,-0.003134,0.001831,1,4.260000,0.000000,1773.420,886.455,1,1.357,1772.478,886.637,1843.817,934.429,1760.646,935.500,1705.328,840.053,1784.556,843.695,1.895071,0.838011,1.464673,2.537484,4.258888,0.000042,0.0115135256,0.0116400371,-9.5921597900,0.0009040581,-0.0113772670,8.4842096708,0.0001380311,0.0041912702,1.0000000000,0.0115197585,0.0116081516,-9.5696514413,0.0009021838,-0.0113775633,8.4859581472,0.0001453197,0.0041833248,1.0000000000
245,34205463765118,26.6675,1785360974.751,2,3.6541,0.8081,3.4923,0.7167,3.5732,0.7624,119.45,,,,,,,,1.0000,0.0015,0.4995,0.1859,0,frozen,2-tag corner homography,2,1920,1200,0.200000,101;102,1,1,,2-tag corner homography,0.011019,0.494453,101,102,4.754453,4.260000,30,0.050000,0.600000,5.000000,raw-zero-distortion,590.9628888758,0.0000000000,1007.8592059077,0.0000000000,592.3761043005,547.7101609771,0.0000000000,0.0000000000,1.0000000000,-0.0359937509,0.0291287486,0.0062609452,0.0003552766,-0.0208418310,0.0000000000,0.0000000000,0.0000000000,0.0000000000,0.0000000000,1,0.000000,0.000000,73.069,751.319,1,0.725,73.137,751.819,65.539,791.388,8.530,780.433,79.634,716.386,134.787,723.478,-2.844338,0.619617,1.798286,3.421698,-0.001562,0.000890,1,4.260000,0.000000,1773.369,886.324,1,1.280,1772.488,886.513,1843.918,934.327,1760.709,935.441,1705.324,840.025,1784.436,843.392,1.893318,0.836918,1.463299,2.535020,4.258941,0.000333,0.0114675283,0.0114966165,-9.4836160580,0.0008967320,-0.0113221906,8.4470158808,0.0001480307,0.0041449838,1.0000000000,0.0115197585,0.0116081516,-9.5696514413,0.0009021838,-0.0113775633,8.4859581472,0.0001453197,0.0041833248,1.0000000000
246,34205602222855,26.8060,1785360974.866,2,3.6545,0.8076,3.4926,0.7189,3.5736,0.7632,118.72,0.0056,0.0008,-0.0019,-0.0053,0.0053,-2.59,-0.045131,1.0000,0.0017,0.4995,0.1846,0,frozen,2-tag corner homography,2,1920,1200,0.200000,101;102,1,1,,2-tag corner homography,0.010899,0.490994,101,102,4.750994,4.260000,30,0.050000,0.600000,5.000000,raw-zero-distortion,590.9628888758,0.0000000000,1007.8592059077,0.0000000000,592.3761043005,547.7101609771,0.0000000000,0.0000000000,1.0000000000,-0.0359937509,0.0291287486,0.0062609452,0.0003552766,-0.0208418310,0.0000000000,0.0000000000,0.0000000000,0.0000000000,0.0000000000,1,0.000000,0.000000,72.972,751.349,1,0.877,73.199,751.789,65.445,791.439,8.522,780.473,79.524,716.457,135.207,723.226,-2.837258,0.618024,1.793929,3.413234,-0.001746,0.000788,1,4.260000,0.000000,1773.467,886.699,1,1.281,1772.541,886.761,1844.000,934.613,1760.783,935.456,1705.226,840.343,1784.635,843.768,1.897258,0.839214,1.466243,2.540421,4.258687,-0.000508,0.0115492751,0.0116292541,-9.5897102517,0.0009061983,-0.0114176855,8.5177025366,0.0001442384,0.0041937376,1.0000000000,0.0115197585,0.0116081516,-9.5696514413,0.0009021838,-0.0113775633,8.4859581472,0.0001453197,0.0041833248,1.0000000000
247,34205705463100,26.9092,1785360975.005,2,3.6562,0.8070,3.4920,0.7187,3.5741,0.7629,118.28,0.0043,0.0016,-0.0007,-0.0045,0.0045,-4.01,-0.070074,1.0000,0.0026,0.4995,0.1864,0,frozen,2-tag corner homography,2,1920,1200,0.200000,101;102,1,1,,2-tag corner homography,0.011196,0.488302,101,102,4.748302,4.260000,30,0.050000,0.600000,5.000000,raw-zero-distortion,590.9628888758,0.0000000000,1007.8592059077,0.0000000000,592.3761043005,547.7101609771,0.0000000000,0.0000000000,1.0000000000,-0.0359937509,0.0291287486,0.0062609452,0.0003552766,-0.0208418310,0.0000000000,0.0000000000,0.0000000000,0.0000000000,0.0000000000,1,0.000000,0.000000,73.009,750.935,1,0.887,73.010,751.630,65.295,791.418,8.503,780.334,79.601,716.340,134.595,722.867,-2.834234,0.616759,1.791656,3.409297,-0.002803,0.001930,1,4.260000,0.000000,1773.680,886.813,1,1.442,1772.585,886.700,1843.741,934.451,1760.776,935.472,1705.165,840.227,1785.102,843.741,1.897696,0.839209,1.466497,2.540892,4.259012,-0.000731,0.0115089405,0.0115347492,-9.5118200171,0.0009009184,-0.0113450559,8.4618608113,0.0001529611,0.0041560319,1.0000000000,0.0115197585,0.0116081516,-9.5696514413,0.0009021838,-0.0113775633,8.4859581472,0.0001453197,0.0041833248,1.0000000000
248,34205851671717,27.0554,1785360975.119,2,3.6574,0.8071,3.4926,0.7184,3.5750,0.7628,118.31,0.0054,-0.0009,-0.0034,-0.0043,0.0043,-2.16,-0.037704,1.0000,0.0021,0.4995,0.1871,0,frozen,2-tag corner homography,2,1920,1200,0.200000,101;102,1,1,,2-tag corner homography,0.010987,0.482927,101,102,4.742927,4.260000,30,0.050000,0.600000,5.000000,raw-zero-distortion,590.9628888758,0.0000000000,1007.8592059077,0.0000000000,592.3761043005,547.7101609771,0.0000000000,0.0000000000,1.0000000000,-0.0359937509,0.0291287486,0.0062609452,0.0003552766,-0.0208418310,0.0000000000,0.0000000000,0.0000000000,0.0000000000,0.0000000000,1,0.000000,0.000000,72.733,751.251,1,1.194,73.199,751.657,65.276,791.408,8.660,780.410,79.163,716.628,135.572,722.654,-2.830606,0.616178,1.789724,3.405160,-0.002683,0.001004,1,4.260000,0.000000,1773.750,886.678,1,1.464,1772.678,886.712,1844.024,934.496,1760.781,935.559,1705.262,840.074,1785.115,843.844,1.895971,0.838375,1.464985,2.538457,4.259336,-0.000408,0.0116202003,0.0117419024,-9.6781076563,0.0009102594,-0.0114637312,8.5505569153,0.0001488576,0.0042213067,1.0000000000,0.0115197585,0.0116081516,-9.5696514413,0.0009021838,-0.0113775633,8.4859581472,0.0001453197,0.0041833248,1.0000000000
249,34205988104194,27.1918,1785360975.305,2,3.6580,0.8058,3.4940,0.7182,3.5760,0.7620,118.13,0.0064,-0.0024,-0.0051,-0.0045,0.0045,-0.96,-0.016768,1.0000,0.0014,0.4995,0.1859,0,frozen,2-tag corner homography,2,1920,1200,0.200000,101;102,1,1,,2-tag corner homography,0.011003,0.485651,101,102,4.745651,4.260000,30,0.050000,0.600000,5.000000,raw-zero-distortion,590.9628888758,0.0000000000,1007.8592059077,0.0000000000,592.3761043005,547.7101609771,0.0000000000,0.0000000000,1.0000000000,-0.0359937509,0.0291287486,0.0062609452,0.0003552766,-0.0208418310,0.0000000000,0.0000000000,0.0000000000,0.0000000000,0.0000000000,1,0.000000,0.000000,73.158,751.266,1,0.831,73.272,751.798,65.531,791.553,8.443,780.440,79.765,716.370,135.243,723.278,-2.834344,0.617466,1.792226,3.409816,-0.001463,0.001055,1,4.260000,0.000000,1773.521,886.459,1,1.345,1772.566,886.575,1843.929,934.312,1760.833,935.511,1705.309,840.098,1784.632,843.500,1.894841,0.837658,1.464327,2.536996,4.259106,0.000053,0.0115052241,0.0118234439,-9.7333991011,0.0009019414,-0.0113755911,8.4860786897,0.0001426482,0.0041841583,1.0000000000,0.0115197585,0.0116081516,-9.5696514413,0.0009021838,-0.0113775633,8.4859581472,0.0001453197,0.0041833248,1.0000000000
250,34206157785761,27.3615,1785360975.450,2,3.6588,0.8051,3.4924,0.7194,3.5756,0.7622,117.23,0.0028,-0.0018,-0.0029,-0.0017,0.0017,-3.05,-0.053247,1.0000,0.0020,0.4995,0.1872,0,frozen,2-tag corner homography,2,1920,1200,0.200000,101;102,1,1,,2-tag corner homography,0.010955,0.483340,101,102,4.743340,4.260000,30,0.050000,0.600000,5.000000,raw-zero-distortion,590.9628888758,0.0000000000,1007.8592059077,0.0000000000,592.3761043005,547.7101609771,0.0000000000,0.0000000000,1.0000000000,-0.0359937509,0.0291287486,0.0062609452,0.0003552766,-0.0208418310,0.0000000000,0.0000000000,0.0000000000,0.0000000000,0.0000000000,1,0.000000,0.000000,73.168,751.096,1,0.964,73.342,751.668,65.654,791.509,8.628,780.362,79.626,716.363,135.366,722.893,-2.830339,0.616246,1.789828,3.405006,-0.001910,0.001522,1,4.260000,0.000000,1773.358,886.529,1,1.313,1772.424,886.638,1843.709,934.391,1760.608,935.447,1705.267,840.204,1784.544,843.617,1.896700,0.838793,1.466035,2.539745,4.258662,-0.000138,0.0113941477,0.0114699260,-9.4588246424,0.0008930109,-0.0112497789,8.3909255305,0.0001406257,0.0041252875,1.0000000000,0.0115197585,0.0116081516,-9.5696514413,0.0009021838,-0.0113775633,8.4859581472,0.0001453197,0.0041833248,1.0000000000
251,34206306546154,27.5103,1785360975.588,2,3.6589,0.8043,3.4937,0.7189,3.5763,0.7616,117.34,0.0014,-0.0014,-0.0019,-0.0006,0.0006,-2.68,-0.046760,1.0000,0.0019,0.4995,0.1860,0,frozen,2-tag corner homography,2,1920,1200,0.200000,101;102,1,1,,2-tag corner homography,0.011035,0.478471,101,102,4.738471,4.260000,30,0.050000,0.600000,5.000000,raw-zero-distortion,590.9628888758,0.0000000000,1007.8592059077,0.0000000000,592.3761043005,547.7101609771,0.0000000000,0.0000000000,1.0000000000,-0.0359937509,0.0291287486,0.0062609452,0.0003552766,-0.0208418310,0.0000000000,0.0000000000,0.0000000000,0.0000000000,0.0000000000,1,0.000000,0.000000,73.150,751.098,1,0.866,73.304,751.610,65.446,791.450,8.544,780.189,79.823,716.140,135.304,723.109,-2.832888,0.616601,1.791367,3.407997,-0.001958,0.001515,1,4.260000,0.000000,1773.432,886.465,1,1.263,1772.568,886.657,1844.095,934.644,1760.911,935.668,1705.335,840.036,1784.375,843.463,1.888906,0.835236,1.459736,2.529113,4.258903,0.000021,0.0115775615,0.0118489433,-9.7560429058,0.0009076820,-0.0114257385,8.5212085794,0.0001418122,0.0042196050,1.0000000000,0.0115197585,0.0116081516,-9.5696514413,0.0009021838,-0.0113775633,8.4859581472,0.0001453197,0.0041833248,1.0000000000
252,34206449694268,27.6534,1785360975.734,2,3.6603,0.8032,3.4939,0.7201,3.5771,0.7617,116.52,0.0042,-0.0018,-0.0035,-0.0029,0.0029,-2.49,-0.043533,1.0000,0.0019,0.4995,0.1860,0,frozen,2-tag corner homography,2,1920,1200,0.200000,101;102,1,0,world_rms>0.050,2-tag corner homography,2.903998,0.495681,101,102,4.755681,4.260000,30,0.050000,0.600000,5.000000,raw-zero-distortion,590.9628888758,0.0000000000,1007.8592059077,0.0000000000,592.3761043005,547.7101609771,0.0000000000,0.0000000000,1.0000000000,-0.0359937509,0.0291287486,0.0062609452,0.0003552766,-0.0208418310,0.0000000000,0.0000000000,0.0000000000,0.0000000000,0.0000000000,1,0.000000,0.000000,72.994,751.195,1,0.878,73.130,751.737,65.329,791.514,8.784,780.208,79.619,716.347,134.759,723.286,-2.842746,0.619018,1.797267,3.419730,-0.002118,0.001215,1,4.260000,0.000000,1773.409,886.497,1,1.409,1772.408,886.616,1843.724,934.260,1760.697,935.552,1705.143,840.126,1784.514,843.645,1.896282,0.838571,1.465744,2.539192,4.258813,-0.000055,0.0000813569,-0.0000503599,-0.0565149287,0.0001935998,-0.0019487244,1.4675439569,0.0007938218,-0.0026087451,1.0000000000,0.0115197585,0.0116081516,-9.5696514413,0.0009021838,-0.0113775633,8.4859581472,0.0001453197,0.0041833248,1.0000000000
253,34206589099586,27.7928,1785360975.889,2,3.6608,0.8028,3.4947,0.7207,3.5777,0.7618,116.30,0.0047,-0.0001,-0.0021,-0.0042,0.0042,-3.36,-0.058604,1.0000,0.0015,0.4995,0.1853,0,frozen,2-tag corner homography,2,1920,1200,0.200000,101;102,1,1,,2-tag corner homography,0.010788,0.488172,101,102,4.748172,4.260000,30,0.050000,0.600000,5.000000,raw-zero-distortion,590.9628888758,0.0000000000,1007.8592059077,0.0000000000,592.3761043005,547.7101609771,0.0000000000,0.0000000000,1.0000000000,-0.0359937509,0.0291287486,0.0062609452,0.0003552766,-0.0208418310,0.0000000000,0.0000000000,0.0000000000,0.0000000000,0.0000000000,1,0.000000,0.000000,73.139,751.316,1,0.863,73.346,751.770,65.635,791.484,8.629,780.391,79.669,716.366,135.356,723.274,-2.836860,0.617978,1.793959,3.412911,-0.001376,0.000914,1,4.260000,0.000000,1773.385,886.545,1,1.256,1772.501,886.673,1844.023,934.516,1760.763,935.505,1705.219,840.252,1784.466,843.565,1.894750,0.837933,1.464382,2.537050,4.258701,-0.000169,0.0114722487,0.0115308374,-9.5114878278,0.0008991244,-0.0113330874,8.4542735694,0.0001421926,0.0041593230,1.0000000000,0.0115197585,0.0116081516,-9.5696514413,0.0009021838,-0.0113775633,8.4859581472,0.0001453197,0.0041833248,1.0000000000
254,34206732608473,27.9363,1785360976.012,2,3.6625,0.8023,3.4932,0.7198,3.5778,0.7611,115.99,0.0031,-0.0015,-0.0027,-0.0021,0.0021,-2.26,-0.039397,1.0000,0.0021,0.4995,0.1883,0,frozen,2-tag corner homography,2,1920,1200,0.200000,101;102,1,1,,2-tag corner homography,0.020332,0.490072,101,102,4.750072,4.260000,30,0.050000,0.600000,5.000000,raw-zero-distortion,590.9628888758,0.0000000000,1007.8592059077,0.0000000000,592.3761043005,547.7101609771,0.0000000000,0.0000000000,1.0000000000,-0.0359937509,0.0291287486,0.0062609452,0.0003552766,-0.0208418310,0.0000000000,0.0000000000,0.0000000000,0.0000000000,0.0000000000,1,0.000000,0.000000,73.107,751.071,1,1.017,73.324,751.635,65.572,791.471,8.542,780.180,79.573,716.397,135.489,722.945,-2.834575,0.617058,1.792473,3.410064,-0.002152,0.001579,1,4.260000,0.000000,1773.731,886.941,1,1.502,1772.610,886.897,1843.621,934.613,1760.772,935.648,1705.345,840.294,1785.125,844.117,1.899110,0.840294,1.467541,2.542909,4.258965,-0.001014,0.0112575592,0.0135526273,-11.0133876309,0.0008877413,-0.0111109381,8.2835235108,0.0001380229,0.0041440201,1.0000000000,0.0115197585,0.0116081516,-9.5696514413,0.0009021838,-0.0113775633,8.4859581472,0.0001453197,0.0041833248,1.0000000000
255,34206872512230,28.0762,1785360976.175,2,3.6620,0.8020,3.4936,0.7209,3.5778,0.7615,115.71,0.0012,-0.0011,-0.0015,-0.0006,0.0006,-2.15,-0.037439,1.0000,0.0022,0.4995,0.1869,0,frozen,2-tag corner homography,2,1920,1200,0.200000,101;102,1,1,,2-tag corner homography,0.011064,0.502200,101,102,4.762200,4.260000,30,0.050000,0.600000,5.000000,raw-zero-distortion,590.9628888758,0.0000000000,1007.8592059077,0.0000000000,592.3761043005,547.7101609771,0.0000000000,0.0000000000,1.0000000000,-0.0359937509,0.0291287486,0.0062609452,0.0003552766,-0.0208418310,0.0000000000,0.0000000000,0.0000000000,0.0000000000,0.0000000000,1,0.000000,0.000000,72.937,751.124,1,0.950,73.041,751.766,65.500,791.477,8.491,780.196,79.303,716.580,134.806,723.215,-2.846969,0.619964,1.799766,3.424726,-0.002473,0.001396,1,4.260000,0.000000,1773.506,886.740,1,1.316,1772.562,886.823,1843.815,934.540,1760.831,935.602,1705.395,840.434,1784.640,843.818,1.898509,0.839899,1.467169,2.542115,4.258722,-0.000594,0.0116086126,0.0117221289,-9.6617394212,0.0009128994,-0.0114959189,8.5758087380,0.0001438447,0.0042250477,1.0000000000,0.0115197585,0.0116081516,-9.5696514413,0.0009021838,-0.0113775633,8.4859581472,0.0001453197,0.0041833248,1.0000000000
256,34207016821517,28.2206,1785360976.295,2,3.6635,0.8021,3.4930,0.7212,3.5783,0.7616,115.39,0.0014,0.0011,0.0004,-0.0017,0.0017,-2.11,-0.036752,1.0000,0.0017,0.4995,0.1887,0,frozen,2-tag corner homography,2,1920,1200,0.200000,101;102,1,1,,2-tag corner homography,0.011799,0.487811,101,102,4.747811,4.260000,30,0.050000,0.600000,5.000000,raw-zero-distortion,590.9628888758,0.0000000000,1007.8592059077,0.0000000000,592.3761043005,547.7101609771,0.0000000000,0.0000000000,1.0000000000,-0.0359937509,0.0291287486,0.0062609452,0.0003552766,-0.0208418310,0.0000000000,0.0000000000,0.0000000000,0.0000000000,0.0000000000,1,0.000000,0.000000,73.239,751.152,1,0.905,73.382,751.716,65.808,791.473,8.533,780.214,79.646,716.386,135.432,723.220,-2.839490,0.618409,1.795692,3.416086,-0.001557,0.001384,1,4.260000,0.000000,1773.410,886.423,1,1.301,1772.499,886.579,1844.263,934.524,1760.682,935.466,1705.022,839.997,1784.546,843.516,1.891560,0.836290,1.461920,2.532705,4.258906,0.000114,0.0145651740,0.0157043093,-12.8757000333,0.0011459738,-0.0144464890,10.7744275846,0.0001495219,0.0056851590,1.0000000000,0.0115197585,0.0116081516,-9.5696514413,0.0009021838,-0.0113775633,8.4859581472,0.0001453197,0.0041833248,1.0000000000
257,34207145662375,28.3494,1785360976.406,2,3.6634,0.8015,3.4932,0.7220,3.5783,0.7618,115.05,0.0016,0.0011,0.0003,-0.0019,0.0019,-2.32,-0.040437,1.0000,0.0021,0.4995,0.1879,0,frozen,2-tag corner homography,2,1920,1200,0.200000,101;102,1,1,,2-tag corner homography,0.010982,0.487728,101,102,4.747728,4.260000,30,0.050000,0.600000,5.000000,raw-zero-distortion,590.9628888758,0.0000000000,1007.8592059077,0.0000000000,592.3761043005,547.7101609771,0.0000000000,0.0000000000,1.0000000000,-0.0359937509,0.0291287486,0.0062609452,0.0003552766,-0.0208418310,0.0000000000,0.0000000000,0.0000000000,0.0000000000,0.0000000000,1,0.000000,0.000000,73.107,751.030,1,0.937,73.176,751.694,65.476,791.511,8.582,780.242,79.630,716.422,134.947,723.034,-2.837625,0.617802,1.794117,3.413598,-0.002266,0.001691,1,4.260000,0.000000,1773.488,886.411,1,1.265,1772.619,886.608,1844.319,934.458,1760.819,935.512,1705.268,840.135,1784.562,843.488,1.893476,0.837078,1.463171,2.535117,4.259093,0.000156,0.0115479926,0.0115957821,-9.5630924788,0.0009034501,-0.0113883008,8.4947326813,0.0001499134,0.0041814527,1.0000000000,0.0115197585,0.0116081516,-9.5696514413,0.0009021838,-0.0113775633,8.4859581472,0.0001453197,0.0041833248,1.0000000000
258,34207253046622,28.4568,1785360976.549,2,3.6650,0.8004,3.4941,0.7224,3.5796,0.7614,114.53,0.0040,-0.0003,-0.0019,-0.0035,0.0035,-3.14,-0.054792,1.0000,0.0018,0.4995,0.1879,0,frozen,2-tag corner homography,2,1920,1200,0.200000,101;102,1,1,,2-tag corner homography,0.011028,0.494245,101,102,4.754245,4.260000,30,0.050000,0.600000,5.000000,raw-zero-distortion,590.9628888758,0.0000000000,1007.8592059077,0.0000000000,592.3761043005,547.7101609771,0.0000000000,0.0000000000,1.0000000000,-0.0359937509,0.0291287486,0.0062609452,0.0003552766,-0.0208418310,0.0000000000,0.0000000000,0.0000000000,0.0000000000,0.0000000000,1,0.000000,0.000000,73.191,751.090,1,0.840,73.188,751.759,65.792,791.415,8.605,780.354,79.539,716.487,134.772,723.186,-2.843420,0.619267,1.797805,3.420619,-0.001867,0.001546,1,4.260000,0.000000,1773.558,886.380,1,1.453,1772.530,886.527,1843.940,934.308,1760.613,935.450,1705.201,839.832,1784.829,843.656,1.894066,0.837237,1.463797,2.535972,4.259285,0.000239,0.0114546140,0.0114082604,-9.4161270758,0.0008952515,-0.0112979787,8.4282544631,0.0001499871,0.0041322577,1.0000000000,0.0115197585,0.0116081516,-9.5696514413,0.0009021838,-0.0113775633,8.4859581472,0.0001453197,0.0041833248,1.0000000000
259,34207398947570,28.6027,1785360976.659,2,3.6649,0.7997,3.4945,0.7224,3.5797,0.7611,114.40,0.0049,-0.0022,-0.0040,-0.0036,0.0036,-2.65,-0.046230,1.0000,0.0021,0.4995,0.1871,0,frozen,2-tag corner homography,2,1920,1200,0.200000,101;102,1,1,,2-tag corner homography,0.011177,0.489547,101,102,4.749547,4.260000,30,0.050000,0.600000,5.000000,raw-zero-distortion,590.9628888758,0.0000000000,1007.8592059077,0.0000000000,592.3761043005,547.7101609771,0.0000000000,0.0000000000,1.0000000000,-0.0359937509,0.0291287486,0.0062609452,0.0003552766,-0.0208418310,0.0000000000,0.0000000000,0.0000000000,0.0000000000,0.0000000000,1,0.000000,0.000000,72.927,751.202,1,0.960,73.117,751.748,65.229,791.522,8.558,780.293,79.555,716.483,135.038,723.132,-2.838207,0.618052,1.794371,3.414260,-0.002283,0.001179,1,4.260000,0.000000,1773.320,886.465,1,1.293,1772.412,886.607,1843.649,934.352,1760.620,935.526,1705.332,840.173,1784.447,843.476,1.894774,0.837876,1.464569,2.537158,4.258656,0.000001,0.0114654441,0.0116749562,-9.6165467506,0.0008984271,-0.0113269405,8.4495087665,0.0001465683,0.0041532219,1.0000000000,0.0115197585,0.0116081516,-9.5696514413,0.0009021838,-0.0113775633,8.4859581472,0.0001453197,0.0041833248,1.0000000000
260,34207499882319,28.7036,1785360976.774,2,3.6666,0.7990,3.4939,0.7231,3.5803,0.7610,113.71,0.0036,-0.0017,-0.0030,-0.0026,0.0026,-2.98,-0.051954,1.0000,0.0020,0.4995,0.1886,0,frozen,2-tag corner homography,2,1920,1200,0.200000,101;102,1,1,,2-tag corner homography,0.011061,0.488574,101,102,4.748574,4.260000,30,0.050000,0.600000,5.000000,raw-zero-distortion,590.9628888758,0.0000000000,1007.8592059077,0.0000000000,592.3761043005,547.7101609771,0.0000000000,0.0000000000,1.0000000000,-0.0359937509,0.0291287486,0.0062609452,0.0003552766,-0.0208418310,0.0000000000,0.0000000000,0.0000000000,0.0000000000,0.0000000000,1,0.000000,0.000000,73.127,751.096,1,0.852,73.129,751.767,65.635,791.502,8.520,780.440,79.550,716.452,134.762,723.102,-2.837678,0.618005,1.794061,3.413650,-0.002026,0.001514,1,4.260000,0.000000,1773.382,886.430,1,1.297,1772.477,886.590,1844.016,934.444,1760.665,935.424,1705.193,840.076,1784.508,843.567,1.894327,0.837567,1.464100,2.536450,4.258838,0.000093,0.0114807179,0.0114683854,-9.4627292431,0.0008975615,-0.0113215630,8.4459034391,0.0001481962,0.0041495966,1.0000000000,0.0115197585,0.0116081516,-9.5696514413,0.0009021838,-0.0113775633,8.4859581472,0.0001453197,0.0041833248,1.0000000000
261,34207621572444,28.8253,1785360976.897,2,3.6669,0.7994,3.4943,0.7230,3.5806,0.7612,113.88,0.0039,0.0001,-0.0015,-0.0036,0.0036,-2.45,-0.042814,1.0000,0.0016,0.4995,0.1888,0,frozen,2-tag corner homography,2,1920,1200,0.200000,101;102,1,1,,2-tag corner homography,0.010553,0.473501,101,102,4.733501,4.260000,30,0.050000,0.600000,5.000000,raw-zero-distortion,590.9628888758,0.0000000000,1007.8592059077,0.0000000000,592.3761043005,547.7101609771,0.0000000000,0.0000000000,1.0000000000,-0.0359937509,0.0291287486,0.0062609452,0.0003552766,-0.0208418310,0.0000000000,0.0000000000,0.0000000000,0.0000000000,0.0000000000,1,0.000000,0.000000,73.119,751.192,1,1.218,73.595,751.609,65.615,791.537,8.571,780.389,79.579,716.462,136.412,722.562,-2.818799,0.613721,1.783014,3.391375,-0.001778,0.001249,1,4.260000,0.000000,1773.539,886.326,1,1.337,1772.625,886.560,1844.212,934.158,1760.669,935.439,1705.358,840.180,1784.743,843.570,1.898767,0.839292,1.467247,2.542153,4.259313,0.000361,0.0115350526,0.0116428726,-9.6013220865,0.0009038611,-0.0113905324,8.4952034744,0.0001368667,0.0042025542,1.0000000000,0.0115197585,0.0116081516,-9.5696514413,0.0009021838,-0.0113775633,8.4859581472,0.0001453197,0.0041833248,1.0000000000
262,34207753310802,28.9570,1785360977.021,2,3.6676,0.7990,3.4951,0.7232,3.5814,0.7611,113.73,0.0042,0.0001,-0.0016,-0.0039,0.0039,-0.65,-0.011298,1.0000,0.0018,0.4995,0.1885,0,frozen,2-tag corner homography,2,1920,1200,0.200000,101;102,1,1,,2-tag corner homography,0.019247,0.491096,101,102,4.751096,4.260000,30,0.050000,0.600000,5.000000,raw-zero-distortion,590.9628888758,0.0000000000,1007.8592059077,0.0000000000,592.3761043005,547.7101609771,0.0000000000,0.0000000000,1.0000000000,-0.0359937509,0.0291287486,0.0062609452,0.0003552766,-0.0208418310,0.0000000000,0.0000000000,0.0000000000,0.0000000000,0.0000000000,1,0.000000,0.000000,73.027,751.239,1,0.849,73.178,751.742,65.414,791.500,8.535,780.367,79.630,716.315,135.055,723.223,-2.836142,0.617626,1.793183,3.411842,-0.001904,0.001102,1,4.260000,0.000000,1773.562,886.664,1,1.407,1772.523,886.673,1843.871,934.357,1760.615,935.460,1705.122,840.240,1784.954,843.730,1.898564,0.839594,1.467287,2.542124,4.258939,-0.000411,0.0113938424,0.0135432104,-11.0161348964,0.0008960915,-0.0112463539,8.3861531798,0.0001455528,0.0041899834,1.0000000000,0.0115197585,0.0116081516,-9.5696514413,0.0009021838,-0.0113775633,8.4859581472,0.0001453197,0.0041833248,1.0000000000
263,34207864873875,29.0686,1785360977.133,2,3.6676,0.7980,3.4954,0.7236,3.5815,0.7608,113.39,0.0040,-0.0011,-0.0026,-0.0032,0.0032,-1.51,-0.026395,1.0000,0.0017,0.4995,0.1876,0,frozen,2-tag corner homography,2,1920,1200,0.200000,101;102,1,1,,2-tag corner homography,0.011098,0.482092,101,102,4.742092,4.260000,30,0.050000,0.600000,5.000000,raw-zero-distortion,590.9628888758,0.0000000000,1007.8592059077,0.0000000000,592.3761043005,547.7101609771,0.0000000000,0.0000000000,1.0000000000,-0.0359937509,0.0291287486,0.0062609452,0.0003552766,-0.0208418310,0.0000000000,0.0000000000,0.0000000000,0.0000000000,0.0000000000,1,0.000000,0.000000,72.974,751.282,1,1.035,73.283,751.753,65.487,791.487,8.589,780.425,79.438,716.573,135.497,722.982,-2.833984,0.617258,1.792020,3.409371,-0.001928,0.000971,1,4.260000,0.000000,1773.474,886.313,1,1.378,1772.532,886.538,1844.125,934.381,1760.723,935.538,1705.203,839.864,1784.554,843.541,1.891532,0.836143,1.461835,2.532586,4.259186,0.000378,0.0114104838,0.0117072309,-9.6386792494,0.0008932389,-0.0112640447,8.4024089658,0.0001463963,0.0041299564,1.0000000000,0.0115197585,0.0116081516,-9.5696514413,0.0009021838,-0.0113775633,8.4859581472,0.0001453197,0.0041833248,1.0000000000
264,34207976277789,29.1800,1785360977.232,2,3.6681,0.7972,3.4954,0.7243,3.5817,0.7607,112.89,0.0025,-0.0014,-0.0022,-0.0017,0.0017,-2.98,-0.051930,1.0000,0.0019,0.4995,0.1874,0,frozen,2-tag corner homography,2,1920,1200,0.200000,101;102,1,1,,2-tag corner homography,0.010973,0.476069,101,102,4.736069,4.260000,30,0.050000,0.600000,5.000000,raw-zero-distortion,590.9628888758,0.0000000000,1007.8592059077,0.0000000000,592.3761043005,547.7101609771,0.0000000000,0.0000000000,1.0000000000,-0.0359937509,0.0291287486,0.0062609452,0.0003552766,-0.0208418310,0.0000000000,0.0000000000,0.0000000000,0.0000000000,0.0000000000,1,0.000000,0.000000,73.231,751.052,1,1.054,73.441,751.655,65.755,791.540,8.533,780.378,79.620,716.455,135.719,722.728,-2.826166,0.615364,1.787378,3.400089,-0.001860,0.001659,1,4.260000,0.000000,1773.630,886.609,1,1.375,1772.627,886.625,1843.929,934.448,1761.163,935.545,1705.272,840.091,1784.594,843.571,1.893590,0.837162,1.463244,2.535272,4.259157,-0.000271,0.0114866342,0.0115861470,-9.5539605914,0.0008998542,-0.0113371173,8.4558612809,0.0001368658,0.0041788820,1.0000000000,0.0115197585,0.0116081516,-9.5696514413,0.0009021838,-0.0113775633,8.4859581472,0.0001453197,0.0041833248,1.0000000000
265,34208093955223,29.2977,1785360977.370,2,3.6700,0.7968,3.4967,0.7256,3.5834,0.7612,112.31,0.0045,-0.0003,-0.0020,-0.0041,0.0041,-3.80,-0.066261,1.0000,0.0016,0.4995,0.1873,0,frozen,2-tag corner homography,2,1920,1200,0.200000,101;102,1,1,,2-tag corner homography,0.011238,0.493111,101,102,4.753111,4.260000,30,0.050000,0.600000,5.000000,raw-zero-distortion,590.9628888758,0.0000000000,1007.8592059077,0.0000000000,592.3761043005,547.7101609771,0.0000000000,0.0000000000,1.0000000000,-0.0359937509,0.0291287486,0.0062609452,0.0003552766,-0.0208418310,0.0000000000,0.0000000000,0.0000000000,0.0000000000,0.0000000000,1,0.000000,0.000000,73.052,751.283,1,0.862,73.161,751.846,65.529,791.481,8.575,780.360,79.547,716.575,134.921,723.381,-2.845472,0.619962,1.799049,3.423104,-0.001712,0.000987,1,4.260000,0.000000,1773.394,886.473,1,1.297,1772.475,886.586,1843.843,934.550,1760.687,935.502,1705.256,839.973,1784.540,843.464,1.890702,0.835955,1.461303,2.531596,4.258808,-0.000004,0.0118504718,0.0117529587,-9.7049755198,0.0009249030,-0.0116797468,8.7142948212,0.0001507351,0.0043206718,1.0000000000,0.0115197585,0.0116081516,-9.5696514413,0.0009021838,-0.0113775633,8.4859581472,0.0001453197,0.0041833248,1.0000000000
266,34208218362493,29.4221,1785360977.492,2,3.6701,0.7965,3.4969,0.7254,3.5835,0.7609,112.31,0.0065,0.0005,-0.0020,-0.0062,0.0062,-2.82,-0.049215,1.0000,0.0016,0.4995,0.1871,0,frozen,2-tag corner homography,2,1920,1200,0.200000,101;102,1,1,,2-tag corner homography,0.010835,0.491216,101,102,4.751216,4.260000,30,0.050000,0.600000,5.000000,raw-zero-distortion,590.9628888758,0.0000000000,1007.8592059077,0.0000000000,592.3761043005,547.7101609771,0.0000000000,0.0000000000,1.0000000000,-0.0359937509,0.0291287486,0.0062609452,0.0003552766,-0.0208418310,0.0000000000,0.0000000000,0.0000000000,0.0000000000,0.0000000000,1,0.000000,0.000000,73.050,751.274,1,0.895,73.242,751.771,65.572,791.480,8.513,780.337,79.529,716.437,135.254,723.262,-2.839484,0.618485,1.795419,3.415951,-0.001741,0.001010,1,4.260000,0.000000,1773.375,886.372,1,1.264,1772.511,886.582,1843.993,934.410,1760.622,935.408,1705.362,840.104,1784.516,843.536,1.895125,0.837862,1.464651,2.537462,4.258896,0.000226,0.0114710028,0.0115068916,-9.4922000840,0.0008985407,-0.0113354153,8.4562366088,0.0001420440,0.0041586998,1.0000000000,0.0115197585,0.0116081516,-9.5696514413,0.0009021838,-0.0113775633,8.4859581472,0.0001453197,0.0041833248,1.0000000000
267,34208345067016,29.5488,1785360977.640,2,3.6715,0.7951,3.4971,0.7252,3.5843,0.7602,111.81,0.0046,-0.0028,-0.0043,-0.0032,0.0032,-2.24,-0.039120,1.0000,0.0016,0.4995,0.1879,0,frozen,2-tag corner homography,2,1920,1200,0.200000,101;102,1,1,,2-tag corner homography,0.010795,0.492150,101,102,4.752150,4.260000,30,0.050000,0.600000,5.000000,raw-zero-distortion,590.9628888758,0.0000000000,1007.8592059077,0.0000000000,592.3761043005,547.7101609771,0.0000000000,0.0000000000,1.0000000000,-0.0359937509,0.0291287486,0.0062609452,0.0003552766,-0.0208418310,0.0000000000,0.0000000000,0.0000000000,0.0000000000,0.0000000000,1,0.000000,0.000000,73.276,751.178,1,0.866,73.343,751.797,65.959,791.534,8.571,780.260,79.572,716.454,135.193,723.349,-2.843600,0.619526,1.798216,3.421031,-0.001382,0.001322,1,4.260000,0.000000,1773.336,886.450,1,1.229,1772.468,886.564,1843.810,934.524,1760.653,935.433,1705.330,840.060,1784.490,843.370,1.891686,0.836345,1.462076,2.532906,4.258710,0.000038,0.0113076729,0.0113315541,-9.3497713483,0.0008853363,-0.0111706036,8.3334472791,0.0001392540,0.0040840817,1.0000000000,0.0115197585,0.0116081516,-9.5696514413,0.0009021838,-0.0113775633,8.4859581472,0.0001453197,0.0041833248,1.0000000000
268,34208513593181,29.7173,1785360977.824,2,3.6723,0.7947,3.4976,0.7256,3.5850,0.7601,111.60,0.0048,-0.0027,-0.0043,-0.0035,0.0035,-2.33,-0.040736,1.0000,0.0018,0.4995,0.1878,0,frozen,2-tag corner homography,2,1920,1200,0.200000,101;102,1,1,,2-tag corner homography,0.011158,0.483500,101,102,4.743500,4.260000,30,0.050000,0.600000,5.000000,raw-zero-distortion,590.9628888758,0.0000000000,1007.8592059077,0.0000000000,592.3761043005,547.7101609771,0.0000000000,0.0000000000,1.0000000000,-0.0359937509,0.0291287486,0.0062609452,0.0003552766,-0.0208418310,0.0000000000,0.0000000000,0.0000000000,0.0000000000,0.0000000000,1,0.000000,0.000000,73.042,751.253,1,0.869,73.150,751.820,65.471,791.565,8.616,780.515,79.574,716.471,134.886,723.163,-2.835771,0.617763,1.792896,3.411408,-0.001823,0.001067,1,4.260000,0.000000,1773.319,886.553,1,1.240,1772.413,886.564,1843.675,934.487,1760.798,935.490,1705.192,840.138,1784.394,843.269,1.891113,0.836150,1.461738,2.532219,4.258545,-0.000201,0.0115076421,0.0115572367,-9.5323957197,0.0008982900,-0.0113371439,8.4580986027,0.0001484080,0.0041640484,1.0000000000,0.0115197585,0.0116081516,-9.5696514413,0.0009021838,-0.0113775633,8.4859581472,0.0001453197,0.0041833248,1.0000000000
269,34208669098120,29.8728,1785360977.942,2,3.6723,0.7939,3.4986,0.7286,3.5854,0.7613,110.60,0.0038,0.0020,0.0005,-0.0043,0.0043,-3.40,-0.059345,1.0000,0.0017,0.4995,0.1856,0,frozen,2-tag corner homography,2,1920,1200,0.200000,101;102,1,1,,2-tag corner homography,0.010909,0.487205,101,102,4.747205,4.260000,30,0.050000,0.600000,5.000000,raw-zero-distortion,590.9628888758,0.0000000000,1007.8592059077,0.0000000000,592.3761043005,547.7101609771,0.0000000000,0.0000000000,1.0000000000,-0.0359937509,0.0291287486,0.0062609452,0.0003552766,-0.0208418310,0.0000000000,0.0000000000,0.0000000000,0.0000000000,0.0000000000,1,0.000000,0.000000,73.172,751.231,1,0.871,73.270,751.811,65.586,791.597,8.712,780.366,79.713,716.427,135.014,723.278,-2.838639,0.618441,1.794940,3.414989,-0.001524,0.001156,1,4.260000,0.000000,1773.216,886.445,1,1.128,1772.437,886.604,1844.031,934.502,1760.669,935.526,1705.225,840.305,1784.266,843.219,1.891870,0.836556,1.462277,2.533229,4.258454,0.000028,0.0114266918,0.0114536034,-9.4497276676,0.0008928791,-0.0112636750,8.4030744706,0.0001483467,0.0041237827,1.0000000000,0.0115197585,0.0116081516,-9.5696514413,0.0009021838,-0.0113775633,8.4859581472,0.0001453197,0.0041833248,1.0000000000
270,34208782891703,29.9866,1785360978.057,2,3.6729,0.7934,3.4980,0.7273,3.5854,0.7604,110.69,0.0025,0.0015,0.0005,-0.0029,0.0029,-3.50,-0.061149,1.0000,0.0019,0.4995,0.1869,0,frozen,2-tag corner homography,2,1920,1200,0.200000,101;102,1,1,,2-tag corner homography,0.010910,0.475589,101,102,4.735589,4.260000,30,0.050000,0.600000,5.000000,raw-zero-distortion,590.9628888758,0.0000000000,1007.8592059077,0.0000000000,592.3761043005,547.7101609771,0.0000000000,0.0000000000,1.0000000000,-0.0359937509,0.0291287486,0.0062609452,0.0003552766,-0.0208418310,0.0000000000,0.0000000000,0.0000000000,0.0000000000,0.0000000000,1,0.000000,0.000000,72.879,751.282,1,1.293,73.421,751.679,65.360,791.578,8.601,780.241,79.346,716.627,136.189,722.760,-2.828603,0.615955,1.788882,3.403013,-0.002191,0.000951,1,4.260000,0.000000,1773.270,886.347,1,1.208,1772.448,886.539,1843.761,934.396,1760.794,935.575,1705.418,840.096,1784.201,843.217,1.890519,0.835788,1.461213,2.531352,4.258696,0.000263,0.0114982336,0.0116769191,-9.6230367496,0.0009002427,-0.0113517527,8.4671970005,0.0001360594,0.0041885710,1.0000000000,0.0115197585,0.0116081516,-9.5696514413,0.0009021838,-0.0113775633,8.4859581472,0.0001453197,0.0041833248,1.0000000000
271,34208899877787,30.1036,1785360978.173,2,3.6738,0.7924,3.4988,0.7282,3.5863,0.7603,110.17,0.0033,-0.0023,-0.0033,-0.0023,0.0023,-2.41,-0.042079,1.0000,0.0019,0.4995,0.1865,0,frozen,2-tag corner homography,2,1920,1200,0.200000,101;102,1,1,,2-tag corner homography,0.011175,0.498513,101,102,4.758513,4.260000,30,0.050000,0.600000,5.000000,raw-zero-distortion,590.9628888758,0.0000000000,1007.8592059077,0.0000000000,592.3761043005,547.7101609771,0.0000000000,0.0000000000,1.0000000000,-0.0359937509,0.0291287486,0.0062609452,0.0003552766,-0.0208418310,0.0000000000,0.0000000000,0.0000000000,0.0000000000,0.0000000000,1,0.000000,0.000000,73.056,751.184,1,0.919,73.153,751.804,65.476,791.432,8.665,780.386,79.559,716.657,134.847,723.161,-2.843641,0.619429,1.797877,3.420870,-0.001975,0.001258,1,4.260000,0.000000,1773.409,886.516,1,1.227,1772.575,886.738,1844.048,934.485,1760.615,935.502,1705.484,840.389,1784.598,843.677,1.898243,0.839557,1.466939,2.541671,4.258790,-0.000099,0.0115984867,0.0116464938,-9.6059703867,0.0009090728,-0.0114588826,8.5487332726,0.0001524622,0.0042002549,1.0000000000,0.0115197585,0.0116081516,-9.5696514413,0.0009021838,-0.0113775633,8.4859581472,0.0001453197,0.0041833248,1.0000000000
272,34209014517222,30.2182,1785360978.281,2,3.6753,0.7932,3.4994,0.7292,3.5874,0.7612,109.98,0.0049,-0.0009,-0.0025,-0.0043,0.0043,-2.18,-0.037977,1.0000,0.0021,0.4995,0.1872,0,frozen,2-tag corner homography,2,1920,1200,0.200000,101;102,1,0,world_rms>0.050,2-tag corner homography,0.054050,0.482304,101,102,4.742304,4.260000,30,0.050000,0.600000,5.000000,raw-zero-distortion,590.9628888758,0.0000000000,1007.8592059077,0.0000000000,592.3761043005,547.7101609771,0.0000000000,0.0000000000,1.0000000000,-0.0359937509,0.0291287486,0.0062609452,0.0003552766,-0.0208418310,0.0000000000,0.0000000000,0.0000000000,0.0000000000,0.0000000000,1,0.000000,0.000000,73.049,751.145,1,0.996,73.245,751.714,65.470,791.506,8.660,780.423,79.555,716.501,135.208,722.881,-2.832098,0.616705,1.790755,3.407038,-0.002104,0.001363,1,4.260000,0.000000,1773.201,886.363,1,1.099,1772.449,886.535,1843.968,934.342,1760.820,935.444,1705.331,840.349,1784.107,843.129,1.893774,0.837215,1.463726,2.535705,4.258522,0.000213,0.0295539295,0.0170568890,-14.9841130225,0.0017954751,-0.0230121396,17.1850760062,0.0006855740,0.0114091790,1.0000000000,0.0115197585,0.0116081516,-9.5696514413,0.0009021838,-0.0113775633,8.4859581472,0.0001453197,0.0041833248,1.0000000000
273,34209131047312,30.3348,1785360978.405,2,3.6760,0.7921,3.4983,0.7292,3.5872,0.7606,109.51,0.0052,0.0007,-0.0011,-0.0051,0.0051,-2.87,-0.050124,1.0000,0.0015,0.4995,0.1885,0,frozen,2-tag corner homography,2,1920,1200,0.200000,101;102,1,1,,2-tag corner homography,0.011063,0.492925,101,102,4.752925,4.260000,30,0.050000,0.600000,5.000000,raw-zero-distortion,590.9628888758,0.0000000000,1007.8592059077,0.0000000000,592.3761043005,547.7101609771,0.0000000000,0.0000000000,1.0000000000,-0.0359937509,0.0291287486,0.0062609452,0.0003552766,-0.0208418310,0.0000000000,0.0000000000,0.0000000000,0.0000000000,0.0000000000,1,0.000000,0.000000,73.092,751.291,1,0.849,73.200,751.846,65.612,791.532,8.723,780.468,79.558,716.507,134.865,723.292,-2.841051,0.619025,1.796329,3.417829,-0.001576,0.000972,1,4.260000,0.000000,1773.403,886.422,1,1.249,1772.531,886.576,1843.974,934.373,1760.681,935.429,1705.346,840.179,1784.562,843.438,1.895237,0.837874,1.464701,2.537579,4.258893,0.000115,0.0116120719,0.0118001002,-9.7234617884,0.0009089756,-0.0114706487,8.5577230699,0.0001496882,0.0042172629,1.0000000000,0.0115197585,0.0116081516,-9.5696514413,0.0009021838,-0.0113775633,8.4859581472,0.0001453197,0.0041833248,1.0000000000
274,34209266034244,30.4698,1785360978.597,2,3.6768,0.7918,3.4991,0.7290,3.5880,0.7604,109.46,0.0032,-0.0020,-0.0029,-0.0024,0.0024,-2.28,-0.039779,1.0000,0.0017,0.4995,0.1886,0,frozen,2-tag corner homography,2,1920,1200,0.200000,101;102,1,1,,2-tag corner homography,0.011168,0.492474,101,102,4.752474,4.260000,30,0.050000,0.600000,5.000000,raw-zero-distortion,590.9628888758,0.0000000000,1007.8592059077,0.0000000000,592.3761043005,547.7101609771,0.0000000000,0.0000000000,1.0000000000,-0.0359937509,0.0291287486,0.0062609452,0.0003552766,-0.0208418310,0.0000000000,0.0000000000,0.0000000000,0.0000000000,0.0000000000,1,0.000000,0.000000,73.133,751.202,1,0.812,73.109,751.868,65.534,791.622,8.694,780.422,79.663,716.469,134.530,723.361,-2.842212,0.619283,1.796888,3.419135,-0.001712,0.001226,1,4.260000,0.000000,1773.406,886.480,1,1.328,1772.453,886.562,1843.766,934.372,1760.686,935.479,1705.213,840.064,1784.575,843.456,1.893547,0.837179,1.463543,2.535418,4.258827,-0.000018,0.0113910743,0.0114041550,-9.4087977066,0.0008895840,-0.0112304811,8.3790782023,0.0001510020,0.0041010880,1.0000000000,0.0115197585,0.0116081516,-9.5696514413,0.0009021838,-0.0113775633,8.4859581472,0.0001453197,0.0041833248,1.0000000000
275,34209455716587,30.6594,1785360978.727,2,3.6772,0.7908,3.4995,0.7293,3.5884,0.7601,109.11,0.0036,-0.0018,-0.0029,-0.0028,0.0028,-1.43,-0.025023,1.0000,0.0015,0.4995,0.1880,0,frozen,2-tag corner homography,2,1920,1200,0.200000,101;102,1,1,,2-tag corner homography,0.011071,0.486626,101,102,4.746626,4.260000,30,0.050000,0.600000,5.000000,raw-zero-distortion,590.9628888758,0.0000000000,1007.8592059077,0.0000000000,592.3761043005,547.7101609771,0.0000000000,0.0000000000,1.0000000000,-0.0359937509,0.0291287486,0.0062609452,0.0003552766,-0.0208418310,0.0000000000,0.0000000000,0.0000000000,0.0000000000,0.0000000000,1,0.000000,0.000000,73.195,751.219,1,0.842,73.264,751.811,65.683,791.580,8.692,780.392,79.675,716.406,134.959,723.285,-2.838918,0.618497,1.795104,3.415318,-0.001491,0.001192,1,4.260000,0.000000,1773.452,886.364,1,1.258,1772.599,886.574,1844.220,934.506,1761.020,935.524,1705.323,840.017,1784.306,843.442,1.890960,0.835905,1.461264,2.531750,4.259073,0.000257,0.0114614745,0.0114734172,-9.4671280774,0.0008958560,-0.0113037544,8.4329407240,0.0001446884,0.0041479491,1.0000000000,0.0115197585,0.0116081516,-9.5696514413,0.0009021838,-0.0113775633,8.4859581472,0.0001453197,0.0041833248,1.0000000000
276,34209567162530,30.7709,1785360978.829,2,3.6786,0.7901,3.4993,0.7287,3.5889,0.7594,108.90,0.0033,-0.0027,-0.0036,-0.0022,0.0022,-1.71,-0.029828,1.0000,0.0018,0.4995,0.1895,0,frozen,2-tag corner homography,2,1920,1200,0.200000,101;102,1,1,,2-tag corner homography,0.010999,0.489383,101,102,4.749383,4.260000,30,0.050000,0.600000,5.000000,raw-zero-distortion,590.9628888758,0.0000000000,1007.8592059077,0.0000000000,592.3761043005,547.7101609771,0.0000000000,0.0000000000,1.0000000000,-0.0359937509,0.0291287486,0.0062609452,0.0003552766,-0.0208418310,0.0000000000,0.0000000000,0.0000000000,0.0000000000,0.0000000000,1,0.000000,0.000000,72.933,751.312,1,0.928,73.181,751.768,65.430,791.453,8.605,780.341,79.444,716.475,135.161,723.231,-2.840649,0.618689,1.796040,3.417283,-0.001959,0.000880,1,4.260000,0.000000,1773.223,886.304,1,1.231,1772.386,886.511,1843.839,934.402,1760.600,935.420,1705.270,840.019,1784.263,843.347,1.891999,0.836442,1.462475,2.533403,4.258646,0.000354,0.0114807564,0.0115517705,-9.5259747954,0.0008980873,-0.0113341178,8.4552593801,0.0001451330,0.0041584198,1.0000000000,0.0115197585,0.0116081516,-9.5696514413,0.0009021838,-0.0113775633,8.4859581472,0.0001453197,0.0041833248,1.0000000000
277,34209669291873,30.8730,1785360978.953,2,3.6790,0.7896,3.4998,0.7295,3.5894,0.7596,108.54,0.0042,-0.0024,-0.0037,-0.0032,0.0032,-2.31,-0.040268,1.0000,0.0018,0.4995,0.1890,0,frozen,2-tag corner homography,2,1920,1200,0.200000,101;102,1,0,world_rms>0.050,2-tag corner homography,1.653299,0.495217,101,102,4.755217,4.260000,30,0.050000,0.600000,5.000000,raw-zero-distortion,590.9628888758,0.0000000000,1007.8592059077,0.0000000000,592.3761043005,547.7101609771,0.0000000000,0.0000000000,1.0000000000,-0.0359937509,0.0291287486,0.0062609452,0.0003552766,-0.0208418310,0.0000000000,0.0000000000,0.0000000000,0.0000000000,0.0000000000,1,0.000000,0.000000,73.080,751.251,1,0.900,73.253,751.772,65.520,791.465,8.595,780.259,79.618,716.474,135.187,723.312,-2.842735,0.619201,1.797496,3.419875,-0.001723,0.001080,1,4.260000,0.000000,1773.321,886.549,1,1.261,1772.410,886.608,1843.809,934.467,1760.622,935.348,1705.150,840.206,1784.515,843.537,1.895805,0.838338,1.465371,2.538543,4.258555,-0.000191,0.0008730479,-0.0096519786,6.8785380917,-0.0000637405,-0.0013947033,1.2902927939,0.0027731120,-0.0067436749,1.0000000000,0.0115197585,0.0116081516,-9.5696514413,0.0009021838,-0.0113775633,8.4859581472,0.0001453197,0.0041833248,1.0000000000
278,34209800458020,31.0042,1785360979.074,2,3.6792,0.7891,3.4997,0.7301,3.5894,0.7596,108.17,0.0035,-0.0015,-0.0025,-0.0029,0.0029,-2.65,-0.046238,1.0000,0.0013,0.4995,0.1889,0,frozen,2-tag corner homography,2,1920,1200,0.200000,101;102,1,1,,2-tag corner homography,0.010900,0.488773,101,102,4.748773,4.260000,30,0.050000,0.600000,5.000000,raw-zero-distortion,590.9628888758,0.0000000000,1007.8592059077,0.0000000000,592.3761043005,547.7101609771,0.0000000000,0.0000000000,1.0000000000,-0.0359937509,0.0291287486,0.0062609452,0.0003552766,-0.0208418310,0.0000000000,0.0000000000,0.0000000000,0.0000000000,0.0000000000,1,0.000000,0.000000,73.021,751.470,1,0.816,73.233,751.877,65.484,791.509,8.687,780.518,79.612,716.456,135.082,723.447,-2.840393,0.618998,1.795977,3.417093,-0.001274,0.000467,1,4.260000,0.000000,1773.327,886.388,1,1.283,1772.450,886.601,1844.087,934.564,1760.526,935.468,1705.168,839.982,1784.497,843.560,1.891634,0.836433,1.462070,2.532893,4.258769,0.000180,0.0115386793,0.0115839503,-9.5562716367,0.0009016296,-0.0113800347,8.4906970179,0.0001495370,0.0041763789,1.0000000000,0.0115197585,0.0116081516,-9.5696514413,0.0009021838,-0.0113775633,8.4859581472,0.0001453197,0.0041833248,1.0000000000
279,34209912531560,31.1163,1785360979.173,2,3.6799,0.7879,3.5000,0.7310,3.5900,0.7594,107.58,0.0030,-0.0005,-0.0014,-0.0027,0.0027,-3.33,-0.058114,1.0000,0.0021,0.4995,0.1887,0,frozen,2-tag corner homography,2,1920,1200,0.200000,101;102,1,1,,2-tag corner homography,0.021558,0.494584,101,102,4.754584,4.260000,30,0.050000,0.600000,5.000000,raw-zero-distortion,590.9628888758,0.0000000000,1007.8592059077,0.0000000000,592.3761043005,547.7101609771,0.0000000000,0.0000000000,1.0000000000,-0.0359937509,0.0291287486,0.0062609452,0.0003552766,-0.0208418310,0.0000000000,0.0000000000,0.0000000000,0.0000000000,0.0000000000,1,0.000000,0.000000,72.950,751.169,1,0.904,73.029,751.799,65.477,791.462,8.557,780.293,79.363,716.590,134.672,723.252,-2.846940,0.620050,1.799724,3.424695,-0.002314,0.001277,1,4.260000,0.000000,1773.305,886.427,1,1.188,1772.485,886.584,1843.903,934.484,1760.878,935.575,1705.351,840.170,1784.222,843.255,1.890666,0.835925,1.461255,2.531532,4.258672,0.000086,0.0139508424,0.0178042020,-14.4054653470,0.0011050156,-0.0138812277,10.3501876201,0.0001015586,0.0055805463,1.0000000000,0.0115197585,0.0116081516,-9.5696514413,0.0009021838,-0.0113775633,8.4859581472,0.0001453197,0.0041833248,1.0000000000
280,34210012659124,31.2164,1785360979.286,2,3.6802,0.7875,3.5018,0.7329,3.5910,0.7602,107.02,0.0040,0.0006,-0.0006,-0.0040,0.0040,-4.01,-0.070067,1.0000,0.0014,0.4995,0.1866,0,frozen,2-tag corner homography,2,1920,1200,0.200000,101;102,1,1,,2-tag corner homography,0.010894,0.503024,101,102,4.763024,4.260000,30,0.050000,0.600000,5.000000,raw-zero-distortion,590.9628888758,0.0000000000,1007.8592059077,0.0000000000,592.3761043005,547.7101609771,0.0000000000,0.0000000000,1.0000000000,-0.0359937509,0.0291287486,0.0062609452,0.0003552766,-0.0208418310,0.0000000000,0.0000000000,0.0000000000,0.0000000000,0.0000000000,1,0.000000,0.000000,73.233,751.224,1,0.732,73.212,751.829,65.947,791.508,8.656,780.369,79.544,716.336,134.689,723.486,-2.845710,0.619997,1.799299,3.423440,-0.001373,0.001188,1,4.260000,0.000000,1773.792,886.679,1,1.532,1772.690,886.780,1843.999,934.415,1760.883,935.527,1705.340,840.136,1785.027,844.165,1.900696,0.840618,1.468614,2.544820,4.259426,-0.000403,0.0113028392,0.0112516713,-9.2883028346,0.0008878834,-0.0111881303,8.3468374837,0.0001404889,0.0040771765,1.0000000000,0.0115197585,0.0116081516,-9.5696514413,0.0009021838,-0.0113775633,8.4859581472,0.0001453197,0.0041833248,1.0000000000
281,34210131089962,31.3348,1785360979.409,2,3.6814,0.7883,3.5020,0.7325,3.5917,0.7604,107.29,0.0061,0.0021,0.0002,-0.0064,0.0064,-3.26,-0.056953,1.0000,0.0020,0.4995,0.1878,0,frozen,2-tag corner homography,2,1920,1200,0.200000,101;102,1,1,,2-tag corner homography,0.010799,0.472468,101,102,4.732468,4.260000,30,0.050000,0.600000,5.000000,raw-zero-distortion,590.9628888758,0.0000000000,1007.8592059077,0.0000000000,592.3761043005,547.7101609771,0.0000000000,0.0000000000,1.0000000000,-0.0359937509,0.0291287486,0.0062609452,0.0003552766,-0.0208418310,0.0000000000,0.0000000000,0.0000000000,0.0000000000,0.0000000000,1,0.000000,0.000000,73.176,751.031,1,1.162,73.547,751.530,65.615,791.470,8.499,780.208,79.659,716.357,136.222,722.590,-2.822335,0.614223,1.785158,3.395532,-0.002071,0.001703,1,4.260000,0.000000,1773.420,886.364,1,1.322,1772.535,886.629,1844.028,934.438,1760.749,935.544,1705.388,840.043,1784.428,843.642,1.893923,0.837420,1.463676,2.535856,4.259004,0.000251,0.0115255980,0.0116879954,-9.6330965929,0.0009044917,-0.0113840235,8.4893010343,0.0001331698,0.0042072585,1.0000000000,0.0115197585,0.0116081516,-9.5696514413,0.0009021838,-0.0113775633,8.4859581472,0.0001453197,0.0041833248,1.0000000000
282,34210255514789,31.4592,1785360979.556,2,3.6831,0.7898,3.5048,0.7369,3.5939,0.7634,106.51,0.0095,0.0079,0.0049,-0.0113,0.0113,-2.77,-0.048422,1.0000,0.0023,0.4995,0.1860,0,frozen,2-tag corner homography,2,1920,1200,0.200000,101;102,1,1,,2-tag corner homography,0.011145,0.491480,101,102,4.751480,4.260000,30,0.050000,0.600000,5.000000,raw-zero-distortion,590.9628888758,0.0000000000,1007.8592059077,0.0000000000,592.3761043005,547.7101609771,0.0000000000,0.0000000000,1.0000000000,-0.0359937509,0.0291287486,0.0062609452,0.0003552766,-0.0208418310,0.0000000000,0.0000000000,0.0000000000,0.0000000000,0.0000000000,1,0.000000,0.000000,73.200,750.923,1,0.848,73.113,751.678,65.570,791.476,8.513,780.223,79.707,716.332,134.622,723.100,-2.839735,0.618172,1.795331,3.416057,-0.002309,0.002006,1,4.260000,0.000000,1773.609,886.622,1,1.414,1772.580,886.667,1843.759,934.421,1760.764,935.580,1705.336,840.102,1784.877,843.669,1.895114,0.837992,1.464511,2.537416,4.259095,-0.000305,0.0113743296,0.0113885029,-9.3936873278,0.0008905600,-0.0112201802,8.3691952214,0.0001478578,0.0041000456,1.0000000000,0.0115197585,0.0116081516,-9.5696514413,0.0009021838,-0.0113775633,8.4859581472,0.0001453197,0.0041833248,1.0000000000
283,34210405764830,31.6095,1785360979.677,2,3.6851,0.7927,3.5061,0.7398,3.5956,0.7662,106.45,0.0130,0.0180,0.0136,-0.0176,0.0176,-2.91,-0.050867,1.0000,0.0015,0.4995,0.1867,0,frozen,2-tag corner homography,2,1920,1200,0.200000,101;102,1,1,,2-tag corner homography,0.010992,0.490527,101,102,4.750527,4.260000,30,0.050000,0.600000,5.000000,raw-zero-distortion,590.9628888758,0.0000000000,1007.8592059077,0.0000000000,592.3761043005,547.7101609771,0.0000000000,0.0000000000,1.0000000000,-0.0359937509,0.0291287486,0.0062609452,0.0003552766,-0.0208418310,0.0000000000,0.0000000000,0.0000000000,0.0000000000,0.0000000000,1,0.000000,0.000000,73.080,751.282,1,0.801,73.168,751.821,65.592,791.499,8.505,780.456,79.572,716.413,134.937,723.336,-2.839678,0.618627,1.795400,3.416128,-0.001636,0.000994,1,4.260000,0.000000,1773.480,886.428,1,1.398,1772.501,886.588,1843.875,934.322,1760.780,935.554,1705.247,840.007,1784.549,843.609,1.894217,0.837487,1.463968,2.536266,4.259054,0.000115,0.0114523765,0.0114282776,-9.4315002640,0.0008956129,-0.0113026632,8.4324599906,0.0001445925,0.0041424298,1.0000000000,0.0115197585,0.0116081516,-9.5696514413,0.0009021838,-0.0113775633,8.4859581472,0.0001453197,0.0041833248,1.0000000000
284,34210526365935,31.7301,1785360979.815,2,3.6847,0.7923,3.5065,0.7426,3.5956,0.7675,105.59,0.0085,0.0162,0.0133,-0.0126,0.0126,-3.16,-0.055129,1.0000,0.0018,0.4995,0.1850,0,frozen,2-tag corner homography,2,1920,1200,0.200000,101;102,1,0,world_rms>0.050,2-tag corner homography,0.144124,0.490411,101,102,4.750411,4.260000,30,0.050000,0.600000,5.000000,raw-zero-distortion,590.9628888758,0.0000000000,1007.8592059077,0.0000000000,592.3761043005,547.7101609771,0.0000000000,0.0000000000,1.0000000000,-0.0359937509,0.0291287486,0.0062609452,0.0003552766,-0.0208418310,0.0000000000,0.0000000000,0.0000000000,0.0000000000,0.0000000000,1,0.000000,0.000000,73.123,751.181,1,0.767,73.170,751.736,65.524,791.401,8.669,780.328,79.713,716.303,134.736,723.319,-2.842081,0.618894,1.796922,3.418974,-0.001797,0.001281,1,4.260000,0.000000,1773.338,886.454,1,1.270,1772.462,886.633,1844.016,934.546,1760.751,935.560,1705.197,840.088,1784.346,843.505,1.891509,0.836442,1.461951,2.532734,4.258710,0.000030,142.5957843342,104.6743910828,-89466.2550848404,7.1644083981,-87.1530034290,64790.2971662429,66.7713909224,-65.2375644470,1.0000000000,0.0115197585,0.0116081516,-9.5696514413,0.0009021838,-0.0113775633,8.4859581472,0.0001453197,0.0041833248,1.0000000000
285,34210656413426,31.8601,1785360979.933,2,3.6853,0.7926,3.5085,0.7438,3.5969,0.7682,105.44,0.0062,0.0102,0.0082,-0.0087,0.0087,-3.76,-0.065569,1.0000,0.0020,0.4995,0.1834,0,frozen,2-tag corner homography,2,1920,1200,0.200000,101;102,1,1,,2-tag corner homography,0.011005,0.483826,101,102,4.743826,4.260000,30,0.050000,0.600000,5.000000,raw-zero-distortion,590.9628888758,0.0000000000,1007.8592059077,0.0000000000,592.3761043005,547.7101609771,0.0000000000,0.0000000000,1.0000000000,-0.0359937509,0.0291287486,0.0062609452,0.0003552766,-0.0208418310,0.0000000000,0.0000000000,0.0000000000,0.0000000000,0.0000000000,1,0.000000,0.000000,72.822,751.275,1,0.942,73.080,751.728,65.244,791.385,8.482,780.429,79.393,716.491,135.100,723.054,-2.836689,0.617637,1.793341,3.412382,-0.002372,0.000959,1,4.260000,0.000000,1773.429,886.404,1,1.386,1772.454,886.548,1844.114,934.450,1760.751,935.528,1704.964,839.868,1784.491,843.541,1.890462,0.835779,1.461157,2.531275,4.258972,0.000160,0.0116773891,0.0117693298,-9.7023298845,0.0009124667,-0.0115098307,8.5859290444,0.0001520156,0.0042414475,1.0000000000,0.0115197585,0.0116081516,-9.5696514413,0.0009021838,-0.0113775633,8.4859581472,0.0001453197,0.0041833248,1.0000000000
286,34210776364239,31.9801,1785360980.054,2,3.6859,0.7928,3.5077,0.7440,3.5968,0.7684,105.30,0.0052,0.0058,0.0042,-0.0066,0.0066,-1.99,-0.034809,1.0000,0.0024,0.4995,0.1848,0,frozen,2-tag corner homography,2,1920,1200,0.200000,101;102,1,1,,2-tag corner homography,0.011286,0.492805,101,102,4.752805,4.260000,30,0.050000,0.600000,5.000000,raw-zero-distortion,590.9628888758,0.0000000000,1007.8592059077,0.0000000000,592.3761043005,547.7101609771,0.0000000000,0.0000000000,1.0000000000,-0.0359937509,0.0291287486,0.0062609452,0.0003552766,-0.0208418310,0.0000000000,0.0000000000,0.0000000000,0.0000000000,0.0000000000,1,0.000000,0.000000,73.122,750.976,1,0.858,73.061,751.715,65.526,791.468,8.592,780.275,79.605,716.418,134.496,723.110,-2.841859,0.618711,1.796573,3.418572,-0.002375,0.001843,1,4.260000,0.000000,1773.317,886.562,1,1.292,1772.393,886.639,1843.723,934.440,1760.792,935.524,1705.161,840.215,1784.330,843.513,1.894249,0.837745,1.464201,2.536509,4.258530,-0.000222,0.0114734942,0.0115014315,-9.4857036070,0.0008982851,-0.0113211089,8.4448976198,0.0001492412,0.0041454451,1.0000000000,0.0115197585,0.0116081516,-9.5696514413,0.0009021838,-0.0113775633,8.4859581472,0.0001453197,0.0041833248,1.0000000000
287,34210894977497,32.0987,1785360980.152,2,3.6868,0.7929,3.5078,0.7434,3.5973,0.7681,105.48,0.0028,0.0018,0.0010,-0.0032,0.0032,-0.53,-0.009333,1.0000,0.0026,0.4995,0.1858,0,frozen,2-tag corner homography,2,1920,1200,0.200000,101;102,1,1,,2-tag corner homography,0.011215,0.473097,101,102,4.733097,4.260000,30,0.050000,0.600000,5.000000,raw-zero-distortion,590.9628888758,0.0000000000,1007.8592059077,0.0000000000,592.3761043005,547.7101609771,0.0000000000,0.0000000000,1.0000000000,-0.0359937509,0.0291287486,0.0062609452,0.0003552766,-0.0208418310,0.0000000000,0.0000000000,0.0000000000,0.0000000000,0.0000000000,1,0.000000,0.000000,73.228,751.034,1,0.964,73.357,751.658,65.799,791.426,8.478,780.512,79.588,716.458,135.444,722.711,-2.826893,0.615476,1.787678,3.400871,-0.001916,0.001706,1,4.260000,0.000000,1772.574,886.129,1,0.927,1772.039,886.498,1843.764,934.394,1760.737,935.471,1705.140,840.411,1782.944,842.899,1.889804,0.835817,1.461441,2.530960,4.257438,0.000636,0.0115208889,0.0116065172,-9.5709458783,0.0009012189,-0.0113616792,8.4743195335,0.0001373189,0.0041927973,1.0000000000,0.0115197585,0.0116081516,-9.5696514413,0.0009021838,-0.0113775633,8.4859581472,0.0001453197,0.0041833248,1.0000000000
288,34210993718902,32.1975,1785360980.272,2,3.6876,0.7936,3.5075,0.7433,3.5976,0.7684,105.59,0.0024,0.0010,0.0003,-0.0026,0.0026,0.13,0.002188,1.0000,0.0016,0.4995,0.1870,0,frozen,2-tag corner homography,2,1920,1200,0.200000,101;102,1,1,,2-tag corner homography,0.010610,0.470712,101,102,4.730712,4.260000,30,0.050000,0.600000,5.000000,raw-zero-distortion,590.9628888758,0.0000000000,1007.8592059077,0.0000000000,592.3761043005,547.7101609771,0.0000000000,0.0000000000,1.0000000000,-0.0359937509,0.0291287486,0.0062609452,0.0003552766,-0.0208418310,0.0000000000,0.0000000000,0.0000000000,0.0000000000,0.0000000000,1,0.000000,0.000000,73.152,751.204,1,1.209,73.640,751.603,65.827,791.452,8.622,780.383,79.469,716.495,136.444,722.585,-2.822265,0.614489,1.785291,3.395592,-0.001653,0.001223,1,4.260000,0.000000,1773.553,886.636,1,1.313,1772.602,886.681,1844.213,934.624,1761.034,935.555,1705.097,840.146,1784.569,843.588,1.892166,0.836698,1.462191,2.533448,4.258954,-0.000349,0.0116178682,0.0117759729,-9.7079042639,0.0009111777,-0.0114694828,8.5537739372,0.0001351827,0.0042474977,1.0000000000,0.0115197585,0.0116081516,-9.5696514413,0.0009021838,-0.0113775633,8.4859581472,0.0001453197,0.0041833248,1.0000000000
289,34211116275649,32.3200,1785360980.384,2,3.6872,0.7967,3.5070,0.7424,3.5971,0.7696,106.77,0.0014,0.0027,0.0022,-0.0022,0.0022,2.84,0.049513,1.0000,0.0018,0.4995,0.1882,0,frozen,2-tag corner homography,2,1920,1200,0.200000,101;102,1,1,,2-tag corner homography,0.010960,0.489115,101,102,4.749115,4.260000,30,0.050000,0.600000,5.000000,raw-zero-distortion,590.9628888758,0.0000000000,1007.8592059077,0.0000000000,592.3761043005,547.7101609771,0.0000000000,0.0000000000,1.0000000000,-0.0359937509,0.0291287486,0.0062609452,0.0003552766,-0.0208418310,0.0000000000,0.0000000000,0.0000000000,0.0000000000,0.0000000000,1,0.000000,0.000000,72.909,751.285,1,0.929,73.131,751.773,65.430,791.486,8.586,780.436,79.384,716.481,135.052,723.123,-2.837457,0.617975,1.793925,3.413388,-0.002100,0.000948,1,4.260000,0.000000,1773.382,886.476,1,1.315,1772.466,886.645,1843.978,934.406,1760.679,935.536,1705.192,840.179,1784.484,843.598,1.895120,0.838065,1.464734,2.537573,4.258780,-0.000012,0.0114980206,0.0115424189,-9.5197181848,0.0009000355,-0.0113484317,8.4659731256,0.0001470349,0.0041622151,1.0000000000,0.0115197585,0.0116081516,-9.5696514413,0.0009021838,-0.0113775633,8.4859581472,0.0001453197,0.0041833248,1.0000000000
290,34211227947300,32.4317,1785360980.508,2,3.6856,0.8006,3.5071,0.7429,3.5964,0.7718,107.91,-0.0014,0.0080,0.0080,-0.0011,0.0011,5.95,0.103872,1.0000,0.0020,0.4995,0.1876,0,frozen,2-tag corner homography,2,1920,1200,0.200000,101;102,1,1,,2-tag corner homography,0.011186,0.490114,101,102,4.750114,4.260000,30,0.050000,0.600000,5.000000,raw-zero-distortion,590.9628888758,0.0000000000,1007.8592059077,0.0000000000,592.3761043005,547.7101609771,0.0000000000,0.0000000000,1.0000000000,-0.0359937509,0.0291287486,0.0062609452,0.0003552766,-0.0208418310,0.0000000000,0.0000000000,0.0000000000,0.0000000000,0.0000000000,1,0.000000,0.000000,72.810,751.258,1,0.867,72.978,751.754,65.178,791.391,8.314,780.485,79.426,716.466,134.900,723.122,-2.836647,0.617640,1.793120,3.412232,-0.002452,0.001001,1,4.260000,0.000000,1773.577,886.497,1,1.316,1772.658,886.649,1844.044,934.330,1761.092,935.544,1705.453,840.254,1784.496,843.601,1.897019,0.838704,1.465833,2.539838,4.259181,-0.000025,0.0115796691,0.0116906850,-9.6352501116,0.0009076188,-0.0114442991,8.5373932414,0.0001458663,0.0042076038,1.0000000000,0.0115197585,0.0116081516,-9.5696514413,0.0009021838,-0.0113775633,8.4859581472,0.0001453197,0.0041833248,1.0000000000
291,34211355318387,32.5591,1785360980.631,2,3.6835,0.8070,3.5078,0.7425,3.5956,0.7748,110.18,-0.0046,0.0176,0.0181,-0.0017,0.0017,11.81,0.206205,1.0000,0.0019,0.4995,0.1871,0,frozen,2-tag corner homography,2,1920,1200,0.200000,101;102,1,1,,2-tag corner homography,0.011028,0.499386,101,102,4.759386,4.260000,30,0.050000,0.600000,5.000000,raw-zero-distortion,590.9628888758,0.0000000000,1007.8592059077,0.0000000000,592.3761043005,547.7101609771,0.0000000000,0.0000000000,1.0000000000,-0.0359937509,0.0291287486,0.0062609452,0.0003552766,-0.0208418310,0.0000000000,0.0000000000,0.0000000000,0.0000000000,0.0000000000,1,0.000000,0.000000,73.169,751.106,1,0.913,73.223,751.776,65.837,791.457,8.640,780.200,79.445,716.575,134.915,723.267,-2.848426,0.620434,1.801036,3.426689,-0.001879,0.001496,1,4.260000,0.000000,1773.412,886.386,1,1.331,1772.485,886.550,1843.834,934.328,1760.754,935.477,1705.312,840.025,1784.469,843.502,1.894044,0.837334,1.463867,2.536028,4.258958,0.000199,0.0113516892,0.0113583264,-9.3715801090,0.0008892954,-0.0112206038,8.3706302664,0.0001440329,0.0040957559,1.0000000000,0.0115197585,0.0116081516,-9.5696514413,0.0009021838,-0.0113775633,8.4859581472,0.0001453197,0.0041833248,1.0000000000
292,34211477403019,32.6811,1785360980.771,2,3.6810,0.8128,3.5103,0.7413,3.5956,0.7771,112.72,-0.0034,0.0201,0.0199,-0.0046,0.0046,16.92,0.295331,1.0000,0.0016,0.4995,0.1851,0,frozen,2-tag corner homography,2,1920,1200,0.200000,101;102,1,1,,2-tag corner homography,0.011069,0.487762,101,102,4.747762,4.260000,30,0.050000,0.600000,5.000000,raw-zero-distortion,590.9628888758,0.0000000000,1007.8592059077,0.0000000000,592.3761043005,547.7101609771,0.0000000000,0.0000000000,1.0000000000,-0.0359937509,0.0291287486,0.0062609452,0.0003552766,-0.0208418310,0.0000000000,0.0000000000,0.0000000000,0.0000000000,0.0000000000,1,0.000000,0.000000,73.090,751.233,1,0.827,73.170,751.799,65.518,791.489,8.506,780.416,79.634,716.438,134.948,723.282,-2.839419,0.618508,1.795240,3.415808,-0.001745,0.001131,1,4.260000,0.000000,1773.508,886.554,1,1.293,1772.594,886.667,1844.102,934.627,1760.943,935.558,1705.269,840.085,1784.527,843.574,1.891601,0.836423,1.461770,2.532692,4.258958,-0.000168,0.0115374888,0.0116780946,-9.6253626918,0.0009033887,-0.0113894026,8.4966464610,0.0001465982,0.0041857893,1.0000000000,0.0115197585,0.0116081516,-9.5696514413,0.0009021838,-0.0113775633,8.4859581472,0.0001453197,0.0041833248,1.0000000000
293,34211612485524,32.8162,1785360980.875,2,3.6796,0.8179,3.5137,0.7413,3.5966,0.7796,114.80,0.0018,0.0192,0.0167,-0.0097,0.0097,17.65,0.308098,1.0000,0.0022,0.4995,0.1827,0,frozen,2-tag corner homography,2,1920,1200,0.200000,101;102,1,1,,2-tag corner homography,0.011028,0.498796,101,102,4.758796,4.260000,30,0.050000,0.600000,5.000000,raw-zero-distortion,590.9628888758,0.0000000000,1007.8592059077,0.0000000000,592.3761043005,547.7101609771,0.0000000000,0.0000000000,1.0000000000,-0.0359937509,0.0291287486,0.0062609452,0.0003552766,-0.0208418310,0.0000000000,0.0000000000,0.0000000000,0.0000000000,0.0000000000,1,0.000000,0.000000,72.816,751.239,1,1.008,73.019,751.819,65.512,791.428,8.465,780.247,79.082,716.765,134.934,723.238,-2.850551,0.620891,1.801987,3.429038,-0.002487,0.001055,1,4.260000,0.000000,1773.290,886.503,1,1.213,1772.432,886.609,1843.781,934.540,1760.694,935.532,1705.281,840.158,1784.380,843.335,1.891179,0.836269,1.461752,2.532315,4.258544,-0.000092,0.0114937587,0.0115693919,-9.5388204917,0.0009001097,-0.0113577366,8.4736184223,0.0001471810,0.0041611350,1.0000000000,0.0115197585,0.0116081516,-9.5696514413,0.0009021838,-0.0113775633,8.4859581472,0.0001453197,0.0041833248,1.0000000000
294,34211715260698,32.9190,1785360980.981,2,3.6775,0.8259,3.5161,0.7402,3.5968,0.7830,117.97,0.0038,0.0227,0.0182,-0.0140,0.0140,20.17,0.352120,1.0000,0.0018,0.4995,0.1827,0,frozen,2-tag corner homography,2,1920,1200,0.200000,101;102,1,1,,2-tag corner homography,0.011092,0.483970,101,102,4.743970,4.260000,30,0.050000,0.600000,5.000000,raw-zero-distortion,590.9628888758,0.0000000000,1007.8592059077,0.0000000000,592.3761043005,547.7101609771,0.0000000000,0.0000000000,1.0000000000,-0.0359937509,0.0291287486,0.0062609452,0.0003552766,-0.0208418310,0.0000000000,0.0000000000,0.0000000000,0.0000000000,0.0000000000,1,0.000000,0.000000,72.996,751.218,1,0.946,73.235,751.698,65.328,791.480,8.547,780.280,79.634,716.367,135.320,723.115,-2.835113,0.617306,1.792641,3.410644,-0.002045,0.001151,1,4.260000,0.000000,1773.394,886.389,1,1.255,1772.546,886.618,1844.122,934.604,1760.716,935.439,1705.356,840.006,1784.457,843.593,1.892261,0.836645,1.462371,2.533606,4.258916,0.000190,0.0115277475,0.0118053862,-9.7198965747,0.0009040645,-0.0113906693,8.4962151709,0.0001434749,0.0041922622,1.0000000000,0.0115197585,0.0116081516,-9.5696514413,0.0009021838,-0.0113775633,8.4859581472,0.0001453197,0.0041833248,1.0000000000
295,34211824572594,33.0283,1785360981.090,2,3.6761,0.8311,3.5186,0.7401,3.5973,0.7856,120.02,0.0043,0.0243,0.0188,-0.0159,0.0159,21.19,0.369866,1.0000,0.0019,0.4995,0.1819,0,frozen,2-tag corner homography,2,1920,1200,0.200000,101;102,1,1,,2-tag corner homography,0.010796,0.479581,101,102,4.739581,4.260000,30,0.050000,0.600000,5.000000,raw-zero-distortion,590.9628888758,0.0000000000,1007.8592059077,0.0000000000,592.3761043005,547.7101609771,0.0000000000,0.0000000000,1.0000000000,-0.0359937509,0.0291287486,0.0062609452,0.0003552766,-0.0208418310,0.0000000000,0.0000000000,0.0000000000,0.0000000000,0.0000000000,1,0.000000,0.000000,72.854,751.338,1,1.195,73.372,751.689,65.519,791.441,8.542,780.221,79.209,716.595,136.043,722.959,-2.835900,0.617540,1.793402,3.411741,-0.002106,0.000793,1,4.260000,0.000000,1773.164,886.356,1,1.107,1772.404,886.506,1843.782,934.486,1760.854,935.606,1705.341,840.130,1784.013,842.950,1.886868,0.834142,1.458475,2.526502,4.258452,0.000224,0.0114605719,0.0116128647,-9.5715772561,0.0008969754,-0.0113142741,8.4394245704,0.0001365442,0.0041684387,1.0000000000,0.0115197585,0.0116081516,-9.5696514413,0.0009021838,-0.0113775633,8.4859581472,0.0001453197,0.0041833248,1.0000000000
296,34211929402460,33.1331,1785360981.199,2,3.6736,0.8359,3.5226,0.7403,3.5981,0.7881,122.34,0.0046,0.0256,0.0191,-0.0176,0.0176,22.49,0.392439,1.0000,0.0023,0.4995,0.1788,0,frozen,2-tag corner homography,2,1920,1200,0.200000,101;102,1,1,,2-tag corner homography,0.011005,0.496674,101,102,4.756674,4.260000,30,0.050000,0.600000,5.000000,raw-zero-distortion,590.9628888758,0.0000000000,1007.8592059077,0.0000000000,592.3761043005,547.7101609771,0.0000000000,0.0000000000,1.0000000000,-0.0359937509,0.0291287486,0.0062609452,0.0003552766,-0.0208418310,0.0000000000,0.0000000000,0.0000000000,0.0000000000,0.0000000000,1,0.000000,0.000000,72.896,751.131,1,0.944,73.016,751.747,65.324,791.451,8.558,780.167,79.391,716.550,134.734,723.224,-2.847160,0.619932,1.799838,3.424916,-0.002566,0.001368,1,4.260000,0.000000,1773.377,886.587,1,1.196,1772.536,886.714,1844.274,934.724,1760.734,935.498,1705.139,840.257,1784.500,843.556,1.892578,0.837035,1.462636,2.534124,4.258629,-0.000268,0.0116686898,0.0118207684,-9.7397768194,0.0009149545,-0.0115272639,8.5989612290,0.0001529527,0.0042376225,1.0000000000,0.0115197585,0.0116081516,-9.5696514413,0.0009021838,-0.0113775633,8.4859581472,0.0001453197,0.0041833248,1.0000000000
297,34212038672847,33.2424,1785360981.311,2,3.6726,0.8394,3.5236,0.7381,3.5981,0.7888,124.23,0.0045,0.0209,0.0147,-0.0154,0.0154,20.64,0.360321,1.0000,0.0018,0.4995,0.1803,0,frozen,2-tag corner homography,2,1920,1200,0.200000,101;102,1,1,,2-tag corner homography,0.011012,0.474582,101,102,4.734582,4.260000,30,0.050000,0.600000,5.000000,raw-zero-distortion,590.9628888758,0.0000000000,1007.8592059077,0.0000000000,592.3761043005,547.7101609771,0.0000000000,0.0000000000,1.0000000000,-0.0359937509,0.0291287486,0.0062609452,0.0003552766,-0.0208418310,0.0000000000,0.0000000000,0.0000000000,0.0000000000,0.0000000000,1,0.000000,0.000000,72.886,751.332,1,1.091,73.309,751.707,65.461,791.462,8.639,780.548,79.326,716.521,135.683,722.775,-2.827014,0.615619,1.787663,3.400990,-0.002035,0.000816,1,4.260000,0.000000,1773.324,886.454,1,1.260,1772.431,886.558,1843.758,934.480,1760.708,935.486,1705.260,840.043,1784.412,843.360,1.891186,0.836148,1.461760,2.532286,4.258681,0.000028,0.0114967700,0.0116069893,-9.5695021998,0.0008984510,-0.0113296895,8.4511174458,0.0001427857,0.0041721140,1.0000000000,0.0115197585,0.0116081516,-9.5696514413,0.0009021838,-0.0113775633,8.4859581472,0.0001453197,0.0041833248,1.0000000000
298,34212153936941,33.3577,1785360981.427,2,3.6704,0.8443,3.5261,0.7377,3.5983,0.7910,126.46,0.0032,0.0172,0.0120,-0.0128,0.0128,19.77,0.345095,1.0000,0.0019,0.4995,0.1794,0,frozen,2-tag corner homography,2,1920,1200,0.200000,101;102,1,1,,2-tag corner homography,0.011196,0.486862,101,102,4.746862,4.260000,30,0.050000,0.600000,5.000000,raw-zero-distortion,590.9628888758,0.0000000000,1007.8592059077,0.0000000000,592.3761043005,547.7101609771,0.0000000000,0.0000000000,1.0000000000,-0.0359937509,0.0291287486,0.0062609452,0.0003552766,-0.0208418310,0.0000000000,0.0000000000,0.0000000000,0.0000000000,0.0000000000,1,0.000000,0.000000,72.971,751.228,1,0.854,73.076,751.787,65.430,791.462,8.505,780.545,79.484,716.480,134.822,723.100,-2.836038,0.617672,1.792922,3.411627,-0.002089,0.001120,1,4.260000,0.000000,1773.361,886.309,1,1.264,1772.495,886.509,1843.906,934.306,1760.691,935.401,1705.375,840.055,1784.436,843.396,1.894321,0.837342,1.464061,2.536349,4.258941,0.000365,0.0114852147,0.0116230765,-9.5790284685,0.0008978469,-0.0113322111,8.4540178515,0.0001488133,0.0041561573,1.0000000000,0.0115197585,0.0116081516,-9.5696514413,0.0009021838,-0.0113775633,8.4859581472,0.0001453197,0.0041833248,1.0000000000
299,34212265443979,33.4692,1785360981.544,2,3.6678,0.8467,3.5266,0.7377,3.5972,0.7922,127.67,-0.0004,0.0144,0.0117,-0.0085,0.0085,17.45,0.304644,1.0000,0.0017,0.4995,0.1784,0,frozen,2-tag corner homography,2,1920,1200,0.200000,101;102,1,1,,2-tag corner homography,0.011065,0.486967,101,102,4.746967,4.260000,30,0.050000,0.600000,5.000000,raw-zero-distortion,590.9628888758,0.0000000000,1007.8592059077,0.0000000000,592.3761043005,547.7101609771,0.0000000000,0.0000000000,1.0000000000,-0.0359937509,0.0291287486,0.0062609452,0.0003552766,-0.0208418310,0.0000000000,0.0000000000,0.0000000000,0.0000000000,0.0000000000,1,0.000000,0.000000,72.847,751.410,1,0.924,73.145,751.804,65.344,791.427,8.578,780.408,79.389,716.521,135.174,723.288,-2.841415,0.618940,1.796453,3.418182,-0.001922,0.000592,1,4.260000,0.000000,1773.320,886.392,1,1.195,1772.485,886.520,1843.904,934.552,1760.839,935.475,1705.315,839.992,1784.298,843.222,1.888666,0.834880,1.459709,2.528801,4.258749,0.000168,0.0115269359,0.0116076387,-9.5713619603,0.0009006583,-0.0113702213,8.4826700631,0.0001465594,0.0041785848,1.0000000000,0.0115197585,0.0116081516,-9.5696514413,0.0009021838,-0.0113775633,8.4859581472,0.0001453197,0.0041833248,1.0000000000
300,34212390587443,33.5943,1785360981.659,2,3.6637,0.8534,3.5292,0.7375,3.5965,0.7955,130.77,-0.0053,0.0176,0.0168,-0.0075,0.0075,18.05,0.314994,1.0000,0.0019,0.4995,0.1776,0,frozen,2-tag corner homography,2,1920,1200,0.200000,101;102,1,1,,2-tag corner homography,0.010648,0.477003,101,102,4.737003,4.260000,30,0.050000,0.600000,5.000000,raw-zero-distortion,590.9628888758,0.0000000000,1007.8592059077,0.0000000000,592.3761043005,547.7101609771,0.0000000000,0.0000000000,1.0000000000,-0.0359937509,0.0291287486,0.0062609452,0.0003552766,-0.0208418310,0.0000000000,0.0000000000,0.0000000000,0.0000000000,0.0000000000,1,0.000000,0.000000,73.053,751.193,1,1.223,73.560,751.577,65.661,791.465,8.622,780.316,79.432,716.440,136.337,722.588,-2.822620,0.614435,1.785363,3.395914,-0.001960,0.001233,1,4.260000,0.000000,1773.313,886.345,1,1.280,1772.449,886.588,1843.945,934.222,1760.624,935.433,1705.312,840.250,1784.373,843.559,1.898334,0.839364,1.467251,2.541856,4.258793,0.000276,0.0114773085,0.0116175080,-9.5772320112,0.0009011541,-0.0113489748,8.4637506801,0.0001330562,0.0041829196,1.0000000000,0.0115197585,0.0116081516,-9.5696514413,0.0009021838,-0.0113775633,8.4859581472,0.0001453197,0.0041833248,1.0000000000
301,34212499082889,33.7028,1785360981.776,2,3.6613,0.8590,3.5301,0.7376,3.5957,0.7983,132.78,-0.0065,0.0202,0.0193,-0.0089,0.0089,18.68,0.326076,1.0000,0.0022,0.4995,0.1787,0,frozen,2-tag corner homography,2,1920,1200,0.200000,101;102,1,1,,2-tag corner homography,0.010837,0.485862,101,102,4.745862,4.260000,30,0.050000,0.600000,5.000000,raw-zero-distortion,590.9628888758,0.0000000000,1007.8592059077,0.0000000000,592.3761043005,547.7101609771,0.0000000000,0.0000000000,1.0000000000,-0.0359937509,0.0291287486,0.0062609452,0.0003552766,-0.0208418310,0.0000000000,0.0000000000,0.0000000000,0.0000000000,0.0000000000,1,0.000000,0.000000,73.200,750.997,1,0.938,73.294,751.640,65.755,791.471,8.411,780.195,79.576,716.339,135.328,722.999,-2.835441,0.617242,1.792963,3.411074,-0.002098,0.001801,1,4.260000,0.000000,1773.407,886.704,1,1.344,1772.422,886.711,1843.704,934.589,1760.775,935.543,1705.115,840.184,1784.538,843.669,1.893859,0.837719,1.463843,2.536003,4.258550,-0.000530,0.0113990871,0.0114553787,-9.4472939471,0.0008946872,-0.0112632089,8.4006589616,0.0001369535,0.0041344572,1.0000000000,0.0115197585,0.0116081516,-9.5696514413,0.0009021838,-0.0113775633,8.4859581472,0.0001453197,0.0041833248,1.0000000000
302,34212621263097,33.8250,1785360981.884,2,3.6584,0.8620,3.5310,0.7352,3.5947,0.7986,134.86,-0.0073,0.0156,0.0162,-0.0058,0.0058,18.03,0.314706,1.0000,0.0026,0.4995,0.1798,0,frozen,2-tag corner homography,2,1920,1200,0.200000,101;102,1,1,,2-tag corner homography,0.011094,0.486176,101,102,4.746176,4.260000,30,0.050000,0.600000,5.000000,raw-zero-distortion,590.9628888758,0.0000000000,1007.8592059077,0.0000000000,592.3761043005,547.7101609771,0.0000000000,0.0000000000,1.0000000000,-0.0359937509,0.0291287486,0.0062609452,0.0003552766,-0.0208418310,0.0000000000,0.0000000000,0.0000000000,0.0000000000,0.0000000000,1,0.000000,0.000000,73.012,750.944,1,1.074,73.199,751.585,65.433,791.440,8.603,780.206,79.466,716.460,135.201,722.690,-2.832969,0.616474,1.791218,3.407963,-0.002770,0.001908,1,4.260000,0.000000,1773.691,886.925,1,1.494,1772.567,886.850,1843.681,934.687,1760.670,935.590,1705.195,840.182,1785.163,844.047,1.896799,0.839205,1.465839,2.539842,4.258897,-0.000984,0.0115192716,0.0116033080,-9.5657011171,0.0009041889,-0.0113684234,8.4785073426,0.0001463660,0.0041755968,1.0000000000,0.0115197585,0.0116081516,-9.5696514413,0.0009021838,-0.0113775633,8.4859581472,0.0001453197,0.0041833248,1.0000000000
303,34212724283321,33.9280,1785360981.987,2,3.6552,0.8689,3.5339,0.7371,3.5945,0.8030,137.37,-0.0066,0.0185,0.0173,-0.0091,0.0091,18.92,0.330188,1.0000,0.0023,0.4995,0.1790,0,frozen,2-tag corner homography,2,1920,1200,0.200000,101;102,1,1,,2-tag corner homography,0.012096,0.497381,101,102,4.757381,4.260000,30,0.050000,0.600000,5.000000,raw-zero-distortion,590.9628888758,0.0000000000,1007.8592059077,0.0000000000,592.3761043005,547.7101609771,0.0000000000,0.0000000000,1.0000000000,-0.0359937509,0.0291287486,0.0062609452,0.0003552766,-0.0208418310,0.0000000000,0.0000000000,0.0000000000,0.0000000000,0.0000000000,1,0.000000,0.000000,72.986,751.066,1,0.855,72.988,751.737,65.360,791.467,8.392,780.113,79.525,716.420,134.617,723.352,-2.847636,0.619988,1.800085,3.425452,-0.002501,0.001566,1,4.260000,0.000000,1773.341,886.467,1,1.278,1772.438,886.579,1843.713,934.494,1760.724,935.426,1705.313,840.040,1784.416,843.492,1.892828,0.836919,1.463017,2.534492,4.258701,-0.000000,0.0096215431,0.0090053476,-7.4731177811,0.0007494281,-0.0094539897,7.0534573654,0.0001357825,0.0032505528,1.0000000000,0.0115197585,0.0116081516,-9.5696514413,0.0009021838,-0.0113775633,8.4859581472,0.0001453197,0.0041833248,1.0000000000
304,34212843054906,34.0468,1785360982.103,2,3.6528,0.8721,3.5355,0.7369,3.5941,0.8045,139.05,-0.0051,0.0196,0.0167,-0.0114,0.0114,18.79,0.327958,1.0000,0.0022,0.4995,0.1789,0,frozen,2-tag corner homography,2,1920,1200,0.200000,101;102,1,1,,2-tag corner homography,0.010984,0.475554,101,102,4.735554,4.260000,30,0.050000,0.600000,5.000000,raw-zero-distortion,590.9628888758,0.0000000000,1007.8592059077,0.0000000000,592.3761043005,547.7101609771,0.0000000000,0.0000000000,1.0000000000,-0.0359937509,0.0291287486,0.0062609452,0.0003552766,-0.0208418310,0.0000000000,0.0000000000,0.0000000000,0.0000000000,0.0000000000,1,0.000000,0.000000,73.052,751.068,1,1.042,73.321,751.585,65.276,791.466,8.578,780.232,79.739,716.326,135.556,722.795,-2.827819,0.615433,1.788193,3.401904,-0.002312,0.001575,1,4.260000,0.000000,1773.169,886.239,1,1.109,1772.424,886.453,1843.963,934.400,1760.585,935.343,1705.346,840.099,1784.224,843.102,1.891330,0.835960,1.461884,2.532402,4.258608,0.000491,0.0115418490,0.0116672638,-9.6168227488,0.0009021126,-0.0113744987,8.4831456626,0.0001450795,0.0041904594,1.0000000000,0.0115197585,0.0116081516,-9.5696514413,0.0009021838,-0.0113775633,8.4859581472,0.0001453197,0.0041833248,1.0000000000
305,34212972862747,34.1766,1785360982.237,2,3.6493,0.8775,3.5372,0.7364,3.5932,0.8070,141.51,-0.0052,0.0171,0.0147,-0.0102,0.0102,17.29,0.301702,1.0000,0.0024,0.4995,0.1802,0,frozen,2-tag corner homography,2,1920,1200,0.200000,101;102,1,1,,2-tag corner homography,0.010684,0.473798,101,102,4.733798,4.260000,30,0.050000,0.600000,5.000000,raw-zero-distortion,590.9628888758,0.0000000000,1007.8592059077,0.0000000000,592.3761043005,547.7101609771,0.0000000000,0.0000000000,1.0000000000,-0.0359937509,0.0291287486,0.0062609452,0.0003552766,-0.0208418310,0.0000000000,0.0000000000,0.0000000000,0.0000000000,0.0000000000,1,0.000000,0.000000,73.005,750.980,1,1.398,73.525,751.491,65.486,791.432,8.516,780.086,79.390,716.627,136.475,722.333,-2.824036,0.614459,1.786192,3.397532,-0.002689,0.001807,1,4.260000,0.000000,1773.447,886.453,1,1.198,1772.624,886.641,1844.305,934.611,1760.670,935.428,1705.348,840.170,1784.652,843.508,1.893474,0.837154,1.463160,2.535135,4.258952,0.000052,0.0116928434,0.0119190788,-9.8183046811,0.0009178048,-0.0115487829,8.6117575318,0.0001391258,0.0042792985,1.0000000000,0.0115197585,0.0116081516,-9.5696514413,0.0009021838,-0.0113775633,8.4859581472,0.0001453197,0.0041833248,1.0000000000
306,34213085485573,34.2892,1785360982.374,2,3.6457,0.8803,3.5392,0.7383,3.5925,0.8093,143.15,-0.0062,0.0189,0.0163,-0.0114,0.0114,17.09,0.298310,1.0000,0.0030,0.4995,0.1776,0,frozen,2-tag corner homography,2,1920,1200,0.200000,101;102,1,1,,2-tag corner homography,0.011135,0.495964,101,102,4.755964,4.260000,30,0.050000,0.600000,5.000000,raw-zero-distortion,590.9628888758,0.0000000000,1007.8592059077,0.0000000000,592.3761043005,547.7101609771,0.0000000000,0.0000000000,1.0000000000,-0.0359937509,0.0291287486,0.0062609452,0.0003552766,-0.0208418310,0.0000000000,0.0000000000,0.0000000000,0.0000000000,0.0000000000,1,0.000000,0.000000,73.018,750.767,1,1.069,73.050,751.575,65.318,791.471,8.499,779.787,79.506,716.477,134.800,722.979,-2.847002,0.619399,1.799802,3.424670,-0.003246,0.002392,1,4.260000,0.000000,1773.314,886.524,1,1.310,1772.388,886.647,1843.806,934.587,1760.569,935.509,1705.142,840.041,1784.483,843.599,1.892001,0.836774,1.462471,2.533511,4.258572,-0.000134,0.0115149482,0.0115685540,-9.5373135032,0.0009032113,-0.0113720844,8.4813675650,0.0001476344,0.0041701906,1.0000000000,0.0115197585,0.0116081516,-9.5696514413,0.0009021838,-0.0113775633,8.4859581472,0.0001453197,0.0041833248,1.0000000000
307,34213223484982,34.4272,1785360982.507,2,3.6424,0.8841,3.5406,0.7369,3.5915,0.8105,145.35,-0.0067,0.0153,0.0142,-0.0088,0.0088,15.82,0.276081,1.0000,0.0017,0.4995,0.1790,0,frozen,2-tag corner homography,2,1920,1200,0.200000,101;102,1,1,,2-tag corner homography,0.010850,0.489817,101,102,4.749817,4.260000,30,0.050000,0.600000,5.000000,raw-zero-distortion,590.9628888758,0.0000000000,1007.8592059077,0.0000000000,592.3761043005,547.7101609771,0.0000000000,0.0000000000,1.0000000000,-0.0359937509,0.0291287486,0.0062609452,0.0003552766,-0.0208418310,0.0000000000,0.0000000000,0.0000000000,0.0000000000,0.0000000000,1,0.000000,0.000000,73.062,751.297,1,0.878,73.263,751.770,65.598,791.482,8.611,780.422,79.544,716.399,135.217,723.210,-2.836924,0.617937,1.793840,3.412894,-0.001642,0.000949,1,4.260000,0.000000,1773.909,887.084,1,1.508,1772.751,886.904,1844.013,934.817,1761.114,935.608,1705.128,840.252,1785.244,844.092,1.896350,0.838938,1.465139,2.539014,4.259176,-0.001308,0.0114994147,0.0115431839,-9.5218385994,0.0009027870,-0.0113615869,8.4754857012,0.0001433895,0.0041701775,1.0000000000,0.0115197585,0.0116081516,-9.5696514413,0.0009021838,-0.0113775633,8.4859581472,0.0001453197,0.0041833248,1.0000000000
308,34213361966798,34.5657,1785360982.665,2,3.6393,0.8894,3.5450,0.7380,3.5922,0.8137,148.09,-0.0027,0.0158,0.0106,-0.0120,0.0120,17.32,0.302288,1.0000,0.0025,0.4995,0.1783,0,frozen,2-tag corner homography,2,1920,1200,0.200000,101;102,1,1,,2-tag corner homography,0.011259,0.490012,101,102,4.750012,4.260000,30,0.050000,0.600000,5.000000,raw-zero-distortion,590.9628888758,0.0000000000,1007.8592059077,0.0000000000,592.3761043005,547.7101609771,0.0000000000,0.0000000000,1.0000000000,-0.0359937509,0.0291287486,0.0062609452,0.0003552766,-0.0208418310,0.0000000000,0.0000000000,0.0000000000,0.0000000000,0.0000000000,1,0.000000,0.000000,73.025,750.946,1,0.954,73.096,751.623,65.472,791.391,8.546,780.208,79.471,716.423,134.831,722.897,-2.838822,0.617793,1.794719,3.414908,-0.002729,0.001903,1,4.260000,0.000000,1773.342,886.404,1,1.299,1772.451,886.606,1843.774,934.409,1760.658,935.482,1705.382,840.084,1784.410,843.575,1.894579,0.837746,1.464344,2.536838,4.258781,0.000146,0.0114504251,0.0114987258,-9.4813033314,0.0008970869,-0.0113020705,8.4296587805,0.0001459493,0.0041419561,1.0000000000,0.0115197585,0.0116081516,-9.5696514413,0.0009021838,-0.0113775633,8.4859581472,0.0001453197,0.0041833248,1.0000000000
309,34213509505100,34.7132,1785360982.781,2,3.6359,0.8931,3.5465,0.7356,3.5912,0.8143,150.42,-0.0015,0.0139,0.0082,-0.0113,0.0113,17.62,0.307614,1.0000,0.0021,0.4995,0.1810,0,frozen,2-tag corner homography,2,1920,1200,0.200000,101;102,1,1,,2-tag corner homography,0.010698,0.470990,101,102,4.730990,4.260000,30,0.050000,0.600000,5.000000,raw-zero-distortion,590.9628888758,0.0000000000,1007.8592059077,0.0000000000,592.3761043005,547.7101609771,0.0000000000,0.0000000000,1.0000000000,-0.0359937509,0.0291287486,0.0062609452,0.0003552766,-0.0208418310,0.0000000000,0.0000000000,0.0000000000,0.0000000000,0.0000000000,1,0.000000,0.000000,73.026,751.119,1,1.181,73.491,751.518,65.496,791.406,8.351,780.276,79.525,716.347,136.373,722.561,-2.820118,0.613667,1.783650,3.392796,-0.002242,0.001429,1,4.260000,0.000000,1773.267,886.261,1,1.321,1772.375,886.507,1843.738,934.209,1760.554,935.458,1705.300,840.018,1784.328,843.459,1.894786,0.837676,1.464651,2.537148,4.258795,0.000458,0.0114805536,0.0116621958,-9.6095924311,0.0009005019,-0.0113433215,8.4589746516,0.0001315895,0.0041891950,1.0000000000,0.0115197585,0.0116081516,-9.5696514413,0.0009021838,-0.0113775633,8.4859581472,0.0001453197,0.0041833248,1.0000000000
310,34213622816537,34.8265,1785360982.890,2,3.6315,0.8968,3.5498,0.7375,3.5907,0.8171,152.85,-0.0042,0.0131,0.0098,-0.0097,0.0097,17.95,0.313302,1.0000,0.0024,0.4995,0.1791,0,frozen,2-tag corner homography,2,1920,1200,0.200000,101;102,1,1,,2-tag corner homography,0.011014,0.484444,101,102,4.744444,4.260000,30,0.050000,0.600000,5.000000,raw-zero-distortion,590.9628888758,0.0000000000,1007.8592059077,0.0000000000,592.3761043005,547.7101609771,0.0000000000,0.0000000000,1.0000000000,-0.0359937509,0.0291287486,0.0062609452,0.0003552766,-0.0208418310,0.0000000000,0.0000000000,0.0000000000,0.0000000000,0.0000000000,1,0.000000,0.000000,73.190,750.902,1,0.914,73.277,751.534,65.797,791.337,8.399,780.239,79.530,716.225,135.282,722.786,-2.831447,0.616040,1.790405,3.406192,-0.002394,0.002061,1,4.260000,0.000000,1773.826,886.937,1,1.536,1772.669,886.837,1843.748,934.649,1761.024,935.619,1705.251,840.144,1785.100,844.064,1.896606,0.838974,1.465494,2.539422,4.259178,-0.000987,0.0114145159,0.0116457580,-9.5901557761,0.0008986449,-0.0112912702,8.4200032126,0.0001364416,0.0041500930,1.0000000000,0.0115197585,0.0116081516,-9.5696514413,0.0009021838,-0.0113775633,8.4859581472,0.0001453197,0.0041833248,1.0000000000
311,34213729505329,34.9332,1785360983.021,2,3.6278,0.9022,3.5531,0.7385,3.5904,0.8203,155.49,-0.0038,0.0221,0.0126,-0.0185,0.0185,21.17,0.369408,1.0000,0.0025,0.4995,0.1800,0,frozen,2-tag corner homography,2,1920,1200,0.200000,101;102,1,1,,2-tag corner homography,0.010821,0.481821,101,102,4.741821,4.260000,30,0.050000,0.600000,5.000000,raw-zero-distortion,590.9628888758,0.0000000000,1007.8592059077,0.0000000000,592.3761043005,547.7101609771,0.0000000000,0.0000000000,1.0000000000,-0.0359937509,0.0291287486,0.0062609452,0.0003552766,-0.0208418310,0.0000000000,0.0000000000,0.0000000000,0.0000000000,0.0000000000,1,0.000000,0.000000,72.673,751.170,1,1.375,73.278,751.561,65.416,791.366,8.369,780.238,78.898,716.692,136.219,722.445,-2.828284,0.615434,1.788407,3.402404,-0.003076,0.001213,1,4.260000,0.000000,1773.678,886.863,1,1.478,1772.598,886.895,1843.666,934.585,1760.807,935.775,1705.381,840.294,1784.952,844.020,1.897265,0.839487,1.466138,2.540455,4.258946,-0.000845,0.0115329094,0.0117378104,-9.6682997834,0.0009081479,-0.0114135142,8.5118390398,0.0001336125,0.0042119368,1.0000000000,0.0115197585,0.0116081516,-9.5696514413,0.0009021838,-0.0113775633,8.4859581472,0.0001453197,0.0041833248,1.0000000000
312,34213864674136,35.0684,1785360983.154,2,3.6254,0.9052,3.5549,0.7381,3.5902,0.8217,157.12,-0.0026,0.0193,0.0099,-0.0168,0.0168,18.47,0.322314,1.0000,0.0022,0.4995,0.1813,0,frozen,2-tag corner homography,2,1920,1200,0.200000,101;102,1,1,,2-tag corner homography,0.010926,0.488862,101,102,4.748862,4.260000,30,0.050000,0.600000,5.000000,raw-zero-distortion,590.9628888758,0.0000000000,1007.8592059077,0.0000000000,592.3761043005,547.7101609771,0.0000000000,0.0000000000,1.0000000000,-0.0359937509,0.0291287486,0.0062609452,0.0003552766,-0.0208418310,0.0000000000,0.0000000000,0.0000000000,0.0000000000,0.0000000000,1,0.000000,0.000000,72.848,751.146,1,0.994,73.111,751.639,65.335,791.345,8.338,780.178,79.335,716.440,135.308,723.036,-2.839489,0.617998,1.795171,3.415737,-0.002659,0.001318,1,4.260000,0.000000,1773.740,886.652,1,1.456,1772.673,886.671,1843.857,934.616,1760.791,935.528,1705.374,839.885,1785.098,843.787,1.892644,0.836807,1.462424,2.533976,4.259346,-0.000351,0.0115164214,0.0116380269,-9.5910763081,0.0009032577,-0.0113781052,8.4865764902,0.0001429117,0.0041831884,1.0000000000,0.0115197585,0.0116081516,-9.5696514413,0.0009021838,-0.0113775633,8.4859581472,0.0001453197,0.0041833248,1.0000000000
313,34213996099910,35.1998,1785360983.284,2,3.6212,0.9078,3.5569,0.7385,3.5891,0.8231,159.20,-0.0044,0.0130,0.0087,-0.0106,0.0106,15.24,0.265963,1.0000,0.0023,0.4995,0.1811,0,frozen,2-tag corner homography,2,1920,1200,0.200000,101;102,1,1,,2-tag corner homography,0.011025,0.485179,101,102,4.745179,4.260000,30,0.050000,0.600000,5.000000,raw-zero-distortion,590.9628888758,0.0000000000,1007.8592059077,0.0000000000,592.3761043005,547.7101609771,0.0000000000,0.0000000000,1.0000000000,-0.0359937509,0.0291287486,0.0062609452,0.0003552766,-0.0208418310,0.0000000000,0.0000000000,0.0000000000,0.0000000000,0.0000000000,1,0.000000,0.000000,73.056,751.009,1,1.052,73.212,751.672,65.611,791.472,8.437,780.367,79.392,716.580,135.293,722.733,-2.832254,0.616591,1.790790,3.407165,-0.002465,0.001739,1,4.260000,0.000000,1773.389,886.433,1,1.278,1772.500,886.605,1843.806,934.337,1760.583,935.454,1705.425,840.198,1784.599,843.521,1.896575,0.838571,1.465794,2.539439,4.258848,0.000088,0.0114489117,0.0115397890,-9.5139202789,0.0008967774,-0.0113030445,8.4309258571,0.0001432748,0.0041477701,1.0000000000,0.0115197585,0.0116081516,-9.5696514413,0.0009021838,-0.0113775633,8.4859581472,0.0001453197,0.0041833248,1.0000000000
314,34214128481017,35.3322,1785360983.396,2,3.6169,0.9098,3.5587,0.7376,3.5878,0.8237,161.32,-0.0077,0.0093,0.0102,-0.0063,0.0063,15.72,0.274393,1.0000,0.0017,0.4995,0.1818,0,frozen,2-tag corner homography,2,1920,1200,0.200000,101;102,1,1,,2-tag corner homography,0.010945,0.488056,101,102,4.748056,4.260000,30,0.050000,0.600000,5.000000,raw-zero-distortion,590.9628888758,0.0000000000,1007.8592059077,0.0000000000,592.3761043005,547.7101609771,0.0000000000,0.0000000000,1.0000000000,-0.0359937509,0.0291287486,0.0062609452,0.0003552766,-0.0208418310,0.0000000000,0.0000000000,0.0000000000,0.0000000000,0.0000000000,1,0.000000,0.000000,73.045,751.234,1,0.877,73.219,751.735,65.447,791.468,8.572,780.358,79.631,716.368,135.140,723.185,-2.836719,0.617758,1.793626,3.412578,-0.001864,0.001118,1,4.260000,0.000000,1773.465,886.541,1,1.368,1772.485,886.635,1843.757,934.409,1760.623,935.531,1705.266,840.097,1784.719,843.611,1.894795,0.837875,1.464447,2.537102,4.258881,-0.000146,0.0114367854,0.0115028376,-9.4860304668,0.0008954305,-0.0112881021,8.4204659851,0.0001455657,0.0041361161,1.0000000000,0.0115197585,0.0116081516,-9.5696514413,0.0009021838,-0.0113775633,8.4859581472,0.0001453197,0.0041833248,1.0000000000
315,34214236554782,35.4403,1785360983.505,2,3.6140,0.9115,3.5603,0.7389,3.5872,0.8252,162.71,-0.0079,0.0088,0.0102,-0.0061,0.0061,15.04,0.262446,1.0000,0.0028,0.4995,0.1807,0,frozen,2-tag corner homography,2,1920,1200,0.200000,101;102,1,1,,2-tag corner homography,0.011069,0.487901,101,102,4.747901,4.260000,30,0.050000,0.600000,5.000000,raw-zero-distortion,590.9628888758,0.0000000000,1007.8592059077,0.0000000000,592.3761043005,547.7101609771,0.0000000000,0.0000000000,1.0000000000,-0.0359937509,0.0291287486,0.0062609452,0.0003552766,-0.0208418310,0.0000000000,0.0000000000,0.0000000000,0.0000000000,0.0000000000,1,0.000000,0.000000,73.008,750.881,1,1.099,73.159,751.587,65.548,791.453,8.382,780.154,79.326,716.516,135.265,722.681,-2.834388,0.616763,1.792038,3.409626,-0.002958,0.002078,1,4.260000,0.000000,1773.636,886.953,1,1.496,1772.501,886.825,1843.475,934.598,1760.843,935.602,1705.166,840.240,1784.941,843.961,1.897086,0.839341,1.466186,2.540301,4.258742,-0.001058,0.0114665656,0.0115614035,-9.5298533107,0.0009013540,-0.0113351037,8.4537400275,0.0001391725,0.0041647494,1.0000000000,0.0115197585,0.0116081516,-9.5696514413,0.0009021838,-0.0113775633,8.4859581472,0.0001453197,0.0041833248,1.0000000000
316,34214355188788,35.5589,1785360983.650,2,3.6117,0.9128,3.5646,0.7345,3.5881,0.8237,165.21,-0.0016,0.0026,0.0022,-0.0021,0.0021,16.49,0.287761,1.0000,0.0018,0.4995,0.1844,0,frozen,2-tag corner homography,2,1920,1200,0.200000,101;102,1,1,,2-tag corner homography,0.010945,0.494762,101,102,4.754762,4.260000,30,0.050000,0.600000,5.000000,raw-zero-distortion,590.9628888758,0.0000000000,1007.8592059077,0.0000000000,592.3761043005,547.7101609771,0.0000000000,0.0000000000,1.0000000000,-0.0359937509,0.0291287486,0.0062609452,0.0003552766,-0.0208418310,0.0000000000,0.0000000000,0.0000000000,0.0000000000,0.0000000000,1,0.000000,0.000000,73.038,751.229,1,0.812,73.115,751.789,65.540,791.461,8.483,780.376,79.526,716.413,134.848,723.321,-2.841914,0.618982,1.796711,3.418740,-0.001902,0.001131,1,4.260000,0.000000,1773.716,886.863,1,1.539,1772.546,886.735,1843.633,934.519,1760.806,935.544,1705.085,840.083,1785.108,843.905,1.896202,0.838676,1.465416,2.538977,4.259029,-0.000838,0.0114275735,0.0114650368,-9.4563308860,0.0008958718,-0.0112903451,8.4227908615,0.0001457974,0.0041303408,1.0000000000,0.0115197585,0.0116081516,-9.5696514413,0.0009021838,-0.0113775633,8.4859581472,0.0001453197,0.0041833248,1.0000000000
317,34214501576306,35.7053,1785360983.792,2,3.6080,0.9053,3.5586,0.7282,3.5833,0.8168,164.41,-0.0118,-0.0236,0.0050,0.0259,-0.0259,8.59,0.149910,1.0000,0.0014,0.4995,0.1839,0,frozen,2-tag corner homography,2,1920,1200,0.200000,101;102,1,1,,2-tag corner homography,0.010636,0.490379,101,102,4.750379,4.260000,30,0.050000,0.600000,5.000000,raw-zero-distortion,590.9628888758,0.0000000000,1007.8592059077,0.0000000000,592.3761043005,547.7101609771,0.0000000000,0.0000000000,1.0000000000,-0.0359937509,0.0291287486,0.0062609452,0.0003552766,-0.0208418310,0.0000000000,0.0000000000,0.0000000000,0.0000000000,0.0000000000,1,0.000000,0.000000,72.986,751.384,1,1.057,73.353,751.804,65.503,791.567,8.602,780.339,79.467,716.580,135.704,723.179,-2.836737,0.618058,1.793896,3.412790,-0.001610,0.000694,1,4.260000,0.000000,1773.549,886.603,1,1.385,1772.539,886.650,1843.849,934.342,1760.633,935.508,1705.222,840.204,1784.897,843.637,1.897176,0.838906,1.466184,2.540224,4.258987,-0.000274,0.0114910469,0.0116104776,-9.5731546542,0.0009009666,-0.0113624981,8.4766764505,0.0001422789,0.0041705189,1.0000000000,0.0115197585,0.0116081516,-9.5696514413,0.0009021838,-0.0113775633,8.4859581472,0.0001453197,0.0041833248,1.0000000000
318,34214643066593,35.8468,1785360983.929,2,3.6015,0.8905,3.5542,0.7165,3.5778,0.8035,164.80,-0.0294,-0.0577,0.0132,0.0634,-0.0634,1.20,0.020935,1.0000,0.0020,0.4995,0.1803,0,frozen,2-tag corner homography,2,1920,1200,0.200000,101;102,1,1,,2-tag corner homography,0.010793,0.471319,101,102,4.731319,4.260000,30,0.050000,0.600000,5.000000,raw-zero-distortion,590.9628888758,0.0000000000,1007.8592059077,0.0000000000,592.3761043005,547.7101609771,0.0000000000,0.0000000000,1.0000000000,-0.0359937509,0.0291287486,0.0062609452,0.0003552766,-0.0208418310,0.0000000000,0.0000000000,0.0000000000,0.0000000000,0.0000000000,1,0.000000,0.000000,73.088,751.102,1,1.226,73.566,751.521,65.504,791.437,8.516,780.284,79.613,716.401,136.415,722.483,-2.818955,0.613472,1.783056,3.391481,-0.002115,0.001489,1,4.260000,0.000000,1773.532,886.689,1,1.327,1772.565,886.721,1843.765,934.497,1760.860,935.550,1705.365,840.287,1784.692,843.658,1.896319,0.838675,1.465470,2.539095,4.258843,-0.000472,0.0115267003,0.0117074290,-9.6479271177,0.0009054010,-0.0113881909,8.4923041414,0.0001331046,0.0042084823,1.0000000000,0.0115197585,0.0116081516,-9.5696514413,0.0009021838,-0.0113775633,8.4859581472,0.0001453197,0.0041833248,1.0000000000
319,34214767941677,35.9717,1785360984.061,2,3.5942,0.8784,3.5482,0.7008,3.5712,0.7896,165.50,-0.0404,-0.0882,0.0170,0.0955,-0.0955,3.19,0.055623,1.0000,0.0023,0.4995,0.1835,0,frozen,2-tag corner homography,2,1920,1200,0.200000,101;102,1,1,,2-tag corner homography,0.020664,0.492851,101,102,4.752851,4.260000,30,0.050000,0.600000,5.000000,raw-zero-distortion,590.9628888758,0.0000000000,1007.8592059077,0.0000000000,592.3761043005,547.7101609771,0.0000000000,0.0000000000,1.0000000000,-0.0359937509,0.0291287486,0.0062609452,0.0003552766,-0.0208418310,0.0000000000,0.0000000000,0.0000000000,0.0000000000,0.0000000000,1,0.000000,0.000000,72.951,751.090,1,0.980,73.141,751.654,65.329,791.427,8.371,780.160,79.500,716.426,135.241,723.050,-2.838347,0.617815,1.794506,3.414405,-0.002532,0.001494,1,4.260000,0.000000,1773.875,886.969,1,1.558,1772.703,886.881,1843.823,934.637,1761.069,935.654,1705.251,840.204,1785.135,844.159,1.897978,0.839653,1.466489,2.541245,4.259244,-0.001052,0.0116872436,0.0095146136,-8.0076855427,0.0008866799,-0.0112046941,8.3607884435,0.0001411656,0.0041873579,1.0000000000,0.0115197585,0.0116081516,-9.5696514413,0.0009021838,-0.0113775633,8.4859581472,0.0001453197,0.0041833248,1.0000000000
320,34214907276603,36.1110,1785360984.196,2,3.5898,0.8618,3.5405,0.6841,3.5652,0.7729,164.51,-0.0458,-0.1083,0.0152,0.1166,-0.1166,-0.01,-0.000174,1.0000,0.0027,0.4995,0.1845,0,frozen,2-tag corner homography,2,1920,1200,0.200000,101;102,1,1,,2-tag corner homography,0.011272,0.491018,101,102,4.751018,4.260000,30,0.050000,0.600000,5.000000,raw-zero-distortion,590.9628888758,0.0000000000,1007.8592059077,0.0000000000,592.3761043005,547.7101609771,0.0000000000,0.0000000000,1.0000000000,-0.0359937509,0.0291287486,0.0062609452,0.0003552766,-0.0208418310,0.0000000000,0.0000000000,0.0000000000,0.0000000000,0.0000000000,1,0.000000,0.000000,73.024,750.891,1,0.943,73.058,751.599,65.472,791.334,8.503,780.263,79.459,716.435,134.738,722.797,-2.837545,0.617417,1.793840,3.413317,-0.002883,0.002055,1,4.260000,0.000000,1773.526,886.774,1,1.339,1772.564,886.851,1843.872,934.596,1760.880,935.686,1705.322,840.409,1784.628,843.834,1.896950,0.839276,1.465961,2.540048,4.258722,-0.000669,0.0115207692,0.0115759513,-9.5438230685,0.0009044946,-0.0113736864,8.4826987865,0.0001481771,0.0041720183,1.0000000000,0.0115197585,0.0116081516,-9.5696514413,0.0009021838,-0.0113775633,8.4859581472,0.0001453197,0.0041833248,1.0000000000
321,34215037498341,36.2412,1785360984.321,2,3.5817,0.8469,3.5325,0.6661,3.5571,0.7565,164.78,-0.0504,-0.1185,0.0175,0.1276,-0.1276,-1.91,-0.033392,1.0000,0.0022,0.4995,0.1873,0,frozen,2-tag corner homography,2,1920,1200,0.200000,101;102,1,1,,2-tag corner homography,0.011279,0.497663,101,102,4.757663,4.260000,30,0.050000,0.600000,5.000000,raw-zero-distortion,590.9628888758,0.0000000000,1007.8592059077,0.0000000000,592.3761043005,547.7101609771,0.0000000000,0.0000000000,1.0000000000,-0.0359937509,0.0291287486,0.0062609452,0.0003552766,-0.0208418310,0.0000000000,0.0000000000,0.0000000000,0.0000000000,0.0000000000,1,0.000000,0.000000,73.035,751.061,1,0.840,72.990,751.771,65.535,791.493,8.551,780.299,79.454,716.455,134.405,723.234,-2.845005,0.619520,1.798425,3.422308,-0.002380,0.001592,1,4.260000,0.000000,1773.258,886.376,1,1.177,1772.452,886.557,1843.667,934.274,1760.723,935.447,1705.527,840.300,1784.265,843.288,1.895946,0.838227,1.465399,2.538627,4.258633,0.000194,0.0112953712,0.0112841505,-9.3091374658,0.0008839712,-0.0111538928,8.3209909337,0.0001463160,0.0040637608,1.0000000000,0.0115197585,0.0116081516,-9.5696514413,0.0009021838,-0.0113775633,8.4859581472,0.0001453197,0.0041833248,1.0000000000
322,34215197660424,36.4014,1785360984.522,2,3.5718,0.8262,3.5245,0.6473,3.5482,0.7368,165.19,-0.0566,-0.1232,0.0233,0.1336,-0.1336,1.41,0.024580,1.0000,0.0018,0.4995,0.1851,0,frozen,2-tag corner homography,2,1920,1200,0.200000,101;102,1,1,,2-tag corner homography,0.033033,0.487219,101,102,4.747219,4.260000,30,0.050000,0.600000,5.000000,raw-zero-distortion,590.9628888758,0.0000000000,1007.8592059077,0.0000000000,592.3761043005,547.7101609771,0.0000000000,0.0000000000,1.0000000000,-0.0359937509,0.0291287486,0.0062609452,0.0003552766,-0.0208418310,0.0000000000,0.0000000000,0.0000000000,0.0000000000,0.0000000000,1,0.000000,0.000000,73.060,751.187,1,0.761,73.064,751.781,65.437,791.445,8.451,780.566,79.651,716.375,134.664,723.175,-2.835469,0.617522,1.792539,3.410926,-0.001957,0.001251,1,4.260000,0.000000,1773.677,886.655,1,1.406,1772.654,886.685,1844.008,934.480,1761.139,935.548,1705.259,840.130,1784.682,843.738,1.895266,0.838021,1.464487,2.537525,4.259204,-0.000369,0.1622933546,0.2512405531,-200.7197302754,0.0129698280,-0.1630268393,121.4993556559,-0.0024747230,0.0858197359,1.0000000000,0.0115197585,0.0116081516,-9.5696514413,0.0009021838,-0.0113775633,8.4859581472,0.0001453197,0.0041833248,1.0000000000
323,34215377609045,36.5813,1785360984.683,2,3.5600,0.8009,3.5118,0.6201,3.5359,0.7105,165.07,-0.0613,-0.1332,0.0249,0.1445,-0.1445,0.92,0.016086,1.0000,0.0033,0.4995,0.1870,0,frozen,2-tag corner homography,2,1920,1200,0.200000,101;102,1,1,,2-tag corner homography,0.011190,0.482577,101,102,4.742577,4.260000,30,0.050000,0.600000,5.000000,raw-zero-distortion,590.9628888758,0.0000000000,1007.8592059077,0.0000000000,592.3761043005,547.7101609771,0.0000000000,0.0000000000,1.0000000000,-0.0359937509,0.0291287486,0.0062609452,0.0003552766,-0.0208418310,0.0000000000,0.0000000000,0.0000000000,0.0000000000,0.0000000000,1,0.000000,0.000000,72.702,750.898,1,0.994,72.827,751.551,65.330,791.298,8.190,780.259,78.994,716.415,134.717,722.673,-2.836247,0.616839,1.792576,3.411469,-0.003759,0.001965,1,4.260000,0.000000,1773.520,886.995,1,1.329,1772.522,886.910,1843.716,935.089,1760.770,935.690,1705.201,840.186,1784.822,843.832,1.889591,0.836211,1.460353,2.530303,4.258435,-0.001175,0.0114496023,0.0115160901,-9.4903825445,0.0008979355,-0.0112835630,8.4151061086,0.0001452609,0.0041443166,1.0000000000,0.0115197585,0.0116081516,-9.5696514413,0.0009021838,-0.0113775633,8.4859581472,0.0001453197,0.0041833248,1.0000000000
324,34215528238785,36.7320,1785360984.848,2,3.5511,0.7818,3.5001,0.5992,3.5256,0.6905,164.39,-0.0667,-0.1385,0.0270,0.1514,-0.1514,-1.57,-0.027385,1.0000,0.0023,0.4995,0.1896,0,frozen,2-tag corner homography,2,1920,1200,0.200000,101;102,1,1,,2-tag corner homography,0.011135,0.480834,101,102,4.740834,4.260000,30,0.050000,0.600000,5.000000,raw-zero-distortion,590.9628888758,0.0000000000,1007.8592059077,0.0000000000,592.3761043005,547.7101609771,0.0000000000,0.0000000000,1.0000000000,-0.0359937509,0.0291287486,0.0062609452,0.0003552766,-0.0208418310,0.0000000000,0.0000000000,0.0000000000,0.0000000000,0.0000000000,1,0.000000,0.000000,73.114,750.985,1,1.050,73.316,751.594,65.645,791.403,8.609,780.327,79.495,716.461,135.406,722.650,-2.830035,0.615940,1.789585,3.404570,-0.002369,0.001815,1,4.260000,0.000000,1773.326,886.383,1,1.274,1772.456,886.592,1843.806,934.420,1760.625,935.451,1705.397,840.084,1784.417,843.538,1.894422,0.837636,1.464213,2.536610,4.258773,0.000190,0.0114714153,0.0115649261,-9.5348016602,0.0008985243,-0.0113178949,8.4409442143,0.0001423748,0.0041603732,1.0000000000,0.0115197585,0.0116081516,-9.5696514413,0.0009021838,-0.0113775633,8.4859581472,0.0001453197,0.0041833248,1.0000000000
325,34215721142718,36.9249,1785360985.043,2,3.5402,0.7693,3.4932,0.5855,3.5167,0.6774,165.65,-0.0573,-0.1021,0.0302,0.1131,-0.1131,1.33,0.023202,1.0000,0.0021,0.4995,0.1897,0,frozen,2-tag corner homography,2,1920,1200,0.200000,101;102,1,1,,2-tag corner homography,0.010914,0.490364,101,102,4.750364,4.260000,30,0.050000,0.600000,5.000000,raw-zero-distortion,590.9628888758,0.0000000000,1007.8592059077,0.0000000000,592.3761043005,547.7101609771,0.0000000000,0.0000000000,1.0000000000,-0.0359937509,0.0291287486,0.0062609452,0.0003552766,-0.0208418310,0.0000000000,0.0000000000,0.0000000000,0.0000000000,0.0000000000,1,0.000000,0.000000,72.815,751.286,1,1.012,73.103,751.767,65.436,791.435,8.410,780.305,79.188,716.611,135.262,723.150,-2.842295,0.618993,1.796929,3.419173,-0.002358,0.000926,1,4.260000,0.000000,1773.200,886.398,1,1.156,1772.403,886.564,1843.824,934.492,1760.583,935.484,1705.316,840.171,1784.294,843.235,1.891257,0.836226,1.461869,2.532427,4.258477,0.000133,0.0114956434,0.0114810191,-9.4728921092,0.0008989785,-0.0113451266,8.4637380270,0.0001439092,0.0041652735,1.0000000000,0.0115197585,0.0116081516,-9.5696514413,0.0009021838,-0.0113775633,8.4859581472,0.0001453197,0.0041833248,1.0000000000
326,34215940644153,37.1444,1785360985.280,2,3.5229,0.7584,3.4870,0.5707,3.5049,0.6645,169.17,,,,,,,,1.0000,0.0031,0.4995,0.1911,0,frozen,2-tag corner homography,2,1920,1200,0.200000,101;102,1,1,,2-tag corner homography,0.011166,0.495889,101,102,4.755889,4.260000,30,0.050000,0.600000,5.000000,raw-zero-distortion,590.9628888758,0.0000000000,1007.8592059077,0.0000000000,592.3761043005,547.7101609771,0.0000000000,0.0000000000,1.0000000000,-0.0359937509,0.0291287486,0.0062609452,0.0003552766,-0.0208418310,0.0000000000,0.0000000000,0.0000000000,0.0000000000,0.0000000000,1,0.000000,0.000000,72.854,750.819,1,1.145,72.951,751.627,65.565,791.450,8.347,780.083,78.975,716.697,134.835,722.701,-2.843180,0.618659,1.797196,3.419989,-0.003558,0.002215,1,4.260000,0.000000,1773.620,886.840,1,1.429,1772.592,886.926,1843.834,934.753,1760.740,935.736,1705.354,840.257,1784.883,844.084,1.895984,0.839004,1.465160,2.538775,4.258847,-0.000804,0.0114391905,0.0114930159,-9.4744834391,0.0008994099,-0.0113068728,8.4332905400,0.0001432012,0.0041425512,1.0000000000,0.0115197585,0.0116081516,-9.5696514413,0.0009021838,-0.0113775633,8.4859581472,0.0001453197,0.0041833248,1.0000000000
327,34216151884437,37.3556,1785360985.466,2,3.5053,0.7491,3.4799,0.5604,3.4926,0.6547,172.32,,,,,,,,1.0000,0.0023,0.4995,0.1904,0,frozen,2-tag corner homography,2,1920,1200,0.200000,101;102,1,1,,2-tag corner homography,0.011005,0.481051,101,102,4.741051,4.260000,30,0.050000,0.600000,5.000000,raw-zero-distortion,590.9628888758,0.0000000000,1007.8592059077,0.0000000000,592.3761043005,547.7101609771,0.0000000000,0.0000000000,1.0000000000,-0.0359937509,0.0291287486,0.0062609452,0.0003552766,-0.0208418310,0.0000000000,0.0000000000,0.0000000000,0.0000000000,0.0000000000,1,0.000000,0.000000,73.177,750.937,1,1.082,73.330,751.629,65.750,791.491,8.536,780.196,79.478,716.529,135.441,722.755,-2.834118,0.616944,1.792195,3.409517,-0.002331,0.001960,1,4.260000,0.000000,1773.363,886.316,1,1.321,1772.446,886.482,1843.925,934.414,1760.743,935.440,1705.180,839.839,1784.386,843.407,1.890300,0.835554,1.461047,2.531016,4.258938,0.000351,0.0115065149,0.0115749674,-9.5453945145,0.0008999849,-0.0113484958,8.4642384869,0.0001418030,0.0041776917,1.0000000000,0.0115197585,0.0116081516,-9.5696514413,0.0009021838,-0.0113775633,8.4859581472,0.0001453197,0.0041833248,1.0000000000
328,34216319612308,37.5233,1785360985.613,2,3.4898,0.7405,3.4744,0.5501,3.4821,0.6453,175.36,,,,,,,,1.0000,0.0024,0.4995,0.1911,0,frozen,2-tag corner homography,2,1920,1200,0.200000,101;102,1,1,,2-tag corner homography,0.011044,0.476297,101,102,4.736297,4.260000,30,0.050000,0.600000,5.000000,raw-zero-distortion,590.9628888758,0.0000000000,1007.8592059077,0.0000000000,592.3761043005,547.7101609771,0.0000000000,0.0000000000,1.0000000000,-0.0359937509,0.0291287486,0.0062609452,0.0003552766,-0.0208418310,0.0000000000,0.0000000000,0.0000000000,0.0000000000,0.0000000000,1,0.000000,0.000000,72.786,751.127,1,1.121,73.168,751.577,65.219,791.430,8.398,780.300,79.308,716.395,135.601,722.667,-2.826810,0.615089,1.787264,3.400515,-0.002883,0.001355,1,4.260000,0.000000,1773.521,886.692,1,1.396,1772.516,886.754,1843.810,934.602,1760.950,935.670,1705.213,840.132,1784.538,843.770,1.893149,0.837408,1.463115,2.534950,4.258815,-0.000482,0.0115233683,0.0116412980,-9.5940988095,0.0009039477,-0.0113726914,8.4816902551,0.0001386184,0.0041943937,1.0000000000,0.0115197585,0.0116081516,-9.5696514413,0.0009021838,-0.0113775633,8.4859581472,0.0001453197,0.0041833248,1.0000000000
329,34216458610085,37.6623,1785360985.736,2,3.4774,0.7362,3.4687,0.5423,3.4731,0.6392,177.45,-0.0637,-0.0508,0.0614,0.0536,-0.0536,16.75,0.292280,1.0000,0.0028,0.4995,0.1940,0,frozen,2-tag corner homography,2,1920,1200,0.200000,101;102,1,1,,2-tag corner homography,0.011042,0.482537,101,102,4.742537,4.260000,30,0.050000,0.600000,5.000000,raw-zero-distortion,590.9628888758,0.0000000000,1007.8592059077,0.0000000000,592.3761043005,547.7101609771,0.0000000000,0.0000000000,1.0000000000,-0.0359937509,0.0291287486,0.0062609452,0.0003552766,-0.0208418310,0.0000000000,0.0000000000,0.0000000000,0.0000000000,0.0000000000,1,0.000000,0.000000,72.930,750.924,1,1.050,73.138,751.527,65.485,791.299,8.291,780.232,79.292,716.422,135.349,722.622,-2.831735,0.615989,1.790320,3.406378,-0.003052,0.001943,1,4.260000,0.000000,1773.484,886.754,1,1.343,1772.505,886.783,1843.718,934.669,1760.781,935.599,1705.283,840.226,1784.664,843.766,1.894354,0.838024,1.464067,2.536602,4.258657,-0.000630,0.0115042718,0.0116227308,-9.5777828780,0.0009035967,-0.0113620230,8.4731539619,0.0001400078,0.0041825466,1.0000000000,0.0115197585,0.0116081516,-9.5696514413,0.0009021838,-0.0113775633,8.4859581472,0.0001453197,0.0041833248,1.0000000000
330,34216577113079,37.7808,1785360985.856,2,3.4704,0.7333,3.4653,0.5380,3.4679,0.6356,178.48,-0.0583,-0.0419,0.0572,0.0435,-0.0435,13.67,0.238605,1.0000,0.0025,0.4995,0.1953,0,frozen,2-tag corner homography,2,1920,1200,0.200000,101;102,1,1,,2-tag corner homography,0.010804,0.505111,101,102,4.765111,4.260000,30,0.050000,0.600000,5.000000,raw-zero-distortion,590.9628888758,0.0000000000,1007.8592059077,0.0000000000,592.3761043005,547.7101609771,0.0000000000,0.0000000000,1.0000000000,-0.0359937509,0.0291287486,0.0062609452,0.0003552766,-0.0208418310,0.0000000000,0.0000000000,0.0000000000,0.0000000000,0.0000000000,1,0.000000,0.000000,72.965,751.005,1,1.043,73.168,751.611,65.463,791.425,8.516,779.780,79.383,716.424,135.209,723.215,-2.849818,0.620197,1.801811,3.428211,-0.002729,0.001728,1,4.260000,0.000000,1773.690,886.962,1,1.314,1772.719,886.958,1843.933,934.941,1760.737,935.497,1705.520,840.399,1785.128,844.105,1.898416,0.840020,1.466797,2.541871,4.258849,-0.001069,0.0113884281,0.0114449358,-9.4367789634,0.0008985863,-0.0112923409,8.4220831721,0.0001373702,0.0041294204,1.0000000000,0.0115197585,0.0116081516,-9.5696514413,0.0009021838,-0.0113775633,8.4859581472,0.0001453197,0.0041833248,1.0000000000
331,34216711128019,37.9149,1785360986.041,2,3.4671,0.7304,3.4618,0.5348,3.4645,0.6326,178.44,-0.0408,-0.0306,0.0399,0.0317,-0.0317,6.62,0.115583,1.0000,0.0018,0.4995,0.1957,0,frozen,2-tag corner homography,2,1920,1200,0.200000,101;102,1,1,,2-tag corner homography,0.011000,0.491868,101,102,4.751868,4.260000,30,0.050000,0.600000,5.000000,raw-zero-distortion,590.9628888758,0.0000000000,1007.8592059077,0.0000000000,592.3761043005,547.7101609771,0.0000000000,0.0000000000,1.0000000000,-0.0359937509,0.0291287486,0.0062609452,0.0003552766,-0.0208418310,0.0000000000,0.0000000000,0.0000000000,0.0000000000,0.0000000000,1,0.000000,0.000000,72.950,751.219,1,0.872,73.122,751.721,65.519,791.392,8.406,780.439,79.391,716.401,135.082,723.091,-2.836357,0.617572,1.793212,3.412027,-0.002171,0.001138,1,4.260000,0.000000,1773.929,886.785,1,1.582,1772.749,886.735,1843.870,934.425,1761.078,935.510,1705.321,840.052,1785.194,844.076,1.899110,0.839742,1.467275,2.542574,4.259595,-0.000621,0.0114702386,0.0115293887,-9.5071843120,0.0009005583,-0.0113448388,8.4626402614,0.0001410778,0.0041620182,1.0000000000,0.0115197585,0.0116081516,-9.5696514413,0.0009021838,-0.0113775633,8.4859581472,0.0001453197,0.0041833248,1.0000000000
332,34216903558702,38.1073,1785360986.230,2,3.4629,0.7254,3.4591,0.5303,3.4610,0.6279,178.88,-0.0240,-0.0250,0.0235,0.0255,-0.0255,2.17,0.037823,1.0000,0.0029,0.4995,0.1951,0,frozen,2-tag corner homography,2,1920,1200,0.200000,101;102,1,1,,2-tag corner homography,0.011356,0.496927,101,102,4.756927,4.260000,30,0.050000,0.600000,5.000000,raw-zero-distortion,590.9628888758,0.0000000000,1007.8592059077,0.0000000000,592.3761043005,547.7101609771,0.0000000000,0.0000000000,1.0000000000,-0.0359937509,0.0291287486,0.0062609452,0.0003552766,-0.0208418310,0.0000000000,0.0000000000,0.0000000000,0.0000000000,0.0000000000,1,0.000000,0.000000,72.951,750.846,1,0.930,72.897,751.634,65.283,791.393,8.302,780.172,79.453,716.465,134.486,722.933,-2.841444,0.618267,1.795995,3.417843,-0.003211,0.002161,1,4.260000,0.000000,1773.889,887.023,1,1.608,1772.661,886.856,1843.628,934.546,1761.106,935.634,1705.194,840.212,1785.164,844.144,1.898929,0.840058,1.467304,2.542560,4.259208,-0.001173,0.0115416179,0.0115693051,-9.5388850759,0.0009068212,-0.0114079303,8.5088615579,0.0001474919,0.0041831886,1.0000000000,0.0115197585,0.0116081516,-9.5696514413,0.0009021838,-0.0113775633,8.4859581472,0.0001453197,0.0041833248,1.0000000000
333,34217075604010,38.2793,1785360986.352,2,3.4572,0.7209,3.4523,0.5260,3.4547,0.6234,178.57,,,,,,,,1.0000,0.0032,0.4995,0.1950,0,frozen,2-tag corner homography,2,1920,1200,0.200000,101;102,1,1,,2-tag corner homography,0.011007,0.486336,101,102,4.746336,4.260000,30,0.050000,0.600000,5.000000,raw-zero-distortion,590.9628888758,0.0000000000,1007.8592059077,0.0000000000,592.3761043005,547.7101609771,0.0000000000,0.0000000000,1.0000000000,-0.0359937509,0.0291287486,0.0062609452,0.0003552766,-0.0208418310,0.0000000000,0.0000000000,0.0000000000,0.0000000000,0.0000000000,1,0.000000,0.000000,73.016,750.711,1,1.065,73.110,751.449,65.361,791.411,8.156,780.016,79.494,716.270,135.288,722.575,-2.829216,0.615188,1.788674,3.403274,-0.003410,0.002547,1,4.260000,0.000000,1773.914,887.085,1,1.606,1772.688,886.932,1843.706,934.644,1761.045,935.587,1705.218,840.273,1785.256,844.337,1.900937,0.841104,1.468803,2.545270,4.259186,-0.001310,0.0114852859,0.0115910771,-9.5513733572,0.0009055709,-0.0113685532,8.4770378367,0.0001348892,0.0041837467,1.0000000000,0.0115197585,0.0116081516,-9.5696514413,0.0009021838,-0.0113775633,8.4859581472,0.0001453197,0.0041833248,1.0000000000
334,34217200236102,38.4040,1785360986.497,2,3.4542,0.7155,3.4476,0.5211,3.4509,0.6183,178.07,-0.0336,-0.0314,0.0326,0.0325,-0.0325,-2.38,-0.041461,1.0000,0.0030,0.4995,0.1945,0,frozen,2-tag corner homography,2,1920,1200,0.200000,101;102,1,1,,2-tag corner homography,0.011325,0.478642,101,102,4.738642,4.260000,30,0.050000,0.600000,5.000000,raw-zero-distortion,590.9628888758,0.0000000000,1007.8592059077,0.0000000000,592.3761043005,547.7101609771,0.0000000000,0.0000000000,1.0000000000,-0.0359937509,0.0291287486,0.0062609452,0.0003552766,-0.0208418310,0.0000000000,0.0000000000,0.0000000000,0.0000000000,0.0000000000,1,0.000000,0.000000,72.750,750.899,1,1.147,72.994,751.525,64.889,791.427,8.329,780.158,79.429,716.464,135.192,722.539,-2.828811,0.615253,1.788196,3.402698,-0.003623,0.001974,1,4.260000,0.000000,1773.468,886.417,1,1.392,1772.491,886.574,1843.755,934.440,1760.584,935.441,1705.345,839.871,1784.703,843.670,1.893478,0.837135,1.463417,2.535279,4.259043,0.000139,0.0116327809,0.0117838498,-9.7067040848,0.0009105631,-0.0114684661,8.5527692002,0.0001479405,0.0042309591,1.0000000000,0.0115197585,0.0116081516,-9.5696514413,0.0009021838,-0.0113775633,8.4859581472,0.0001453197,0.0041833248,1.0000000000
335,34217352873978,38.5566,1785360986.666,2,3.4516,0.7118,3.4445,0.5171,3.4480,0.6144,177.90,-0.0262,-0.0321,0.0250,0.0330,-0.0330,-2.35,-0.041088,1.0000,0.0024,0.4995,0.1948,0,frozen,2-tag corner homography,2,1920,1200,0.200000,101;102,1,1,,2-tag corner homography,0.010846,0.475367,101,102,4.735367,4.260000,30,0.050000,0.600000,5.000000,raw-zero-distortion,590.9628888758,0.0000000000,1007.8592059077,0.0000000000,592.3761043005,547.7101609771,0.0000000000,0.0000000000,1.0000000000,-0.0359937509,0.0291287486,0.0062609452,0.0003552766,-0.0208418310,0.0000000000,0.0000000000,0.0000000000,0.0000000000,0.0000000000,1,0.000000,0.000000,73.132,750.941,1,1.052,73.323,751.564,65.604,791.441,8.312,780.256,79.555,716.383,135.662,722.663,-2.826795,0.615149,1.787550,3.400663,-0.002444,0.001940,1,4.260000,0.000000,1773.334,886.426,1,1.210,1772.518,886.656,1844.090,934.634,1760.618,935.494,1705.367,840.118,1784.450,843.533,1.892194,0.836741,1.462373,2.533588,4.258736,0.000093,0.0115126936,0.0116381621,-9.5925173508,0.0009023469,-0.0113589033,8.4711665782,0.0001385980,0.0041892974,1.0000000000,0.0115197585,0.0116081516,-9.5696514413,0.0009021838,-0.0113775633,8.4859581472,0.0001453197,0.0041833248,1.0000000000
336,34217506147788,38.7099,1785360986.800,2,3.4488,0.7087,3.4403,0.5140,3.4445,0.6114,177.49,-0.0221,-0.0249,0.0209,0.0259,-0.0259,-2.00,-0.034921,1.0000,0.0027,0.4995,0.1949,0,frozen,2-tag corner homography,2,1920,1200,0.200000,101;102,1,1,,2-tag corner homography,0.010888,0.483226,101,102,4.743226,4.260000,30,0.050000,0.600000,5.000000,raw-zero-distortion,590.9628888758,0.0000000000,1007.8592059077,0.0000000000,592.3761043005,547.7101609771,0.0000000000,0.0000000000,1.0000000000,-0.0359937509,0.0291287486,0.0062609452,0.0003552766,-0.0208418310,0.0000000000,0.0000000000,0.0000000000,0.0000000000,0.0000000000,1,0.000000,0.000000,72.822,750.990,1,1.116,73.088,751.581,65.504,791.312,8.249,780.338,79.064,716.593,135.391,722.553,-2.831933,0.616163,1.790349,3.406589,-0.003169,0.001739,1,4.260000,0.000000,1773.695,886.903,1,1.441,1772.622,886.876,1843.938,934.798,1760.691,935.645,1705.187,840.193,1785.141,844.000,1.894850,0.838345,1.464226,2.537171,4.258931,-0.000934,0.0115704142,0.0116885671,-9.6321186669,0.0009084265,-0.0114209069,8.5177497390,0.0001446155,0.0042056538,1.0000000000,0.0115197585,0.0116081516,-9.5696514413,0.0009021838,-0.0113775633,8.4859581472,0.0001453197,0.0041833248,1.0000000000
337,34217678314016,38.8820,1785360986.993,2,3.4448,0.7042,3.4372,0.5096,3.4410,0.6069,177.76,-0.0217,-0.0235,0.0208,0.0243,-0.0243,-0.72,-0.012620,1.0000,0.0029,0.4995,0.1948,0,frozen,2-tag corner homography,2,1920,1200,0.200000,101;102,1,1,,2-tag corner homography,0.011171,0.485313,101,102,4.745313,4.260000,30,0.050000,0.600000,5.000000,raw-zero-distortion,590.9628888758,0.0000000000,1007.8592059077,0.0000000000,592.3761043005,547.7101609771,0.0000000000,0.0000000000,1.0000000000,-0.0359937509,0.0291287486,0.0062609452,0.0003552766,-0.0208418310,0.0000000000,0.0000000000,0.0000000000,0.0000000000,0.0000000000,1,0.000000,0.000000,72.799,750.919,1,1.027,72.975,751.539,65.363,791.340,8.447,780.185,79.152,716.379,134.868,722.691,-2.836049,0.616857,1.792734,3.411390,-0.003432,0.001929,1,4.260000,0.000000,1773.814,886.928,1,1.633,1772.568,886.762,1843.654,934.627,1760.969,935.679,1704.979,839.916,1785.129,843.979,1.892639,0.837144,1.462621,2.534197,4.259162,-0.000969,0.0115411437,0.0115205860,-9.5019937644,0.0009041726,-0.0113743821,8.4827269749,0.0001469680,0.0041822324,1.0000000000,0.0115197585,0.0116081516,-9.5696514413,0.0009021838,-0.0113775633,8.4859581472,0.0001453197,0.0041833248,1.0000000000
338,34217837895997,39.0416,1785360987.149,2,3.4416,0.7001,3.4322,0.5056,3.4369,0.6029,177.22,-0.0227,-0.0251,0.0215,0.0262,-0.0262,-0.76,-0.013344,1.0000,0.0027,0.4995,0.1947,0,frozen,2-tag corner homography,2,1920,1200,0.200000,101;102,1,1,,2-tag corner homography,0.010901,0.483141,101,102,4.743141,4.260000,30,0.050000,0.600000,5.000000,raw-zero-distortion,590.9628888758,0.0000000000,1007.8592059077,0.0000000000,592.3761043005,547.7101609771,0.0000000000,0.0000000000,1.0000000000,-0.0359937509,0.0291287486,0.0062609452,0.0003552766,-0.0208418310,0.0000000000,0.0000000000,0.0000000000,0.0000000000,0.0000000000,1,0.000000,0.000000,73.026,750.823,1,1.080,73.180,751.515,65.663,791.352,8.294,780.178,79.274,716.436,135.360,722.557,-2.831659,0.615963,1.790352,3.406327,-0.003067,0.002240,1,4.260000,0.000000,1773.762,886.710,1,1.545,1772.628,886.737,1843.924,934.591,1760.714,935.551,1705.188,839.912,1785.163,844.037,1.895050,0.838084,1.464370,2.537317,4.259322,-0.000479,0.0115041521,0.0115877131,-9.5517340085,0.0009030430,-0.0113581709,8.4701242848,0.0001411058,0.0041794328,1.0000000000,0.0115197585,0.0116081516,-9.5696514413,0.0009021838,-0.0113775633,8.4859581472,0.0001453197,0.0041833248,1.0000000000
339,34218019209881,39.2229,1785360987.305,2,3.4382,0.6962,3.4269,0.5022,3.4326,0.5992,176.66,-0.0243,-0.0230,0.0229,0.0244,-0.0244,-2.77,-0.048402,1.0000,0.0029,0.4995,0.1943,0,frozen,2-tag corner homography,2,1920,1200,0.200000,101;102,1,1,,2-tag corner homography,0.011167,0.489185,101,102,4.749185,4.260000,30,0.050000,0.600000,5.000000,raw-zero-distortion,590.9628888758,0.0000000000,1007.8592059077,0.0000000000,592.3761043005,547.7101609771,0.0000000000,0.0000000000,1.0000000000,-0.0359937509,0.0291287486,0.0062609452,0.0003552766,-0.0208418310,0.0000000000,0.0000000000,0.0000000000,0.0000000000,0.0000000000,1,0.000000,0.000000,72.859,750.921,1,0.939,72.930,751.586,65.380,791.373,8.454,780.293,79.251,716.346,134.596,722.765,-2.835611,0.616875,1.792373,3.410839,-0.003260,0.001937,1,4.260000,0.000000,1773.781,886.998,1,1.558,1772.604,886.897,1843.775,934.716,1760.792,935.640,1705.105,840.178,1785.215,844.180,1.897118,0.839421,1.466015,2.540253,4.259004,-0.001135,0.0114611433,0.0114791016,-9.4650477704,0.0008994544,-0.0113059076,8.4320697173,0.0001485619,0.0041414508,1.0000000000,0.0115197585,0.0116081516,-9.5696514413,0.0009021838,-0.0113775633,8.4859581472,0.0001453197,0.0041833248,1.0000000000
340,34218159817351,39.3635,1785360987.447,2,3.4350,0.6916,3.4230,0.4988,3.4290,0.5952,176.45,-0.0244,-0.0235,0.0228,0.0250,-0.0250,-2.53,-0.044115,1.0000,0.0032,0.4995,0.1932,0,frozen,2-tag corner homography,2,1920,1200,0.200000,101;102,1,1,,2-tag corner homography,0.011133,0.486207,101,102,4.746207,4.260000,30,0.050000,0.600000,5.000000,raw-zero-distortion,590.9628888758,0.0000000000,1007.8592059077,0.0000000000,592.3761043005,547.7101609771,0.0000000000,0.0000000000,1.0000000000,-0.0359937509,0.0291287486,0.0062609452,0.0003552766,-0.0208418310,0.0000000000,0.0000000000,0.0000000000,0.0000000000,0.0000000000,1,0.000000,0.000000,72.927,750.740,1,0.911,72.943,751.452,65.726,791.201,8.204,780.188,79.072,716.217,134.710,722.630,-2.835899,0.616538,1.792578,3.411126,-0.003576,0.002447,1,4.260000,0.000000,1773.483,886.658,1,1.416,1772.473,886.753,1843.619,934.496,1760.866,935.745,1705.298,840.153,1784.513,843.745,1.893728,0.837709,1.463646,2.535788,4.258773,-0.000412,0.0112777826,0.0112888656,-9.3072228443,0.0008855923,-0.0111318477,8.3007683178,0.0001381935,0.0040731122,1.0000000000,0.0115197585,0.0116081516,-9.5696514413,0.0009021838,-0.0113775633,8.4859581472,0.0001453197,0.0041833248,1.0000000000
341,34218287564382,39.4913,1785360987.579,2,3.4329,0.6888,3.4180,0.4953,3.4255,0.5921,175.59,-0.0258,-0.0257,0.0237,0.0276,-0.0276,-3.53,-0.061547,1.0000,0.0029,0.4995,0.1940,0,frozen,2-tag corner homography,2,1920,1200,0.200000,101;102,1,1,,2-tag corner homography,0.011106,0.488924,101,102,4.748924,4.260000,30,0.050000,0.600000,5.000000,raw-zero-distortion,590.9628888758,0.0000000000,1007.8592059077,0.0000000000,592.3761043005,547.7101609771,0.0000000000,0.0000000000,1.0000000000,-0.0359937509,0.0291287486,0.0062609452,0.0003552766,-0.0208418310,0.0000000000,0.0000000000,0.0000000000,0.0000000000,0.0000000000,1,0.000000,0.000000,72.988,750.850,1,1.071,73.146,751.525,65.509,791.384,8.449,780.150,79.343,716.406,135.183,722.613,-2.832906,0.616243,1.791077,3.407796,-0.003099,0.002160,1,4.260000,0.000000,1773.847,887.060,1,1.567,1772.638,886.847,1843.594,934.535,1761.119,935.583,1705.163,840.310,1785.125,844.064,1.899706,0.840404,1.467948,2.543626,4.259069,-0.001266,0.0114434719,0.0115017987,-9.4825363562,0.0009002641,-0.0113149227,8.4379576574,0.0001397252,0.0041517074,1.0000000000,0.0115197585,0.0116081516,-9.5696514413,0.0009021838,-0.0113775633,8.4859581472,0.0001453197,0.0041833248,1.0000000000
342,34218426204658,39.6299,1785360987.710,2,3.4293,0.6854,3.4143,0.4916,3.4218,0.5885,175.55,-0.0268,-0.0254,0.0247,0.0274,-0.0274,-3.39,-0.059148,1.0000,0.0029,0.4995,0.1944,0,frozen,2-tag corner homography,2,1920,1200,0.200000,101;102,1,1,,2-tag corner homography,0.010986,0.493033,101,102,4.753033,4.260000,30,0.050000,0.600000,5.000000,raw-zero-distortion,590.9628888758,0.0000000000,1007.8592059077,0.0000000000,592.3761043005,547.7101609771,0.0000000000,0.0000000000,1.0000000000,-0.0359937509,0.0291287486,0.0062609452,0.0003552766,-0.0208418310,0.0000000000,0.0000000000,0.0000000000,0.0000000000,0.0000000000,1,0.000000,0.000000,73.109,750.743,1,1.145,73.255,751.487,65.436,791.445,8.546,779.849,79.580,716.413,135.341,722.689,-2.836983,0.617086,1.793863,3.412802,-0.003063,0.002478,1,4.260000,0.000000,1773.756,886.878,1,1.611,1772.542,886.794,1843.641,934.446,1760.753,935.557,1705.072,840.128,1785.170,844.149,1.899612,0.840338,1.468060,2.543598,4.259097,-0.000866,0.0115089136,0.0116065053,-9.5667477019,0.0009059762,-0.0113866109,8.4908863958,0.0001419362,0.0041801098,1.0000000000,0.0115197585,0.0116081516,-9.5696514413,0.0009021838,-0.0113775633,8.4859581472,0.0001453197,0.0041833248,1.0000000000
343,34218549082818,39.7528,1785360987.870,2,3.4251,0.6824,3.4111,0.4886,3.4181,0.5855,175.87,-0.0277,-0.0252,0.0258,0.0271,-0.0271,-0.33,-0.005787,1.0000,0.0027,0.4995,0.1944,0,frozen,2-tag corner homography,2,1920,1200,0.200000,101;102,1,0,world_rms>0.050,2-tag corner homography,0.084459,0.485997,101,102,4.745997,4.260000,30,0.050000,0.600000,5.000000,raw-zero-distortion,590.9628888758,0.0000000000,1007.8592059077,0.0000000000,592.3761043005,547.7101609771,0.0000000000,0.0000000000,1.0000000000,-0.0359937509,0.0291287486,0.0062609452,0.0003552766,-0.0208418310,0.0000000000,0.0000000000,0.0000000000,0.0000000000,0.0000000000,1,0.000000,0.000000,72.906,750.977,1,1.110,73.220,751.499,65.327,791.387,8.791,780.145,79.407,716.313,135.277,722.603,-2.830786,0.615751,1.789878,3.405314,-0.002971,0.001792,1,4.260000,0.000000,1773.822,887.103,1,1.508,1772.675,886.976,1843.749,934.787,1760.898,935.649,1705.268,840.356,1785.238,844.219,1.898904,0.840328,1.467257,2.542603,4.258961,-0.001369,0.0029048605,0.0005565453,-0.6267331616,0.0001310620,-0.0016402835,1.2252694678,0.0001134580,-0.0000253457,1.0000000000,0.0115197585,0.0116081516,-9.5696514413,0.0009021838,-0.0113775633,8.4859581472,0.0001453197,0.0041833248,1.0000000000
344,34218729332440,39.9331,1785360988.049,2,3.4243,0.6795,3.4074,0.4851,3.4159,0.5823,175.02,-0.0206,-0.0210,0.0187,0.0227,-0.0227,-1.66,-0.028942,1.0000,0.0036,0.4995,0.1951,0,frozen,2-tag corner homography,2,1920,1200,0.200000,101;102,1,1,,2-tag corner homography,0.011148,0.476871,101,102,4.736871,4.260000,30,0.050000,0.600000,5.000000,raw-zero-distortion,590.9628888758,0.0000000000,1007.8592059077,0.0000000000,592.3761043005,547.7101609771,0.0000000000,0.0000000000,1.0000000000,-0.0359937509,0.0291287486,0.0062609452,0.0003552766,-0.0208418310,0.0000000000,0.0000000000,0.0000000000,0.0000000000,0.0000000000,1,0.000000,0.000000,72.991,750.598,1,1.163,73.201,751.294,65.610,791.291,8.187,779.787,79.235,716.177,135.618,722.389,-2.830298,0.615013,1.789533,3.404594,-0.003797,0.002852,1,4.260000,0.000000,1773.453,886.867,1,1.418,1772.387,886.770,1843.803,934.770,1760.911,935.674,1704.784,840.108,1784.540,843.721,1.889981,0.836186,1.460914,2.530910,4.258447,-0.000894,0.0114996294,0.0120165143,-9.8711609863,0.0009073684,-0.0113796086,8.4827525034,0.0001334686,0.0042079125,1.0000000000,0.0115197585,0.0116081516,-9.5696514413,0.0009021838,-0.0113775633,8.4859581472,0.0001453197,0.0041833248,1.0000000000
345,34218905343888,40.1091,1785360988.256,2,3.4203,0.6752,3.4019,0.4798,3.4111,0.5775,174.61,,,,,,,,1.0000,0.0029,0.4995,0.1963,0,frozen,2-tag corner homography,2,1920,1200,0.200000,101;102,1,1,,2-tag corner homography,0.010691,0.475629,101,102,4.735629,4.260000,30,0.050000,0.600000,5.000000,raw-zero-distortion,590.9628888758,0.0000000000,1007.8592059077,0.0000000000,592.3761043005,547.7101609771,0.0000000000,0.0000000000,1.0000000000,-0.0359937509,0.0291287486,0.0062609452,0.0003552766,-0.0208418310,0.0000000000,0.0000000000,0.0000000000,0.0000000000,0.0000000000,1,0.000000,0.000000,72.836,750.982,1,1.271,73.411,751.319,65.521,791.131,8.473,780.175,79.158,716.280,136.295,722.199,-2.820772,0.613157,1.783911,3.393383,-0.003152,0.001763,1,4.260000,0.000000,1773.445,886.933,1,1.511,1772.330,886.933,1843.734,934.628,1760.681,935.676,1704.800,840.353,1784.629,844.225,1.898824,0.840564,1.467857,2.542968,4.258348,-0.001047,0.0116257930,0.0117850938,-9.7093967709,0.0009172822,-0.0115004944,8.5735920772,0.0001334563,0.0042552187,1.0000000000,0.0115197585,0.0116081516,-9.5696514413,0.0009021838,-0.0113775633,8.4859581472,0.0001453197,0.0041833248,1.0000000000
346,34219107583238,40.3113,1785360988.434,2,3.4150,0.6715,3.3993,0.4778,3.4071,0.5747,175.37,,,,,,,,1.0000,0.0023,0.4995,0.1943,0,frozen,2-tag corner homography,2,1920,1200,0.200000,101;102,1,0,world_rms>0.050,2-tag corner homography,0.332821,0.498279,101,102,4.758279,4.260000,30,0.050000,0.600000,5.000000,raw-zero-distortion,590.9628888758,0.0000000000,1007.8592059077,0.0000000000,592.3761043005,547.7101609771,0.0000000000,0.0000000000,1.0000000000,-0.0359937509,0.0291287486,0.0062609452,0.0003552766,-0.0208418310,0.0000000000,0.0000000000,0.0000000000,0.0000000000,0.0000000000,1,0.000000,0.000000,73.010,751.072,1,0.933,73.139,751.671,65.478,791.406,8.279,780.136,79.479,716.428,135.197,723.151,-2.841491,0.618550,1.796490,3.418194,-0.002417,0.001554,1,4.260000,0.000000,1773.814,886.986,1,1.492,1772.683,886.887,1843.920,934.650,1760.846,935.531,1705.196,840.335,1785.259,844.142,1.900254,0.840695,1.468285,2.544326,4.259089,-0.001103,0.0241895147,-0.0008039535,-0.8931959819,-0.0007868051,0.0115911661,-8.8807456215,-0.0050939711,0.0203085905,1.0000000000,0.0115197585,0.0116081516,-9.5696514413,0.0009021838,-0.0113775633,8.4859581472,0.0001453197,0.0041833248,1.0000000000
347,34219297857026,40.5016,1785360988.599,2,3.4059,0.6696,3.3982,0.4732,3.4020,0.5714,177.73,,,,,,,,1.0000,0.0036,0.4995,0.1965,0,frozen,2-tag corner homography,2,1920,1200,0.200000,101;102,1,1,,2-tag corner homography,0.010866,0.481338,101,102,4.741338,4.260000,30,0.050000,0.600000,5.000000,raw-zero-distortion,590.9628888758,0.0000000000,1007.8592059077,0.0000000000,592.3761043005,547.7101609771,0.0000000000,0.0000000000,1.0000000000,-0.0359937509,0.0291287486,0.0062609452,0.0003552766,-0.0208418310,0.0000000000,0.0000000000,0.0000000000,0.0000000000,0.0000000000,1,0.000000,0.000000,72.821,750.669,1,0.972,72.957,751.293,65.296,791.268,7.948,779.809,79.267,715.896,135.189,722.655,-2.830801,0.614959,1.789383,3.404923,-0.004068,0.002619,1,4.260000,0.000000,1773.572,886.842,1,1.447,1772.495,886.790,1843.649,934.626,1760.906,935.664,1705.131,840.175,1784.730,843.833,1.894093,0.837938,1.463885,2.536274,4.258738,-0.000817,0.0113525026,0.0112137070,-9.2544648790,0.0008923522,-0.0112059947,8.3545116003,0.0001302440,0.0041204205,1.0000000000,0.0115197585,0.0116081516,-9.5696514413,0.0009021838,-0.0113775633,8.4859581472,0.0001453197,0.0041833248,1.0000000000
348,34219457174287,40.6609,1785360988.757,2,3.3929,0.6663,3.3987,0.4704,3.3958,0.5683,181.69,-0.0321,-0.0181,0.0326,0.0172,-0.0172,17.89,0.312319,1.0000,0.0030,0.4995,0.1960,0,frozen,2-tag corner homography,2,1920,1200,0.200000,101;102,1,1,,2-tag corner homography,0.010684,0.458462,101,102,4.718462,4.260000,30,0.050000,0.600000,5.000000,raw-zero-distortion,590.9628888758,0.0000000000,1007.8592059077,0.0000000000,592.3761043005,547.7101609771,0.0000000000,0.0000000000,1.0000000000,-0.0359937509,0.0291287486,0.0062609452,0.0003552766,-0.0208418310,0.0000000000,0.0000000000,0.0000000000,0.0000000000,0.0000000000,1,0.000000,0.000000,72.934,750.868,1,1.270,73.410,751.329,65.458,791.286,8.156,780.106,79.336,716.257,136.444,722.201,-2.816551,0.612268,1.781238,3.388309,-0.003200,0.002099,1,4.260000,0.000000,1773.533,886.904,1,1.482,1772.408,886.753,1843.794,935.008,1760.875,935.631,1704.727,839.796,1784.728,843.811,1.885556,0.834164,1.457453,2.524940,4.258577,-0.000965,0.0116690781,0.0118713309,-9.7774230025,0.0009159077,-0.0115004012,8.5737457371,0.0001321292,0.0042808900,1.0000000000,0.0115197585,0.0116081516,-9.5696514413,0.0009021838,-0.0113775633,8.4859581472,0.0001453197,0.0041833248,1.0000000000
349,34219616408473,40.8201,1785360988.941,2,3.3819,0.6627,3.3988,0.4679,3.3903,0.5653,184.96,-0.0357,-0.0189,0.0372,0.0157,-0.0157,21.62,0.377298,1.0000,0.0025,0.4995,0.1955,0,frozen,2-tag corner homography,2,1920,1200,0.200000,101;102,1,1,,2-tag corner homography,0.011453,0.480453,101,102,4.740453,4.260000,30,0.050000,0.600000,5.000000,raw-zero-distortion,590.9628888758,0.0000000000,1007.8592059077,0.0000000000,592.3761043005,547.7101609771,0.0000000000,0.0000000000,1.0000000000,-0.0359937509,0.0291287486,0.0062609452,0.0003552766,-0.0208418310,0.0000000000,0.0000000000,0.0000000000,0.0000000000,0.0000000000,1,0.000000,0.000000,72.982,750.974,1,0.965,73.084,751.622,65.348,791.420,8.534,780.406,79.505,716.414,134.879,722.706,-2.830371,0.615945,1.789354,3.404728,-0.002770,0.001819,1,4.260000,0.000000,1773.407,886.571,1,1.376,1772.433,886.687,1843.672,934.551,1760.751,935.544,1705.265,840.040,1784.471,843.758,1.893687,0.837572,1.463691,2.535738,4.258716,-0.000226,0.0115347951,0.0116800708,-9.6237639026,0.0009034413,-0.0113732426,8.4825588467,0.0001468182,0.0041844502,1.0000000000,0.0115197585,0.0116081516,-9.5696514413,0.0009021838,-0.0113775633,8.4859581472,0.0001453197,0.0041833248,1.0000000000
350,34219789781238,40.9935,1785360989.080,1,3.3734,0.6620,3.3981,0.4642,3.3857,0.5631,187.11,-0.0313,-0.0164,0.0331,0.0124,-0.0124,17.28,0.301640,1.0000,0.0012,0.4995,0.1993,0,frozen,2-tag corner homography,2,1920,1200,0.200000,102,0,0,insufficient,insufficient,,,,,,,30,0.050000,0.600000,5.000000,raw-zero-distortion,590.9628888758,0.0000000000,1007.8592059077,0.0000000000,592.3761043005,547.7101609771,0.0000000000,0.0000000000,1.0000000000,-0.0359937509,0.0291287486,0.0062609452,0.0003552766,-0.0208418310,0.0000000000,0.0000000000,0.0000000000,0.0000000000,0.0000000000,0,0.000000,0.000000,,,,,,,,,,,,,,,,,,,,,1,4.260000,0.000000,1773.514,886.644,1,1.347,1772.546,886.717,1844.073,934.728,1760.826,935.523,1705.129,840.042,1784.646,843.761,1.892059,0.836802,1.462216,2.533417,4.258859,-0.000374,,,,,,,,,,0.0115197585,0.0116081516,-9.5696514413,0.0009021838,-0.0113775633,8.4859581472,0.0001453197,0.0041833248,1.0000000000
351,34219944824852,41.1486,1785360989.284,2,3.3687,0.6592,3.3960,0.4603,3.3823,0.5597,187.83,-0.0260,-0.0168,0.0281,0.0131,-0.0131,10.78,0.188121,1.0000,0.0026,0.4995,0.2008,0,frozen,2-tag corner homography,2,1920,1200,0.200000,101;102,1,1,,2-tag corner homography,0.011104,0.474478,101,102,4.734478,4.260000,30,0.050000,0.600000,5.000000,raw-zero-distortion,590.9628888758,0.0000000000,1007.8592059077,0.0000000000,592.3761043005,547.7101609771,0.0000000000,0.0000000000,1.0000000000,-0.0359937509,0.0291287486,0.0062609452,0.0003552766,-0.0208418310,0.0000000000,0.0000000000,0.0000000000,0.0000000000,0.0000000000,1,0.000000,0.000000,72.701,751.089,1,1.045,73.067,751.495,65.153,791.300,8.391,780.382,79.245,716.234,135.360,722.549,-2.823895,0.614141,1.785227,3.396850,-0.003225,0.001441,1,4.260000,0.000000,1773.729,886.806,1,1.537,1772.585,886.763,1843.681,934.617,1760.829,935.611,1705.218,839.981,1785.049,843.976,1.894366,0.837893,1.463923,2.536485,4.259128,-0.000706,0.0114914406,0.0115892871,-9.5506162611,0.0009009281,-0.0113281239,8.4475577701,0.0001421416,0.0041718622,1.0000000000,0.0115197585,0.0116081516,-9.5696514413,0.0009021838,-0.0113775633,8.4859581472,0.0001453197,0.0041833248,1.0000000000
352,34220125068124,41.3288,1785360989.440,2,3.3644,0.6578,3.3948,0.4583,3.3796,0.5580,188.66,-0.0197,-0.0153,0.0218,0.0121,-0.0121,5.75,0.100355,1.0000,0.0027,0.4995,0.2018,0,frozen,2-tag corner homography,2,1920,1200,0.200000,101;102,1,1,,2-tag corner homography,0.011103,0.507733,101,102,4.767733,4.260000,30,0.050000,0.600000,5.000000,raw-zero-distortion,590.9628888758,0.0000000000,1007.8592059077,0.0000000000,592.3761043005,547.7101609771,0.0000000000,0.0000000000,1.0000000000,-0.0359937509,0.0291287486,0.0062609452,0.0003552766,-0.0208418310,0.0000000000,0.0000000000,0.0000000000,0.0000000000,0.0000000000,1,0.000000,0.000000,72.854,750.997,1,0.968,72.954,751.655,65.321,791.379,8.677,779.857,79.293,716.480,134.500,723.275,-2.855788,0.621490,1.805172,3.435174,-0.003060,0.001727,1,4.260000,0.000000,1773.527,886.716,1,1.438,1772.456,886.668,1843.712,934.403,1760.889,935.591,1705.015,840.165,1784.664,843.645,1.894829,0.838005,1.464528,2.537217,4.258798,-0.000535,0.0114610779,0.0114603780,-9.4518616175,0.0008996921,-0.0113332074,8.4533722798,0.0001505790,0.0041364277,1.0000000000,0.0115197585,0.0116081516,-9.5696514413,0.0009021838,-0.0113775633,8.4859581472,0.0001453197,0.0041833248,1.0000000000
353,34220294039521,41.4978,1785360989.620,2,3.3590,0.6543,3.3927,0.4554,3.3759,0.5549,189.62,-0.0188,-0.0142,0.0209,0.0109,-0.0109,5.25,0.091681,1.0000,0.0020,0.4995,0.2018,0,frozen,2-tag corner homography,2,1920,1200,0.200000,101;102,1,1,,2-tag corner homography,0.014446,0.501488,101,102,4.761488,4.260000,30,0.050000,0.600000,5.000000,raw-zero-distortion,590.9628888758,0.0000000000,1007.8592059077,0.0000000000,592.3761043005,547.7101609771,0.0000000000,0.0000000000,1.0000000000,-0.0359937509,0.0291287486,0.0062609452,0.0003552766,-0.0208418310,0.0000000000,0.0000000000,0.0000000000,0.0000000000,0.0000000000,1,0.000000,0.000000,72.859,751.230,1,0.896,73.017,751.766,65.414,791.429,8.467,780.298,79.292,716.495,134.832,723.253,-2.844594,0.619432,1.798218,3.421841,-0.002396,0.001090,1,4.260000,0.000000,1773.745,886.846,1,1.377,1772.719,886.823,1843.984,934.513,1760.807,935.551,1705.376,840.448,1785.165,843.859,1.900300,0.840519,1.468251,2.544282,4.259113,-0.000795,0.0115353622,0.0128978206,-10.5398912379,0.0009116075,-0.0114527172,8.5417002170,0.0001458705,0.0042306608,1.0000000000,0.0115197585,0.0116081516,-9.5696514413,0.0009021838,-0.0113775633,8.4859581472,0.0001453197,0.0041833248,1.0000000000
354,34220489528842,41.6933,1785360989.798,2,3.3565,0.6512,3.3896,0.4540,3.3731,0.5526,189.52,,,,,,,,1.0000,0.0030,0.4995,0.2000,0,frozen,2-tag corner homography,2,1920,1200,0.200000,101;102,1,1,,2-tag corner homography,0.011694,0.488856,101,102,4.748856,4.260000,30,0.050000,0.600000,5.000000,raw-zero-distortion,590.9628888758,0.0000000000,1007.8592059077,0.0000000000,592.3761043005,547.7101609771,0.0000000000,0.0000000000,1.0000000000,-0.0359937509,0.0291287486,0.0062609452,0.0003552766,-0.0208418310,0.0000000000,0.0000000000,0.0000000000,0.0000000000,0.0000000000,1,0.000000,0.000000,72.563,751.056,1,1.160,72.905,751.594,65.288,791.404,8.094,780.219,78.785,716.545,135.313,722.669,-2.834435,0.616627,1.791581,3.409401,-0.003704,0.001503,1,4.260000,0.000000,1773.693,886.904,1,1.567,1772.515,886.827,1843.620,934.558,1760.749,935.593,1705.085,840.147,1785.067,844.122,1.898052,0.839757,1.466905,2.541575,4.258928,-0.000935,0.0114908933,0.0121905845,-10.0016208991,0.0009075390,-0.0114018429,8.5029271022,0.0001366073,0.0042041670,1.0000000000,0.0115197585,0.0116081516,-9.5696514413,0.0009021838,-0.0113775633,8.4859581472,0.0001453197,0.0041833248,1.0000000000
355,34220656983904,41.8607,1785360989.953,2,3.3515,0.6479,3.3880,0.4491,3.3698,0.5485,190.39,,,,,,,,1.0000,0.0032,0.4995,0.2021,0,frozen,2-tag corner homography,2,1920,1200,0.200000,101;102,1,0,world_rms>0.050,2-tag corner homography,3.110519,0.489083,101,102,4.749083,4.260000,30,0.050000,0.600000,5.000000,raw-zero-distortion,590.9628888758,0.0000000000,1007.8592059077,0.0000000000,592.3761043005,547.7101609771,0.0000000000,0.0000000000,1.0000000000,-0.0359937509,0.0291287486,0.0062609452,0.0003552766,-0.0208418310,0.0000000000,0.0000000000,0.0000000000,0.0000000000,0.0000000000,1,0.000000,0.000000,72.773,750.872,1,1.122,73.075,751.432,65.661,791.189,8.279,780.086,78.856,716.389,135.382,722.511,-2.835686,0.616520,1.792698,3.411008,-0.003635,0.002053,1,4.260000,0.000000,1773.631,886.938,1,1.409,1772.582,886.902,1843.955,934.864,1760.778,935.511,1705.134,840.259,1784.958,844.130,1.896895,0.839359,1.465885,2.539991,4.258748,-0.001026,0.0000393715,0.0000035006,-0.0725177663,0.0001924993,-0.0019294474,1.4488765568,0.0007756031,-0.0025987192,1.0000000000,0.0115197585,0.0116081516,-9.5696514413,0.0009021838,-0.0113775633,8.4859581472,0.0001453197,0.0041833248,1.0000000000
356,34220799736867,42.0035,1785360990.064,2,3.3518,0.6449,3.3849,0.4468,3.3683,0.5459,189.49,-0.0154,-0.0218,0.0188,0.0189,-0.0189,0.12,0.002010,1.0000,0.0034,0.4995,0.2008,0,frozen,2-tag corner homography,2,1920,1200,0.200000,101;102,1,1,,2-tag corner homography,0.010819,0.485193,101,102,4.745193,4.260000,30,0.050000,0.600000,5.000000,raw-zero-distortion,590.9628888758,0.0000000000,1007.8592059077,0.0000000000,592.3761043005,547.7101609771,0.0000000000,0.0000000000,1.0000000000,-0.0359937509,0.0291287486,0.0062609452,0.0003552766,-0.0208418310,0.0000000000,0.0000000000,0.0000000000,0.0000000000,0.0000000000,1,0.000000,0.000000,72.731,750.837,1,1.150,72.984,751.470,65.299,791.322,8.029,780.032,79.046,716.437,135.401,722.559,-2.833362,0.616069,1.791055,3.408132,-0.003849,0.002139,1,4.260000,0.000000,1773.745,887.099,1,1.586,1772.527,886.903,1843.734,934.764,1760.954,935.680,1704.860,840.186,1785.056,844.141,1.895361,0.838744,1.464805,2.538019,4.258797,-0.001374,0.0115845638,0.0117274839,-9.6598401678,0.0009123968,-0.0114582791,8.5443215464,0.0001378728,0.0042272479,1.0000000000,0.0115197585,0.0116081516,-9.5696514413,0.0009021838,-0.0113775633,8.4859581472,0.0001453197,0.0041833248,1.0000000000
357,34220910635047,42.1144,1785360990.202,2,3.3481,0.6423,3.3834,0.4440,3.3658,0.5431,190.09,-0.0154,-0.0212,0.0189,0.0182,-0.0182,-0.87,-0.015115,1.0000,0.0029,0.4995,0.2014,0,frozen,2-tag corner homography,2,1920,1200,0.200000,101;102,1,1,,2-tag corner homography,0.010963,0.474582,101,102,4.734582,4.260000,30,0.050000,0.600000,5.000000,raw-zero-distortion,590.9628888758,0.0000000000,1007.8592059077,0.0000000000,592.3761043005,547.7101609771,0.0000000000,0.0000000000,1.0000000000,-0.0359937509,0.0291287486,0.0062609452,0.0003552766,-0.0208418310,0.0000000000,0.0000000000,0.0000000000,0.0000000000,0.0000000000,1,0.000000,0.000000,72.797,750.949,1,1.422,73.375,751.409,65.437,791.325,8.300,780.208,79.064,716.569,136.458,722.068,-2.818298,0.612867,1.782277,3.390416,-0.003353,0.001847,1,4.260000,0.000000,1773.454,886.755,1,1.425,1772.439,886.870,1843.606,934.542,1760.749,935.575,1705.306,840.334,1784.543,844.142,1.900388,0.840981,1.468856,2.544850,4.258588,-0.000638,0.0117735745,0.0120603462,-9.9277818953,0.0009292936,-0.0116659896,8.6980784000,0.0001274037,0.0043438412,1.0000000000,0.0115197585,0.0116081516,-9.5696514413,0.0009021838,-0.0113775633,8.4859581472,0.0001453197,0.0041833248,1.0000000000
358,34221049445238,42.2532,1785360990.309,2,3.3471,0.6406,3.3812,0.4428,3.3641,0.5417,189.78,-0.0162,-0.0178,0.0190,0.0147,-0.0147,0.51,0.008884,1.0000,0.0032,0.4995,0.2007,0,frozen,2-tag corner homography,2,1920,1200,0.200000,101;102,1,1,,2-tag corner homography,0.010947,0.482764,101,102,4.742764,4.260000,30,0.050000,0.600000,5.000000,raw-zero-distortion,590.9628888758,0.0000000000,1007.8592059077,0.0000000000,592.3761043005,547.7101609771,0.0000000000,0.0000000000,1.0000000000,-0.0359937509,0.0291287486,0.0062609452,0.0003552766,-0.0208418310,0.0000000000,0.0000000000,0.0000000000,0.0000000000,0.0000000000,1,0.000000,0.000000,72.727,750.847,1,1.230,73.070,751.435,65.192,791.390,8.388,779.900,79.132,716.380,135.435,722.529,-2.833423,0.616033,1.791257,3.408282,-0.003834,0.002111,1,4.260000,0.000000,1773.612,886.796,1,1.498,1772.504,886.779,1843.842,934.713,1760.786,935.617,1705.008,839.988,1784.863,843.967,1.892780,0.837319,1.462853,2.534494,4.258884,-0.000703,0.0115559323,0.0116619108,-9.6090908435,0.0009080931,-0.0114109704,8.5085981831,0.0001406403,0.0042064465,1.0000000000,0.0115197585,0.0116081516,-9.5696514413,0.0009021838,-0.0113775633,8.4859581472,0.0001453197,0.0041833248,1.0000000000
359,34221148918713,42.3527,1785360990.407,2,3.3458,0.6406,3.3808,0.4410,3.3633,0.5408,189.95,-0.0149,-0.0155,0.0173,0.0127,-0.0127,0.71,0.012356,1.0000,0.0032,0.4995,0.2027,0,frozen,2-tag corner homography,2,1920,1200,0.200000,101;102,1,1,,2-tag corner homography,0.010782,0.495483,101,102,4.755483,4.260000,30,0.050000,0.600000,5.000000,raw-zero-distortion,590.9628888758,0.0000000000,1007.8592059077,0.0000000000,592.3761043005,547.7101609771,0.0000000000,0.0000000000,1.0000000000,-0.0359937509,0.0291287486,0.0062609452,0.0003552766,-0.0208418310,0.0000000000,0.0000000000,0.0000000000,0.0000000000,0.0000000000,1,0.000000,0.000000,72.655,750.913,1,1.189,73.000,751.475,65.439,791.217,8.134,780.009,78.810,716.536,135.459,722.591,-2.839028,0.617328,1.794665,3.414967,-0.003847,0.001915,1,4.260000,0.000000,1773.765,886.973,1,1.556,1772.585,886.858,1843.699,934.560,1760.833,935.561,1705.117,840.260,1785.161,844.157,1.899983,0.840613,1.468265,2.544085,4.258999,-0.001080,0.0115673000,0.0118008932,-9.7139433007,0.0009133863,-0.0114740069,8.5560105730,0.0001364293,0.0042252067,1.0000000000,0.0115197585,0.0116081516,-9.5696514413,0.0009021838,-0.0113775633,8.4859581472,0.0001453197,0.0041833248,1.0000000000
360,34221246788104,42.4505,1785360990.506,2,3.3445,0.6371,3.3789,0.4395,3.3617,0.5383,189.89,-0.0130,-0.0144,0.0153,0.0120,-0.0120,0.00,0.000043,1.0000,0.0027,0.4995,0.2006,0,frozen,2-tag corner homography,2,1920,1200,0.200000,101;102,1,1,,2-tag corner homography,0.010940,0.481669,101,102,4.741669,4.260000,30,0.050000,0.600000,5.000000,raw-zero-distortion,590.9628888758,0.0000000000,1007.8592059077,0.0000000000,592.3761043005,547.7101609771,0.0000000000,0.0000000000,1.0000000000,-0.0359937509,0.0291287486,0.0062609452,0.0003552766,-0.0208418310,0.0000000000,0.0000000000,0.0000000000,0.0000000000,0.0000000000,1,0.000000,0.000000,72.964,750.914,1,1.118,73.210,751.533,65.713,791.323,8.319,780.244,79.137,716.506,135.528,722.528,-2.831381,0.615979,1.790234,3.406037,-0.002987,0.001977,1,4.260000,0.000000,1773.425,886.578,1,1.342,1772.468,886.676,1843.759,934.558,1760.674,935.511,1705.267,840.081,1784.603,843.686,1.893840,0.837573,1.463742,2.535882,4.258748,-0.000238,0.0114673781,0.0115866553,-9.5488142622,0.0009001593,-0.0113273049,8.4473086556,0.0001376105,0.0041693075,1.0000000000,0.0115197585,0.0116081516,-9.5696514413,0.0009021838,-0.0113775633,8.4859581472,0.0001453197,0.0041833248,1.0000000000
361,34221346948882,42.5507,1785360990.649,2,3.3446,0.6375,3.3782,0.4381,3.3614,0.5378,189.57,-0.0112,-0.0142,0.0134,0.0122,-0.0122,-0.43,-0.007470,1.0000,0.0018,0.4995,0.2022,0,frozen,2-tag corner homography,2,1920,1200,0.200000,101;102,1,1,,2-tag corner homography,0.010880,0.490248,101,102,4.750248,4.260000,30,0.050000,0.600000,5.000000,raw-zero-distortion,590.9628888758,0.0000000000,1007.8592059077,0.0000000000,592.3761043005,547.7101609771,0.0000000000,0.0000000000,1.0000000000,-0.0359937509,0.0291287486,0.0062609452,0.0003552766,-0.0208418310,0.0000000000,0.0000000000,0.0000000000,0.0000000000,0.0000000000,1,0.000000,0.000000,72.962,751.261,1,1.009,73.242,751.748,65.535,791.472,8.542,780.289,79.375,716.544,135.403,723.125,-2.839581,0.618436,1.795480,3.416055,-0.002021,0.001027,1,4.260000,0.000000,1773.726,886.799,1,1.562,1772.549,886.699,1843.777,934.569,1760.926,935.532,1704.990,839.925,1784.986,843.931,1.893996,0.837610,1.463705,2.535990,4.259131,-0.000689,0.0115505525,0.0116442063,-9.6009911652,0.0009060970,-0.0114179061,8.5173666677,0.0001421708,0.0041991164,1.0000000000,0.0115197585,0.0116081516,-9.5696514413,0.0009021838,-0.0113775633,8.4859581472,0.0001453197,0.0041833248,1.0000000000
362,34221500692554,42.7044,1785360990.820,2,3.3441,0.6392,3.3742,0.4420,3.3591,0.5406,188.69,-0.0106,0.0041,0.0099,-0.0057,0.0057,-3.79,-0.066164,1.0000,0.0018,0.4995,0.1994,0,frozen,2-tag corner homography,2,1920,1200,0.200000,101;102,1,1,,2-tag corner homography,0.011015,0.485194,101,102,4.745194,4.260000,30,0.050000,0.600000,5.000000,raw-zero-distortion,590.9628888758,0.0000000000,1007.8592059077,0.0000000000,592.3761043005,547.7101609771,0.0000000000,0.0000000000,1.0000000000,-0.0359937509,0.0291287486,0.0062609452,0.0003552766,-0.0208418310,0.0000000000,0.0000000000,0.0000000000,0.0000000000,0.0000000000,1,0.000000,0.000000,72.991,751.246,1,1.043,73.298,751.723,65.454,791.483,8.711,780.451,79.490,716.541,135.430,722.877,-2.831608,0.616660,1.790545,3.406512,-0.001984,0.001074,1,4.260000,0.000000,1773.664,886.779,1,1.524,1772.515,886.691,1843.602,934.369,1760.768,935.548,1705.104,840.127,1785.024,843.814,1.897268,0.839074,1.466300,2.540415,4.259020,-0.000655,0.0115148011,0.0116006083,-9.5660721882,0.0009019041,-0.0113640609,8.4769036015,0.0001467514,0.0041721153,1.0000000000,0.0115197585,0.0116081516,-9.5696514413,0.0009021838,-0.0113775633,8.4859581472,0.0001453197,0.0041833248,1.0000000000
363,34221677640171,42.8814,1785360990.985,2,3.3370,0.6501,3.3647,0.4514,3.3509,0.5507,187.94,-0.0280,0.0328,0.0232,-0.0364,0.0364,-4.70,-0.082057,1.0000,0.0030,0.4995,0.2006,0,frozen,2-tag corner homography,2,1920,1200,0.200000,101;102,1,1,,2-tag corner homography,0.011454,0.485860,101,102,4.745860,4.260000,30,0.050000,0.600000,5.000000,raw-zero-distortion,590.9628888758,0.0000000000,1007.8592059077,0.0000000000,592.3761043005,547.7101609771,0.0000000000,0.0000000000,1.0000000000,-0.0359937509,0.0291287486,0.0062609452,0.0003552766,-0.0208418310,0.0000000000,0.0000000000,0.0000000000,0.0000000000,0.0000000000,1,0.000000,0.000000,72.910,750.832,1,0.949,72.865,751.630,65.451,791.473,8.360,780.315,79.228,716.410,134.395,722.750,-2.835746,0.616994,1.792333,3.410952,-0.003364,0.002190,1,4.260000,0.000000,1773.364,886.670,1,1.310,1772.469,886.870,1843.900,934.739,1760.922,935.748,1705.299,840.286,1784.211,843.881,1.893552,0.837923,1.463517,2.535653,4.258497,-0.000460,0.0114299102,0.0114147516,-9.4142087381,0.0008962403,-0.0112704587,8.4061888850,0.0001437750,0.0041343263,1.0000000000,0.0115197585,0.0116081516,-9.5696514413,0.0009021838,-0.0113775633,8.4859581472,0.0001453197,0.0041833248,1.0000000000
364,34221839425379,43.0432,1785360991.123,2,3.3317,0.6647,3.3555,0.4645,3.3436,0.5646,186.77,-0.0420,0.0625,0.0344,-0.0670,0.0670,-5.42,-0.094634,1.0000,0.0033,0.4995,0.2016,0,frozen,2-tag corner homography,2,1920,1200,0.200000,101;102,1,1,,2-tag corner homography,0.011294,0.493233,101,102,4.753233,4.260000,30,0.050000,0.600000,5.000000,raw-zero-distortion,590.9628888758,0.0000000000,1007.8592059077,0.0000000000,592.3761043005,547.7101609771,0.0000000000,0.0000000000,1.0000000000,-0.0359937509,0.0291287486,0.0062609452,0.0003552766,-0.0208418310,0.0000000000,0.0000000000,0.0000000000,0.0000000000,0.0000000000,1,0.000000,0.000000,72.733,750.814,1,0.975,72.800,751.505,64.980,791.208,8.283,780.098,79.335,716.415,134.525,722.738,-2.840354,0.617574,1.795121,3.416352,-0.003908,0.002201,1,4.260000,0.000000,1773.683,886.868,1,1.434,1772.612,886.825,1843.750,934.638,1760.676,935.628,1705.296,840.242,1785.151,843.882,1.896259,0.838853,1.465335,2.539031,4.258951,-0.000855,0.0115910825,0.0116842553,-9.6262905349,0.0009096361,-0.0114360425,8.5284249950,0.0001553675,0.0041944145,1.0000000000,0.0115197585,0.0116081516,-9.5696514413,0.0009021838,-0.0113775633,8.4859581472,0.0001453197,0.0041833248,1.0000000000
365,34221966535504,43.1703,1785360991.282,2,3.3285,0.6761,3.3511,0.4764,3.3398,0.5762,186.44,-0.0396,0.0803,0.0304,-0.0843,0.0843,-5.32,-0.092779,1.0000,0.0022,0.4995,0.2010,0,frozen,2-tag corner homography,2,1920,1200,0.200000,101;102,1,1,,2-tag corner homography,0.010879,0.474381,101,102,4.734381,4.260000,30,0.050000,0.600000,5.000000,raw-zero-distortion,590.9628888758,0.0000000000,1007.8592059077,0.0000000000,592.3761043005,547.7101609771,0.0000000000,0.0000000000,1.0000000000,-0.0359937509,0.0291287486,0.0062609452,0.0003552766,-0.0208418310,0.0000000000,0.0000000000,0.0000000000,0.0000000000,0.0000000000,1,0.000000,0.000000,72.900,751.161,1,1.305,73.500,751.489,65.383,791.363,8.592,780.331,79.392,716.438,136.424,722.347,-2.817991,0.613122,1.782321,3.390230,-0.002473,0.001286,1,4.260000,0.000000,1773.765,886.954,1,1.458,1772.673,886.892,1843.765,934.585,1760.993,935.599,1705.358,840.406,1785.022,844.076,1.900486,0.840822,1.468484,2.544656,4.259023,-0.001037,0.0115699814,0.0117460310,-9.6790399545,0.0009110284,-0.0114427405,8.5325694979,0.0001333136,0.0042292356,1.0000000000,0.0115197585,0.0116081516,-9.5696514413,0.0009021838,-0.0113775633,8.4859581472,0.0001453197,0.0041833248,1.0000000000
366,34222129012573,43.3327,1785360991.433,2,3.3274,0.6820,3.3464,0.4845,3.3369,0.5832,185.49,-0.0265,0.0670,0.0200,-0.0692,0.0692,-4.68,-0.081635,1.0000,0.0027,0.4995,0.1985,0,frozen,2-tag corner homography,2,1920,1200,0.200000,101;102,1,1,,2-tag corner homography,0.010897,0.476191,101,102,4.736191,4.260000,30,0.050000,0.600000,5.000000,raw-zero-distortion,590.9628888758,0.0000000000,1007.8592059077,0.0000000000,592.3761043005,547.7101609771,0.0000000000,0.0000000000,1.0000000000,-0.0359937509,0.0291287486,0.0062609452,0.0003552766,-0.0208418310,0.0000000000,0.0000000000,0.0000000000,0.0000000000,0.0000000000,1,0.000000,0.000000,73.101,750.845,1,1.316,73.504,751.433,65.553,791.450,8.488,779.949,79.497,716.444,136.273,722.392,-2.825233,0.614533,1.786909,3.398917,-0.002798,0.002196,1,4.260000,0.000000,1773.484,886.716,1,1.363,1772.509,886.789,1844.003,934.659,1761.131,935.592,1705.097,840.222,1784.311,843.881,1.894662,0.838170,1.464298,2.537015,4.258705,-0.000543,0.0116459980,0.0118309883,-9.7477694766,0.0009175064,-0.0115250572,8.5932126826,0.0001297351,0.0042734706,1.0000000000,0.0115197585,0.0116081516,-9.5696514413,0.0009021838,-0.0113775633,8.4859581472,0.0001453197,0.0041833248,1.0000000000
367,34222291752470,43.4955,1785360991.603,2,3.3281,0.6913,3.3432,0.4915,3.3357,0.5914,184.30,-0.0158,0.0511,0.0119,-0.0521,0.0521,-6.17,-0.107651,1.0000,0.0026,0.4995,0.2004,0,frozen,2-tag corner homography,2,1920,1200,0.200000,101;102,1,1,,2-tag corner homography,0.010926,0.469110,101,102,4.729110,4.260000,30,0.050000,0.600000,5.000000,raw-zero-distortion,590.9628888758,0.0000000000,1007.8592059077,0.0000000000,592.3761043005,547.7101609771,0.0000000000,0.0000000000,1.0000000000,-0.0359937509,0.0291287486,0.0062609452,0.0003552766,-0.0208418310,0.0000000000,0.0000000000,0.0000000000,0.0000000000,0.0000000000,1,0.000000,0.000000,72.756,751.108,1,1.341,73.378,751.434,65.054,791.353,8.375,780.266,79.399,716.397,136.441,722.264,-2.815132,0.612255,1.780280,3.386624,-0.003021,0.001403,1,4.260000,0.000000,1773.235,886.511,1,1.247,1772.382,886.715,1843.751,934.468,1760.575,935.448,1705.337,840.335,1784.305,843.720,1.898122,0.839656,1.467215,2.541773,4.258413,-0.000120,0.0116674737,0.0119124363,-9.8092186579,0.0009176317,-0.0115350438,8.6009200670,0.0001332986,0.0042790371,1.0000000000,0.0115197585,0.0116081516,-9.5696514413,0.0009021838,-0.0113775633,8.4859581472,0.0001453197,0.0041833248,1.0000000000
368,34222443446933,43.6472,1785360991.741,2,3.3241,0.6955,3.3400,0.4977,3.3320,0.5966,184.58,-0.0154,0.0447,0.0118,-0.0458,0.0458,-3.71,-0.064715,1.0000,0.0025,0.4995,0.1985,0,frozen,2-tag corner homography,2,1920,1200,0.200000,101;102,1,1,,2-tag corner homography,0.010971,0.481205,101,102,4.741205,4.260000,30,0.050000,0.600000,5.000000,raw-zero-distortion,590.9628888758,0.0000000000,1007.8592059077,0.0000000000,592.3761043005,547.7101609771,0.0000000000,0.0000000000,1.0000000000,-0.0359937509,0.0291287486,0.0062609452,0.0003552766,-0.0208418310,0.0000000000,0.0000000000,0.0000000000,0.0000000000,0.0000000000,1,0.000000,0.000000,73.153,750.869,1,1.043,73.264,751.583,65.940,791.407,8.494,780.250,79.274,716.470,135.257,722.650,-2.833991,0.616734,1.791987,3.409265,-0.002587,0.002143,1,4.260000,0.000000,1773.443,886.364,1,1.395,1772.450,886.467,1843.853,934.381,1760.730,935.422,1705.109,839.761,1784.560,843.469,1.890596,0.835642,1.461269,2.531394,4.259055,0.000256,0.0114178135,0.0114570331,-9.4489424132,0.0008929769,-0.0112573482,8.3957463288,0.0001414005,0.0041347708,1.0000000000,0.0115197585,0.0116081516,-9.5696514413,0.0009021838,-0.0113775633,8.4859581472,0.0001453197,0.0041833248,1.0000000000
369,34222592259183,43.7960,1785360991.874,2,3.3208,0.6975,3.3364,0.5014,3.3286,0.5994,184.57,-0.0215,0.0312,0.0189,-0.0328,0.0328,-0.24,-0.004227,1.0000,0.0026,0.4995,0.1966,0,frozen,2-tag corner homography,2,1920,1200,0.200000,101;102,1,1,,2-tag corner homography,0.010985,0.484296,101,102,4.744296,4.260000,30,0.050000,0.600000,5.000000,raw-zero-distortion,590.9628888758,0.0000000000,1007.8592059077,0.0000000000,592.3761043005,547.7101609771,0.0000000000,0.0000000000,1.0000000000,-0.0359937509,0.0291287486,0.0062609452,0.0003552766,-0.0208418310,0.0000000000,0.0000000000,0.0000000000,0.0000000000,0.0000000000,1,0.000000,0.000000,72.989,750.940,1,1.196,73.313,751.522,65.419,791.412,8.658,780.008,79.433,716.485,135.609,722.645,-2.834338,0.616657,1.792301,3.409704,-0.002846,0.001912,1,4.260000,0.000000,1773.576,886.772,1,1.339,1772.589,886.766,1843.844,934.676,1760.820,935.620,1705.289,840.218,1784.830,843.675,1.893373,0.837457,1.463149,2.535153,4.258836,-0.000655,0.0115402272,0.0116679937,-9.6163567273,0.0009059905,-0.0113927610,8.4958754086,0.0001434864,0.0041931537,1.0000000000,0.0115197585,0.0116081516,-9.5696514413,0.0009021838,-0.0113775633,8.4859581472,0.0001453197,0.0041833248,1.0000000000
370,34222714752559,43.9185,1785360991.991,2,3.3182,0.7014,3.3340,0.5034,3.3261,0.6024,184.55,-0.0217,0.0243,0.0197,-0.0260,0.0260,-0.15,-0.002621,1.0000,0.0034,0.4995,0.1986,0,frozen,2-tag corner homography,2,1920,1200,0.200000,101;102,1,1,,2-tag corner homography,0.012253,0.529416,101,102,4.789416,4.260000,30,0.050000,0.600000,5.000000,raw-zero-distortion,590.9628888758,0.0000000000,1007.8592059077,0.0000000000,592.3761043005,547.7101609771,0.0000000000,0.0000000000,1.0000000000,-0.0359937509,0.0291287486,0.0062609452,0.0003552766,-0.0208418310,0.0000000000,0.0000000000,0.0000000000,0.0000000000,0.0000000000,1,0.000000,0.000000,73.126,750.566,1,0.938,72.000,751.971,65.475,791.426,8.266,780.338,79.530,716.366,131.000,724.000,-2.873562,0.625688,1.814555,3.455640,-0.003513,0.002969,1,4.260000,0.000000,1773.709,886.977,1,1.496,1772.581,886.886,1843.768,934.638,1760.924,935.626,1705.125,840.320,1784.981,844.083,1.898422,0.839994,1.467065,2.542022,4.258870,-0.001101,0.0112882923,0.0110088614,-9.0928665686,0.0008823266,-0.0111257784,8.3028710001,0.0001735451,0.0039984474,1.0000000000,0.0115197585,0.0116081516,-9.5696514413,0.0009021838,-0.0113775633,8.4859581472,0.0001453197,0.0041833248,1.0000000000
371,34222834932964,44.0387,1785360992.094,2,3.3180,0.7017,3.3341,0.5068,3.3260,0.6043,184.73,-0.0142,0.0213,0.0124,-0.0224,0.0224,0.40,0.007038,1.0000,0.0033,0.4995,0.1955,0,frozen,2-tag corner homography,2,1920,1200,0.200000,101;102,1,1,,2-tag corner homography,0.010703,0.482320,101,102,4.742320,4.260000,30,0.050000,0.600000,5.000000,raw-zero-distortion,590.9628888758,0.0000000000,1007.8592059077,0.0000000000,592.3761043005,547.7101609771,0.0000000000,0.0000000000,1.0000000000,-0.0359937509,0.0291287486,0.0062609452,0.0003552766,-0.0208418310,0.0000000000,0.0000000000,0.0000000000,0.0000000000,0.0000000000,1,0.000000,0.000000,72.815,750.785,1,1.495,73.390,751.322,65.589,791.348,8.533,779.716,78.924,716.496,136.317,722.207,-2.830797,0.615331,1.790209,3.405421,-0.003760,0.002299,1,4.260000,0.000000,1773.729,887.011,1,1.478,1772.597,886.834,1843.722,934.650,1761.130,935.686,1705.085,840.290,1784.902,843.844,1.895060,0.838362,1.464437,2.537456,4.258872,-0.001174,0.0115120197,0.0116888512,-9.6283602199,0.0009082008,-0.0113973498,8.4967900924,0.0001296867,0.0042091658,1.0000000000,0.0115197585,0.0116081516,-9.5696514413,0.0009021838,-0.0113775633,8.4859581472,0.0001453197,0.0041833248,1.0000000000
372,34222935609075,44.1393,1785360992.193,2,3.3152,0.7022,3.3330,0.5064,3.3241,0.6043,185.19,-0.0128,0.0172,0.0112,-0.0182,0.0182,1.21,0.021174,1.0000,0.0026,0.4995,0.1966,0,frozen,2-tag corner homography,2,1920,1200,0.200000,101;102,1,0,world_rms>0.050,2-tag corner homography,2.389419,0.465573,101,102,4.725573,4.260000,30,0.050000,0.600000,5.000000,raw-zero-distortion,590.9628888758,0.0000000000,1007.8592059077,0.0000000000,592.3761043005,547.7101609771,0.0000000000,0.0000000000,1.0000000000,-0.0359937509,0.0291287486,0.0062609452,0.0003552766,-0.0208418310,0.0000000000,0.0000000000,0.0000000000,0.0000000000,0.0000000000,1,0.000000,0.000000,73.212,750.842,1,1.023,73.416,751.430,65.861,791.462,8.395,780.336,79.508,716.046,135.772,722.375,-2.815062,0.612253,1.780308,3.386580,-0.002501,0.002229,1,4.260000,0.000000,1773.550,886.798,1,1.420,1772.501,886.785,1843.712,934.637,1760.743,935.622,1705.166,840.172,1784.820,843.835,1.894514,0.838105,1.464199,2.536825,4.258746,-0.000720,0.0002433223,-0.0042542494,3.2267415785,0.0000558808,-0.0003505477,0.2205188276,0.0000165279,-0.0011778017,1.0000000000,0.0115197585,0.0116081516,-9.5696514413,0.0009021838,-0.0113775633,8.4859581472,0.0001453197,0.0041833248,1.0000000000
373,34223036689822,44.2404,1785360992.318,2,3.3132,0.7038,3.3316,0.5051,3.3224,0.6044,185.28,-0.0124,0.0103,0.0114,-0.0114,0.0114,1.98,0.034603,1.0000,0.0030,0.4995,0.1996,0,frozen,2-tag corner homography,2,1920,1200,0.200000,101;102,1,1,,2-tag corner homography,0.010823,0.467919,101,102,4.727919,4.260000,30,0.050000,0.600000,5.000000,raw-zero-distortion,590.9628888758,0.0000000000,1007.8592059077,0.0000000000,592.3761043005,547.7101609771,0.0000000000,0.0000000000,1.0000000000,-0.0359937509,0.0291287486,0.0062609452,0.0003552766,-0.0208418310,0.0000000000,0.0000000000,0.0000000000,0.0000000000,0.0000000000,1,0.000000,0.000000,72.967,750.832,1,1.026,73.234,751.346,65.457,791.367,8.256,780.146,79.432,715.931,135.651,722.435,-2.818159,0.612555,1.781919,3.390056,-0.003210,0.002204,1,4.260000,0.000000,1773.694,887.031,1,1.491,1772.555,886.863,1843.677,934.877,1760.987,935.582,1705.072,840.115,1784.945,844.042,1.893637,0.837851,1.463417,2.535635,4.258770,-0.001226,0.0113482537,0.0114058597,-9.4023941281,0.0008922105,-0.0111959531,8.3470276552,0.0001294724,0.0041259515,1.0000000000,0.0115197585,0.0116081516,-9.5696514413,0.0009021838,-0.0113775633,8.4859581472,0.0001453197,0.0041833248,1.0000000000
374,34223185280322,44.3890,1785360992.488,2,3.3122,0.7033,3.3318,0.5078,3.3220,0.6055,185.71,-0.0090,0.0064,0.0083,-0.0072,0.0072,2.11,0.036752,1.0000,0.0031,0.4995,0.1965,0,frozen,2-tag corner homography,2,1920,1200,0.200000,101;102,1,1,,2-tag corner homography,0.011031,0.488536,101,102,4.748536,4.260000,30,0.050000,0.600000,5.000000,raw-zero-distortion,590.9628888758,0.0000000000,1007.8592059077,0.0000000000,592.3761043005,547.7101609771,0.0000000000,0.0000000000,1.0000000000,-0.0359937509,0.0291287486,0.0062609452,0.0003552766,-0.0208418310,0.0000000000,0.0000000000,0.0000000000,0.0000000000,0.0000000000,1,0.000000,0.000000,72.713,750.961,1,1.111,73.017,751.507,65.530,791.265,8.238,780.211,78.863,716.447,135.313,722.561,-2.833991,0.616341,1.791515,3.408945,-0.003553,0.001796,1,4.260000,0.000000,1773.411,886.784,1,1.301,1772.497,886.920,1843.657,934.665,1760.783,935.690,1705.484,840.483,1784.473,843.943,1.898159,0.840055,1.467023,2.541821,4.258459,-0.000712,0.0113648729,0.0114548144,-9.4397489341,0.0008956133,-0.0112489948,8.3886672217,0.0001327617,0.0041285163,1.0000000000,0.0115197585,0.0116081516,-9.5696514413,0.0009021838,-0.0113775633,8.4859581472,0.0001453197,0.0041833248,1.0000000000
375,34223343573793,44.5473,1785360992.646,2,3.3113,0.7037,3.3299,0.5084,3.3206,0.6060,185.44,-0.0065,0.0054,0.0060,-0.0060,0.0060,0.84,0.014703,1.0000,0.0035,0.4995,0.1961,0,frozen,2-tag corner homography,2,1920,1200,0.200000,101;102,1,1,,2-tag corner homography,0.010772,0.492249,101,102,4.752249,4.260000,30,0.050000,0.600000,5.000000,raw-zero-distortion,590.9628888758,0.0000000000,1007.8592059077,0.0000000000,592.3761043005,547.7101609771,0.0000000000,0.0000000000,1.0000000000,-0.0359937509,0.0291287486,0.0062609452,0.0003552766,-0.0208418310,0.0000000000,0.0000000000,0.0000000000,0.0000000000,0.0000000000,1,0.000000,0.000000,72.989,750.629,1,1.237,73.154,751.436,65.661,791.366,8.288,779.764,79.123,716.535,135.404,722.523,-2.840334,0.617596,1.795788,3.416691,-0.003715,0.002766,1,4.260000,0.000000,1773.574,886.954,1,1.440,1772.500,886.914,1843.972,934.875,1760.696,935.603,1704.938,840.232,1784.914,844.115,1.895210,0.838731,1.464738,2.537862,4.258604,-0.001072,0.0115539722,0.0116625659,-9.6103034406,0.0009108971,-0.0114339210,8.5255759839,0.0001387867,0.0042088628,1.0000000000,0.0115197585,0.0116081516,-9.5696514413,0.0009021838,-0.0113775633,8.4859581472,0.0001453197,0.0041833248,1.0000000000
376,34223493717172,44.6974,1785360992.774,2,3.3091,0.7062,3.3291,0.5078,3.3191,0.6070,185.75,-0.0087,0.0048,0.0082,-0.0057,0.0057,0.30,0.005242,1.0000,0.0025,0.4995,0.1994,0,frozen,2-tag corner homography,2,1920,1200,0.200000,101;102,1,1,,2-tag corner homography,0.010773,0.463255,101,102,4.723255,4.260000,30,0.050000,0.600000,5.000000,raw-zero-distortion,590.9628888758,0.0000000000,1007.8592059077,0.0000000000,592.3761043005,547.7101609771,0.0000000000,0.0000000000,1.0000000000,-0.0359937509,0.0291287486,0.0062609452,0.0003552766,-0.0208418310,0.0000000000,0.0000000000,0.0000000000,0.0000000000,0.0000000000,1,0.000000,0.000000,72.939,751.007,1,1.311,73.465,751.439,65.465,791.376,8.263,780.295,79.343,716.421,136.540,722.207,-2.814442,0.612176,1.780009,3.385893,-0.002794,0.001717,1,4.260000,0.000000,1773.267,886.450,1,1.170,1772.461,886.620,1843.840,934.593,1760.582,935.422,1705.421,840.167,1784.412,843.424,1.892794,0.836980,1.462945,2.534445,4.258561,0.000026,0.0115375525,0.0118438231,-9.7490872574,0.0009058541,-0.0113937020,8.4954463515,0.0001309573,0.0042229552,1.0000000000,0.0115197585,0.0116081516,-9.5696514413,0.0009021838,-0.0113775633,8.4859581472,0.0001453197,0.0041833248,1.0000000000
377,34223614428106,44.8182,1785360992.966,2,3.3080,0.7052,3.3295,0.5089,3.3187,0.6071,186.25,-0.0076,0.0042,0.0071,-0.0050,0.0050,2.12,0.037058,1.0000,0.0031,0.4995,0.1975,0,frozen,2-tag corner homography,2,1920,1200,0.200000,101;102,1,1,,2-tag corner homography,0.010790,0.474163,101,102,4.734163,4.260000,30,0.050000,0.600000,5.000000,raw-zero-distortion,590.9628888758,0.0000000000,1007.8592059077,0.0000000000,592.3761043005,547.7101609771,0.0000000000,0.0000000000,1.0000000000,-0.0359937509,0.0291287486,0.0062609452,0.0003552766,-0.0208418310,0.0000000000,0.0000000000,0.0000000000,0.0000000000,0.0000000000,1,0.000000,0.000000,73.002,750.736,1,1.339,73.353,751.402,65.374,791.460,8.205,779.881,79.422,716.462,136.182,722.317,-2.824609,0.614203,1.786226,3.397980,-0.003382,0.002476,1,4.260000,0.000000,1773.542,886.810,1,1.429,1772.473,886.742,1843.742,934.631,1760.893,935.597,1705.017,840.130,1784.702,843.762,1.893246,0.837466,1.463272,2.535132,4.258713,-0.000748,0.0116055027,0.0118029504,-9.7215538311,0.0009128954,-0.0114709777,8.5527769225,0.0001328604,0.0042485747,1.0000000000,0.0115197585,0.0116081516,-9.5696514413,0.0009021838,-0.0113775633,8.4859581472,0.0001453197,0.0041833248,1.0000000000
378,34223808376529,45.0121,1785360993.072,2,3.3072,0.7053,3.3293,0.5097,3.3182,0.6075,186.43,-0.0035,0.0021,0.0032,-0.0025,0.0025,2.05,0.035760,1.0000,0.0025,0.4995,0.1968,0,frozen,2-tag corner homography,2,1920,1200,0.200000,101;102,1,1,,2-tag corner homography,0.010932,0.482233,101,102,4.742233,4.260000,30,0.050000,0.600000,5.000000,raw-zero-distortion,590.9628888758,0.0000000000,1007.8592059077,0.0000000000,592.3761043005,547.7101609771,0.0000000000,0.0000000000,1.0000000000,-0.0359937509,0.0291287486,0.0062609452,0.0003552766,-0.0208418310,0.0000000000,0.0000000000,0.0000000000,0.0000000000,0.0000000000,1,0.000000,0.000000,72.672,751.223,1,1.244,73.167,751.641,65.386,791.468,8.645,780.349,78.940,716.604,135.583,722.605,-2.830749,0.616139,1.789753,3.405287,-0.002930,0.001067,1,4.260000,0.000000,1773.440,886.740,1,1.378,1772.428,886.744,1843.852,934.572,1760.817,935.558,1704.978,840.233,1784.552,843.770,1.895116,0.838350,1.464804,2.537705,4.258577,-0.000607,0.0115364631,0.0116060613,-9.5692641261,0.0009048228,-0.0113889468,8.4945556644,0.0001418674,0.0041921330,1.0000000000,0.0115197585,0.0116081516,-9.5696514413,0.0009021838,-0.0113775633,8.4859581472,0.0001453197,0.0041833248,1.0000000000
379,34223914269528,45.1180,1785360993.176,2,3.3079,0.7077,3.3289,0.5098,3.3184,0.6087,186.07,-0.0021,0.0040,0.0016,-0.0042,0.0042,0.48,0.008391,1.0000,0.0025,0.4995,0.1990,0,frozen,2-tag corner homography,2,1920,1200,0.200000,101;102,1,1,,2-tag corner homography,0.010996,0.482589,101,102,4.742589,4.260000,30,0.050000,0.600000,5.000000,raw-zero-distortion,590.9628888758,0.0000000000,1007.8592059077,0.0000000000,592.3761043005,547.7101609771,0.0000000000,0.0000000000,1.0000000000,-0.0359937509,0.0291287486,0.0062609452,0.0003552766,-0.0208418310,0.0000000000,0.0000000000,0.0000000000,0.0000000000,0.0000000000,1,0.000000,0.000000,73.015,750.941,1,1.174,73.309,751.542,65.486,791.394,8.545,780.039,79.421,716.522,135.638,722.677,-2.834995,0.616858,1.792709,3.410501,-0.002771,0.001916,1,4.260000,0.000000,1773.480,886.560,1,1.335,1772.532,886.664,1843.970,934.585,1760.889,935.624,1705.210,840.047,1784.513,843.569,1.890918,0.836181,1.461360,2.531865,4.258891,-0.000186,0.0115934984,0.0117391214,-9.6738905959,0.0009094462,-0.0114456780,8.5356053597,0.0001423703,0.0042218380,1.0000000000,0.0115197585,0.0116081516,-9.5696514413,0.0009021838,-0.0113775633,8.4859581472,0.0001453197,0.0041833248,1.0000000000
380,34224016939966,45.2207,1785360993.275,2,3.3064,0.7083,3.3295,0.5110,3.3180,0.6097,186.66,-0.0016,0.0081,0.0006,-0.0082,0.0082,0.86,0.014970,1.0000,0.0026,0.4995,0.1986,0,frozen,2-tag corner homography,2,1920,1200,0.200000,101;102,1,1,,2-tag corner homography,0.011042,0.473831,101,102,4.733831,4.260000,30,0.050000,0.600000,5.000000,raw-zero-distortion,590.9628888758,0.0000000000,1007.8592059077,0.0000000000,592.3761043005,547.7101609771,0.0000000000,0.0000000000,1.0000000000,-0.0359937509,0.0291287486,0.0062609452,0.0003552766,-0.0208418310,0.0000000000,0.0000000000,0.0000000000,0.0000000000,0.0000000000,1,0.000000,0.000000,72.804,751.025,1,1.117,73.127,751.546,65.331,791.413,8.341,780.283,79.212,716.392,135.486,722.575,-2.826976,0.615003,1.787290,3.400651,-0.003120,0.001640,1,4.260000,0.000000,1773.432,886.367,1,1.375,1772.474,886.528,1843.889,934.413,1760.836,935.532,1705.203,839.840,1784.415,843.499,1.890444,0.835699,1.461105,2.531205,4.259026,0.000247,0.0115785582,0.0117267868,-9.6615347333,0.0009062313,-0.0114172143,8.5145857018,0.0001401615,0.0042196663,1.0000000000,0.0115197585,0.0116081516,-9.5696514413,0.0009021838,-0.0113775633,8.4859581472,0.0001453197,0.0041833248,1.0000000000
381,34224114182696,45.3179,1785360993.379,2,3.3052,0.7090,3.3303,0.5115,3.3178,0.6102,187.26,-0.0017,0.0086,0.0006,-0.0088,0.0088,2.13,0.037258,1.0000,0.0029,0.4995,0.1990,0,frozen,2-tag corner homography,2,1920,1200,0.200000,101;102,1,1,,2-tag corner homography,0.010665,0.471366,101,102,4.731366,4.260000,30,0.050000,0.600000,5.000000,raw-zero-distortion,590.9628888758,0.0000000000,1007.8592059077,0.0000000000,592.3761043005,547.7101609771,0.0000000000,0.0000000000,1.0000000000,-0.0359937509,0.0291287486,0.0062609452,0.0003552766,-0.0208418310,0.0000000000,0.0000000000,0.0000000000,0.0000000000,0.0000000000,1,0.000000,0.000000,72.987,750.824,1,1.289,73.386,751.399,65.636,791.367,8.193,780.114,79.226,716.415,136.268,722.218,-2.820458,0.613313,1.783664,3.393021,-0.003175,0.002231,1,4.260000,0.000000,1773.809,886.892,1,1.520,1772.661,886.794,1843.863,934.699,1760.900,935.577,1705.166,840.048,1785.183,843.993,1.894750,0.838054,1.464073,2.536912,4.259196,-0.000887,0.0115224000,0.0117048404,-9.6420780091,0.0009064199,-0.0113856055,8.4890167165,0.0001311630,0.0042114649,1.0000000000,0.0115197585,0.0116081516,-9.5696514413,0.0009021838,-0.0113775633,8.4859581472,0.0001453197,0.0041833248,1.0000000000
382,34224220308874,45.4240,1785360993.474,2,3.3061,0.7061,3.3289,0.5112,3.3175,0.6086,186.67,-0.0024,0.0033,0.0020,-0.0035,0.0035,2.27,0.039540,1.0000,0.0029,0.4995,0.1962,0,frozen,2-tag corner homography,2,1920,1200,0.200000,101;102,1,1,,2-tag corner homography,0.011042,0.486356,101,102,4.746356,4.260000,30,0.050000,0.600000,5.000000,raw-zero-distortion,590.9628888758,0.0000000000,1007.8592059077,0.0000000000,592.3761043005,547.7101609771,0.0000000000,0.0000000000,1.0000000000,-0.0359937509,0.0291287486,0.0062609452,0.0003552766,-0.0208418310,0.0000000000,0.0000000000,0.0000000000,0.0000000000,0.0000000000,1,0.000000,0.000000,72.935,750.890,1,1.066,73.087,751.569,65.443,791.339,8.274,780.153,79.301,716.528,135.201,722.712,-2.836599,0.617141,1.793297,3.412194,-0.003133,0.002037,1,4.260000,0.000000,1773.462,886.764,1,1.424,1772.413,886.757,1843.744,934.609,1760.813,935.652,1704.981,840.144,1784.582,843.781,1.893140,0.837524,1.463304,2.535090,4.258595,-0.000657,0.0116022464,0.0116927001,-9.6374066229,0.0009106965,-0.0114570611,8.5446214624,0.0001439840,0.0042209856,1.0000000000,0.0115197585,0.0116081516,-9.5696514413,0.0009021838,-0.0113775633,8.4859581472,0.0001453197,0.0041833248,1.0000000000
383,34224315503656,45.5192,1785360993.590,2,3.3051,0.7081,3.3285,0.5101,3.3168,0.6091,186.73,-0.0032,-0.0007,0.0033,0.0004,-0.0004,0.68,0.011851,1.0000,0.0023,0.4995,0.1994,0,frozen,2-tag corner homography,2,1920,1200,0.200000,101;102,1,1,,2-tag corner homography,0.011339,0.500090,101,102,4.760090,4.260000,30,0.050000,0.600000,5.000000,raw-zero-distortion,590.9628888758,0.0000000000,1007.8592059077,0.0000000000,592.3761043005,547.7101609771,0.0000000000,0.0000000000,1.0000000000,-0.0359937509,0.0291287486,0.0062609452,0.0003552766,-0.0208418310,0.0000000000,0.0000000000,0.0000000000,0.0000000000,0.0000000000,1,0.000000,0.000000,73.042,751.070,1,0.830,72.984,751.784,65.502,791.484,8.588,780.411,79.495,716.483,134.342,723.164,-2.842532,0.619016,1.796851,3.419333,-0.002335,0.001569,1,4.260000,0.000000,1773.850,887.034,1,1.558,1772.682,886.966,1843.791,934.633,1761.010,935.670,1705.270,840.361,1785.129,844.313,1.901045,0.841244,1.468898,2.545452,4.259109,-0.001206,0.0114740199,0.0114879320,-9.4755363824,0.0009015499,-0.0113423521,8.4614553852,0.0001489169,0.0041461809,1.0000000000,0.0115197585,0.0116081516,-9.5696514413,0.0009021838,-0.0113775633,8.4859581472,0.0001453197,0.0041833248,1.0000000000
384,34224429961518,45.6337,1785360993.710,2,3.3032,0.7073,3.3285,0.5119,3.3159,0.6096,187.38,-0.0052,-0.0011,0.0053,0.0004,-0.0004,0.52,0.009027,1.0000,0.0018,0.4995,0.1970,0,frozen,2-tag corner homography,2,1920,1200,0.200000,101;102,1,1,,2-tag corner homography,0.010890,0.495713,101,102,4.755713,4.260000,30,0.050000,0.600000,5.000000,raw-zero-distortion,590.9628888758,0.0000000000,1007.8592059077,0.0000000000,592.3761043005,547.7101609771,0.0000000000,0.0000000000,1.0000000000,-0.0359937509,0.0291287486,0.0062609452,0.0003552766,-0.0208418310,0.0000000000,0.0000000000,0.0000000000,0.0000000000,0.0000000000,1,0.000000,0.000000,73.029,751.224,1,0.843,73.142,751.765,65.394,791.502,8.539,780.284,79.637,716.366,134.931,723.331,-2.841032,0.618738,1.796207,3.417697,-0.001938,0.001141,1,4.260000,0.000000,1773.732,886.866,1,1.425,1772.662,886.799,1843.861,934.529,1760.890,935.589,1705.271,840.337,1785.074,843.837,1.898109,0.839551,1.466668,2.541413,4.259060,-0.000843,0.0114287938,0.0114741006,-9.4632866782,0.0008968452,-0.0112961245,8.4267927613,0.0001459622,0.0041311075,1.0000000000,0.0115197585,0.0116081516,-9.5696514413,0.0009021838,-0.0113775633,8.4859581472,0.0001453197,0.0041833248,1.0000000000
385,34224551224040,45.7550,1785360993.828,2,3.3033,0.7060,3.3285,0.5113,3.3159,0.6086,187.37,-0.0052,-0.0001,0.0051,-0.0005,0.0005,1.86,0.032427,1.0000,0.0025,0.4995,0.1964,0,frozen,2-tag corner homography,2,1920,1200,0.200000,101;102,1,1,,2-tag corner homography,0.010885,0.477814,101,102,4.737814,4.260000,30,0.050000,0.600000,5.000000,raw-zero-distortion,590.9628888758,0.0000000000,1007.8592059077,0.0000000000,592.3761043005,547.7101609771,0.0000000000,0.0000000000,1.0000000000,-0.0359937509,0.0291287486,0.0062609452,0.0003552766,-0.0208418310,0.0000000000,0.0000000000,0.0000000000,0.0000000000,0.0000000000,1,0.000000,0.000000,72.922,751.033,1,1.100,73.254,751.532,65.505,791.407,8.484,780.265,79.299,716.329,135.602,722.600,-2.826762,0.614999,1.787398,3.400529,-0.002767,0.001642,1,4.260000,0.000000,1773.499,886.747,1,1.440,1772.434,886.726,1843.696,934.515,1760.829,935.599,1705.028,840.154,1784.642,843.779,1.894768,0.838145,1.464523,2.537215,4.258697,-0.000612,0.0114469602,0.0115112846,-9.4911999566,0.0008981833,-0.0112976237,8.4251081464,0.0001377942,0.0041567498,1.0000000000,0.0115197585,0.0116081516,-9.5696514413,0.0009021838,-0.0113775633,8.4859581472,0.0001453197,0.0041833248,1.0000000000
386,34224668611195,45.8723,1785360993.927,2,3.3031,0.7078,3.3278,0.5112,3.3154,0.6095,187.18,-0.0029,-0.0005,0.0029,0.0001,-0.0001,0.06,0.001100,1.0000,0.0034,0.4995,0.1981,0,frozen,2-tag corner homography,2,1920,1200,0.200000,101;102,1,1,,2-tag corner homography,0.033764,0.482753,101,102,4.742753,4.260000,30,0.050000,0.600000,5.000000,raw-zero-distortion,590.9628888758,0.0000000000,1007.8592059077,0.0000000000,592.3761043005,547.7101609771,0.0000000000,0.0000000000,1.0000000000,-0.0359937509,0.0291287486,0.0062609452,0.0003552766,-0.0208418310,0.0000000000,0.0000000000,0.0000000000,0.0000000000,0.0000000000,1,0.000000,0.000000,72.855,750.750,1,1.085,73.165,751.262,65.394,791.232,8.267,779.875,79.267,715.956,135.594,722.458,-2.826602,0.614092,1.787127,3.400090,-0.003750,0.002405,1,4.260000,0.000000,1773.835,887.147,1,1.469,1772.705,886.975,1843.731,934.806,1760.826,935.577,1705.325,840.433,1785.379,844.169,1.899971,0.840766,1.468025,2.543988,4.258935,-0.001467,0.0112150274,0.0154973484,-12.4637220246,0.0008663063,-0.0107628215,8.0166754368,0.0001244294,0.0042242921,1.0000000000,0.0115197585,0.0116081516,-9.5696514413,0.0009021838,-0.0113775633,8.4859581472,0.0001453197,0.0041833248,1.0000000000
387,34224769637075,45.9734,1785360994.028,2,3.3013,0.7082,3.3275,0.5101,3.3144,0.6092,187.53,-0.0037,-0.0005,0.0038,-0.0000,0.0000,0.15,0.002560,1.0000,0.0026,0.4995,0.1998,0,frozen,2-tag corner homography,2,1920,1200,0.200000,101;102,1,1,,2-tag corner homography,0.010553,0.469339,101,102,4.729339,4.260000,30,0.050000,0.600000,5.000000,raw-zero-distortion,590.9628888758,0.0000000000,1007.8592059077,0.0000000000,592.3761043005,547.7101609771,0.0000000000,0.0000000000,1.0000000000,-0.0359937509,0.0291287486,0.0062609452,0.0003552766,-0.0208418310,0.0000000000,0.0000000000,0.0000000000,0.0000000000,0.0000000000,1,0.000000,0.000000,72.992,750.931,1,1.319,73.488,751.412,65.730,791.428,8.528,780.209,79.191,716.355,136.318,722.169,-2.817235,0.612720,1.781819,3.389265,-0.002864,0.001939,1,4.260000,0.000000,1773.764,886.942,1,1.700,1772.450,886.721,1843.562,934.407,1760.744,935.610,1704.725,839.993,1785.253,843.993,1.896102,0.838703,1.465523,2.538972,4.259036,-0.001009,0.0114434667,0.0115623792,-9.5305533120,0.0008985245,-0.0112912093,8.4187103554,0.0001345675,0.0041632452,1.0000000000,0.0115197585,0.0116081516,-9.5696514413,0.0009021838,-0.0113775633,8.4859581472,0.0001453197,0.0041833248,1.0000000000
388,34224873357233,46.0771,1785360994.160,2,3.3015,0.7067,3.3284,0.5107,3.3150,0.6087,187.83,-0.0037,-0.0002,0.0037,-0.0003,0.0003,1.04,0.018084,1.0000,0.0018,0.4995,0.1978,0,frozen,2-tag corner homography,2,1920,1200,0.200000,101;102,1,1,,2-tag corner homography,0.010652,0.475276,101,102,4.735276,4.260000,30,0.050000,0.600000,5.000000,raw-zero-distortion,590.9628888758,0.0000000000,1007.8592059077,0.0000000000,592.3761043005,547.7101609771,0.0000000000,0.0000000000,1.0000000000,-0.0359937509,0.0291287486,0.0062609452,0.0003552766,-0.0208418310,0.0000000000,0.0000000000,0.0000000000,0.0000000000,0.0000000000,1,0.000000,0.000000,72.973,751.262,1,1.224,73.502,751.613,65.408,791.505,8.619,780.419,79.515,716.460,136.276,722.582,-2.819529,0.613832,1.783298,3.392151,-0.001987,0.001025,1,4.260000,0.000000,1773.707,886.826,1,1.424,1772.655,886.835,1844.000,934.522,1760.740,935.582,1705.249,840.375,1785.108,843.958,1.899801,0.840397,1.467990,2.543719,4.259056,-0.000755,0.0115768068,0.0117576114,-9.6896703910,0.0009094492,-0.0114373054,8.5299743980,0.0001391285,0.0042207917,1.0000000000,0.0115197585,0.0116081516,-9.5696514413,0.0009021838,-0.0113775633,8.4859581472,0.0001453197,0.0041833248,1.0000000000
389,34225032326235,46.2361,1785360994.358,2,3.3005,0.7076,3.3281,0.5120,3.3143,0.6098,188.06,-0.0013,0.0021,0.0010,-0.0023,0.0023,1.75,0.030516,1.0000,0.0016,0.4995,0.1975,0,frozen,2-tag corner homography,2,1920,1200,0.200000,101;102,1,1,,2-tag corner homography,0.010963,0.494181,101,102,4.754181,4.260000,30,0.050000,0.600000,5.000000,raw-zero-distortion,590.9628888758,0.0000000000,1007.8592059077,0.0000000000,592.3761043005,547.7101609771,0.0000000000,0.0000000000,1.0000000000,-0.0359937509,0.0291287486,0.0062609452,0.0003552766,-0.0208418310,0.0000000000,0.0000000000,0.0000000000,0.0000000000,0.0000000000,1,0.000000,0.000000,73.197,751.150,1,0.892,73.277,751.770,65.667,791.568,8.700,780.328,79.667,716.424,135.016,723.185,-2.838450,0.618279,1.794832,3.414746,-0.001678,0.001381,1,4.260000,0.000000,1773.728,886.643,1,1.404,1772.716,886.716,1844.034,934.232,1761.126,935.669,1705.387,840.384,1784.771,843.680,1.899271,0.839801,1.467462,2.542821,4.259331,-0.000332,0.0114020971,0.0114257792,-9.4266161936,0.0008941279,-0.0112681856,8.4058942322,0.0001442473,0.0041206614,1.0000000000,0.0115197585,0.0116081516,-9.5696514413,0.0009021838,-0.0113775633,8.4859581472,0.0001453197,0.0041833248,1.0000000000
390,34225222555045,46.4263,1785360994.511,2,3.3001,0.7077,3.3272,0.5116,3.3137,0.6097,187.85,-0.0033,0.0025,0.0029,-0.0030,0.0030,0.31,0.005454,1.0000,0.0023,0.4995,0.1980,0,frozen,2-tag corner homography,2,1920,1200,0.200000,101;102,1,1,,2-tag corner homography,0.010976,0.484341,101,102,4.744341,4.260000,30,0.050000,0.600000,5.000000,raw-zero-distortion,590.9628888758,0.0000000000,1007.8592059077,0.0000000000,592.3761043005,547.7101609771,0.0000000000,0.0000000000,1.0000000000,-0.0359937509,0.0291287486,0.0062609452,0.0003552766,-0.0208418310,0.0000000000,0.0000000000,0.0000000000,0.0000000000,0.0000000000,1,0.000000,0.000000,72.920,751.087,1,1.101,73.225,751.616,65.472,791.435,8.506,780.351,79.307,716.489,135.492,722.660,-2.829177,0.615759,1.788870,3.403448,-0.002624,0.001495,1,4.260000,0.000000,1773.688,886.819,1,1.450,1772.598,886.759,1843.720,934.477,1760.650,935.508,1705.268,840.258,1785.190,843.869,1.898953,0.839898,1.467442,2.542605,4.259023,-0.000743,0.0113788591,0.0112552270,-9.2943781332,0.0008911250,-0.0112193428,8.3680939004,0.0001428723,0.0041070893,1.0000000000,0.0115197585,0.0116081516,-9.5696514413,0.0009021838,-0.0113775633,8.4859581472,0.0001453197,0.0041833248,1.0000000000
391,34225361299598,46.5650,1785360994.652,2,3.3012,0.7083,3.3266,0.5107,3.3139,0.6095,187.33,-0.0018,-0.0000,0.0018,-0.0002,0.0002,-1.48,-0.025892,1.0000,0.0036,0.4995,0.1993,0,frozen,2-tag corner homography,2,1920,1200,0.200000,101;102,1,1,,2-tag corner homography,0.011272,0.493387,101,102,4.753387,4.260000,30,0.050000,0.600000,5.000000,raw-zero-distortion,590.9628888758,0.0000000000,1007.8592059077,0.0000000000,592.3761043005,547.7101609771,0.0000000000,0.0000000000,1.0000000000,-0.0359937509,0.0291287486,0.0062609452,0.0003552766,-0.0208418310,0.0000000000,0.0000000000,0.0000000000,0.0000000000,0.0000000000,1,0.000000,0.000000,73.091,750.531,1,1.074,73.021,751.448,65.425,791.423,8.489,779.851,79.500,716.340,134.617,722.607,-2.838965,0.617247,1.794666,3.414900,-0.003706,0.003056,1,4.260000,0.000000,1773.732,886.961,1,1.525,1772.588,886.895,1843.735,934.719,1760.747,935.593,1705.181,840.195,1785.151,844.193,1.897865,0.839763,1.466622,2.541274,4.258941,-0.001060,0.0114432768,0.0114666149,-9.4537736328,0.0008999695,-0.0113005277,8.4263695997,0.0001464055,0.0041373894,1.0000000000,0.0115197585,0.0116081516,-9.5696514413,0.0009021838,-0.0113775633,8.4859581472,0.0001453197,0.0041833248,1.0000000000
392,34225495469874,46.6992,1785360994.814,2,3.3004,0.7047,3.3275,0.5106,3.3140,0.6076,187.95,0.0003,-0.0053,0.0004,0.0053,-0.0053,-0.19,-0.003360,1.0000,0.0020,0.4995,0.1959,0,frozen,2-tag corner homography,2,1920,1200,0.200000,101;102,1,1,,2-tag corner homography,0.011005,0.492029,101,102,4.752029,4.260000,30,0.050000,0.600000,5.000000,raw-zero-distortion,590.9628888758,0.0000000000,1007.8592059077,0.0000000000,592.3761043005,547.7101609771,0.0000000000,0.0000000000,1.0000000000,-0.0359937509,0.0291287486,0.0062609452,0.0003552766,-0.0208418310,0.0000000000,0.0000000000,0.0000000000,0.0000000000,0.0000000000,1,0.000000,0.000000,73.075,751.206,1,0.805,73.068,751.848,65.508,791.612,8.642,780.424,79.590,716.417,134.519,723.342,-2.841222,0.618979,1.796184,3.417887,-0.001863,0.001203,1,4.260000,0.000000,1773.264,886.705,1,1.390,1772.238,886.692,1843.846,934.505,1760.729,935.537,1704.610,840.211,1784.304,843.700,1.894150,0.838000,1.464420,2.536646,4.258235,-0.000559,0.0115226232,0.0115027246,-9.4918219581,0.0009014294,-0.0113653093,8.4793677586,0.0001509512,0.0041632643,1.0000000000,0.0115197585,0.0116081516,-9.5696514413,0.0009021838,-0.0113775633,8.4859581472,0.0001453197,0.0041833248,1.0000000000
393,34225662396975,46.8661,1785360994.953,2,3.3006,0.7065,3.3267,0.5099,3.3136,0.6082,187.57,-0.0007,-0.0042,0.0013,0.0040,-0.0040,0.51,0.008850,1.0000,0.0022,0.4995,0.1983,0,frozen,2-tag corner homography,2,1920,1200,0.200000,101;102,1,1,,2-tag corner homography,0.010954,0.476443,101,102,4.736443,4.260000,30,0.050000,0.600000,5.000000,raw-zero-distortion,590.9628888758,0.0000000000,1007.8592059077,0.0000000000,592.3761043005,547.7101609771,0.0000000000,0.0000000000,1.0000000000,-0.0359937509,0.0291287486,0.0062609452,0.0003552766,-0.0208418310,0.0000000000,0.0000000000,0.0000000000,0.0000000000,0.0000000000,1,0.000000,0.000000,73.005,751.067,1,1.057,73.242,751.639,65.502,791.438,8.562,780.439,79.428,716.507,135.366,722.643,-2.828049,0.615594,1.788189,3.402123,-0.002445,0.001568,1,4.260000,0.000000,1773.406,886.517,1,1.333,1772.450,886.604,1844.068,934.481,1760.696,935.534,1704.971,840.066,1784.559,843.504,1.892002,0.836603,1.462355,2.533389,4.258780,-0.000103,0.0116341349,0.0117311514,-9.6713364354,0.0009092923,-0.0114565305,8.5449220862,0.0001501073,0.0042241207,1.0000000000,0.0115197585,0.0116081516,-9.5696514413,0.0009021838,-0.0113775633,8.4859581472,0.0001453197,0.0041833248,1.0000000000
394,34225821781070,47.0255,1785360995.147,2,3.3003,0.7068,3.3269,0.5084,3.3136,0.6076,187.64,-0.0011,-0.0010,0.0012,0.0009,-0.0009,-0.62,-0.010856,1.0000,0.0027,0.4995,0.2002,0,frozen,2-tag corner homography,2,1920,1200,0.200000,101;102,1,1,,2-tag corner homography,0.010886,0.477942,101,102,4.737942,4.260000,30,0.050000,0.600000,5.000000,raw-zero-distortion,590.9628888758,0.0000000000,1007.8592059077,0.0000000000,592.3761043005,547.7101609771,0.0000000000,0.0000000000,1.0000000000,-0.0359937509,0.0291287486,0.0062609452,0.0003552766,-0.0208418310,0.0000000000,0.0000000000,0.0000000000,0.0000000000,0.0000000000,1,0.000000,0.000000,72.975,750.888,1,1.053,73.217,751.453,65.478,791.330,8.415,780.140,79.400,716.232,135.451,722.581,-2.828304,0.615072,1.788301,3.402299,-0.003028,0.002052,1,4.260000,0.000000,1773.649,886.799,1,1.542,1772.488,886.700,1843.730,934.475,1760.925,935.667,1704.913,840.037,1784.854,843.769,1.893245,0.837346,1.463242,2.535074,4.258963,-0.000704,0.0114875426,0.0116586380,-9.6035584094,0.0009017939,-0.0113370341,8.4534563198,0.0001412252,0.0041739773,1.0000000000,0.0115197585,0.0116081516,-9.5696514413,0.0009021838,-0.0113775633,8.4859581472,0.0001453197,0.0041833248,1.0000000000
395,34225999203865,47.2029,1785360995.267,2,3.2984,0.7050,3.3271,0.5070,3.3127,0.6060,188.27,-0.0024,-0.0056,0.0031,0.0052,-0.0052,1.59,0.027680,1.0000,0.0032,0.4995,0.2001,0,frozen,2-tag corner homography,2,1920,1200,0.200000,101;102,1,1,,2-tag corner homography,0.011197,0.498242,101,102,4.758242,4.260000,30,0.050000,0.600000,5.000000,raw-zero-distortion,590.9628888758,0.0000000000,1007.8592059077,0.0000000000,592.3761043005,547.7101609771,0.0000000000,0.0000000000,1.0000000000,-0.0359937509,0.0291287486,0.0062609452,0.0003552766,-0.0208418310,0.0000000000,0.0000000000,0.0000000000,0.0000000000,0.0000000000,1,0.000000,0.000000,72.895,750.783,1,1.212,73.139,751.476,65.397,791.409,8.528,779.818,79.227,716.476,135.293,722.637,-2.839836,0.617596,1.795443,3.416096,-0.003544,0.002322,1,4.260000,0.000000,1773.743,887.034,1,1.484,1772.620,886.938,1843.646,934.569,1760.824,935.627,1705.299,840.493,1785.149,844.132,1.901954,0.841644,1.469720,2.546737,4.258873,-0.001226,0.0113938422,0.0111686237,-9.2277521522,0.0008963127,-0.0112606781,8.3973882048,0.0001391164,0.0041187007,1.0000000000,0.0115197585,0.0116081516,-9.5696514413,0.0009021838,-0.0113775633,8.4859581472,0.0001453197,0.0041833248,1.0000000000
396,34226110182716,47.3139,1785360995.368,2,3.2993,0.7038,3.3278,0.5070,3.3135,0.6054,188.25,-0.0012,-0.0069,0.0022,0.0067,-0.0067,2.00,0.034987,1.0000,0.0028,0.4995,0.1988,0,frozen,2-tag corner homography,2,1920,1200,0.200000,101;102,1,1,,2-tag corner homography,0.011153,0.481138,101,102,4.741138,4.260000,30,0.050000,0.600000,5.000000,raw-zero-distortion,590.9628888758,0.0000000000,1007.8592059077,0.0000000000,592.3761043005,547.7101609771,0.0000000000,0.0000000000,1.0000000000,-0.0359937509,0.0291287486,0.0062609452,0.0003552766,-0.0208418310,0.0000000000,0.0000000000,0.0000000000,0.0000000000,0.0000000000,1,0.000000,0.000000,73.106,750.790,1,1.057,73.216,751.500,65.300,791.499,8.488,780.014,79.727,716.264,135.241,722.688,-2.829997,0.615581,1.789371,3.404361,-0.002940,0.002350,1,4.260000,0.000000,1773.269,886.442,1,1.214,1772.430,886.609,1843.739,934.446,1760.658,935.436,1705.397,840.207,1784.333,843.460,1.894774,0.837862,1.464537,2.537134,4.258574,0.000046,0.0114304415,0.0115052782,-9.4847350242,0.0008961777,-0.0112799562,8.4116493701,0.0001406120,0.0041438215,1.0000000000,0.0115197585,0.0116081516,-9.5696514413,0.0009021838,-0.0113775633,8.4859581472,0.0001453197,0.0041833248,1.0000000000
397,34226212497343,47.4162,1785360995.477,2,3.2985,0.7036,3.3290,0.5078,3.3137,0.6057,188.84,0.0024,-0.0035,-0.0018,0.0038,-0.0038,2.40,0.041911,1.0000,0.0035,0.4995,0.1981,0,frozen,2-tag corner homography,2,1920,1200,0.200000,101;102,1,1,,2-tag corner homography,0.012245,0.524279,101,102,4.784279,4.260000,30,0.050000,0.600000,5.000000,raw-zero-distortion,590.9628888758,0.0000000000,1007.8592059077,0.0000000000,592.3761043005,547.7101609771,0.0000000000,0.0000000000,1.0000000000,-0.0359937509,0.0291287486,0.0062609452,0.0003552766,-0.0208418310,0.0000000000,0.0000000000,0.0000000000,0.0000000000,0.0000000000,1,0.000000,0.000000,73.246,750.458,1,0.969,72.106,751.924,65.624,791.482,8.509,780.115,79.588,716.323,131.000,724.000,-2.877017,0.626367,1.816942,3.459890,-0.003480,0.003290,1,4.260000,0.000000,1773.384,886.399,1,1.304,1772.496,886.622,1844.166,934.696,1760.609,935.501,1705.182,839.862,1784.512,843.626,1.889362,0.835428,1.460226,2.529800,4.258881,0.000165,0.0112784484,0.0109556800,-9.0527875654,0.0008777176,-0.0110836830,8.2709086936,0.0001768576,0.0039854925,1.0000000000,0.0115197585,0.0116081516,-9.5696514413,0.0009021838,-0.0113775633,8.4859581472,0.0001453197,0.0041833248,1.0000000000
398,34226338423040,47.5422,1785360995.627,2,3.2983,0.7041,3.3270,0.5057,3.3127,0.6049,188.21,0.0006,-0.0030,-0.0002,0.0031,-0.0031,0.94,0.016436,1.0000,0.0029,0.4995,0.2004,0,frozen,2-tag corner homography,2,1920,1200,0.200000,101;102,1,1,,2-tag corner homography,0.011002,0.477746,101,102,4.737746,4.260000,30,0.050000,0.600000,5.000000,raw-zero-distortion,590.9628888758,0.0000000000,1007.8592059077,0.0000000000,592.3761043005,547.7101609771,0.0000000000,0.0000000000,1.0000000000,-0.0359937509,0.0291287486,0.0062609452,0.0003552766,-0.0208418310,0.0000000000,0.0000000000,0.0000000000,0.0000000000,0.0000000000,1,0.000000,0.000000,73.061,750.787,1,1.089,73.203,751.497,65.616,791.467,8.357,780.157,79.369,716.321,135.355,722.511,-2.827274,0.614970,1.787624,3.401068,-0.003072,0.002347,1,4.260000,0.000000,1773.549,886.767,1,1.297,1772.598,886.768,1843.986,934.784,1760.980,935.467,1705.254,840.210,1784.644,843.779,1.894132,0.837787,1.463718,2.536157,4.258783,-0.000649,0.0114397106,0.0115028026,-9.4833199354,0.0008982877,-0.0112928326,8.4210843581,0.0001357663,0.0041578836,1.0000000000,0.0115197585,0.0116081516,-9.5696514413,0.0009021838,-0.0113775633,8.4859581472,0.0001453197,0.0041833248,1.0000000000
399,34226485565008,47.6893,1785360995.776,2,3.2970,0.7023,3.3264,0.5058,3.3117,0.6041,188.50,-0.0054,-0.0052,0.0061,0.0044,-0.0044,-0.64,-0.011128,1.0000,0.0027,0.4995,0.1987,0,frozen,2-tag corner homography,2,1920,1200,0.200000,101;102,1,1,,2-tag corner homography,0.011004,0.487161,101,102,4.747161,4.260000,30,0.050000,0.600000,5.000000,raw-zero-distortion,590.9628888758,0.0000000000,1007.8592059077,0.0000000000,592.3761043005,547.7101609771,0.0000000000,0.0000000000,1.0000000000,-0.0359937509,0.0291287486,0.0062609452,0.0003552766,-0.0208418310,0.0000000000,0.0000000000,0.0000000000,0.0000000000,0.0000000000,1,0.000000,0.000000,72.897,750.957,1,1.082,73.118,751.569,65.387,791.401,8.407,780.247,79.305,716.456,135.260,722.634,-2.831267,0.616000,1.789987,3.405816,-0.003050,0.001845,1,4.260000,0.000000,1773.694,886.924,1,1.496,1772.583,886.910,1843.745,934.638,1760.663,935.617,1705.247,840.303,1785.134,844.177,1.899633,0.840588,1.467997,2.543661,4.258905,-0.000983,0.0115037586,0.0116014355,-9.5620118367,0.0009046068,-0.0113679342,8.4780057949,0.0001427667,0.0041760184,1.0000000000,0.0115197585,0.0116081516,-9.5696514413,0.0009021838,-0.0113775633,8.4859581472,0.0001453197,0.0041833248,1.0000000000
400,34226622147135,47.8259,1785360995.891,2,3.2961,0.7028,3.3262,0.5051,3.3111,0.6039,188.65,-0.0054,-0.0039,0.0059,0.0030,-0.0030,0.95,0.016619,1.0000,0.0023,0.4995,0.1999,0,frozen,2-tag corner homography,2,1920,1200,0.200000,101;102,1,1,,2-tag corner homography,0.010953,0.489443,101,102,4.749443,4.260000,30,0.050000,0.600000,5.000000,raw-zero-distortion,590.9628888758,0.0000000000,1007.8592059077,0.0000000000,592.3761043005,547.7101609771,0.0000000000,0.0000000000,1.0000000000,-0.0359937509,0.0291287486,0.0062609452,0.0003552766,-0.0208418310,0.0000000000,0.0000000000,0.0000000000,0.0000000000,0.0000000000,1,0.000000,0.000000,73.137,751.067,1,0.859,73.150,751.733,65.674,791.451,8.654,780.332,79.537,716.435,134.703,723.125,-2.841471,0.618740,1.796499,3.418217,-0.002079,0.001597,1,4.260000,0.000000,1773.302,886.725,1,1.253,1772.369,886.683,1844.045,934.775,1760.673,935.426,1704.779,840.182,1784.501,843.542,1.891160,0.836513,1.461859,2.532444,4.258294,-0.000596,0.0115559984,0.0115819042,-9.5533898935,0.0009040954,-0.0113905217,8.4967525348,0.0001526944,0.0041781096,1.0000000000,0.0115197585,0.0116081516,-9.5696514413,0.0009021838,-0.0113775633,8.4859581472,0.0001453197,0.0041833248,1.0000000000
401,34226744371932,47.9481,1785360996.025,2,3.2954,0.7025,3.3268,0.5039,3.3111,0.6032,188.99,-0.0034,-0.0036,0.0040,0.0030,-0.0030,1.59,0.027763,1.0000,0.0024,0.4995,0.2010,0,frozen,2-tag corner homography,2,1920,1200,0.200000,101;102,1,1,,2-tag corner homography,0.011737,0.499615,101,102,4.759615,4.260000,30,0.050000,0.600000,5.000000,raw-zero-distortion,590.9628888758,0.0000000000,1007.8592059077,0.0000000000,592.3761043005,547.7101609771,0.0000000000,0.0000000000,1.0000000000,-0.0359937509,0.0291287486,0.0062609452,0.0003552766,-0.0208418310,0.0000000000,0.0000000000,0.0000000000,0.0000000000,0.0000000000,1,0.000000,0.000000,72.772,751.162,1,0.844,72.784,751.817,65.295,791.483,8.469,780.327,79.194,716.529,134.174,723.313,-2.848778,0.620342,1.800414,3.426639,-0.002825,0.001257,1,4.260000,0.000000,1773.346,886.583,1,1.202,1772.492,886.691,1844.001,934.629,1760.545,935.473,1705.250,840.277,1784.623,843.511,1.893942,0.837629,1.463774,2.535995,4.258566,-0.000264,0.0133598552,0.0136108482,-11.2070383177,0.0010446562,-0.0131815628,9.8340335629,0.0001661644,0.0050363776,1.0000000000,0.0115197585,0.0116081516,-9.5696514413,0.0009021838,-0.0113775633,8.4859581472,0.0001453197,0.0041833248,1.0000000000
402,34226871872941,48.0756,1785360996.149,2,3.2949,0.7000,3.3270,0.5028,3.3109,0.6014,189.24,-0.0016,-0.0083,0.0030,0.0080,-0.0080,2.12,0.037021,1.0000,0.0030,0.4995,0.1998,0,frozen,2-tag corner homography,2,1920,1200,0.200000,101;102,1,1,,2-tag corner homography,0.010697,0.483433,101,102,4.743433,4.260000,30,0.050000,0.600000,5.000000,raw-zero-distortion,590.9628888758,0.0000000000,1007.8592059077,0.0000000000,592.3761043005,547.7101609771,0.0000000000,0.0000000000,1.0000000000,-0.0359937509,0.0291287486,0.0062609452,0.0003552766,-0.0208418310,0.0000000000,0.0000000000,0.0000000000,0.0000000000,0.0000000000,1,0.000000,0.000000,72.872,750.851,1,1.417,73.385,751.394,65.382,791.436,8.448,779.635,79.219,716.458,136.280,722.522,-2.833977,0.616238,1.792211,3.409280,-0.003417,0.002130,1,4.260000,0.000000,1773.306,886.400,1,1.314,1772.387,886.551,1843.764,934.430,1760.632,935.423,1705.201,839.973,1784.391,843.525,1.892880,0.836929,1.463153,2.534613,4.258709,0.000148,0.0115209694,0.0117038743,-9.6410664164,0.0009066520,-0.0114069458,8.5049869771,0.0001300622,0.0042126267,1.0000000000,0.0115197585,0.0116081516,-9.5696514413,0.0009021838,-0.0113775633,8.4859581472,0.0001453197,0.0041833248,1.0000000000
403,34226993758643,48.1975,1785360996.311,2,3.2941,0.6998,3.3282,0.5026,3.3112,0.6012,189.80,-0.0002,-0.0080,0.0016,0.0079,-0.0079,2.87,0.050177,1.0000,0.0021,0.4995,0.2001,0,frozen,2-tag corner homography,2,1920,1200,0.200000,101;102,1,1,,2-tag corner homography,0.010997,0.485975,101,102,4.745975,4.260000,30,0.050000,0.600000,5.000000,raw-zero-distortion,590.9628888758,0.0000000000,1007.8592059077,0.0000000000,592.3761043005,547.7101609771,0.0000000000,0.0000000000,1.0000000000,-0.0359937509,0.0291287486,0.0062609452,0.0003552766,-0.0208418310,0.0000000000,0.0000000000,0.0000000000,0.0000000000,0.0000000000,1,0.000000,0.000000,72.970,751.127,1,0.841,73.042,751.714,65.410,791.466,8.511,780.281,79.494,716.320,134.708,723.205,-2.840454,0.618390,1.795648,3.416861,-0.002373,0.001395,1,4.260000,0.000000,1773.675,886.681,1,1.372,1772.673,886.711,1844.238,934.911,1760.771,935.525,1705.163,839.853,1785.015,843.756,1.888624,0.835129,1.459317,2.528626,4.259166,-0.000430,0.0115164078,0.0116163705,-9.5749234680,0.0009008500,-0.0113474565,8.4644246718,0.0001509624,0.0041662023,1.0000000000,0.0115197585,0.0116081516,-9.5696514413,0.0009021838,-0.0113775633,8.4859581472,0.0001453197,0.0041833248,1.0000000000
404,34227169104431,48.3728,1785360996.477,2,3.2942,0.7001,3.3289,0.5024,3.3115,0.6013,189.95,0.0016,-0.0017,-0.0013,0.0020,-0.0020,2.40,0.041919,1.0000,0.0020,0.4995,0.2008,0,frozen,2-tag corner homography,2,1920,1200,0.200000,101;102,1,1,,2-tag corner homography,0.011062,0.484488,101,102,4.744488,4.260000,30,0.050000,0.600000,5.000000,raw-zero-distortion,590.9628888758,0.0000000000,1007.8592059077,0.0000000000,592.3761043005,547.7101609771,0.0000000000,0.0000000000,1.0000000000,-0.0359937509,0.0291287486,0.0062609452,0.0003552766,-0.0208418310,0.0000000000,0.0000000000,0.0000000000,0.0000000000,0.0000000000,1,0.000000,0.000000,73.061,751.133,1,0.947,73.235,751.693,65.608,791.450,8.535,780.295,79.478,716.425,135.228,723.038,-2.837022,0.617705,1.793849,3.412938,-0.002104,0.001398,1,4.260000,0.000000,1773.500,886.653,1,1.302,1772.575,886.753,1843.891,934.781,1760.816,935.627,1705.385,840.080,1784.631,843.677,1.890737,0.836272,1.461138,2.531632,4.258818,-0.000397,0.0114213376,0.0113754198,-9.3887999512,0.0008940850,-0.0112603444,8.3993415001,0.0001415497,0.0041327653,1.0000000000,0.0115197585,0.0116081516,-9.5696514413,0.0009021838,-0.0113775633,8.4859581472,0.0001453197,0.0041833248,1.0000000000
405,34227330627862,48.5344,1785360996.616,2,3.2936,0.7011,3.3280,0.5019,3.3108,0.6015,189.78,-0.0005,0.0002,0.0005,-0.0003,0.0003,0.49,0.008509,1.0000,0.0028,0.4995,0.2021,0,frozen,2-tag corner homography,2,1920,1200,0.200000,101;102,1,1,,2-tag corner homography,0.011007,0.480415,101,102,4.740415,4.260000,30,0.050000,0.600000,5.000000,raw-zero-distortion,590.9628888758,0.0000000000,1007.8592059077,0.0000000000,592.3761043005,547.7101609771,0.0000000000,0.0000000000,1.0000000000,-0.0359937509,0.0291287486,0.0062609452,0.0003552766,-0.0208418310,0.0000000000,0.0000000000,0.0000000000,0.0000000000,0.0000000000,1,0.000000,0.000000,72.971,750.896,1,1.087,73.219,751.483,65.571,791.270,8.462,780.193,79.293,716.402,135.426,722.531,-2.831280,0.615810,1.790187,3.405898,-0.003018,0.002030,1,4.260000,0.000000,1773.426,886.656,1,1.383,1772.422,886.701,1843.748,934.567,1760.729,935.611,1705.085,840.096,1784.572,843.678,1.892641,0.837155,1.462902,2.534364,4.258650,-0.000418,0.0115208829,0.0116269253,-9.5825648388,0.0009038203,-0.0113665023,8.4759136311,0.0001426887,0.0041845969,1.0000000000,0.0115197585,0.0116081516,-9.5696514413,0.0009021838,-0.0113775633,8.4859581472,0.0001453197,0.0041833248,1.0000000000
406,34227460314969,48.6640,1785360996.721,2,3.2939,0.6979,3.3278,0.5030,3.3108,0.6004,189.85,-0.0019,-0.0019,0.0022,0.0015,-0.0015,-0.13,-0.002234,1.0000,0.0029,0.4995,0.1979,0,frozen,2-tag corner homography,2,1920,1200,0.200000,101;102,1,1,,2-tag corner homography,0.012959,0.472631,101,102,4.732631,4.260000,30,0.050000,0.600000,5.000000,raw-zero-distortion,590.9628888758,0.0000000000,1007.8592059077,0.0000000000,592.3761043005,547.7101609771,0.0000000000,0.0000000000,1.0000000000,-0.0359937509,0.0291287486,0.0062609452,0.0003552766,-0.0208418310,0.0000000000,0.0000000000,0.0000000000,0.0000000000,0.0000000000,1,0.000000,0.000000,73.059,750.790,1,1.231,73.451,751.329,65.841,791.253,8.243,780.180,79.214,716.287,136.296,722.117,-2.817784,0.612565,1.782097,3.389840,-0.003069,0.002338,1,4.260000,0.000000,1773.839,886.975,1,1.520,1772.696,886.900,1843.815,934.616,1760.928,935.671,1705.291,840.306,1785.203,844.109,1.898873,0.840103,1.467194,2.542469,4.259158,-0.001072,0.0163119147,0.0181293145,-14.8211608266,0.0012922139,-0.0162099720,12.0823084882,0.0001322865,0.0065934679,1.0000000000,0.0115197585,0.0116081516,-9.5696514413,0.0009021838,-0.0113775633,8.4859581472,0.0001453197,0.0041833248,1.0000000000
407,34227563946890,48.7677,1785360996.842,2,3.2949,0.6969,3.3281,0.5004,3.3115,0.5986,189.56,0.0012,-0.0081,0.0002,0.0082,-0.0082,-0.58,-0.010137,1.0000,0.0030,0.4995,0.1994,0,frozen,2-tag corner homography,2,1920,1200,0.200000,101;102,1,1,,2-tag corner homography,0.010997,0.480631,101,102,4.740631,4.260000,30,0.050000,0.600000,5.000000,raw-zero-distortion,590.9628888758,0.0000000000,1007.8592059077,0.0000000000,592.3761043005,547.7101609771,0.0000000000,0.0000000000,1.0000000000,-0.0359937509,0.0291287486,0.0062609452,0.0003552766,-0.0208418310,0.0000000000,0.0000000000,0.0000000000,0.0000000000,0.0000000000,1,0.000000,0.000000,72.799,750.892,1,1.097,73.067,751.464,65.355,791.350,8.310,780.115,79.166,716.292,135.317,722.563,-2.830217,0.615422,1.789224,3.404437,-0.003505,0.002002,1,4.260000,0.000000,1773.483,886.713,1,1.438,1772.458,886.825,1843.782,934.748,1760.615,935.613,1705.183,840.044,1784.710,844.049,1.893996,0.838020,1.463881,2.536227,4.258706,-0.000537,0.0114616637,0.0115498376,-9.5183241894,0.0009007975,-0.0113172351,8.4390074744,0.0001377002,0.0041656001,1.0000000000,0.0115197585,0.0116081516,-9.5696514413,0.0009021838,-0.0113775633,8.4859581472,0.0001453197,0.0041833248,1.0000000000
408,34227687605468,48.8913,1785360997.021,2,3.2956,0.6974,3.3287,0.5012,3.3122,0.5993,189.57,0.0043,-0.0057,-0.0033,0.0063,-0.0063,-1.01,-0.017585,1.0000,0.0028,0.4995,0.1990,0,frozen,2-tag corner homography,2,1920,1200,0.200000,101;102,1,1,,2-tag corner homography,0.010938,0.489289,101,102,4.749289,4.260000,30,0.050000,0.600000,5.000000,raw-zero-distortion,590.9628888758,0.0000000000,1007.8592059077,0.0000000000,592.3761043005,547.7101609771,0.0000000000,0.0000000000,1.0000000000,-0.0359937509,0.0291287486,0.0062609452,0.0003552766,-0.0208418310,0.0000000000,0.0000000000,0.0000000000,0.0000000000,0.0000000000,1,0.000000,0.000000,73.160,750.768,1,1.035,73.197,751.554,65.912,791.348,8.184,780.212,79.281,716.497,135.284,722.616,-2.834096,0.616623,1.791927,3.409300,-0.002853,0.002422,1,4.260000,0.000000,1773.675,886.911,1,1.464,1772.588,886.889,1843.651,934.678,1760.720,935.578,1705.348,840.270,1785.064,844.126,1.898813,0.840168,1.467354,2.542538,4.258878,-0.000956,0.0113948443,0.0114853558,-9.4674378068,0.0008972465,-0.0112754830,8.4088277539,0.0001352355,0.0041378062,1.0000000000,0.0115197585,0.0116081516,-9.5696514413,0.0009021838,-0.0113775633,8.4859581472,0.0001453197,0.0041833248,1.0000000000
409,34227904634155,49.1084,1785360997.228,2,3.2957,0.6973,3.3294,0.5002,3.3125,0.5988,189.69,0.0030,-0.0007,-0.0028,0.0012,-0.0012,0.22,0.003852,1.0000,0.0027,0.4995,0.2000,0,frozen,2-tag corner homography,2,1920,1200,0.200000,101;102,1,1,,2-tag corner homography,0.011245,0.482055,101,102,4.742055,4.260000,30,0.050000,0.600000,5.000000,raw-zero-distortion,590.9628888758,0.0000000000,1007.8592059077,0.0000000000,592.3761043005,547.7101609771,0.0000000000,0.0000000000,1.0000000000,-0.0359937509,0.0291287486,0.0062609452,0.0003552766,-0.0208418310,0.0000000000,0.0000000000,0.0000000000,0.0000000000,0.0000000000,1,0.000000,0.000000,72.992,750.918,1,1.089,73.084,751.683,65.673,791.567,8.556,780.369,79.169,716.610,134.886,722.628,-2.833411,0.616792,1.791277,3.408419,-0.002899,0.001974,1,4.260000,0.000000,1773.222,886.449,1,1.220,1772.382,886.629,1843.921,934.683,1760.568,935.366,1705.198,840.040,1784.305,843.600,1.892120,0.836790,1.462576,2.533667,4.258462,0.000021,0.0114530111,0.0114619534,-9.4544360236,0.0008956610,-0.0112860565,8.4183834370,0.0001446515,0.0041440075,1.0000000000,0.0115197585,0.0116081516,-9.5696514413,0.0009021838,-0.0113775633,8.4859581472,0.0001453197,0.0041833248,1.0000000000
410,34228097588534,49.3013,1785360997.421,2,3.2962,0.6967,3.3290,0.5012,3.3126,0.5990,189.53,,,,,,,,1.0000,0.0026,0.4995,0.1982,0,frozen,2-tag corner homography,2,1920,1200,0.200000,101;102,1,1,,2-tag corner homography,0.011044,0.480686,101,102,4.740686,4.260000,30,0.050000,0.600000,5.000000,raw-zero-distortion,590.9628888758,0.0000000000,1007.8592059077,0.0000000000,592.3761043005,547.7101609771,0.0000000000,0.0000000000,1.0000000000,-0.0359937509,0.0291287486,0.0062609452,0.0003552766,-0.0208418310,0.0000000000,0.0000000000,0.0000000000,0.0000000000,0.0000000000,1,0.000000,0.000000,72.949,750.941,1,1.071,73.150,751.564,65.388,791.447,8.440,780.265,79.395,716.403,135.268,722.612,-2.828672,0.615444,1.788407,3.402728,-0.002953,0.001900,1,4.260000,0.000000,1773.351,886.358,1,1.282,1772.465,886.543,1843.866,934.294,1760.611,935.405,1705.326,840.114,1784.491,843.471,1.895742,0.838088,1.465217,2.538324,4.258859,0.000252,0.0114821987,0.0115796831,-9.5444310158,0.0008991414,-0.0113284521,8.4486378137,0.0001433882,0.0041644457,1.0000000000,0.0115197585,0.0116081516,-9.5696514413,0.0009021838,-0.0113775633,8.4859581472,0.0001453197,0.0041833248,1.0000000000
411,34228290698324,49.4944,1785360997.612,2,3.2987,0.6972,3.3303,0.4988,3.3145,0.5980,189.07,,,,,,,,1.0000,0.0021,0.4995,0.2009,0,frozen,2-tag corner homography,2,1920,1200,0.200000,101;102,1,1,,2-tag corner homography,0.010735,0.466407,101,102,4.726407,4.260000,30,0.050000,0.600000,5.000000,raw-zero-distortion,590.9628888758,0.0000000000,1007.8592059077,0.0000000000,592.3761043005,547.7101609771,0.0000000000,0.0000000000,1.0000000000,-0.0359937509,0.0291287486,0.0062609452,0.0003552766,-0.0208418310,0.0000000000,0.0000000000,0.0000000000,0.0000000000,0.0000000000,1,0.000000,0.000000,72.932,751.179,1,1.250,73.483,751.522,65.398,791.477,8.552,780.437,79.444,716.345,136.345,722.361,-2.813419,0.612217,1.779398,3.384729,-0.002334,0.001244,1,4.260000,0.000000,1773.795,886.983,1,1.668,1772.504,886.748,1843.674,934.512,1760.884,935.507,1704.759,840.026,1785.208,844.089,1.897136,0.839170,1.466219,2.540301,4.259053,-0.001098,0.0116089380,0.0118642949,-9.7709689581,0.0009117245,-0.0114620412,8.5472164839,0.0001366859,0.0042439601,1.0000000000,0.0115197585,0.0116081516,-9.5696514413,0.0009021838,-0.0113775633,8.4859581472,0.0001453197,0.0041833248,1.0000000000
412,34228480607162,49.6843,1785360997.739,2,3.2924,0.6967,3.3338,0.5008,3.3131,0.5987,191.92,,,,,,,,1.0000,0.0026,0.4995,0.2001,0,frozen,2-tag corner homography,2,1920,1200,0.200000,101;102,1,1,,2-tag corner homography,0.011254,0.476590,101,102,4.736590,4.260000,30,0.050000,0.600000,5.000000,raw-zero-distortion,590.9628888758,0.0000000000,1007.8592059077,0.0000000000,592.3761043005,547.7101609771,0.0000000000,0.0000000000,1.0000000000,-0.0359937509,0.0291287486,0.0062609452,0.0003552766,-0.0208418310,0.0000000000,0.0000000000,0.0000000000,0.0000000000,0.0000000000,1,0.000000,0.000000,73.128,750.836,1,1.018,73.184,751.580,65.623,791.430,8.343,780.315,79.487,716.442,135.174,722.603,-2.829147,0.615618,1.788772,3.403346,-0.002750,0.002229,1,4.260000,0.000000,1773.587,886.491,1,1.381,1772.618,886.626,1843.962,934.491,1761.097,935.649,1705.361,839.956,1784.489,843.580,1.890962,0.836013,1.461230,2.531768,4.259211,-0.000009,0.0115132485,0.0115904245,-9.5553753745,0.0009010515,-0.0113475560,8.4630049792,0.0001416432,0.0041823931,1.0000000000,0.0115197585,0.0116081516,-9.5696514413,0.0009021838,-0.0113775633,8.4859581472,0.0001453197,0.0041833248,1.0000000000
413,34228618075553,49.8218,1785360997.962,2,3.2788,0.6927,3.3282,0.5000,3.3035,0.5963,194.39,-0.0319,-0.0046,0.0321,-0.0035,0.0035,16.16,0.282033,1.0000,0.0033,0.4995,0.1989,0,frozen,2-tag corner homography,2,1920,1200,0.200000,101;102,1,1,,2-tag corner homography,0.011030,0.494960,101,102,4.754960,4.260000,30,0.050000,0.600000,5.000000,raw-zero-distortion,590.9628888758,0.0000000000,1007.8592059077,0.0000000000,592.3761043005,547.7101609771,0.0000000000,0.0000000000,1.0000000000,-0.0359937509,0.0291287486,0.0062609452,0.0003552766,-0.0208418310,0.0000000000,0.0000000000,0.0000000000,0.0000000000,0.0000000000,1,0.000000,0.000000,73.057,750.656,1,1.134,73.066,751.542,65.469,791.508,8.368,779.679,79.401,716.500,134.934,722.895,-2.847081,0.619326,1.799885,3.424766,-0.003451,0.002706,1,4.260000,0.000000,1773.236,886.452,1,1.268,1772.345,886.588,1843.682,934.539,1760.473,935.495,1705.205,840.014,1784.431,843.435,1.890877,0.836180,1.461686,2.532023,4.258488,0.000015,0.0114045547,0.0114630343,-9.4496653485,0.0008946326,-0.0112662299,8.4020660997,0.0001427717,0.0041265290,1.0000000000,0.0115197585,0.0116081516,-9.5696514413,0.0009021838,-0.0113775633,8.4859581472,0.0001453197,0.0041833248,1.0000000000
414,34228812037952,50.0158,1785360998.101,2,3.2624,0.6891,3.3118,0.4952,3.2871,0.5922,194.31,-0.0714,-0.0175,0.0735,-0.0007,0.0007,8.23,0.143575,1.0000,0.0028,0.4995,0.2001,0,frozen,2-tag corner homography,2,1920,1200,0.200000,101;102,1,1,,2-tag corner homography,0.013577,0.467630,101,102,4.727630,4.260000,30,0.050000,0.600000,5.000000,raw-zero-distortion,590.9628888758,0.0000000000,1007.8592059077,0.0000000000,592.3761043005,547.7101609771,0.0000000000,0.0000000000,1.0000000000,-0.0359937509,0.0291287486,0.0062609452,0.0003552766,-0.0208418310,0.0000000000,0.0000000000,0.0000000000,0.0000000000,0.0000000000,1,0.000000,0.000000,72.870,750.953,1,1.228,73.259,751.483,65.292,791.409,7.781,780.347,79.333,716.448,136.349,722.286,-2.813967,0.612071,1.779317,3.385116,-0.003139,0.001852,1,4.260000,0.000000,1773.879,887.082,1,1.574,1772.691,886.976,1843.719,934.754,1761.012,935.742,1705.281,840.258,1785.198,844.269,1.897793,0.839819,1.466369,2.541092,4.259112,-0.001309,0.0116097091,0.0129840154,-10.6093380871,0.0009198988,-0.0115233933,8.5910990534,0.0001269328,0.0043049335,1.0000000000,0.0115197585,0.0116081516,-9.5696514413,0.0009021838,-0.0113775633,8.4859581472,0.0001453197,0.0041833248,1.0000000000
415,34228944404711,50.1481,1785360998.243,2,3.2406,0.6881,3.2882,0.4907,3.2644,0.5894,193.57,-0.1040,-0.0202,0.1059,-0.0047,0.0047,0.68,0.011873,1.0000,0.0024,0.4995,0.2030,0,frozen,2-tag corner homography,2,1920,1200,0.200000,101;102,1,1,,2-tag corner homography,0.011073,0.482214,101,102,4.742214,4.260000,30,0.050000,0.600000,5.000000,raw-zero-distortion,590.9628888758,0.0000000000,1007.8592059077,0.0000000000,592.3761043005,547.7101609771,0.0000000000,0.0000000000,1.0000000000,-0.0359937509,0.0291287486,0.0062609452,0.0003552766,-0.0208418310,0.0000000000,0.0000000000,0.0000000000,0.0000000000,0.0000000000,1,0.000000,0.000000,73.026,751.025,1,1.011,73.228,751.599,65.434,791.401,8.305,780.412,79.535,716.410,135.490,722.662,-2.825533,0.614916,1.786571,3.399057,-0.002504,0.001688,1,4.260000,0.000000,1773.613,886.863,1,1.453,1772.535,886.847,1843.622,934.554,1760.686,935.514,1705.293,840.323,1784.979,844.084,1.900626,0.840925,1.468856,2.545009,4.258802,-0.000858,0.0114844399,0.0114467097,-9.4459461123,0.0009015741,-0.0113405124,8.4581218862,0.0001388196,0.0041692071,1.0000000000,0.0115197585,0.0116081516,-9.5696514413,0.0009021838,-0.0113775633,8.4859581472,0.0001453197,0.0041833248,1.0000000000
416,34229096495797,50.3002,1785360998.387,2,3.2310,0.6876,3.2749,0.4890,3.2530,0.5883,192.46,-0.1153,-0.0150,0.1158,-0.0102,0.0102,-4.81,-0.083934,1.0000,0.0028,0.4995,0.2034,0,frozen,2-tag corner homography,2,1920,1200,0.200000,101;102,1,1,,2-tag corner homography,0.010874,0.474057,101,102,4.734057,4.260000,30,0.050000,0.600000,5.000000,raw-zero-distortion,590.9628888758,0.0000000000,1007.8592059077,0.0000000000,592.3761043005,547.7101609771,0.0000000000,0.0000000000,1.0000000000,-0.0359937509,0.0291287486,0.0062609452,0.0003552766,-0.0208418310,0.0000000000,0.0000000000,0.0000000000,0.0000000000,0.0000000000,1,0.000000,0.000000,73.108,750.813,1,1.071,73.230,751.529,65.619,791.465,8.306,780.210,79.454,716.370,135.410,722.550,-2.827003,0.615028,1.787504,3.400790,-0.002869,0.002287,1,4.260000,0.000000,1773.241,886.241,1,1.132,1772.494,886.495,1844.166,934.429,1760.666,935.449,1705.336,840.105,1784.253,843.150,1.890639,0.835683,1.461218,2.531410,4.258764,0.000500,0.0114578714,0.0115417238,-9.5145523023,0.0008958964,-0.0112886184,8.4184978520,0.0001415993,0.0041557681,1.0000000000,0.0115197585,0.0116081516,-9.5696514413,0.0009021838,-0.0113775633,8.4859581472,0.0001453197,0.0041833248,1.0000000000
417,34229239187153,50.4429,1785360998.518,2,3.2080,0.6862,3.2518,0.4871,3.2299,0.5867,192.39,-0.1163,-0.0107,0.1159,-0.0145,0.0145,-4.24,-0.073930,1.0000,0.0023,0.4995,0.2039,0,frozen,2-tag corner homography,2,1920,1200,0.200000,101;102,1,1,,2-tag corner homography,0.012321,0.474310,101,102,4.734310,4.260000,30,0.050000,0.600000,5.000000,raw-zero-distortion,590.9628888758,0.0000000000,1007.8592059077,0.0000000000,592.3761043005,547.7101609771,0.0000000000,0.0000000000,1.0000000000,-0.0359937509,0.0291287486,0.0062609452,0.0003552766,-0.0208418310,0.0000000000,0.0000000000,0.0000000000,0.0000000000,0.0000000000,1,0.000000,0.000000,72.937,751.033,1,1.113,73.256,751.547,65.200,791.416,8.677,780.267,79.574,716.393,135.456,722.592,-2.826762,0.615045,1.787402,3.400539,-0.002727,0.001645,1,4.260000,0.000000,1773.563,886.538,1,1.350,1772.615,886.666,1844.088,934.632,1761.090,935.574,1705.287,839.977,1784.465,843.677,1.891128,0.836189,1.461365,2.532028,4.259099,-0.000122,0.0117094339,0.0124939364,-10.2493196832,0.0009206132,-0.0115720012,8.6288436141,0.0001454325,0.0042951533,1.0000000000,0.0115197585,0.0116081516,-9.5696514413,0.0009021838,-0.0113775633,8.4859581472,0.0001453197,0.0041833248,1.0000000000
418,34229386668843,50.5904,1785360998.703,2,3.1888,0.6820,3.2314,0.4859,3.2101,0.5840,192.26,-0.1399,-0.0139,0.1397,-0.0161,0.0161,-1.57,-0.027425,1.0000,0.0021,0.4995,0.2007,0,frozen,2-tag corner homography,2,1920,1200,0.200000,101;102,1,1,,2-tag corner homography,0.010804,0.473642,101,102,4.733642,4.260000,30,0.050000,0.600000,5.000000,raw-zero-distortion,590.9628888758,0.0000000000,1007.8592059077,0.0000000000,592.3761043005,547.7101609771,0.0000000000,0.0000000000,1.0000000000,-0.0359937509,0.0291287486,0.0062609452,0.0003552766,-0.0208418310,0.0000000000,0.0000000000,0.0000000000,0.0000000000,0.0000000000,1,0.000000,0.000000,73.033,751.167,1,1.236,73.537,751.565,65.610,791.499,8.478,780.336,79.429,716.416,136.425,722.523,-2.819070,0.613610,1.783074,3.391611,-0.002087,0.001300,1,4.260000,0.000000,1773.823,887.048,1,1.550,1772.642,886.889,1843.646,934.718,1761.112,935.542,1705.220,840.211,1785.049,844.219,1.898583,0.840007,1.467073,2.542151,4.259033,-0.001241,0.0115033828,0.0116701963,-9.6183946959,0.0009061292,-0.0113861386,8.4911538438,0.0001261199,0.0042105281,1.0000000000,0.0115197585,0.0116081516,-9.5696514413,0.0009021838,-0.0113775633,8.4859581472,0.0001453197,0.0041833248,1.0000000000
419,34229574153404,50.7779,1785360998.883,2,3.1680,0.6818,3.2109,0.4845,3.1894,0.5831,192.26,-0.1237,-0.0109,0.1232,-0.0156,0.0156,-0.59,-0.010262,1.0000,0.0018,0.4995,0.2020,0,frozen,2-tag corner homography,2,1920,1200,0.200000,101;102,1,1,,2-tag corner homography,0.011124,0.492591,101,102,4.752591,4.260000,30,0.050000,0.600000,5.000000,raw-zero-distortion,590.9628888758,0.0000000000,1007.8592059077,0.0000000000,592.3761043005,547.7101609771,0.0000000000,0.0000000000,1.0000000000,-0.0359937509,0.0291287486,0.0062609452,0.0003552766,-0.0208418310,0.0000000000,0.0000000000,0.0000000000,0.0000000000,0.0000000000,1,0.000000,0.000000,72.821,751.369,1,0.889,73.010,751.868,65.522,791.463,8.586,780.591,79.145,716.630,134.743,723.200,-2.842079,0.619188,1.796613,3.418863,-0.002109,0.000699,1,4.260000,0.000000,1773.282,886.411,1,1.373,1772.323,886.575,1843.725,934.320,1760.595,935.525,1705.075,840.022,1784.349,843.572,1.893831,0.837477,1.464011,2.536000,4.258642,0.000119,0.0114739278,0.0115004492,-9.4861163664,0.0008968410,-0.0113213803,8.4470181293,0.0001493268,0.0041450583,1.0000000000,0.0115197585,0.0116081516,-9.5696514413,0.0009021838,-0.0113775633,8.4859581472,0.0001453197,0.0041833248,1.0000000000
420,34229759447134,50.9632,1785360999.114,2,3.1549,0.6802,3.1985,0.4840,3.1767,0.5821,192.53,,,,,,,,1.0000,0.0029,0.4995,0.2010,0,frozen,2-tag corner homography,2,1920,1200,0.200000,101;102,1,1,,2-tag corner homography,0.010742,0.477314,101,102,4.737314,4.260000,30,0.050000,0.600000,5.000000,raw-zero-distortion,590.9628888758,0.0000000000,1007.8592059077,0.0000000000,592.3761043005,547.7101609771,0.0000000000,0.0000000000,1.0000000000,-0.0359937509,0.0291287486,0.0062609452,0.0003552766,-0.0208418310,0.0000000000,0.0000000000,0.0000000000,0.0000000000,0.0000000000,1,0.000000,0.000000,73.056,750.771,1,1.372,73.481,751.377,65.399,791.492,8.514,779.624,79.525,716.371,136.281,722.507,-2.830627,0.615522,1.790277,3.405350,-0.003131,0.002390,1,4.260000,0.000000,1773.357,886.421,1,1.290,1772.459,886.578,1843.931,934.576,1760.705,935.490,1705.219,839.929,1784.427,843.489,1.890089,0.835683,1.460860,2.530793,4.258793,0.000108,0.0115338004,0.0117048485,-9.6436919148,0.0009063115,-0.0113987034,8.4985424105,0.0001324166,0.0042136242,1.0000000000,0.0115197585,0.0116081516,-9.5696514413,0.0009021838,-0.0113775633,8.4859581472,0.0001453197,0.0041833248,1.0000000000
421,34229966052351,51.1698,1785360999.267,2,3.1360,0.6815,3.1798,0.4833,3.1579,0.5824,192.47,,,,,,,,1.0000,0.0022,0.4995,0.2030,0,frozen,2-tag corner homography,2,1920,1200,0.200000,101;102,1,1,,2-tag corner homography,0.011415,0.484922,101,102,4.744922,4.260000,30,0.050000,0.600000,5.000000,raw-zero-distortion,590.9628888758,0.0000000000,1007.8592059077,0.0000000000,592.3761043005,547.7101609771,0.0000000000,0.0000000000,1.0000000000,-0.0359937509,0.0291287486,0.0062609452,0.0003552766,-0.0208418310,0.0000000000,0.0000000000,0.0000000000,0.0000000000,0.0000000000,1,0.000000,0.000000,73.018,751.102,1,0.948,73.129,751.732,65.580,791.518,8.586,780.574,79.388,716.492,134.907,722.793,-2.830090,0.616244,1.789263,3.404501,-0.002311,0.001475,1,4.260000,0.000000,1773.464,886.727,1,1.328,1772.508,886.786,1843.710,934.537,1761.076,935.507,1705.346,840.366,1784.347,843.870,1.898613,0.839912,1.467352,2.542303,4.258645,-0.000573,0.0114466637,0.0114516077,-9.4473583230,0.0008977617,-0.0113041893,8.4323730968,0.0001398711,0.0041501248,1.0000000000,0.0115197585,0.0116081516,-9.5696514413,0.0009021838,-0.0113775633,8.4859581472,0.0001453197,0.0041833248,1.0000000000
422,34230107570711,51.3113,1785360999.380,2,3.1073,0.6787,3.1508,0.4808,3.1291,0.5798,192.40,-0.1335,-0.0061,0.1317,-0.0227,0.0227,-0.37,-0.006459,1.0000,0.0019,0.4995,0.2027,0,frozen,2-tag corner homography,2,1920,1200,0.200000,101;102,1,1,,2-tag corner homography,0.010813,0.486003,101,102,4.746003,4.260000,30,0.050000,0.600000,5.000000,raw-zero-distortion,590.9628888758,0.0000000000,1007.8592059077,0.0000000000,592.3761043005,547.7101609771,0.0000000000,0.0000000000,1.0000000000,-0.0359937509,0.0291287486,0.0062609452,0.0003552766,-0.0208418310,0.0000000000,0.0000000000,0.0000000000,0.0000000000,0.0000000000,1,0.000000,0.000000,73.063,751.163,1,1.020,73.296,751.712,65.557,791.538,8.696,780.251,79.513,716.472,135.330,723.024,-2.836668,0.617727,1.793743,3.412592,-0.002014,0.001316,1,4.260000,0.000000,1773.305,886.374,1,1.262,1772.430,886.549,1844.082,934.433,1760.563,935.431,1705.097,840.059,1784.459,843.430,1.892722,0.836808,1.462950,2.534337,4.258739,0.000207,0.0115080486,0.0115699225,-9.5422579994,0.0009002301,-0.0113522954,8.4680114273,0.0001467490,0.0041680432,1.0000000000,0.0115197585,0.0116081516,-9.5696514413,0.0009021838,-0.0113775633,8.4859581472,0.0001453197,0.0041833248,1.0000000000
423,34230232666700,51.4364,1785360999.512,2,3.0892,0.6749,3.1326,0.4793,3.1109,0.5771,192.52,-0.1636,-0.0156,0.1630,-0.0202,0.0202,0.00,0.000052,1.0000,0.0019,0.4995,0.2004,0,frozen,2-tag corner homography,2,1920,1200,0.200000,101;102,1,1,,2-tag corner homography,0.011750,0.489140,101,102,4.749140,4.260000,30,0.050000,0.600000,5.000000,raw-zero-distortion,590.9628888758,0.0000000000,1007.8592059077,0.0000000000,592.3761043005,547.7101609771,0.0000000000,0.0000000000,1.0000000000,-0.0359937509,0.0291287486,0.0062609452,0.0003552766,-0.0208418310,0.0000000000,0.0000000000,0.0000000000,0.0000000000,0.0000000000,1,0.000000,0.000000,72.927,751.371,1,0.963,73.204,751.829,65.721,791.453,8.594,780.500,79.173,716.630,135.243,723.156,-2.840747,0.618909,1.796144,3.417459,-0.001809,0.000716,1,4.260000,0.000000,1772.978,886.110,1,0.969,1772.418,886.509,1844.018,934.394,1760.661,935.455,1705.635,840.339,1783.746,842.972,1.891646,0.836244,1.462140,2.532880,4.258349,0.000752,0.0113767800,0.0119694579,-9.8333319715,0.0008929502,-0.0112628352,8.4019608363,0.0001410448,0.0041345436,1.0000000000,0.0115197585,0.0116081516,-9.5696514413,0.0009021838,-0.0113775633,8.4859581472,0.0001453197,0.0041833248,1.0000000000
424,34230361993093,51.5657,1785360999.626,2,3.0726,0.6739,3.1169,0.4777,3.0947,0.5758,192.73,-0.1434,-0.0155,0.1433,-0.0164,0.0164,0.91,0.015827,1.0000,0.0027,0.4995,0.2011,0,frozen,2-tag corner homography,2,1920,1200,0.200000,101;102,1,1,,2-tag corner homography,0.011110,0.494355,101,102,4.754355,4.260000,30,0.050000,0.600000,5.000000,raw-zero-distortion,590.9628888758,0.0000000000,1007.8592059077,0.0000000000,592.3761043005,547.7101609771,0.0000000000,0.0000000000,1.0000000000,-0.0359937509,0.0291287486,0.0062609452,0.0003552766,-0.0208418310,0.0000000000,0.0000000000,0.0000000000,0.0000000000,0.0000000000,1,0.000000,0.000000,73.129,750.818,1,0.998,73.114,751.623,65.614,791.495,8.543,780.116,79.480,716.446,134.767,722.858,-2.839447,0.617943,1.795150,3.415681,-0.002796,0.002277,1,4.260000,0.000000,1773.776,886.894,1,1.531,1772.617,886.783,1843.798,934.484,1760.992,935.571,1705.106,840.222,1785.049,843.974,1.898381,0.839681,1.466964,2.541830,4.259123,-0.000897,0.0114373003,0.0114548626,-9.4475342025,0.0008980799,-0.0113001827,8.4281322023,0.0001454253,0.0041357162,1.0000000000,0.0115197585,0.0116081516,-9.5696514413,0.0009021838,-0.0113775633,8.4859581472,0.0001453197,0.0041833248,1.0000000000
425,34230473901156,51.6776,1785360999.738,2,3.0558,0.6734,3.0999,0.4751,3.0778,0.5743,192.54,-0.1391,-0.0130,0.1386,-0.0175,0.0175,0.38,0.006639,1.0000,0.0023,0.4995,0.2032,0,frozen,2-tag corner homography,2,1920,1200,0.200000,101;102,1,1,,2-tag corner homography,0.011151,0.494292,101,102,4.754292,4.260000,30,0.050000,0.600000,5.000000,raw-zero-distortion,590.9628888758,0.0000000000,1007.8592059077,0.0000000000,592.3761043005,547.7101609771,0.0000000000,0.0000000000,1.0000000000,-0.0359937509,0.0291287486,0.0062609452,0.0003552766,-0.0208418310,0.0000000000,0.0000000000,0.0000000000,0.0000000000,0.0000000000,1,0.000000,0.000000,73.090,751.074,1,0.825,73.057,751.757,65.403,791.553,8.609,780.309,79.684,716.350,134.510,723.227,-2.840131,0.618459,1.795473,3.416513,-0.002189,0.001566,1,4.260000,0.000000,1773.728,887.066,1,1.427,1772.650,886.976,1843.831,934.910,1760.729,935.596,1705.276,840.349,1785.219,844.165,1.897584,0.839773,1.466286,2.540874,4.258802,-0.001301,0.0114253678,0.0114258271,-9.4257680861,0.0008965419,-0.0112763432,8.4118725153,0.0001492847,0.0041211134,1.0000000000,0.0115197585,0.0116081516,-9.5696514413,0.0009021838,-0.0113775633,8.4859581472,0.0001453197,0.0041833248,1.0000000000
426,34230605305295,51.8090,1785360999.924,2,3.0368,0.6749,3.0840,0.4758,3.0604,0.5753,193.32,-0.1404,-0.0049,0.1377,-0.0275,0.0275,1.89,0.033041,1.0000,0.0020,0.4995,0.2047,0,frozen,2-tag corner homography,2,1920,1200,0.200000,101;102,1,1,,2-tag corner homography,0.011092,0.485177,101,102,4.745177,4.260000,30,0.050000,0.600000,5.000000,raw-zero-distortion,590.9628888758,0.0000000000,1007.8592059077,0.0000000000,592.3761043005,547.7101609771,0.0000000000,0.0000000000,1.0000000000,-0.0359937509,0.0291287486,0.0062609452,0.0003552766,-0.0208418310,0.0000000000,0.0000000000,0.0000000000,0.0000000000,0.0000000000,1,0.000000,0.000000,72.858,751.322,1,1.115,73.254,751.752,65.368,791.571,8.681,780.422,79.326,716.569,135.530,722.904,-2.831491,0.616691,1.790388,3.406338,-0.002138,0.000837,1,4.260000,0.000000,1773.327,886.711,1,1.266,1772.444,886.862,1843.790,934.680,1760.754,935.586,1705.336,840.425,1784.341,843.890,1.897368,0.839621,1.466515,2.540794,4.258365,-0.000560,0.0114746427,0.0115559023,-9.5293549522,0.0009012109,-0.0113422150,8.4608605454,0.0001383200,0.0041688431,1.0000000000,0.0115197585,0.0116081516,-9.5696514413,0.0009021838,-0.0113775633,8.4859581472,0.0001453197,0.0041833248,1.0000000000
427,34230773573410,51.9773,1785361000.099,2,3.0177,0.6718,3.0622,0.4723,3.0399,0.5721,192.56,-0.1291,-0.0073,0.1276,-0.0210,0.0210,0.30,0.005184,1.0000,0.0022,0.4995,0.2044,0,frozen,2-tag corner homography,2,1920,1200,0.200000,101;102,1,1,,2-tag corner homography,0.021933,0.488257,101,102,4.748257,4.260000,30,0.050000,0.600000,5.000000,raw-zero-distortion,590.9628888758,0.0000000000,1007.8592059077,0.0000000000,592.3761043005,547.7101609771,0.0000000000,0.0000000000,1.0000000000,-0.0359937509,0.0291287486,0.0062609452,0.0003552766,-0.0208418310,0.0000000000,0.0000000000,0.0000000000,0.0000000000,0.0000000000,1,0.000000,0.000000,72.785,751.178,1,1.107,73.060,751.754,65.637,791.450,8.658,780.506,78.893,716.764,134.993,722.728,-2.837794,0.617944,1.794001,3.413703,-0.002745,0.001215,1,4.260000,0.000000,1773.466,886.378,1,1.334,1772.548,886.582,1844.091,934.465,1760.639,935.420,1705.288,839.957,1784.645,843.642,1.893875,0.837270,1.463616,2.535735,4.259087,0.000227,0.0149602404,0.0193714540,-15.6570880958,0.0011874625,-0.0149126866,11.1181096304,0.0000846309,0.0061248503,1.0000000000,0.0115197585,0.0116081516,-9.5696514413,0.0009021838,-0.0113775633,8.4859581472,0.0001453197,0.0041833248,1.0000000000
428,34230952781927,52.1565,1785361000.282,2,2.9950,0.6695,3.0391,0.4704,3.0170,0.5700,192.50,-0.1256,-0.0140,0.1257,-0.0136,0.0136,-1.85,-0.032373,1.0000,0.0018,0.4995,0.2039,0,frozen,2-tag corner homography,2,1920,1200,0.200000,101;102,1,1,,2-tag corner homography,0.010936,0.488495,101,102,4.748495,4.260000,30,0.050000,0.600000,5.000000,raw-zero-distortion,590.9628888758,0.0000000000,1007.8592059077,0.0000000000,592.3761043005,547.7101609771,0.0000000000,0.0000000000,1.0000000000,-0.0359937509,0.0291287486,0.0062609452,0.0003552766,-0.0208418310,0.0000000000,0.0000000000,0.0000000000,0.0000000000,0.0000000000,1,0.000000,0.000000,73.115,751.145,1,0.886,73.161,751.797,65.609,791.562,8.482,780.437,79.550,716.494,134.932,723.129,-2.836872,0.617940,1.793612,3.412732,-0.001921,0.001377,1,4.260000,0.000000,1773.665,886.709,1,1.384,1772.657,886.749,1844.153,934.526,1761.003,935.650,1705.177,840.249,1784.786,843.721,1.895073,0.838091,1.464332,2.537315,4.259108,-0.000495,0.0115324185,0.0115798086,-9.5509543587,0.0009030621,-0.0113804770,8.4900508765,0.0001472767,0.0041787649,1.0000000000,0.0115197585,0.0116081516,-9.5696514413,0.0009021838,-0.0113775633,8.4859581472,0.0001453197,0.0041833248,1.0000000000
429,34231126128028,52.3299,1785361000.398,2,2.9650,0.6651,3.0104,0.4664,2.9877,0.5657,192.87,,,,,,,,1.0000,0.0022,0.4995,0.2039,0,frozen,2-tag corner homography,2,1920,1200,0.200000,101;102,1,1,,2-tag corner homography,0.010922,0.480428,101,102,4.740428,4.260000,30,0.050000,0.600000,5.000000,raw-zero-distortion,590.9628888758,0.0000000000,1007.8592059077,0.0000000000,592.3761043005,547.7101609771,0.0000000000,0.0000000000,1.0000000000,-0.0359937509,0.0291287486,0.0062609452,0.0003552766,-0.0208418310,0.0000000000,0.0000000000,0.0000000000,0.0000000000,0.0000000000,1,0.000000,0.000000,73.055,751.090,1,1.121,73.354,751.643,65.584,791.568,8.566,780.344,79.446,716.460,135.690,722.677,-2.825979,0.615229,1.787095,3.399760,-0.002241,0.001515,1,4.260000,0.000000,1773.602,886.824,1,1.372,1772.576,886.768,1843.817,934.485,1760.887,935.550,1705.206,840.398,1784.845,843.743,1.898301,0.839657,1.466982,2.541772,4.258828,-0.000770,0.0118726278,0.0122522306,-10.0818379636,0.0009336527,-0.0117466767,8.7607803354,0.0001392402,0.0043715050,1.0000000000,0.0115197585,0.0116081516,-9.5696514413,0.0009021838,-0.0113775633,8.4859581472,0.0001453197,0.0041833248,1.0000000000
430,34231252071983,52.4558,1785361000.514,2,2.9343,0.6657,2.9792,0.4631,2.9568,0.5644,192.50,-0.1949,-0.0186,0.1943,-0.0240,0.0240,0.03,0.000545,1.0000,0.0022,0.4995,0.2075,0,frozen,2-tag corner homography,2,1920,1200,0.200000,101;102,1,1,,2-tag corner homography,0.011241,0.478375,101,102,4.738375,4.260000,30,0.050000,0.600000,5.000000,raw-zero-distortion,590.9628888758,0.0000000000,1007.8592059077,0.0000000000,592.3761043005,547.7101609771,0.0000000000,0.0000000000,1.0000000000,-0.0359937509,0.0291287486,0.0062609452,0.0003552766,-0.0208418310,0.0000000000,0.0000000000,0.0000000000,0.0000000000,0.0000000000,1,0.000000,0.000000,73.040,751.083,1,1.002,73.218,751.678,65.495,791.493,8.619,780.478,79.503,716.472,135.171,722.733,-2.828559,0.615807,1.788465,3.402730,-0.002302,0.001531,1,4.260000,0.000000,1773.169,886.322,1,1.105,1772.434,886.555,1843.758,934.411,1760.586,935.436,1705.552,840.258,1784.214,843.210,1.893476,0.837150,1.463525,2.535345,4.258504,0.000302,0.0113972212,0.0114478868,-9.4412899731,0.0008903870,-0.0112267499,8.3740987963,0.0001451492,0.0041172785,1.0000000000,0.0115197585,0.0116081516,-9.5696514413,0.0009021838,-0.0113775633,8.4859581472,0.0001453197,0.0041833248,1.0000000000
431,34231354261491,52.5580,1785361000.624,2,2.9215,0.6599,2.9643,0.4618,2.9429,0.5608,192.20,-0.1970,-0.0201,0.1968,-0.0220,0.0220,-1.81,-0.031531,1.0000,0.0021,0.4995,0.2027,0,frozen,2-tag corner homography,2,1920,1200,0.200000,101;102,1,1,,2-tag corner homography,0.010647,0.471670,101,102,4.731670,4.260000,30,0.050000,0.600000,5.000000,raw-zero-distortion,590.9628888758,0.0000000000,1007.8592059077,0.0000000000,592.3761043005,547.7101609771,0.0000000000,0.0000000000,1.0000000000,-0.0359937509,0.0291287486,0.0062609452,0.0003552766,-0.0208418310,0.0000000000,0.0000000000,0.0000000000,0.0000000000,0.0000000000,1,0.000000,0.000000,73.134,751.018,1,1.211,73.511,751.553,65.711,791.510,8.439,780.345,79.470,716.455,136.229,722.416,-2.818760,0.613489,1.782828,3.391202,-0.002225,0.001731,1,4.260000,0.000000,1773.593,886.415,1,1.416,1772.566,886.483,1843.759,934.069,1760.691,935.455,1705.324,840.051,1784.902,843.426,1.896929,0.838353,1.465940,2.539716,4.259318,0.000165,0.0114123698,0.0115561519,-9.5255016738,0.0008936187,-0.0112629608,8.3994631028,0.0001357880,0.0041467933,1.0000000000,0.0115197585,0.0116081516,-9.5696514413,0.0009021838,-0.0113775633,8.4859581472,0.0001453197,0.0041833248,1.0000000000
432,34231488260827,52.6920,1785361000.756,2,2.9023,0.6583,2.9492,0.4632,2.9257,0.5607,193.54,-0.1498,-0.0163,0.1494,-0.0193,0.0193,2.85,0.049722,1.0000,0.0019,0.4995,0.2006,0,frozen,2-tag corner homography,2,1920,1200,0.200000,101;102,1,1,,2-tag corner homography,0.010888,0.481893,101,102,4.741893,4.260000,30,0.050000,0.600000,5.000000,raw-zero-distortion,590.9628888758,0.0000000000,1007.8592059077,0.0000000000,592.3761043005,547.7101609771,0.0000000000,0.0000000000,1.0000000000,-0.0359937509,0.0291287486,0.0062609452,0.0003552766,-0.0208418310,0.0000000000,0.0000000000,0.0000000000,0.0000000000,0.0000000000,1,0.000000,0.000000,73.101,751.113,1,1.034,73.355,751.653,65.833,791.433,8.385,780.483,79.343,716.479,135.716,722.696,-2.826688,0.615414,1.787545,3.400620,-0.002052,0.001463,1,4.260000,0.000000,1773.740,886.770,1,1.610,1772.545,886.748,1843.547,934.407,1760.753,935.532,1705.224,840.015,1785.095,844.137,1.899069,0.839978,1.467634,2.542828,4.259197,-0.000621,0.0114401898,0.0116239569,-9.5779303801,0.0008992952,-0.0113183369,8.4417439360,0.0001339770,0.0041649906,1.0000000000,0.0115197585,0.0116081516,-9.5696514413,0.0009021838,-0.0113775633,8.4859581472,0.0001453197,0.0041833248,1.0000000000
433,34231596523185,52.8003,1785361000.872,2,2.8825,0.6598,2.9301,0.4595,2.9063,0.5596,193.38,-0.1462,-0.0136,0.1454,-0.0206,0.0206,3.29,0.057455,1.0000,0.0022,0.4995,0.2059,0,frozen,2-tag corner homography,2,1920,1200,0.200000,101;102,1,1,,2-tag corner homography,0.011086,0.500328,101,102,4.760328,4.260000,30,0.050000,0.600000,5.000000,raw-zero-distortion,590.9628888758,0.0000000000,1007.8592059077,0.0000000000,592.3761043005,547.7101609771,0.0000000000,0.0000000000,1.0000000000,-0.0359937509,0.0291287486,0.0062609452,0.0003552766,-0.0208418310,0.0000000000,0.0000000000,0.0000000000,0.0000000000,0.0000000000,1,0.000000,0.000000,72.941,751.155,1,0.887,73.030,751.761,65.459,791.502,8.470,780.300,79.376,716.449,134.760,723.209,-2.842103,0.618884,1.796667,3.418857,-0.002377,0.001312,1,4.260000,0.000000,1773.837,887.038,1,1.528,1772.681,886.927,1843.632,934.529,1761.024,935.662,1705.359,840.442,1785.139,844.153,1.901746,0.841459,1.469443,2.546361,4.259077,-0.001216,0.0113546801,0.0114579871,-9.4444554204,0.0008938618,-0.0112462078,8.3894080351,0.0001412745,0.0041067464,1.0000000000,0.0115197585,0.0116081516,-9.5696514413,0.0009021838,-0.0113775633,8.4859581472,0.0001453197,0.0041833248,1.0000000000
434,34231711929271,52.9157,1785361000.968,2,2.8637,0.6564,2.9099,0.4575,2.8868,0.5569,193.07,-0.1647,-0.0159,0.1641,-0.0218,0.0218,-0.29,-0.005061,1.0000,0.0022,0.4995,0.2042,0,frozen,2-tag corner homography,2,1920,1200,0.200000,101;102,1,1,,2-tag corner homography,0.010948,0.479576,101,102,4.739576,4.260000,30,0.050000,0.600000,5.000000,raw-zero-distortion,590.9628888758,0.0000000000,1007.8592059077,0.0000000000,592.3761043005,547.7101609771,0.0000000000,0.0000000000,1.0000000000,-0.0359937509,0.0291287486,0.0062609452,0.0003552766,-0.0208418310,0.0000000000,0.0000000000,0.0000000000,0.0000000000,0.0000000000,1,0.000000,0.000000,73.219,750.955,1,1.068,73.315,751.702,65.905,791.587,8.473,780.369,79.404,716.591,135.371,722.719,-2.831078,0.616491,1.790243,3.405882,-0.002166,0.001922,1,4.260000,0.000000,1773.671,886.695,1,1.499,1772.551,886.629,1843.906,934.517,1761.024,935.549,1704.965,839.915,1784.797,843.714,1.892006,0.836554,1.462164,2.533266,4.259140,-0.000462,0.0114957926,0.0115505276,-9.5269010453,0.0008995808,-0.0113370349,8.4564408138,0.0001411166,0.0041732714,1.0000000000,0.0115197585,0.0116081516,-9.5696514413,0.0009021838,-0.0113775633,8.4859581472,0.0001453197,0.0041833248,1.0000000000
435,34231808903753,53.0126,1785361001.077,2,2.8439,0.6573,2.8928,0.4543,2.8684,0.5558,193.56,-0.1726,-0.0161,0.1716,-0.0248,0.0248,-0.29,-0.005136,1.0000,0.0019,0.4995,0.2088,0,frozen,2-tag corner homography,2,1920,1200,0.200000,101;102,1,1,,2-tag corner homography,0.010872,0.492190,101,102,4.752190,4.260000,30,0.050000,0.600000,5.000000,raw-zero-distortion,590.9628888758,0.0000000000,1007.8592059077,0.0000000000,592.3761043005,547.7101609771,0.0000000000,0.0000000000,1.0000000000,-0.0359937509,0.0291287486,0.0062609452,0.0003552766,-0.0208418310,0.0000000000,0.0000000000,0.0000000000,0.0000000000,0.0000000000,1,0.000000,0.000000,72.890,751.225,1,0.973,73.162,751.687,65.263,791.377,8.505,780.271,79.493,716.461,135.269,723.085,-2.838384,0.617937,1.794569,3.414491,-0.002320,0.001108,1,4.260000,0.000000,1773.516,886.504,1,1.270,1772.613,886.619,1844.061,934.382,1760.708,935.408,1705.369,840.253,1784.771,843.536,1.897295,0.838799,1.466132,2.540247,4.259039,-0.000053,0.0115662974,0.0116936129,-9.6377032744,0.0009070299,-0.0114330184,8.5280703057,0.0001476428,0.0041977744,1.0000000000,0.0115197585,0.0116081516,-9.5696514413,0.0009021838,-0.0113775633,8.4859581472,0.0001453197,0.0041833248,1.0000000000
436,34231917100013,53.1208,1785361001.207,2,2.8345,0.6518,2.8777,0.4541,2.8561,0.5530,192.32,-0.1643,-0.0186,0.1644,-0.0169,0.0169,-1.77,-0.030838,1.0000,0.0019,0.4995,0.2023,0,frozen,2-tag corner homography,2,1920,1200,0.200000,101;102,1,1,,2-tag corner homography,0.011127,0.496206,101,102,4.756206,4.260000,30,0.050000,0.600000,5.000000,raw-zero-distortion,590.9628888758,0.0000000000,1007.8592059077,0.0000000000,592.3761043005,547.7101609771,0.0000000000,0.0000000000,1.0000000000,-0.0359937509,0.0291287486,0.0062609452,0.0003552766,-0.0208418310,0.0000000000,0.0000000000,0.0000000000,0.0000000000,0.0000000000,1,0.000000,0.000000,73.042,751.215,1,0.845,73.089,751.833,65.537,791.500,8.608,780.335,79.503,716.533,134.670,723.362,-2.846361,0.620067,1.799474,3.424085,-0.001929,0.001170,1,4.260000,0.000000,1773.286,886.406,1,1.220,1772.438,886.557,1843.869,934.415,1760.746,935.454,1705.275,840.146,1784.295,843.349,1.892979,0.836929,1.463132,2.534675,4.258657,0.000131,0.0114607090,0.0114822802,-9.4719658577,0.0008963789,-0.0113147101,8.4415827678,0.0001486846,0.0041399726,1.0000000000,0.0115197585,0.0116081516,-9.5696514413,0.0009021838,-0.0113775633,8.4859581472,0.0001453197,0.0041833248,1.0000000000
437,34232057446101,53.2612,1785361001.333,2,2.8180,0.6564,2.8664,0.4531,2.8422,0.5548,193.38,-0.1361,-0.0105,0.1349,-0.0212,0.0212,-0.56,-0.009810,1.0000,0.0025,0.4995,0.2089,0,frozen,2-tag corner homography,2,1920,1200,0.200000,101;102,1,1,,2-tag corner homography,0.011146,0.482643,101,102,4.742643,4.260000,30,0.050000,0.600000,5.000000,raw-zero-distortion,590.9628888758,0.0000000000,1007.8592059077,0.0000000000,592.3761043005,547.7101609771,0.0000000000,0.0000000000,1.0000000000,-0.0359937509,0.0291287486,0.0062609452,0.0003552766,-0.0208418310,0.0000000000,0.0000000000,0.0000000000,0.0000000000,0.0000000000,1,0.000000,0.000000,72.961,750.960,1,0.966,73.003,751.675,65.323,791.525,8.443,780.373,79.460,716.449,134.727,722.802,-2.832423,0.616498,1.790498,3.407136,-0.002865,0.001851,1,4.260000,0.000000,1773.527,886.615,1,1.320,1772.575,886.686,1844.172,934.609,1760.813,935.493,1705.121,840.142,1784.698,843.668,1.893770,0.837449,1.463481,2.535638,4.258924,-0.000304,0.0115755476,0.0116178731,-9.5795962663,0.0009052057,-0.0114027420,8.5053796223,0.0001515350,0.0041916916,1.0000000000,0.0115197585,0.0116081516,-9.5696514413,0.0009021838,-0.0113775633,8.4859581472,0.0001453197,0.0041833248,1.0000000000
438,34232178351192,53.3821,1785361001.451,2,2.7988,0.6517,2.8463,0.4499,2.8226,0.5508,193.25,-0.1304,-0.0086,0.1289,-0.0215,0.0215,2.32,0.040537,1.0000,0.0019,0.4995,0.2073,0,frozen,2-tag corner homography,2,1920,1200,0.200000,101;102,1,1,,2-tag corner homography,0.010614,0.470703,101,102,4.730703,4.260000,30,0.050000,0.600000,5.000000,raw-zero-distortion,590.9628888758,0.0000000000,1007.8592059077,0.0000000000,592.3761043005,547.7101609771,0.0000000000,0.0000000000,1.0000000000,-0.0359937509,0.0291287486,0.0062609452,0.0003552766,-0.0208418310,0.0000000000,0.0000000000,0.0000000000,0.0000000000,0.0000000000,1,0.000000,0.000000,72.985,751.264,1,1.221,73.503,751.626,65.400,791.564,8.598,780.416,79.540,716.435,136.284,722.606,-2.818530,0.613656,1.782667,3.390957,-0.001948,0.001023,1,4.260000,0.000000,1773.844,887.075,1,1.585,1772.603,886.782,1843.920,934.601,1761.112,935.556,1704.736,840.206,1785.176,843.926,1.896144,0.838707,1.465263,2.538855,4.259044,-0.001301,0.0116923584,0.0118690530,-9.7820930424,0.0009174084,-0.0115418809,8.6080936937,0.0001395899,0.0042757062,1.0000000000,0.0115197585,0.0116081516,-9.5696514413,0.0009021838,-0.0113775633,8.4859581472,0.0001453197,0.0041833248,1.0000000000
439,34232312240060,53.5160,1785361001.655,2,2.7881,0.6541,2.8372,0.4535,2.8126,0.5538,193.76,-0.1196,-0.0048,0.1173,-0.0238,0.0238,1.76,0.030646,1.0000,0.0024,0.4995,0.2065,0,frozen,2-tag corner homography,2,1920,1200,0.200000,101;102,1,1,,2-tag corner homography,0.011167,0.477286,101,102,4.737286,4.260000,30,0.050000,0.600000,5.000000,raw-zero-distortion,590.9628888758,0.0000000000,1007.8592059077,0.0000000000,592.3761043005,547.7101609771,0.0000000000,0.0000000000,1.0000000000,-0.0359937509,0.0291287486,0.0062609452,0.0003552766,-0.0208418310,0.0000000000,0.0000000000,0.0000000000,0.0000000000,0.0000000000,1,0.000000,0.000000,73.080,750.960,1,1.030,73.195,751.645,65.389,791.546,8.482,780.339,79.618,716.453,135.186,722.714,-2.828229,0.615621,1.788213,3.402290,-0.002537,0.001878,1,4.260000,0.000000,1773.278,886.243,1,1.239,1772.439,886.461,1843.933,934.269,1760.713,935.419,1705.287,840.028,1784.258,843.268,1.892707,0.836573,1.462921,2.534232,4.258842,0.000503,0.0115289743,0.0116174870,-9.5777582623,0.0009005150,-0.0113589745,8.4723569246,0.0001462277,0.0041808048,1.0000000000,0.0115197585,0.0116081516,-9.5696514413,0.0009021838,-0.0113775633,8.4859581472,0.0001453197,0.0041833248,1.0000000000
440,34232531212098,53.7349,1785361001.860,2,2.7705,0.6527,2.8178,0.4521,2.7942,0.5524,193.27,,,,,,,,1.0000,0.0025,0.4995,0.2060,0,frozen,2-tag corner homography,2,1920,1200,0.200000,101;102,1,1,,2-tag corner homography,0.011054,0.481789,101,102,4.741789,4.260000,30,0.050000,0.600000,5.000000,raw-zero-distortion,590.9628888758,0.0000000000,1007.8592059077,0.0000000000,592.3761043005,547.7101609771,0.0000000000,0.0000000000,1.0000000000,-0.0359937509,0.0291287486,0.0062609452,0.0003552766,-0.0208418310,0.0000000000,0.0000000000,0.0000000000,0.0000000000,0.0000000000,1,0.000000,0.000000,73.000,750.960,1,1.141,73.242,751.596,65.532,791.490,8.552,780.245,79.347,716.519,135.424,722.595,-2.830162,0.615924,1.789525,3.404641,-0.002757,0.001860,1,4.260000,0.000000,1773.378,886.347,1,1.102,1772.647,886.589,1843.970,934.393,1760.683,935.460,1705.781,840.339,1784.521,843.236,1.895269,0.837794,1.464503,2.537462,4.258932,0.000283,0.0113895250,0.0114844296,-9.4674325999,0.0008918024,-0.0112365137,8.3803942528,0.0001418696,0.0041224586,1.0000000000,0.0115197585,0.0116081516,-9.5696514413,0.0009021838,-0.0113775633,8.4859581472,0.0001453197,0.0041833248,1.0000000000
441,34232735120207,53.9389,1785361002.062,2,2.7285,0.6469,2.7761,0.4457,2.7523,0.5463,193.31,,,,,,,,1.0000,0.0027,0.4995,0.2068,0,frozen,2-tag corner homography,2,1920,1200,0.200000,101;102,1,1,,2-tag corner homography,0.011046,0.480946,101,102,4.740946,4.260000,30,0.050000,0.600000,5.000000,raw-zero-distortion,590.9628888758,0.0000000000,1007.8592059077,0.0000000000,592.3761043005,547.7101609771,0.0000000000,0.0000000000,1.0000000000,-0.0359937509,0.0291287486,0.0062609452,0.0003552766,-0.0208418310,0.0000000000,0.0000000000,0.0000000000,0.0000000000,0.0000000000,1,0.000000,0.000000,72.883,751.022,1,1.065,73.125,751.595,65.417,791.464,8.461,780.291,79.274,716.400,135.250,722.686,-2.830020,0.615814,1.789212,3.404338,-0.002911,0.001665,1,4.260000,0.000000,1773.544,886.911,1,1.294,1772.598,886.931,1843.890,934.963,1760.759,935.611,1705.363,840.337,1784.823,843.952,1.894522,0.838362,1.464018,2.536811,4.258593,-0.000978,0.0114346513,0.0115038104,-9.4839794642,0.0008978624,-0.0112830967,8.4149990697,0.0001403551,0.0041461312,1.0000000000,0.0115197585,0.0116081516,-9.5696514413,0.0009021838,-0.0113775633,8.4859581472,0.0001453197,0.0041833248,1.0000000000
442,34232934356456,54.1381,1785361002.229,2,2.7004,0.6447,2.7500,0.4437,2.7252,0.5442,193.87,,,,,,,,1.0000,0.0030,0.4995,0.2070,0,frozen,2-tag corner homography,2,1920,1200,0.200000,101;102,1,0,world_rms>0.050,2-tag corner homography,0.265786,0.484531,101,102,4.744531,4.260000,30,0.050000,0.600000,5.000000,raw-zero-distortion,590.9628888758,0.0000000000,1007.8592059077,0.0000000000,592.3761043005,547.7101609771,0.0000000000,0.0000000000,1.0000000000,-0.0359937509,0.0291287486,0.0062609452,0.0003552766,-0.0208418310,0.0000000000,0.0000000000,0.0000000000,0.0000000000,0.0000000000,1,0.000000,0.000000,72.836,750.883,1,1.082,73.079,751.466,65.249,791.375,8.467,780.122,79.322,716.266,135.182,722.562,-2.829518,0.615283,1.788806,3.403611,-0.003430,0.002037,1,4.260000,0.000000,1773.762,887.015,1,1.530,1772.610,886.927,1843.644,934.708,1760.825,935.628,1705.261,840.264,1785.153,844.214,1.898758,0.840215,1.467270,2.542464,4.258940,-0.001178,507.1285987675,-500.2623824489,367625.5824237040,-21.0784492724,272.3040351665,-204478.9868441201,250.1523627355,-280.6356800748,1.0000000000,0.0115197585,0.0116081516,-9.5696514413,0.0009021838,-0.0113775633,8.4859581472,0.0001453197,0.0041833248,1.0000000000
443,34233108138994,54.3119,1785361002.423,2,2.6781,0.6491,2.7284,0.4437,2.7033,0.5464,193.76,,,,,,,,1.0000,0.0029,0.4995,0.2115,0,frozen,2-tag corner homography,2,1920,1200,0.200000,101;102,1,1,,2-tag corner homography,0.010904,0.483716,101,102,4.743716,4.260000,30,0.050000,0.600000,5.000000,raw-zero-distortion,590.9628888758,0.0000000000,1007.8592059077,0.0000000000,592.3761043005,547.7101609771,0.0000000000,0.0000000000,1.0000000000,-0.0359937509,0.0291287486,0.0062609452,0.0003552766,-0.0208418310,0.0000000000,0.0000000000,0.0000000000,0.0000000000,0.0000000000,1,0.000000,0.000000,72.800,750.920,1,1.233,73.140,751.516,65.340,791.450,8.335,780.142,79.135,716.500,135.599,722.454,-2.828238,0.615197,1.788113,3.402168,-0.003425,0.001925,1,4.260000,0.000000,1773.412,886.572,1,1.265,1772.508,886.670,1843.714,934.370,1760.586,935.409,1705.443,840.361,1784.695,843.608,1.899319,0.839938,1.467899,2.543154,4.258725,-0.000227,0.0114035632,0.0115261640,-9.4977072917,0.0008959033,-0.0112743174,8.4077154695,0.0001372552,0.0041395547,1.0000000000,0.0115197585,0.0116081516,-9.5696514413,0.0009021838,-0.0113775633,8.4859581472,0.0001453197,0.0041833248,1.0000000000
444,34233299764516,54.5035,1785361002.629,2,2.6588,0.6517,2.7116,0.4454,2.6852,0.5485,194.37,,,,,,,,1.0000,0.0022,0.4995,0.2129,0,frozen,2-tag corner homography,2,1920,1200,0.200000,101;102,1,1,,2-tag corner homography,0.010976,0.478948,101,102,4.738948,4.260000,30,0.050000,0.600000,5.000000,raw-zero-distortion,590.9628888758,0.0000000000,1007.8592059077,0.0000000000,592.3761043005,547.7101609771,0.0000000000,0.0000000000,1.0000000000,-0.0359937509,0.0291287486,0.0062609452,0.0003552766,-0.0208418310,0.0000000000,0.0000000000,0.0000000000,0.0000000000,0.0000000000,1,0.000000,0.000000,73.057,751.081,1,1.017,73.256,751.669,65.714,791.501,8.348,780.469,79.347,716.454,135.490,722.726,-2.826869,0.615437,1.787470,3.400735,-0.002263,0.001541,1,4.260000,0.000000,1773.523,886.798,1,1.312,1772.570,886.839,1843.759,934.716,1760.876,935.598,1705.411,840.330,1784.657,843.833,1.895824,0.838740,1.465078,2.538520,4.258685,-0.000725,0.0113786438,0.0114638764,-9.4521757280,0.0008933075,-0.0112388486,8.3827985788,0.0001342909,0.0041310964,1.0000000000,0.0115197585,0.0116081516,-9.5696514413,0.0009021838,-0.0113775633,8.4859581472,0.0001453197,0.0041833248,1.0000000000
445,34233501641971,54.7054,1785361002.815,2,2.6437,0.6480,2.6911,0.4447,2.6674,0.5464,193.10,,,,,,,,1.0000,0.0030,0.4995,0.2088,0,frozen,2-tag corner homography,2,1920,1200,0.200000,101;102,1,1,,2-tag corner homography,0.010988,0.439967,101,102,4.699967,4.260000,30,0.050000,0.600000,5.000000,raw-zero-distortion,590.9628888758,0.0000000000,1007.8592059077,0.0000000000,592.3761043005,547.7101609771,0.0000000000,0.0000000000,1.0000000000,-0.0359937509,0.0291287486,0.0062609452,0.0003552766,-0.0208418310,0.0000000000,0.0000000000,0.0000000000,0.0000000000,0.0000000000,1,0.000000,0.000000,73.009,750.792,1,1.712,73.766,751.258,65.468,791.482,8.686,780.218,79.359,716.537,137.269,721.396,-2.798370,0.608335,1.770415,3.366796,-0.003201,0.002322,1,4.260000,0.000000,1773.155,886.290,1,1.141,1772.362,886.423,1843.866,934.514,1760.738,935.453,1705.165,839.922,1784.093,842.980,1.885774,0.833499,1.457709,2.525031,4.258513,0.000373,0.0117197108,0.0119496625,-9.8435194554,0.0009149379,-0.0115099559,8.5799436890,0.0001343071,0.0043015834,1.0000000000,0.0115197585,0.0116081516,-9.5696514413,0.0009021838,-0.0113775633,8.4859581472,0.0001453197,0.0041833248,1.0000000000
446,34233680314763,54.8841,1785361002.986,2,2.6452,0.6480,2.6912,0.4480,2.6682,0.5480,192.94,,,,,,,,1.0000,0.0019,0.4995,0.2052,0,frozen,2-tag corner homography,2,1920,1200,0.200000,101;102,1,1,,2-tag corner homography,0.010758,0.473528,101,102,4.733528,4.260000,30,0.050000,0.600000,5.000000,raw-zero-distortion,590.9628888758,0.0000000000,1007.8592059077,0.0000000000,592.3761043005,547.7101609771,0.0000000000,0.0000000000,1.0000000000,-0.0359937509,0.0291287486,0.0062609452,0.0003552766,-0.0208418310,0.0000000000,0.0000000000,0.0000000000,0.0000000000,0.0000000000,1,0.000000,0.000000,73.064,751.167,1,1.075,73.377,751.665,65.571,791.545,8.532,780.482,79.510,716.434,135.755,722.689,-2.822818,0.614623,1.785139,3.395996,-0.002000,0.001306,1,4.260000,0.000000,1773.362,886.268,1,1.078,1772.681,886.596,1844.417,934.432,1760.615,935.478,1705.623,840.353,1784.510,843.233,1.894535,0.837450,1.463871,2.536436,4.258996,0.000460,0.0114597056,0.0116833594,-9.6244237558,0.0008967969,-0.0113008554,8.4288790071,0.0001430278,0.0041583258,1.0000000000,0.0115197585,0.0116081516,-9.5696514413,0.0009021838,-0.0113775633,8.4859581472,0.0001453197,0.0041833248,1.0000000000
447,34233832551796,55.0363,1785361003.136,2,2.6413,0.6571,2.6908,0.4511,2.6660,0.5541,193.51,-0.0040,0.0231,-0.0015,-0.0234,0.0234,1.19,0.020753,1.0000,0.0028,0.4995,0.2119,0,frozen,2-tag corner homography,2,1920,1200,0.200000,101;102,1,1,,2-tag corner homography,0.011090,0.486776,101,102,4.746776,4.260000,30,0.050000,0.600000,5.000000,raw-zero-distortion,590.9628888758,0.0000000000,1007.8592059077,0.0000000000,592.3761043005,547.7101609771,0.0000000000,0.0000000000,1.0000000000,-0.0359937509,0.0291287486,0.0062609452,0.0003552766,-0.0208418310,0.0000000000,0.0000000000,0.0000000000,0.0000000000,0.0000000000,1,0.000000,0.000000,73.049,750.830,1,1.061,73.133,751.580,65.572,791.463,8.264,780.241,79.372,716.470,135.205,722.613,-2.830548,0.615888,1.789560,3.404974,-0.002985,0.002227,1,4.260000,0.000000,1773.711,886.877,1,1.526,1772.584,886.874,1843.626,934.557,1760.777,935.603,1705.327,840.241,1785.042,844.188,1.900006,0.840662,1.468284,2.544130,4.259000,-0.000871,0.0114249825,0.0115115320,-9.4889736356,0.0008987029,-0.0112974496,8.4255741256,0.0001375168,0.0041478342,1.0000000000,0.0115197585,0.0116081516,-9.5696514413,0.0009021838,-0.0113775633,8.4859581472,0.0001453197,0.0041833248,1.0000000000
448,34233996986538,55.2007,1785361003.270,1,2.6437,0.6545,2.6868,0.4533,2.6653,0.5539,192.08,-0.0081,0.0194,0.0039,-0.0206,0.0206,-1.96,-0.034252,1.0000,0.0040,0.4995,0.2058,0,frozen,2-tag corner homography,2,1920,1200,0.200000,101,0,0,insufficient,insufficient,,,,,,,30,0.050000,0.600000,5.000000,raw-zero-distortion,590.9628888758,0.0000000000,1007.8592059077,0.0000000000,592.3761043005,547.7101609771,0.0000000000,0.0000000000,1.0000000000,-0.0359937509,0.0291287486,0.0062609452,0.0003552766,-0.0208418310,0.0000000000,0.0000000000,0.0000000000,0.0000000000,0.0000000000,1,0.000000,0.000000,72.612,751.009,1,1.216,73.040,751.486,65.265,791.374,8.422,780.146,78.912,716.400,135.444,722.488,-2.830097,0.615445,1.789097,3.404275,-0.003698,0.001642,0,4.260000,0.000000,,,,,,,,,,,,,,,,,,,,,,,,,,,,,,0.0115197585,0.0116081516,-9.5696514413,0.0009021838,-0.0113775633,8.4859581472,0.0001453197,0.0041833248,1.0000000000
449,34234136176547,55.3399,1785361003.450,2,2.6424,0.6543,2.6840,0.4562,2.6632,0.5552,191.86,-0.0088,0.0077,0.0070,-0.0094,0.0094,-4.58,-0.079936,1.0000,0.0023,0.4995,0.2024,0,frozen,2-tag corner homography,2,1920,1200,0.200000,101;102,1,0,world_rms>0.050,2-tag corner homography,0.116317,0.471135,101,102,4.731135,4.260000,30,0.050000,0.600000,5.000000,raw-zero-distortion,590.9628888758,0.0000000000,1007.8592059077,0.0000000000,592.3761043005,547.7101609771,0.0000000000,0.0000000000,1.0000000000,-0.0359937509,0.0291287486,0.0062609452,0.0003552766,-0.0208418310,0.0000000000,0.0000000000,0.0000000000,0.0000000000,0.0000000000,1,0.000000,0.000000,73.037,751.054,1,1.020,73.261,751.611,65.510,791.436,8.370,780.452,79.497,716.401,135.528,722.645,-2.824264,0.614699,1.785832,3.397576,-0.002392,0.001610,1,4.260000,0.000000,1773.237,886.300,1,1.082,1772.505,886.501,1844.053,934.508,1760.512,935.389,1705.427,840.139,1784.439,843.088,1.890540,0.835641,1.461120,2.531266,4.258681,0.000363,-0.0028575144,-0.0028012235,2.3220863687,-0.0001633826,0.0020566345,-1.5333087205,-0.0010760813,-0.0003621116,1.0000000000,0.0115197585,0.0116081516,-9.5696514413,0.0009021838,-0.0113775633,8.4859581472,0.0001453197,0.0041833248,1.0000000000
450,34234307763015,55.5115,1785361003.604,2,2.6374,0.6649,2.6798,0.4568,2.6586,0.5608,191.51,-0.0190,0.0197,0.0147,-0.0231,0.0231,-2.37,-0.041428,1.0000,0.0019,0.4995,0.2124,0,frozen,2-tag corner homography,2,1920,1200,0.200000,101;102,1,1,,2-tag corner homography,0.010987,0.485537,101,102,4.745537,4.260000,30,0.050000,0.600000,5.000000,raw-zero-distortion,590.9628888758,0.0000000000,1007.8592059077,0.0000000000,592.3761043005,547.7101609771,0.0000000000,0.0000000000,1.0000000000,-0.0359937509,0.0291287486,0.0062609452,0.0003552766,-0.0208418310,0.0000000000,0.0000000000,0.0000000000,0.0000000000,0.0000000000,1,0.000000,0.000000,73.042,751.167,1,1.045,73.294,751.714,65.538,791.545,8.671,780.324,79.484,716.506,135.384,722.929,-2.833772,0.617099,1.791906,3.409106,-0.002062,0.001302,1,4.260000,0.000000,1773.485,886.609,1,1.297,1772.544,886.661,1844.002,934.536,1760.710,935.432,1705.198,840.197,1784.736,843.613,1.895313,0.838104,1.464734,2.537730,4.258840,-0.000298,0.0115352967,0.0118198294,-9.7321552959,0.0009049869,-0.0113994339,8.5028244058,0.0001451164,0.0041926220,1.0000000000,0.0115197585,0.0116081516,-9.5696514413,0.0009021838,-0.0113775633,8.4859581472,0.0001453197,0.0041833248,1.0000000000
451,34234446704842,55.6504,1785361003.763,2,2.6369,0.6558,2.6747,0.4590,2.6558,0.5574,190.87,-0.0227,0.0112,0.0202,-0.0152,0.0152,-2.94,-0.051370,1.0000,0.0028,0.4995,0.2005,0,frozen,2-tag corner homography,2,1920,1200,0.200000,101;102,1,1,,2-tag corner homography,0.011009,0.482194,101,102,4.742194,4.260000,30,0.050000,0.600000,5.000000,raw-zero-distortion,590.9628888758,0.0000000000,1007.8592059077,0.0000000000,592.3761043005,547.7101609771,0.0000000000,0.0000000000,1.0000000000,-0.0359937509,0.0291287486,0.0062609452,0.0003552766,-0.0208418310,0.0000000000,0.0000000000,0.0000000000,0.0000000000,0.0000000000,1,0.000000,0.000000,72.960,750.915,1,1.094,73.156,751.565,65.451,791.424,8.571,780.208,79.346,716.466,135.164,722.615,-2.832606,0.616305,1.790905,3.407467,-0.002996,0.001976,1,4.260000,0.000000,1773.520,886.922,1,1.410,1772.480,886.922,1843.951,934.907,1760.599,935.707,1704.979,840.224,1784.884,844.014,1.893056,0.837822,1.463112,2.535015,4.258526,-0.001008,0.0115674338,0.0116489504,-9.6027704228,0.0009074880,-0.0114008285,8.5023928726,0.0001488214,0.0041938158,1.0000000000,0.0115197585,0.0116081516,-9.5696514413,0.0009021838,-0.0113775633,8.4859581472,0.0001453197,0.0041833248,1.0000000000
452,34234611568024,55.8153,1785361003.928,2,2.6319,0.6629,2.6707,0.4595,2.6513,0.5612,190.81,-0.0238,0.0039,0.0227,-0.0083,0.0083,-2.40,-0.041837,1.0000,0.0023,0.4995,0.2071,0,frozen,2-tag corner homography,2,1920,1200,0.200000,101;102,1,1,,2-tag corner homography,0.010881,0.475931,101,102,4.735931,4.260000,30,0.050000,0.600000,5.000000,raw-zero-distortion,590.9628888758,0.0000000000,1007.8592059077,0.0000000000,592.3761043005,547.7101609771,0.0000000000,0.0000000000,1.0000000000,-0.0359937509,0.0291287486,0.0062609452,0.0003552766,-0.0208418310,0.0000000000,0.0000000000,0.0000000000,0.0000000000,0.0000000000,1,0.000000,0.000000,73.012,751.053,1,1.084,73.311,751.579,65.692,791.362,8.306,780.418,79.293,716.463,135.789,722.564,-2.825264,0.614853,1.786560,3.398817,-0.002464,0.001606,1,4.260000,0.000000,1773.349,886.489,1,1.284,1772.444,886.622,1843.737,934.452,1760.595,935.476,1705.327,840.138,1784.532,843.532,1.894426,0.837724,1.464240,2.536658,4.258691,-0.000048,0.0118654666,0.0121763553,-10.0229794525,0.0009313013,-0.0117268768,8.7455629259,0.0001374310,0.0043693694,1.0000000000,0.0115197585,0.0116081516,-9.5696514413,0.0009021838,-0.0113775633,8.4859581472,0.0001453197,0.0041833248,1.0000000000
453,34234782085751,55.9858,1785361004.076,2,2.6300,0.6594,2.6661,0.4594,2.6480,0.5594,190.23,-0.0232,0.0054,0.0219,-0.0095,0.0095,-2.01,-0.035168,1.0000,0.0022,0.4995,0.2032,0,frozen,2-tag corner homography,2,1920,1200,0.200000,101;102,1,1,,2-tag corner homography,0.011162,0.485784,101,102,4.745784,4.260000,30,0.050000,0.600000,5.000000,raw-zero-distortion,590.9628888758,0.0000000000,1007.8592059077,0.0000000000,592.3761043005,547.7101609771,0.0000000000,0.0000000000,1.0000000000,-0.0359937509,0.0291287486,0.0062609452,0.0003552766,-0.0208418310,0.0000000000,0.0000000000,0.0000000000,0.0000000000,0.0000000000,1,0.000000,0.000000,73.024,751.188,1,0.976,73.246,751.710,65.384,791.477,8.491,780.343,79.608,716.463,135.378,723.016,-2.833649,0.617031,1.791738,3.408903,-0.002055,0.001240,1,4.260000,0.000000,1772.900,886.182,1,1.139,1772.188,886.520,1843.705,934.171,1760.744,935.447,1705.248,840.329,1783.487,843.274,1.895750,0.838339,1.465755,2.538724,4.258090,0.000575,0.0115584906,0.0116758396,-9.6250981460,0.0009063844,-0.0114312723,8.5269562838,0.0001381450,0.0042111437,1.0000000000,0.0115197585,0.0116081516,-9.5696514413,0.0009021838,-0.0113775633,8.4859581472,0.0001453197,0.0041833248,1.0000000000
454,34234919588928,56.1233,1785361004.213,2,2.6227,0.6616,2.6614,0.4600,2.6421,0.5608,190.87,-0.0279,0.0003,0.0273,-0.0055,0.0055,-0.52,-0.009104,1.0000,0.0025,0.4995,0.2052,0,frozen,2-tag corner homography,2,1920,1200,0.200000,101;102,1,1,,2-tag corner homography,0.010926,0.491446,101,102,4.751446,4.260000,30,0.050000,0.600000,5.000000,raw-zero-distortion,590.9628888758,0.0000000000,1007.8592059077,0.0000000000,592.3761043005,547.7101609771,0.0000000000,0.0000000000,1.0000000000,-0.0359937509,0.0291287486,0.0062609452,0.0003552766,-0.0208418310,0.0000000000,0.0000000000,0.0000000000,0.0000000000,0.0000000000,1,0.000000,0.000000,72.760,751.240,1,1.176,73.153,751.734,65.599,791.542,8.740,780.216,78.904,716.657,135.297,722.935,-2.841855,0.618828,1.796747,3.418682,-0.002641,0.001040,1,4.260000,0.000000,1773.654,887.168,1,1.190,1772.785,887.197,1844.193,935.509,1760.656,935.735,1705.578,840.513,1785.159,844.179,1.892733,0.838022,1.462279,2.534360,4.258513,-0.001546,0.0118636366,0.0120067490,-9.8952662578,0.0009334805,-0.0117217206,8.7435086876,0.0001432498,0.0043508930,1.0000000000,0.0115197585,0.0116081516,-9.5696514413,0.0009021838,-0.0113775633,8.4859581472,0.0001453197,0.0041833248,1.0000000000
455,34235059709193,56.2634,1785361004.342,2,2.6179,0.6601,2.6575,0.4585,2.6377,0.5593,191.14,-0.0347,-0.0001,0.0341,-0.0066,0.0066,2.27,0.039676,1.0000,0.0034,0.4995,0.2054,0,frozen,2-tag corner homography,2,1920,1200,0.200000,101;102,1,1,,2-tag corner homography,0.011068,0.497057,101,102,4.757057,4.260000,30,0.050000,0.600000,5.000000,raw-zero-distortion,590.9628888758,0.0000000000,1007.8592059077,0.0000000000,592.3761043005,547.7101609771,0.0000000000,0.0000000000,1.0000000000,-0.0359937509,0.0291287486,0.0062609452,0.0003552766,-0.0208418310,0.0000000000,0.0000000000,0.0000000000,0.0000000000,0.0000000000,1,0.000000,0.000000,72.711,750.821,1,1.072,72.781,751.601,65.490,791.450,8.276,780.150,78.805,716.529,134.512,722.690,-2.841073,0.618010,1.795539,3.417249,-0.003950,0.002178,1,4.260000,0.000000,1773.724,886.976,1,1.469,1772.627,886.937,1843.797,934.741,1760.693,935.583,1705.285,840.324,1785.191,844.202,1.899459,0.840530,1.467779,2.543386,4.258906,-0.001094,0.0113283940,0.0113175604,-9.3323158434,0.0008908633,-0.0111971459,8.3512737107,0.0001428639,0.0040877955,1.0000000000,0.0115197585,0.0116081516,-9.5696514413,0.0009021838,-0.0113775633,8.4859581472,0.0001453197,0.0041833248,1.0000000000
456,34235206448058,56.4102,1785361004.501,2,2.6156,0.6618,2.6553,0.4588,2.6354,0.5603,191.09,-0.0260,-0.0013,0.0258,-0.0038,0.0038,1.13,0.019789,1.0000,0.0035,0.4995,0.2068,0,frozen,2-tag corner homography,2,1920,1200,0.200000,101;102,1,1,,2-tag corner homography,0.011205,0.493439,101,102,4.753439,4.260000,30,0.050000,0.600000,5.000000,raw-zero-distortion,590.9628888758,0.0000000000,1007.8592059077,0.0000000000,592.3761043005,547.7101609771,0.0000000000,0.0000000000,1.0000000000,-0.0359937509,0.0291287486,0.0062609452,0.0003552766,-0.0208418310,0.0000000000,0.0000000000,0.0000000000,0.0000000000,0.0000000000,1,0.000000,0.000000,73.330,750.429,1,1.068,73.116,751.486,65.793,791.471,8.476,779.729,79.582,716.388,134.572,722.761,-2.845132,0.618766,1.798748,3.422447,-0.003328,0.003389,1,4.260000,0.000000,1773.193,886.206,1,1.100,1772.478,886.482,1843.985,934.428,1760.568,935.384,1705.510,840.103,1784.249,843.138,1.891372,0.835992,1.461815,2.532405,4.258702,0.000571,0.0113102036,0.0113020401,-9.3217741567,0.0008856661,-0.0111574077,8.3202382023,0.0001450019,0.0040744053,1.0000000000,0.0115197585,0.0116081516,-9.5696514413,0.0009021838,-0.0113775633,8.4859581472,0.0001453197,0.0041833248,1.0000000000
457,34235353052893,56.5568,1785361004.626,2,2.6098,0.6588,2.6517,0.4599,2.6307,0.5593,191.90,-0.0244,-0.0003,0.0239,-0.0048,0.0048,2.22,0.038747,1.0000,0.0023,0.4995,0.2032,0,frozen,2-tag corner homography,2,1920,1200,0.200000,101;102,1,1,,2-tag corner homography,0.011128,0.484451,101,102,4.744451,4.260000,30,0.050000,0.600000,5.000000,raw-zero-distortion,590.9628888758,0.0000000000,1007.8592059077,0.0000000000,592.3761043005,547.7101609771,0.0000000000,0.0000000000,1.0000000000,-0.0359937509,0.0291287486,0.0062609452,0.0003552766,-0.0208418310,0.0000000000,0.0000000000,0.0000000000,0.0000000000,0.0000000000,1,0.000000,0.000000,73.136,750.953,1,0.940,73.151,751.680,65.610,791.515,8.534,780.327,79.542,716.427,134.859,722.888,-2.834720,0.617110,1.792232,3.410067,-0.002401,0.001910,1,4.260000,0.000000,1773.376,886.461,1,1.402,1772.386,886.598,1843.788,934.407,1760.596,935.525,1705.088,839.960,1784.528,843.647,1.893203,0.837189,1.463406,2.535086,4.258786,0.000022,0.0114548529,0.0114807722,-9.4694064382,0.0008957853,-0.0112899293,8.4212064786,0.0001471148,0.0041404819,1.0000000000,0.0115197585,0.0116081516,-9.5696514413,0.0009021838,-0.0113775633,8.4859581472,0.0001453197,0.0041833248,1.0000000000
458,34235468660092,56.6724,1785361004.764,2,2.6062,0.6628,2.6474,0.4602,2.6268,0.5615,191.51,-0.0300,0.0024,0.0289,-0.0084,0.0084,1.94,0.033879,1.0000,0.0030,0.4995,0.2068,0,frozen,2-tag corner homography,2,1920,1200,0.200000,101;102,1,1,,2-tag corner homography,0.011177,0.495029,101,102,4.755029,4.260000,30,0.050000,0.600000,5.000000,raw-zero-distortion,590.9628888758,0.0000000000,1007.8592059077,0.0000000000,592.3761043005,547.7101609771,0.0000000000,0.0000000000,1.0000000000,-0.0359937509,0.0291287486,0.0062609452,0.0003552766,-0.0208418310,0.0000000000,0.0000000000,0.0000000000,0.0000000000,0.0000000000,1,0.000000,0.000000,72.936,750.855,1,0.987,72.930,751.644,65.544,791.373,8.217,780.317,79.188,716.583,134.689,722.742,-2.838293,0.617632,1.794066,3.414096,-0.003231,0.002135,1,4.260000,0.000000,1773.705,886.992,1,1.458,1772.632,887.008,1843.657,934.653,1760.693,935.785,1705.459,840.492,1785.126,844.162,1.900308,0.841076,1.468425,2.544573,4.258844,-0.001135,0.0113954593,0.0114250192,-9.4202064718,0.0008960196,-0.0112606766,8.3991013487,0.0001449592,0.0041169217,1.0000000000,0.0115197585,0.0116081516,-9.5696514413,0.0009021838,-0.0113775633,8.4859581472,0.0001453197,0.0041833248,1.0000000000
459,34235617897869,56.8216,1785361004.887,2,2.6022,0.6599,2.6443,0.4612,2.6232,0.5605,191.95,-0.0285,0.0036,0.0272,-0.0094,0.0094,0.73,0.012788,1.0000,0.0025,0.4995,0.2031,0,frozen,2-tag corner homography,2,1920,1200,0.200000,101;102,1,1,,2-tag corner homography,0.011054,0.487435,101,102,4.747435,4.260000,30,0.050000,0.600000,5.000000,raw-zero-distortion,590.9628888758,0.0000000000,1007.8592059077,0.0000000000,592.3761043005,547.7101609771,0.0000000000,0.0000000000,1.0000000000,-0.0359937509,0.0291287486,0.0062609452,0.0003552766,-0.0208418310,0.0000000000,0.0000000000,0.0000000000,0.0000000000,0.0000000000,1,0.000000,0.000000,72.992,750.986,1,1.101,73.224,751.599,65.414,791.471,8.630,780.157,79.453,716.472,135.298,722.747,-2.834105,0.616779,1.791983,3.409365,-0.002707,0.001787,1,4.260000,0.000000,1773.623,886.886,1,1.432,1772.549,886.814,1843.752,934.571,1760.922,935.625,1705.140,840.321,1784.837,843.857,1.896897,0.839177,1.465948,2.539969,4.258796,-0.000908,0.0115030208,0.0115874042,-9.5529713176,0.0009033738,-0.0113617184,8.4736540218,0.0001439342,0.0041724778,1.0000000000,0.0115197585,0.0116081516,-9.5696514413,0.0009021838,-0.0113775633,8.4859581472,0.0001453197,0.0041833248,1.0000000000
460,34235728091252,56.9318,1785361004.999,2,2.5961,0.6618,2.6403,0.4587,2.6182,0.5603,192.26,-0.0312,-0.0018,0.0309,-0.0049,0.0049,2.13,0.037147,1.0000,0.0026,0.4995,0.2078,0,frozen,2-tag corner homography,2,1920,1200,0.200000,101;102,1,1,,2-tag corner homography,0.010852,0.452282,101,102,4.712282,4.260000,30,0.050000,0.600000,5.000000,raw-zero-distortion,590.9628888758,0.0000000000,1007.8592059077,0.0000000000,592.3761043005,547.7101609771,0.0000000000,0.0000000000,1.0000000000,-0.0359937509,0.0291287486,0.0062609452,0.0003552766,-0.0208418310,0.0000000000,0.0000000000,0.0000000000,0.0000000000,0.0000000000,1,0.000000,0.000000,73.202,750.830,1,1.295,73.648,751.340,65.577,791.431,8.514,780.346,79.698,716.238,136.579,721.912,-2.804026,0.609735,1.773769,3.373513,-0.002562,0.002261,1,4.260000,0.000000,1773.346,886.468,1,1.204,1772.491,886.565,1843.770,934.399,1760.709,935.524,1705.384,840.212,1784.486,843.223,1.892495,0.836679,1.462658,2.533957,4.258711,-0.000001,0.0114522440,0.0116202477,-9.5758651605,0.0008959490,-0.0112667327,8.3996243087,0.0001345949,0.0041692092,1.0000000000,0.0115197585,0.0116081516,-9.5696514413,0.0009021838,-0.0113775633,8.4859581472,0.0001453197,0.0041833248,1.0000000000
461,34235844152133,57.0479,1785361005.136,2,2.5947,0.6599,2.6395,0.4595,2.6171,0.5597,192.60,-0.0285,-0.0031,0.0285,-0.0032,0.0032,2.61,0.045632,1.0000,0.0023,0.4995,0.2053,0,frozen,2-tag corner homography,2,1920,1200,0.200000,101;102,1,1,,2-tag corner homography,0.010881,0.481190,101,102,4.741190,4.260000,30,0.050000,0.600000,5.000000,raw-zero-distortion,590.9628888758,0.0000000000,1007.8592059077,0.0000000000,592.3761043005,547.7101609771,0.0000000000,0.0000000000,1.0000000000,-0.0359937509,0.0291287486,0.0062609452,0.0003552766,-0.0208418310,0.0000000000,0.0000000000,0.0000000000,0.0000000000,0.0000000000,1,0.000000,0.000000,73.160,750.983,1,1.059,73.354,751.608,65.693,791.480,8.555,780.217,79.530,716.431,135.520,722.765,-2.831611,0.616351,1.790656,3.406517,-0.002251,0.001832,1,4.260000,0.000000,1773.264,886.423,1,1.145,1772.469,886.573,1843.954,934.517,1760.650,935.383,1705.334,840.207,1784.370,843.316,1.893107,0.836993,1.463173,2.534814,4.258587,0.000088,0.0114361265,0.0115201782,-9.4990808863,0.0008957712,-0.0112859731,8.4172886017,0.0001404117,0.0041467786,1.0000000000,0.0115197585,0.0116081516,-9.5696514413,0.0009021838,-0.0113775633,8.4859581472,0.0001453197,0.0041833248,1.0000000000
462,34235983421979,57.1872,1785361005.261,2,2.5909,0.6629,2.6386,0.4572,2.6148,0.5600,193.05,-0.0175,-0.0014,0.0173,-0.0026,0.0026,2.96,0.051689,1.0000,0.0022,0.4995,0.2112,0,frozen,2-tag corner homography,2,1920,1200,0.200000,101;102,1,1,,2-tag corner homography,0.010801,0.487288,101,102,4.747288,4.260000,30,0.050000,0.600000,5.000000,raw-zero-distortion,590.9628888758,0.0000000000,1007.8592059077,0.0000000000,592.3761043005,547.7101609771,0.0000000000,0.0000000000,1.0000000000,-0.0359937509,0.0291287486,0.0062609452,0.0003552766,-0.0208418310,0.0000000000,0.0000000000,0.0000000000,0.0000000000,0.0000000000,1,0.000000,0.000000,73.046,751.089,1,1.122,73.380,751.603,65.648,791.418,8.595,780.225,79.393,716.488,135.747,722.744,-2.832156,0.616470,1.791051,3.407200,-0.002270,0.001517,1,4.260000,0.000000,1773.762,886.948,1,1.531,1772.623,886.922,1843.833,934.679,1760.747,935.646,1705.205,840.247,1785.179,844.229,1.898790,0.840201,1.467270,2.542484,4.259024,-0.001024,0.0115114671,0.0116455518,-9.5990601555,0.0009061603,-0.0113873302,8.4925939985,0.0001388784,0.0041880620,1.0000000000,0.0115197585,0.0116081516,-9.5696514413,0.0009021838,-0.0113775633,8.4859581472,0.0001453197,0.0041833248,1.0000000000
463,34236100877307,57.3046,1785361005.386,2,2.5875,0.6576,2.6349,0.4560,2.6112,0.5568,193.23,-0.0209,-0.0077,0.0221,0.0027,-0.0027,2.63,0.045891,1.0000,0.0025,0.4995,0.2071,0,frozen,2-tag corner homography,2,1920,1200,0.200000,101;102,1,1,,2-tag corner homography,0.011465,0.485480,101,102,4.745480,4.260000,30,0.050000,0.600000,5.000000,raw-zero-distortion,590.9628888758,0.0000000000,1007.8592059077,0.0000000000,592.3761043005,547.7101609771,0.0000000000,0.0000000000,1.0000000000,-0.0359937509,0.0291287486,0.0062609452,0.0003552766,-0.0208418310,0.0000000000,0.0000000000,0.0000000000,0.0000000000,0.0000000000,1,0.000000,0.000000,72.811,751.094,1,1.105,73.125,751.613,65.244,791.457,8.416,780.290,79.304,716.463,135.408,722.712,-2.829848,0.615830,1.789103,3.404141,-0.002907,0.001453,1,4.260000,0.000000,1773.731,886.948,1,1.480,1772.633,886.925,1843.741,934.643,1760.851,935.663,1705.333,840.351,1785.048,844.143,1.899405,0.840471,1.467726,2.543295,4.258956,-0.001031,0.0123223689,0.0122783360,-10.1313418918,0.0009665703,-0.0121589288,9.0687373824,0.0001446583,0.0045645807,1.0000000000,0.0115197585,0.0116081516,-9.5696514413,0.0009021838,-0.0113775633,8.4859581472,0.0001453197,0.0041833248,1.0000000000
464,34236245444155,57.4492,1785361005.538,2,2.5833,0.6567,2.6320,0.4564,2.6076,0.5566,193.68,-0.0256,-0.0115,0.0276,0.0051,-0.0051,2.47,0.043146,1.0000,0.0024,0.4995,0.2062,0,frozen,2-tag corner homography,2,1920,1200,0.200000,101;102,1,1,,2-tag corner homography,0.011155,0.477965,101,102,4.737965,4.260000,30,0.050000,0.600000,5.000000,raw-zero-distortion,590.9628888758,0.0000000000,1007.8592059077,0.0000000000,592.3761043005,547.7101609771,0.0000000000,0.0000000000,1.0000000000,-0.0359937509,0.0291287486,0.0062609452,0.0003552766,-0.0208418310,0.0000000000,0.0000000000,0.0000000000,0.0000000000,0.0000000000,1,0.000000,0.000000,73.061,750.967,1,0.954,73.108,751.669,65.508,791.539,8.520,780.501,79.496,716.407,134.851,722.691,-2.827221,0.615417,1.787408,3.400992,-0.002569,0.001855,1,4.260000,0.000000,1773.383,886.347,1,1.276,1772.538,886.635,1844.263,934.451,1760.656,935.515,1705.282,840.129,1784.445,843.607,1.894473,0.837675,1.464095,2.536592,4.258943,0.000284,0.0115091832,0.0115262402,-9.5070318778,0.0008991323,-0.0113291322,8.4503411722,0.0001494598,0.0041623810,1.0000000000,0.0115197585,0.0116081516,-9.5696514413,0.0009021838,-0.0113775633,8.4859581472,0.0001453197,0.0041833248,1.0000000000
465,34236386021903,57.5898,1785361005.677,2,2.5808,0.6605,2.6300,0.4567,2.6054,0.5586,193.58,-0.0217,0.0014,0.0208,-0.0065,0.0065,1.56,0.027244,1.0000,0.0025,0.4995,0.2097,0,frozen,2-tag corner homography,2,1920,1200,0.200000,101;102,1,1,,2-tag corner homography,0.010873,0.483072,101,102,4.743072,4.260000,30,0.050000,0.600000,5.000000,raw-zero-distortion,590.9628888758,0.0000000000,1007.8592059077,0.0000000000,592.3761043005,547.7101609771,0.0000000000,0.0000000000,1.0000000000,-0.0359937509,0.0291287486,0.0062609452,0.0003552766,-0.0208418310,0.0000000000,0.0000000000,0.0000000000,0.0000000000,0.0000000000,1,0.000000,0.000000,73.091,750.895,1,1.077,73.259,751.561,65.507,791.452,8.492,780.225,79.536,716.426,135.382,722.613,-2.829011,0.615579,1.788829,3.403256,-0.002688,0.002057,1,4.260000,0.000000,1773.383,886.487,1,1.213,1772.518,886.594,1843.870,934.317,1760.483,935.387,1705.384,840.345,1784.751,843.392,1.897831,0.839081,1.466731,2.541086,4.258768,-0.000037,0.0114277040,0.0115262859,-9.5014653860,0.0008952946,-0.0112759223,8.4093608238,0.0001454015,0.0041337875,1.0000000000,0.0115197585,0.0116081516,-9.5696514413,0.0009021838,-0.0113775633,8.4859581472,0.0001453197,0.0041833248,1.0000000000
466,34236528268535,57.7320,1785361005.827,2,2.5758,0.6560,2.6237,0.4528,2.5998,0.5544,193.27,-0.0262,-0.0053,0.0267,-0.0008,0.0008,-0.66,-0.011526,1.0000,0.0028,0.4995,0.2087,0,frozen,2-tag corner homography,2,1920,1200,0.200000,101;102,1,1,,2-tag corner homography,0.011117,0.480380,101,102,4.740380,4.260000,30,0.050000,0.600000,5.000000,raw-zero-distortion,590.9628888758,0.0000000000,1007.8592059077,0.0000000000,592.3761043005,547.7101609771,0.0000000000,0.0000000000,1.0000000000,-0.0359937509,0.0291287486,0.0062609452,0.0003552766,-0.0208418310,0.0000000000,0.0000000000,0.0000000000,0.0000000000,0.0000000000,1,0.000000,0.000000,72.899,750.941,1,1.096,73.134,751.547,65.390,791.438,8.335,780.266,79.303,716.401,135.380,722.562,-2.827248,0.615072,1.787476,3.400987,-0.003092,0.001890,1,4.260000,0.000000,1773.487,886.799,1,1.314,1772.545,886.881,1843.611,934.658,1760.745,935.691,1705.526,840.416,1784.682,843.842,1.896895,0.839346,1.465954,2.540026,4.258606,-0.000733,0.0113614808,0.0113974447,-9.3982441155,0.0008922846,-0.0112152323,8.3639947859,0.0001367146,0.0041167385,1.0000000000,0.0115197585,0.0116081516,-9.5696514413,0.0009021838,-0.0113775633,8.4859581472,0.0001453197,0.0041833248,1.0000000000
467,34236671538722,57.8753,1785361005.958,2,2.5739,0.6522,2.6215,0.4532,2.5977,0.5527,193.46,-0.0268,-0.0166,0.0299,0.0099,-0.0099,-0.46,-0.008070,1.0000,0.0027,0.4995,0.2046,0,frozen,2-tag corner homography,2,1920,1200,0.200000,101;102,1,1,,2-tag corner homography,0.010979,0.481433,101,102,4.741433,4.260000,30,0.050000,0.600000,5.000000,raw-zero-distortion,590.9628888758,0.0000000000,1007.8592059077,0.0000000000,592.3761043005,547.7101609771,0.0000000000,0.0000000000,1.0000000000,-0.0359937509,0.0291287486,0.0062609452,0.0003552766,-0.0208418310,0.0000000000,0.0000000000,0.0000000000,0.0000000000,0.0000000000,1,0.000000,0.000000,73.131,750.837,1,1.065,73.238,751.567,65.772,791.440,8.317,780.264,79.361,716.459,135.379,722.576,-2.829519,0.615696,1.789111,3.403848,-0.002739,0.002226,1,4.260000,0.000000,1773.701,886.923,1,1.488,1772.589,886.866,1843.716,934.695,1760.878,935.684,1705.218,840.198,1784.985,844.012,1.895553,0.838667,1.464833,2.538153,4.258920,-0.000979,0.0114168134,0.0114636054,-9.4533680129,0.0008966284,-0.0112710635,8.4057058333,0.0001375599,0.0041421123,1.0000000000,0.0115197585,0.0116081516,-9.5696514413,0.0009021838,-0.0113775633,8.4859581472,0.0001453197,0.0041833248,1.0000000000
468,34236803430045,58.0072,1785361006.074,2,2.5713,0.6528,2.6181,0.4527,2.5947,0.5527,193.15,-0.0209,-0.0091,0.0224,0.0041,-0.0041,-0.41,-0.007186,1.0000,0.0024,0.4995,0.2055,0,frozen,2-tag corner homography,2,1920,1200,0.200000,101;102,1,1,,2-tag corner homography,0.011147,0.478576,101,102,4.738576,4.260000,30,0.050000,0.600000,5.000000,raw-zero-distortion,590.9628888758,0.0000000000,1007.8592059077,0.0000000000,592.3761043005,547.7101609771,0.0000000000,0.0000000000,1.0000000000,-0.0359937509,0.0291287486,0.0062609452,0.0003552766,-0.0208418310,0.0000000000,0.0000000000,0.0000000000,0.0000000000,0.0000000000,1,0.000000,0.000000,73.166,750.964,1,1.021,73.305,751.622,65.720,791.436,8.542,780.366,79.512,716.473,135.342,722.677,-2.829872,0.615982,1.789463,3.404378,-0.002284,0.001884,1,4.260000,0.000000,1773.078,886.257,1,1.184,1772.330,886.601,1844.008,934.486,1760.646,935.499,1705.248,840.137,1783.883,843.460,1.892268,0.836843,1.462790,2.533918,4.258385,0.000433,0.0115408143,0.0116411086,-9.5973580156,0.0009038652,-0.0113848268,8.4911246463,0.0001415231,0.0041955702,1.0000000000,0.0115197585,0.0116081516,-9.5696514413,0.0009021838,-0.0113775633,8.4859581472,0.0001453197,0.0041833248,1.0000000000
469,34236915613816,58.1193,1785361006.186,2,2.5673,0.6536,2.6128,0.4516,2.5901,0.5526,192.68,-0.0275,-0.0035,0.0276,-0.0027,0.0027,-2.21,-0.038616,1.0000,0.0029,0.4995,0.2071,0,frozen,2-tag corner homography,2,1920,1200,0.200000,101;102,1,1,,2-tag corner homography,0.011382,0.472244,101,102,4.732244,4.260000,30,0.050000,0.600000,5.000000,raw-zero-distortion,590.9628888758,0.0000000000,1007.8592059077,0.0000000000,592.3761043005,547.7101609771,0.0000000000,0.0000000000,1.0000000000,-0.0359937509,0.0291287486,0.0062609452,0.0003552766,-0.0208418310,0.0000000000,0.0000000000,0.0000000000,0.0000000000,0.0000000000,1,0.000000,0.000000,72.963,750.842,1,1.077,73.112,751.523,65.218,791.411,8.428,780.258,79.535,716.411,135.152,722.495,-2.826821,0.614891,1.787163,3.400435,-0.003193,0.002176,1,4.260000,0.000000,1773.319,886.316,1,1.294,1772.427,886.495,1843.788,934.484,1760.684,935.469,1705.291,839.816,1784.359,843.372,1.888970,0.835018,1.460055,2.529273,4.258842,0.000343,0.0115867884,0.0116963285,-9.6389289463,0.0009047949,-0.0114006858,8.5020935896,0.0001479027,0.0042067722,1.0000000000,0.0115197585,0.0116081516,-9.5696514413,0.0009021838,-0.0113775633,8.4859581472,0.0001453197,0.0041833248,1.0000000000
470,34237029919257,58.2337,1785361006.311,2,2.5642,0.6493,2.6110,0.4513,2.5876,0.5503,193.29,-0.0300,-0.0082,0.0311,0.0011,-0.0011,-0.36,-0.006240,1.0000,0.0035,0.4995,0.2035,0,frozen,2-tag corner homography,2,1920,1200,0.200000,101;102,1,1,,2-tag corner homography,0.010945,0.492127,101,102,4.752127,4.260000,30,0.050000,0.600000,5.000000,raw-zero-distortion,590.9628888758,0.0000000000,1007.8592059077,0.0000000000,592.3761043005,547.7101609771,0.0000000000,0.0000000000,1.0000000000,-0.0359937509,0.0291287486,0.0062609452,0.0003552766,-0.0208418310,0.0000000000,0.0000000000,0.0000000000,0.0000000000,0.0000000000,1,0.000000,0.000000,72.873,750.700,1,1.222,73.123,751.390,65.331,791.324,8.350,779.785,79.239,716.409,135.432,722.500,-2.836387,0.616577,1.793233,3.411882,-0.003840,0.002546,1,4.260000,0.000000,1773.678,887.013,1,1.483,1772.551,886.891,1843.684,934.720,1760.775,935.501,1705.132,840.301,1785.082,844.157,1.899296,0.840428,1.467799,2.543242,4.258758,-0.001189,0.0115389559,0.0117120116,-9.6455757223,0.0009107676,-0.0114305637,8.5225187685,0.0001378801,0.0042060738,1.0000000000,0.0115197585,0.0116081516,-9.5696514413,0.0009021838,-0.0113775633,8.4859581472,0.0001453197,0.0041833248,1.0000000000
471,34237153341540,58.3571,1785361006.437,2,2.5621,0.6502,2.6086,0.4492,2.5853,0.5497,193.01,-0.0274,-0.0093,0.0288,0.0029,-0.0029,-0.01,-0.000218,1.0000,0.0027,0.4995,0.2063,0,frozen,2-tag corner homography,2,1920,1200,0.200000,101;102,1,1,,2-tag corner homography,0.010939,0.483546,101,102,4.743546,4.260000,30,0.050000,0.600000,5.000000,raw-zero-distortion,590.9628888758,0.0000000000,1007.8592059077,0.0000000000,592.3761043005,547.7101609771,0.0000000000,0.0000000000,1.0000000000,-0.0359937509,0.0291287486,0.0062609452,0.0003552766,-0.0208418310,0.0000000000,0.0000000000,0.0000000000,0.0000000000,0.0000000000,1,0.000000,0.000000,73.097,750.843,1,1.171,73.298,751.553,65.680,791.528,8.419,780.139,79.360,716.484,135.595,722.534,-2.828886,0.615554,1.788825,3.403146,-0.002817,0.002202,1,4.260000,0.000000,1773.674,886.914,1,1.451,1772.593,886.877,1843.664,934.640,1760.816,935.614,1705.330,840.311,1784.993,844.040,1.898409,0.839953,1.467032,2.541980,4.258872,-0.000963,0.0113792214,0.0114687726,-9.4549932260,0.0008951933,-0.0112500424,8.3897620518,0.0001344188,0.0041315441,1.0000000000,0.0115197585,0.0116081516,-9.5696514413,0.0009021838,-0.0113775633,8.4859581472,0.0001453197,0.0041833248,1.0000000000
472,34237280519184,58.4843,1785361006.572,2,2.5584,0.6475,2.6052,0.4489,2.5818,0.5482,193.27,-0.0245,-0.0086,0.0258,0.0028,-0.0028,-0.04,-0.000656,1.0000,0.0023,0.4995,0.2040,0,frozen,2-tag corner homography,2,1920,1200,0.200000,101;102,1,1,,2-tag corner homography,0.011177,0.485839,101,102,4.745839,4.260000,30,0.050000,0.600000,5.000000,raw-zero-distortion,590.9628888758,0.0000000000,1007.8592059077,0.0000000000,592.3761043005,547.7101609771,0.0000000000,0.0000000000,1.0000000000,-0.0359937509,0.0291287486,0.0062609452,0.0003552766,-0.0208418310,0.0000000000,0.0000000000,0.0000000000,0.0000000000,0.0000000000,1,0.000000,0.000000,73.129,751.000,1,1.009,73.264,751.651,65.619,791.450,8.531,780.339,79.536,716.493,135.268,722.778,-2.832261,0.616561,1.790895,3.407221,-0.002287,0.001777,1,4.260000,0.000000,1773.430,886.669,1,1.249,1772.536,886.740,1843.757,934.480,1760.980,935.556,1705.423,840.435,1784.398,843.599,1.897225,0.839155,1.466227,2.540367,4.258643,-0.000446,0.0115212959,0.0116386105,-9.5939173755,0.0009045484,-0.0113866080,8.4927876469,0.0001402407,0.0041896736,1.0000000000,0.0115197585,0.0116081516,-9.5696514413,0.0009021838,-0.0113775633,8.4859581472,0.0001453197,0.0041833248,1.0000000000
473,34237418834658,58.6226,1785361006.706,2,2.5559,0.6489,2.6031,0.4475,2.5795,0.5482,193.20,-0.0225,-0.0064,0.0234,0.0011,-0.0011,0.51,0.008972,1.0000,0.0026,0.4995,0.2068,0,frozen,2-tag corner homography,2,1920,1200,0.200000,101;102,1,1,,2-tag corner homography,0.010955,0.483891,101,102,4.743891,4.260000,30,0.050000,0.600000,5.000000,raw-zero-distortion,590.9628888758,0.0000000000,1007.8592059077,0.0000000000,592.3761043005,547.7101609771,0.0000000000,0.0000000000,1.0000000000,-0.0359937509,0.0291287486,0.0062609452,0.0003552766,-0.0208418310,0.0000000000,0.0000000000,0.0000000000,0.0000000000,0.0000000000,1,0.000000,0.000000,73.015,750.920,1,1.165,73.247,751.590,65.575,791.460,8.503,780.021,79.318,716.573,135.462,722.751,-2.838243,0.617667,1.794643,3.414364,-0.002827,0.001972,1,4.260000,0.000000,1773.198,886.212,1,1.145,1772.418,886.398,1843.801,934.361,1760.574,935.404,1705.385,839.965,1784.291,842.985,1.888848,0.834735,1.459978,2.529044,4.258707,0.000560,0.0114251371,0.0115235380,-9.4993010083,0.0008932194,-0.0112684041,8.4042119218,0.0001428857,0.0041375257,1.0000000000,0.0115197585,0.0116081516,-9.5696514413,0.0009021838,-0.0113775633,8.4859581472,0.0001453197,0.0041833248,1.0000000000
474,34237551066336,58.7548,1785361006.837,2,2.5506,0.6492,2.5989,0.4475,2.5747,0.5484,193.48,-0.0249,-0.0015,0.0246,-0.0043,0.0043,0.69,0.012069,1.0000,0.0028,0.4995,0.2074,0,frozen,2-tag corner homography,2,1920,1200,0.200000,101;102,1,1,,2-tag corner homography,0.011013,0.460304,101,102,4.720304,4.260000,30,0.050000,0.600000,5.000000,raw-zero-distortion,590.9628888758,0.0000000000,1007.8592059077,0.0000000000,592.3761043005,547.7101609771,0.0000000000,0.0000000000,1.0000000000,-0.0359937509,0.0291287486,0.0062609452,0.0003552766,-0.0208418310,0.0000000000,0.0000000000,0.0000000000,0.0000000000,0.0000000000,1,0.000000,0.000000,72.545,751.149,1,1.311,73.215,751.382,64.779,791.291,8.346,780.333,79.297,716.248,136.219,722.203,-2.812033,0.611318,1.778010,3.382685,-0.003492,0.001242,1,4.260000,0.000000,1773.280,886.382,1,1.248,1772.410,886.537,1843.781,934.476,1760.573,935.382,1705.289,840.002,1784.419,843.424,1.892336,0.836628,1.462688,2.533839,4.258672,0.000184,0.0116383089,0.0118225348,-9.7370679356,0.0009110460,-0.0114649845,8.5483585008,0.0001391091,0.0042520894,1.0000000000,0.0115197585,0.0116081516,-9.5696514413,0.0009021838,-0.0113775633,8.4859581472,0.0001453197,0.0041833248,1.0000000000
475,34237677977470,58.8817,1785361006.935,2,2.5500,0.6455,2.5967,0.4461,2.5733,0.5458,193.16,-0.0243,-0.0068,0.0252,0.0011,-0.0011,0.11,0.001875,1.0000,0.0027,0.4995,0.2048,0,frozen,2-tag corner homography,2,1920,1200,0.200000,101;102,1,1,,2-tag corner homography,0.010898,0.477669,101,102,4.737669,4.260000,30,0.050000,0.600000,5.000000,raw-zero-distortion,590.9628888758,0.0000000000,1007.8592059077,0.0000000000,592.3761043005,547.7101609771,0.0000000000,0.0000000000,1.0000000000,-0.0359937509,0.0291287486,0.0062609452,0.0003552766,-0.0208418310,0.0000000000,0.0000000000,0.0000000000,0.0000000000,0.0000000000,1,0.000000,0.000000,73.047,750.881,1,0.995,73.196,751.509,65.667,791.431,8.409,780.305,79.358,716.206,135.259,722.562,-2.825059,0.614522,1.786211,3.398403,-0.002848,0.002086,1,4.260000,0.000000,1773.864,886.978,1,1.451,1772.787,886.957,1844.104,934.903,1760.925,935.643,1705.360,840.237,1785.240,844.190,1.896379,0.839040,1.465092,2.539043,4.259210,-0.001074,0.0113760445,0.0114106798,-9.4094970151,0.0008937548,-0.0112223291,8.3685707315,0.0001379257,0.0041218689,1.0000000000,0.0115197585,0.0116081516,-9.5696514413,0.0009021838,-0.0113775633,8.4859581472,0.0001453197,0.0041833248,1.0000000000
476,34237779213928,58.9829,1785361007.064,2,2.5470,0.6432,2.5941,0.4467,2.5705,0.5450,193.47,-0.0205,-0.0118,0.0227,0.0067,-0.0067,-0.05,-0.000919,1.0000,0.0026,0.4995,0.2021,0,frozen,2-tag corner homography,2,1920,1200,0.200000,101;102,1,1,,2-tag corner homography,0.011210,0.487995,101,102,4.747995,4.260000,30,0.050000,0.600000,5.000000,raw-zero-distortion,590.9628888758,0.0000000000,1007.8592059077,0.0000000000,592.3761043005,547.7101609771,0.0000000000,0.0000000000,1.0000000000,-0.0359937509,0.0291287486,0.0062609452,0.0003552766,-0.0208418310,0.0000000000,0.0000000000,0.0000000000,0.0000000000,0.0000000000,1,0.000000,0.000000,72.999,750.958,1,1.016,73.104,751.650,65.630,791.449,8.557,780.384,79.267,716.519,134.904,722.691,-2.833777,0.616784,1.791547,3.408864,-0.002766,0.001866,1,4.260000,0.000000,1773.665,886.897,1,1.417,1772.628,886.920,1843.847,934.671,1760.910,935.711,1705.338,840.385,1784.866,844.030,1.897829,0.839765,1.466517,2.541187,4.258875,-0.000925,0.0114279899,0.0114478134,-9.4418328457,0.0008970943,-0.0112792081,8.4127744789,0.0001444246,0.0041329909,1.0000000000,0.0115197585,0.0116081516,-9.5696514413,0.0009021838,-0.0113775633,8.4859581472,0.0001453197,0.0041833248,1.0000000000
477,34237905974678,59.1097,1785361007.186,2,2.5425,0.6447,2.5922,0.4465,2.5674,0.5456,194.07,-0.0245,-0.0042,0.0248,-0.0019,0.0019,2.77,0.048378,1.0000,0.0022,0.4995,0.2044,0,frozen,2-tag corner homography,2,1920,1200,0.200000,101;102,1,1,,2-tag corner homography,0.010786,0.469429,101,102,4.729429,4.260000,30,0.050000,0.600000,5.000000,raw-zero-distortion,590.9628888758,0.0000000000,1007.8592059077,0.0000000000,592.3761043005,547.7101609771,0.0000000000,0.0000000000,1.0000000000,-0.0359937509,0.0291287486,0.0062609452,0.0003552766,-0.0208418310,0.0000000000,0.0000000000,0.0000000000,0.0000000000,0.0000000000,1,0.000000,0.000000,72.748,751.245,1,1.369,73.388,751.572,65.097,791.493,8.539,780.332,79.341,716.561,136.360,722.429,-2.818995,0.613517,1.782743,3.391357,-0.002660,0.001023,1,4.260000,0.000000,1773.390,886.414,1,1.285,1772.496,886.586,1844.099,934.416,1760.641,935.446,1705.182,840.111,1784.543,843.519,1.894366,0.837553,1.464093,2.536471,4.258873,0.000130,0.0117131916,0.0119362890,-9.8322117422,0.0009175827,-0.0115573659,8.6192639963,0.0001416087,0.0042839497,1.0000000000,0.0115197585,0.0116081516,-9.5696514413,0.0009021838,-0.0113775633,8.4859581472,0.0001453197,0.0041833248,1.0000000000
478,34238031788137,59.2355,1785361007.304,2,2.5403,0.6454,2.5899,0.4459,2.5651,0.5456,193.96,-0.0225,0.0005,0.0217,-0.0060,0.0060,2.22,0.038662,1.0000,0.0028,0.4995,0.2056,0,frozen,2-tag corner homography,2,1920,1200,0.200000,101;102,1,1,,2-tag corner homography,0.010730,0.454737,101,102,4.714737,4.260000,30,0.050000,0.600000,5.000000,raw-zero-distortion,590.9628888758,0.0000000000,1007.8592059077,0.0000000000,592.3761043005,547.7101609771,0.0000000000,0.0000000000,1.0000000000,-0.0359937509,0.0291287486,0.0062609452,0.0003552766,-0.0208418310,0.0000000000,0.0000000000,0.0000000000,0.0000000000,0.0000000000,1,0.000000,0.000000,73.078,750.851,1,1.393,73.626,751.325,65.726,791.423,8.502,780.222,79.340,716.297,136.711,721.909,-2.808396,0.610627,1.776492,3.378739,-0.002846,0.002177,1,4.260000,0.000000,1773.049,886.323,1,0.931,1772.423,886.497,1843.756,934.534,1760.552,935.354,1705.598,840.333,1784.127,842.858,1.890399,0.835659,1.461168,2.531195,4.258238,0.000276,0.0113129470,0.0114798776,-9.4596135371,0.0008856896,-0.0111417446,8.3063149125,0.0001283309,0.0041141046,1.0000000000,0.0115197585,0.0116081516,-9.5696514413,0.0009021838,-0.0113775633,8.4859581472,0.0001453197,0.0041833248,1.0000000000
479,34238148892887,59.3526,1785361007.428,2,2.5368,0.6451,2.5874,0.4461,2.5621,0.5456,194.26,-0.0219,0.0002,0.0211,-0.0056,0.0056,1.25,0.021881,1.0000,0.0035,0.4995,0.2054,0,frozen,2-tag corner homography,2,1920,1200,0.200000,101;102,1,1,,2-tag corner homography,0.010552,0.462128,101,102,4.722128,4.260000,30,0.050000,0.600000,5.000000,raw-zero-distortion,590.9628888758,0.0000000000,1007.8592059077,0.0000000000,592.3761043005,547.7101609771,0.0000000000,0.0000000000,1.0000000000,-0.0359937509,0.0291287486,0.0062609452,0.0003552766,-0.0208418310,0.0000000000,0.0000000000,0.0000000000,0.0000000000,0.0000000000,1,0.000000,0.000000,72.812,750.692,1,1.285,73.426,750.991,65.238,791.200,8.500,779.579,79.381,715.562,136.404,722.129,-2.814732,0.610869,1.780119,3.385957,-0.004029,0.002554,1,4.260000,0.000000,1773.542,886.826,1,1.320,1772.596,886.907,1843.872,934.951,1760.765,935.754,1705.405,840.202,1784.760,843.868,1.891210,0.836839,1.461464,2.532361,4.258693,-0.000785,0.0112406606,0.0113285786,-9.3344735929,0.0008863639,-0.0110900807,8.2638482429,0.0001228071,0.0040886979,1.0000000000,0.0115197585,0.0116081516,-9.5696514413,0.0009021838,-0.0113775633,8.4859581472,0.0001453197,0.0041833248,1.0000000000
480,34238275744935,59.4795,1785361007.552,2,2.5352,0.6464,2.5863,0.4440,2.5608,0.5452,194.17,-0.0189,-0.0012,0.0186,-0.0034,0.0034,0.94,0.016421,1.0000,0.0034,0.4995,0.2087,0,frozen,2-tag corner homography,2,1920,1200,0.200000,101;102,1,1,,2-tag corner homography,0.010495,0.462928,101,102,4.722928,4.260000,30,0.050000,0.600000,5.000000,raw-zero-distortion,590.9628888758,0.0000000000,1007.8592059077,0.0000000000,592.3761043005,547.7101609771,0.0000000000,0.0000000000,1.0000000000,-0.0359937509,0.0291287486,0.0062609452,0.0003552766,-0.0208418310,0.0000000000,0.0000000000,0.0000000000,0.0000000000,0.0000000000,1,0.000000,0.000000,72.794,750.764,1,1.157,73.154,751.278,65.394,791.323,7.663,780.175,79.134,716.019,136.179,722.141,-2.810559,0.610647,1.776962,3.380788,-0.003877,0.002353,1,4.260000,0.000000,1773.512,886.863,1,1.385,1772.505,886.916,1843.629,934.762,1760.496,935.668,1705.364,840.308,1784.939,844.016,1.896553,0.839326,1.465767,2.539657,4.258582,-0.000875,0.0113604090,0.0114466751,-9.4321659570,0.0008944673,-0.0112188436,8.3635911298,0.0001218215,0.0041484656,1.0000000000,0.0115197585,0.0116081516,-9.5696514413,0.0009021838,-0.0113775633,8.4859581472,0.0001453197,0.0041833248,1.0000000000
481,34238401700250,59.6054,1785361007.672,2,2.5330,0.6439,2.5838,0.4447,2.5584,0.5443,194.30,-0.0159,-0.0039,0.0164,-0.0002,0.0002,0.40,0.006907,1.0000,0.0028,0.4995,0.2055,0,frozen,2-tag corner homography,2,1920,1200,0.200000,101;102,1,1,,2-tag corner homography,0.010906,0.477795,101,102,4.737795,4.260000,30,0.050000,0.600000,5.000000,raw-zero-distortion,590.9628888758,0.0000000000,1007.8592059077,0.0000000000,592.3761043005,547.7101609771,0.0000000000,0.0000000000,1.0000000000,-0.0359937509,0.0291287486,0.0062609452,0.0003552766,-0.0208418310,0.0000000000,0.0000000000,0.0000000000,0.0000000000,0.0000000000,1,0.000000,0.000000,72.987,750.914,1,1.059,73.198,751.520,65.543,791.381,8.216,780.340,79.344,716.355,135.539,722.496,-2.823844,0.614292,1.785446,3.396950,-0.002923,0.001982,1,4.260000,0.000000,1773.628,887.045,1,1.457,1772.542,886.996,1843.920,934.873,1760.915,935.639,1705.029,840.369,1784.819,844.271,1.897821,0.840046,1.466677,2.541367,4.258609,-0.001272,0.0115747694,0.0116949801,-9.6378790528,0.0009114695,-0.0114408205,8.5316066745,0.0001355633,0.0042253327,1.0000000000,0.0115197585,0.0116081516,-9.5696514413,0.0009021838,-0.0113775633,8.4859581472,0.0001453197,0.0041833248,1.0000000000
482,34238512019069,59.7158,1785361007.769,2,2.5294,0.6430,2.5821,0.4446,2.5557,0.5438,194.86,-0.0194,-0.0051,0.0200,0.0000,-0.0000,2.00,0.034882,1.0000,0.0030,0.4995,0.2053,0,frozen,2-tag corner homography,2,1920,1200,0.200000,101;102,1,1,,2-tag corner homography,0.010802,0.474142,101,102,4.734142,4.260000,30,0.050000,0.600000,5.000000,raw-zero-distortion,590.9628888758,0.0000000000,1007.8592059077,0.0000000000,592.3761043005,547.7101609771,0.0000000000,0.0000000000,1.0000000000,-0.0359937509,0.0291287486,0.0062609452,0.0003552766,-0.0208418310,0.0000000000,0.0000000000,0.0000000000,0.0000000000,0.0000000000,1,0.000000,0.000000,72.977,750.803,1,1.065,73.088,751.529,65.586,791.406,7.888,780.211,79.236,716.417,135.469,722.569,-2.828098,0.615172,1.787926,3.401948,-0.003262,0.002285,1,4.260000,0.000000,1773.213,886.340,1,1.173,1772.409,886.514,1843.904,934.475,1760.696,935.486,1705.252,840.063,1784.205,843.186,1.889577,0.835354,1.460559,2.530128,4.258579,0.000268,0.0114326282,0.0115563343,-9.5219960174,0.0008952192,-0.0112793668,8.4117534801,0.0001354406,0.0041574139,1.0000000000,0.0115197585,0.0116081516,-9.5696514413,0.0009021838,-0.0113775633,8.4859581472,0.0001453197,0.0041833248,1.0000000000
483,34238608780228,59.8125,1785361007.906,2,2.5292,0.6426,2.5802,0.4456,2.5547,0.5441,194.53,-0.0191,-0.0042,0.0196,-0.0007,0.0007,1.72,0.029959,1.0000,0.0035,0.4995,0.2035,0,frozen,2-tag corner homography,2,1920,1200,0.200000,101;102,1,0,world_rms>0.050,2-tag corner homography,2.557754,0.473846,101,102,4.733846,4.260000,30,0.050000,0.600000,5.000000,raw-zero-distortion,590.9628888758,0.0000000000,1007.8592059077,0.0000000000,592.3761043005,547.7101609771,0.0000000000,0.0000000000,1.0000000000,-0.0359937509,0.0291287486,0.0062609452,0.0003552766,-0.0208418310,0.0000000000,0.0000000000,0.0000000000,0.0000000000,0.0000000000,1,0.000000,0.000000,72.778,750.734,1,1.060,73.076,751.242,65.376,791.245,8.131,779.919,79.147,715.870,135.515,722.410,-2.823840,0.613373,1.785210,3.396656,-0.004009,0.002433,1,4.260000,0.000000,1773.369,886.593,1,1.340,1772.399,886.636,1843.722,934.541,1760.789,935.435,1705.110,840.071,1784.428,843.654,1.893762,0.837517,1.463813,2.535846,4.258605,-0.000282,0.0000649026,-0.0022329894,2.0457341262,0.0007401231,-0.0065439053,4.7516559557,0.0057743346,-0.0124429835,1.0000000000,0.0115197585,0.0116081516,-9.5696514413,0.0009021838,-0.0113775633,8.4859581472,0.0001453197,0.0041833248,1.0000000000
484,34238775637290,59.9794,1785361008.060,2,2.5271,0.6433,2.5782,0.4450,2.5526,0.5441,194.46,-0.0133,0.0000,0.0129,-0.0033,0.0033,-0.75,-0.013125,1.0000,0.0034,0.4995,0.2048,0,frozen,2-tag corner homography,2,1920,1200,0.200000,101;102,1,1,,2-tag corner homography,0.010588,0.471953,101,102,4.731953,4.260000,30,0.050000,0.600000,5.000000,raw-zero-distortion,590.9628888758,0.0000000000,1007.8592059077,0.0000000000,592.3761043005,547.7101609771,0.0000000000,0.0000000000,1.0000000000,-0.0359937509,0.0291287486,0.0062609452,0.0003552766,-0.0208418310,0.0000000000,0.0000000000,0.0000000000,0.0000000000,0.0000000000,1,0.000000,0.000000,72.457,750.979,1,1.010,72.871,751.300,64.879,791.179,7.858,780.018,79.079,715.848,135.499,722.641,-2.824573,0.613570,1.785283,3.397339,-0.004211,0.001689,1,4.260000,0.000000,1773.521,886.806,1,1.396,1772.504,886.839,1843.917,934.808,1760.760,935.751,1705.078,840.136,1784.725,843.830,1.891013,0.836686,1.461488,2.532177,4.258672,-0.000742,0.0114311014,0.0115505541,-9.5124084260,0.0008990140,-0.0112823052,8.4112521249,0.0001332474,0.0041620276,1.0000000000,0.0115197585,0.0116081516,-9.5696514413,0.0009021838,-0.0113775633,8.4859581472,0.0001453197,0.0041833248,1.0000000000
485,34238908408067,60.1121,1785361008.210,2,2.5240,0.6472,2.5758,0.4445,2.5499,0.5459,194.35,-0.0150,0.0041,0.0135,-0.0077,0.0077,-0.63,-0.011025,1.0000,0.0038,0.4995,0.2092,0,frozen,2-tag corner homography,2,1920,1200,0.200000,101;102,1,1,,2-tag corner homography,0.010643,0.465337,101,102,4.725337,4.260000,30,0.050000,0.600000,5.000000,raw-zero-distortion,590.9628888758,0.0000000000,1007.8592059077,0.0000000000,592.3761043005,547.7101609771,0.0000000000,0.0000000000,1.0000000000,-0.0359937509,0.0291287486,0.0062609452,0.0003552766,-0.0208418310,0.0000000000,0.0000000000,0.0000000000,0.0000000000,0.0000000000,1,0.000000,0.000000,72.824,750.603,1,1.304,73.324,751.066,65.392,791.199,8.208,779.724,79.184,715.865,136.304,721.994,-2.815870,0.611275,1.780643,3.387251,-0.004246,0.002801,1,4.260000,0.000000,1773.540,886.866,1,1.380,1772.534,886.894,1843.758,934.858,1760.813,935.694,1705.279,840.211,1784.723,843.961,1.893349,0.837822,1.463234,2.535305,4.258639,-0.000877,0.0113317969,0.0114954682,-9.4662246663,0.0008944080,-0.0111974447,8.3447792854,0.0001224108,0.0041363927,1.0000000000,0.0115197585,0.0116081516,-9.5696514413,0.0009021838,-0.0113775633,8.4859581472,0.0001453197,0.0041833248,1.0000000000
486,34239076018711,60.2798,1785361008.354,2,2.5228,0.6438,2.5735,0.4434,2.5481,0.5436,194.19,-0.0148,-0.0009,0.0146,-0.0028,0.0028,-0.84,-0.014715,1.0000,0.0034,0.4995,0.2067,0,frozen,2-tag corner homography,2,1920,1200,0.200000,101;102,1,1,,2-tag corner homography,0.011129,0.477398,101,102,4.737398,4.260000,30,0.050000,0.600000,5.000000,raw-zero-distortion,590.9628888758,0.0000000000,1007.8592059077,0.0000000000,592.3761043005,547.7101609771,0.0000000000,0.0000000000,1.0000000000,-0.0359937509,0.0291287486,0.0062609452,0.0003552766,-0.0208418310,0.0000000000,0.0000000000,0.0000000000,0.0000000000,0.0000000000,1,0.000000,0.000000,72.590,750.979,1,1.213,72.939,751.554,65.351,791.442,8.119,780.229,78.753,716.530,135.392,722.487,-2.830133,0.615592,1.788926,3.404241,-0.003842,0.001718,1,4.260000,0.000000,1772.766,886.181,1,0.948,1772.254,886.639,1844.031,934.685,1760.696,935.446,1705.448,840.365,1783.282,843.255,1.890798,0.836369,1.461798,2.532091,4.257795,0.000552,0.0114587501,0.0115557889,-9.5221698730,0.0008994624,-0.0113229582,8.4445382024,0.0001303446,0.0041789932,1.0000000000,0.0115197585,0.0116081516,-9.5696514413,0.0009021838,-0.0113775633,8.4859581472,0.0001453197,0.0041833248,1.0000000000
487,34239194166493,60.3979,1785361008.496,2,2.5189,0.6413,2.5704,0.4415,2.5447,0.5414,194.47,-0.0168,-0.0107,0.0190,0.0062,-0.0062,-0.07,-0.001167,1.0000,0.0031,0.4995,0.2063,0,frozen,2-tag corner homography,2,1920,1200,0.200000,101;102,1,1,,2-tag corner homography,0.010665,0.468013,101,102,4.728013,4.260000,30,0.050000,0.600000,5.000000,raw-zero-distortion,590.9628888758,0.0000000000,1007.8592059077,0.0000000000,592.3761043005,547.7101609771,0.0000000000,0.0000000000,1.0000000000,-0.0359937509,0.0291287486,0.0062609452,0.0003552766,-0.0208418310,0.0000000000,0.0000000000,0.0000000000,0.0000000000,0.0000000000,1,0.000000,0.000000,72.666,751.003,1,1.427,73.320,751.374,65.342,791.332,8.259,780.114,78.946,716.423,136.495,722.154,-2.818803,0.612836,1.782491,3.390943,-0.003563,0.001668,1,4.260000,0.000000,1773.415,886.858,1,1.223,1772.531,886.901,1844.163,934.960,1761.003,935.615,1705.101,840.411,1784.371,843.822,1.893041,0.837707,1.463003,2.534903,4.258374,-0.000882,0.0116417807,0.0118535811,-9.7615810517,0.0009173323,-0.0115101328,8.5815231659,0.0001283569,0.0042757850,1.0000000000,0.0115197585,0.0116081516,-9.5696514413,0.0009021838,-0.0113775633,8.4859581472,0.0001453197,0.0041833248,1.0000000000
488,34239349718467,60.5535,1785361008.667,2,2.5155,0.6393,2.5689,0.4407,2.5422,0.5400,195.04,-0.0203,-0.0125,0.0229,0.0068,-0.0068,2.41,0.042130,1.0000,0.0034,0.4995,0.2057,0,frozen,2-tag corner homography,2,1920,1200,0.200000,101;102,1,1,,2-tag corner homography,0.010535,0.461902,101,102,4.721902,4.260000,30,0.050000,0.600000,5.000000,raw-zero-distortion,590.9628888758,0.0000000000,1007.8592059077,0.0000000000,592.3761043005,547.7101609771,0.0000000000,0.0000000000,1.0000000000,-0.0359937509,0.0291287486,0.0062609452,0.0003552766,-0.0208418310,0.0000000000,0.0000000000,0.0000000000,0.0000000000,0.0000000000,1,0.000000,0.000000,72.798,750.799,1,1.199,73.223,751.266,65.395,791.266,7.713,780.228,79.149,716.076,136.370,722.053,-2.808724,0.610257,1.775933,3.378651,-0.003771,0.002258,1,4.260000,0.000000,1773.707,887.064,1,1.536,1772.548,886.971,1843.467,934.763,1760.662,935.731,1705.274,840.272,1785.196,844.203,1.897424,0.839800,1.466357,2.540804,4.258759,-0.001299,0.0113588479,0.0115550100,-9.5141194368,0.0008957013,-0.0112266653,8.3690804992,0.0001218654,0.0041514146,1.0000000000,0.0115197585,0.0116081516,-9.5696514413,0.0009021838,-0.0113775633,8.4859581472,0.0001453197,0.0041833248,1.0000000000
489,34239539884016,60.7436,1785361008.845,2,2.5117,0.6405,2.5665,0.4398,2.5391,0.5401,195.25,-0.0168,-0.0049,0.0175,0.0003,-0.0003,2.26,0.039479,1.0000,0.0034,0.4995,0.2081,0,frozen,2-tag corner homography,2,1920,1200,0.200000,101;102,1,0,world_rms>0.050,2-tag corner homography,0.176481,0.481097,101,102,4.741097,4.260000,30,0.050000,0.600000,5.000000,raw-zero-distortion,590.9628888758,0.0000000000,1007.8592059077,0.0000000000,592.3761043005,547.7101609771,0.0000000000,0.0000000000,1.0000000000,-0.0359937509,0.0291287486,0.0062609452,0.0003552766,-0.0208418310,0.0000000000,0.0000000000,0.0000000000,0.0000000000,0.0000000000,1,0.000000,0.000000,72.884,750.693,1,1.358,73.314,751.287,65.480,791.298,8.190,779.793,79.144,716.356,136.218,722.204,-2.826015,0.614138,1.787041,3.399565,-0.003828,0.002567,1,4.260000,0.000000,1773.703,886.947,1,1.472,1772.625,886.975,1843.736,934.774,1760.747,935.662,1705.402,840.303,1785.054,844.269,1.898877,0.840370,1.467333,2.542641,4.258896,-0.001034,53.6112135572,28.3915356161,-25422.9269364937,2.9197378057,-35.1834326772,26154.9547091048,29.3127178545,-33.2528824730,1.0000000000,0.0115197585,0.0116081516,-9.5696514413,0.0009021838,-0.0113775633,8.4859581472,0.0001453197,0.0041833248,1.0000000000
490,34239708668467,60.9124,1785361008.982,2,2.5096,0.6360,2.5641,0.4374,2.5369,0.5367,195.37,,,,,,,,1.0000,0.0030,0.4995,0.2059,0,frozen,2-tag corner homography,2,1920,1200,0.200000,101;102,1,1,,2-tag corner homography,0.011038,0.478677,101,102,4.738677,4.260000,30,0.050000,0.600000,5.000000,raw-zero-distortion,590.9628888758,0.0000000000,1007.8592059077,0.0000000000,592.3761043005,547.7101609771,0.0000000000,0.0000000000,1.0000000000,-0.0359937509,0.0291287486,0.0062609452,0.0003552766,-0.0208418310,0.0000000000,0.0000000000,0.0000000000,0.0000000000,0.0000000000,1,0.000000,0.000000,72.920,750.831,1,1.076,73.111,751.470,65.322,791.292,8.250,780.137,79.389,716.383,135.339,722.545,-2.830446,0.615519,1.789453,3.404766,-0.003342,0.002197,1,4.260000,0.000000,1773.284,886.386,1,1.156,1772.496,886.575,1843.969,934.502,1760.686,935.482,1705.397,840.175,1784.348,843.273,1.891747,0.836368,1.462071,2.532956,4.258677,0.000175,0.0115451667,0.0116752021,-9.6192466830,0.0009044629,-0.0113864009,8.4908236189,0.0001438578,0.0041956866,1.0000000000,0.0115197585,0.0116081516,-9.5696514413,0.0009021838,-0.0113775633,8.4859581472,0.0001453197,0.0041833248,1.0000000000
491,34239859280759,61.0630,1785361009.160,2,2.5070,0.6339,2.5630,0.4353,2.5350,0.5346,195.76,-0.0130,-0.0167,0.0171,0.0125,-0.0125,1.61,0.028156,1.0000,0.0032,0.4995,0.2063,0,frozen,2-tag corner homography,2,1920,1200,0.200000,101;102,1,1,,2-tag corner homography,0.010718,0.483554,101,102,4.743554,4.260000,30,0.050000,0.600000,5.000000,raw-zero-distortion,590.9628888758,0.0000000000,1007.8592059077,0.0000000000,592.3761043005,547.7101609771,0.0000000000,0.0000000000,1.0000000000,-0.0359937509,0.0291287486,0.0062609452,0.0003552766,-0.0208418310,0.0000000000,0.0000000000,0.0000000000,0.0000000000,0.0000000000,1,0.000000,0.000000,72.859,750.818,1,1.072,73.150,751.349,65.636,791.234,8.263,780.060,79.062,716.110,135.513,722.455,-2.828009,0.614649,1.787987,3.401812,-0.003546,0.002219,1,4.260000,0.000000,1773.689,886.981,1,1.508,1772.575,886.978,1843.744,934.715,1760.756,935.695,1705.237,840.338,1785.026,844.278,1.899327,0.840631,1.467776,2.543318,4.258823,-0.001113,0.0113275824,0.0114117047,-9.4042642266,0.0008939497,-0.0112088121,8.3566442469,0.0001303705,0.0041152452,1.0000000000,0.0115197585,0.0116081516,-9.5696514413,0.0009021838,-0.0113775633,8.4859581472,0.0001453197,0.0041833248,1.0000000000
492,34240011911891,61.2156,1785361009.304,2,2.5036,0.6356,2.5596,0.4349,2.5316,0.5352,195.57,-0.0163,-0.0077,0.0178,0.0031,-0.0031,0.88,0.015341,1.0000,0.0034,0.4995,0.2083,0,frozen,2-tag corner homography,2,1920,1200,0.200000,101;102,1,1,,2-tag corner homography,0.010675,0.455534,101,102,4.715534,4.260000,30,0.050000,0.600000,5.000000,raw-zero-distortion,590.9628888758,0.0000000000,1007.8592059077,0.0000000000,592.3761043005,547.7101609771,0.0000000000,0.0000000000,1.0000000000,-0.0359937509,0.0291287486,0.0062609452,0.0003552766,-0.0208418310,0.0000000000,0.0000000000,0.0000000000,0.0000000000,0.0000000000,1,0.000000,0.000000,72.748,750.832,1,1.270,73.341,751.142,65.308,791.297,8.157,780.160,79.193,715.782,136.492,721.889,-2.801938,0.608490,1.771867,3.370553,-0.003816,0.002156,1,4.260000,0.000000,1773.340,886.791,1,1.326,1772.390,886.870,1843.525,934.586,1760.788,935.654,1705.302,840.457,1784.361,843.888,1.898041,0.839997,1.467138,2.541780,4.258294,-0.000741,0.0112461246,0.0113557283,-9.3561726808,0.0008864907,-0.0111064917,8.2779398335,0.0001172282,0.0041025220,1.0000000000,0.0115197585,0.0116081516,-9.5696514413,0.0009021838,-0.0113775633,8.4859581472,0.0001453197,0.0041833248,1.0000000000
493,34240158180575,61.3619,1785361009.423,2,2.5032,0.6353,2.5582,0.4358,2.5307,0.5356,195.41,-0.0150,0.0004,0.0144,-0.0043,0.0043,-0.66,-0.011579,1.0000,0.0031,0.4995,0.2069,0,frozen,2-tag corner homography,2,1920,1200,0.200000,101;102,1,1,,2-tag corner homography,0.010849,0.477929,101,102,4.737929,4.260000,30,0.050000,0.600000,5.000000,raw-zero-distortion,590.9628888758,0.0000000000,1007.8592059077,0.0000000000,592.3761043005,547.7101609771,0.0000000000,0.0000000000,1.0000000000,-0.0359937509,0.0291287486,0.0062609452,0.0003552766,-0.0208418310,0.0000000000,0.0000000000,0.0000000000,0.0000000000,0.0000000000,1,0.000000,0.000000,72.834,750.838,1,1.011,73.170,751.261,65.479,791.155,8.422,780.027,79.215,715.866,135.460,722.459,-2.825353,0.613820,1.786346,3.398592,-0.003558,0.002158,1,4.260000,0.000000,1773.564,886.787,1,1.477,1772.469,886.754,1843.520,934.464,1760.866,935.629,1705.185,840.184,1784.727,843.848,1.896352,0.838875,1.465680,2.539307,4.258791,-0.000691,0.0112454809,0.0112801309,-9.2986929352,0.0008849484,-0.0111068658,8.2797437729,0.0001315087,0.0040715458,1.0000000000,0.0115197585,0.0116081516,-9.5696514413,0.0009021838,-0.0113775633,8.4859581472,0.0001453197,0.0041833248,1.0000000000
494,34240274543243,61.4783,1785361009.544,2,2.5001,0.6334,2.5564,0.4328,2.5283,0.5331,195.68,-0.0133,-0.0050,0.0141,0.0012,-0.0012,0.01,0.000089,1.0000,0.0041,0.4995,0.2083,0,frozen,2-tag corner homography,2,1920,1200,0.200000,101;102,1,1,,2-tag corner homography,0.010650,0.496700,101,102,4.756700,4.260000,30,0.050000,0.600000,5.000000,raw-zero-distortion,590.9628888758,0.0000000000,1007.8592059077,0.0000000000,592.3761043005,547.7101609771,0.0000000000,0.0000000000,1.0000000000,-0.0359937509,0.0291287486,0.0062609452,0.0003552766,-0.0208418310,0.0000000000,0.0000000000,0.0000000000,0.0000000000,0.0000000000,1,0.000000,0.000000,72.688,750.561,1,1.202,72.918,751.268,65.328,791.278,7.943,779.496,78.902,716.179,135.347,722.557,-2.840066,0.616870,1.795165,3.416010,-0.004743,0.002887,1,4.260000,0.000000,1773.619,886.928,1,1.448,1772.551,886.930,1843.676,934.620,1760.778,935.650,1705.295,840.416,1784.899,844.129,1.900108,0.840883,1.468426,2.544360,4.258734,-0.001006,0.0112825356,0.0113747387,-9.3695009936,0.0008931091,-0.0111978930,8.3478698953,0.0001264264,0.0041025417,1.0000000000,0.0115197585,0.0116081516,-9.5696514413,0.0009021838,-0.0113775633,8.4859581472,0.0001453197,0.0041833248,1.0000000000
495,34240385697771,61.5894,1785361009.666,2,2.4985,0.6313,2.5544,0.4317,2.5265,0.5315,195.67,-0.0167,-0.0133,0.0197,0.0083,-0.0083,0.75,0.013069,1.0000,0.0038,0.4995,0.2072,0,frozen,2-tag corner homography,2,1920,1200,0.200000,101;102,1,1,,2-tag corner homography,0.010489,0.493123,101,102,4.753123,4.260000,30,0.050000,0.600000,5.000000,raw-zero-distortion,590.9628888758,0.0000000000,1007.8592059077,0.0000000000,592.3761043005,547.7101609771,0.0000000000,0.0000000000,1.0000000000,-0.0359937509,0.0291287486,0.0062609452,0.0003552766,-0.0208418310,0.0000000000,0.0000000000,0.0000000000,0.0000000000,0.0000000000,1,0.000000,0.000000,72.972,750.524,1,1.236,73.127,751.340,65.503,791.428,8.058,779.523,79.223,716.295,135.554,722.566,-2.837839,0.616743,1.794158,3.413606,-0.004057,0.003051,1,4.260000,0.000000,1773.728,887.027,1,1.516,1772.570,886.891,1843.794,934.713,1760.633,935.539,1705.035,840.275,1785.304,844.146,1.898769,0.840174,1.467355,2.542508,4.258851,-0.001212,0.0113834636,0.0114847114,-9.4626533976,0.0008991188,-0.0112815642,8.4109421259,0.0001317621,0.0041405260,1.0000000000,0.0115197585,0.0116081516,-9.5696514413,0.0009021838,-0.0113775633,8.4859581472,0.0001453197,0.0041833248,1.0000000000
496,34240528571075,61.7323,1785361009.809,2,2.4957,0.6295,2.5510,0.4320,2.5234,0.5307,195.64,-0.0187,-0.0102,0.0208,0.0048,-0.0048,0.09,0.001538,1.0000,0.0036,0.4995,0.2051,0,frozen,2-tag corner homography,2,1920,1200,0.200000,101;102,1,1,,2-tag corner homography,0.010792,0.481475,101,102,4.741475,4.260000,30,0.050000,0.600000,5.000000,raw-zero-distortion,590.9628888758,0.0000000000,1007.8592059077,0.0000000000,592.3761043005,547.7101609771,0.0000000000,0.0000000000,1.0000000000,-0.0359937509,0.0291287486,0.0062609452,0.0003552766,-0.0208418310,0.0000000000,0.0000000000,0.0000000000,0.0000000000,0.0000000000,1,0.000000,0.000000,72.976,750.563,1,1.123,73.198,751.208,65.395,791.314,8.384,779.673,79.423,715.911,135.471,722.397,-2.827602,0.614166,1.787821,3.401299,-0.003937,0.002945,1,4.260000,0.000000,1773.693,886.832,1,1.435,1772.643,886.866,1843.855,934.693,1760.712,935.591,1705.373,840.228,1785.078,844.065,1.897590,0.839511,1.466304,2.540801,4.259017,-0.000771,0.0112812301,0.0114174719,-9.4041392254,0.0008899319,-0.0111548686,8.3147130566,0.0001323104,0.0040913754,1.0000000000,0.0115197585,0.0116081516,-9.5696514413,0.0009021838,-0.0113775633,8.4859581472,0.0001453197,0.0041833248,1.0000000000
497,34240663210386,61.8669,1785361009.937,2,2.4943,0.6275,2.5499,0.4300,2.5221,0.5287,195.72,-0.0166,-0.0100,0.0187,0.0051,-0.0051,0.15,0.002692,1.0000,0.0030,0.4995,0.2052,0,frozen,2-tag corner homography,2,1920,1200,0.200000,101;102,1,1,,2-tag corner homography,0.010884,0.477474,101,102,4.737474,4.260000,30,0.050000,0.600000,5.000000,raw-zero-distortion,590.9628888758,0.0000000000,1007.8592059077,0.0000000000,592.3761043005,547.7101609771,0.0000000000,0.0000000000,1.0000000000,-0.0359937509,0.0291287486,0.0062609452,0.0003552766,-0.0208418310,0.0000000000,0.0000000000,0.0000000000,0.0000000000,0.0000000000,1,0.000000,0.000000,72.615,751.013,1,0.934,73.031,751.265,65.135,791.053,8.310,780.152,79.202,715.752,135.370,722.576,-2.823874,0.613421,1.785146,3.396660,-0.003679,0.001631,1,4.260000,0.000000,1773.762,886.942,1,1.553,1772.604,886.894,1843.608,934.664,1760.823,935.674,1705.297,840.164,1785.115,844.182,1.897444,0.839558,1.466266,2.540687,4.259031,-0.001010,0.0113094982,0.0113691538,-9.3687941433,0.0008907083,-0.0111698761,8.3268364113,0.0001337975,0.0040994998,1.0000000000,0.0115197585,0.0116081516,-9.5696514413,0.0009021838,-0.0113775633,8.4859581472,0.0001453197,0.0041833248,1.0000000000
498,34240793091521,61.9968,1785361010.118,2,2.4922,0.6291,2.5486,0.4304,2.5204,0.5298,195.84,-0.0128,-0.0055,0.0138,0.0018,-0.0018,0.58,0.010107,1.0000,0.0034,0.4995,0.2066,0,frozen,2-tag corner homography,2,1920,1200,0.200000,101;102,1,1,,2-tag corner homography,0.021963,0.474943,101,102,4.734943,4.260000,30,0.050000,0.600000,5.000000,raw-zero-distortion,590.9628888758,0.0000000000,1007.8592059077,0.0000000000,592.3761043005,547.7101609771,0.0000000000,0.0000000000,1.0000000000,-0.0359937509,0.0291287486,0.0062609452,0.0003552766,-0.0208418310,0.0000000000,0.0000000000,0.0000000000,0.0000000000,0.0000000000,1,0.000000,0.000000,72.795,750.763,1,1.049,73.025,751.342,65.340,791.331,7.855,780.032,79.180,716.020,135.554,722.477,-2.822914,0.613439,1.784528,3.395540,-0.003878,0.002356,1,4.260000,0.000000,1773.468,886.800,1,1.352,1772.476,886.805,1843.614,934.568,1760.863,935.663,1705.267,840.357,1784.575,843.743,1.895877,0.838785,1.465300,2.538703,4.258562,-0.000739,0.0110642922,0.0135629622,-10.9995863533,0.0008711500,-0.0108819005,8.1093583520,0.0001281098,0.0040789838,1.0000000000,0.0115197585,0.0116081516,-9.5696514413,0.0009021838,-0.0113775633,8.4859581472,0.0001453197,0.0041833248,1.0000000000
499,34240970018707,62.1738,1785361010.260,2,2.4888,0.6273,2.5466,0.4284,2.5177,0.5278,196.19,-0.0141,-0.0038,0.0146,-0.0003,0.0003,1.36,0.023720,1.0000,0.0033,0.4995,0.2072,0,frozen,2-tag corner homography,2,1920,1200,0.200000,101;102,1,1,,2-tag corner homography,0.010905,0.486240,101,102,4.746240,4.260000,30,0.050000,0.600000,5.000000,raw-zero-distortion,590.9628888758,0.0000000000,1007.8592059077,0.0000000000,592.3761043005,547.7101609771,0.0000000000,0.0000000000,1.0000000000,-0.0359937509,0.0291287486,0.0062609452,0.0003552766,-0.0208418310,0.0000000000,0.0000000000,0.0000000000,0.0000000000,0.0000000000,1,0.000000,0.000000,72.957,750.681,1,1.244,73.161,751.444,65.439,791.461,8.308,779.831,79.265,716.461,135.483,722.488,-2.834051,0.616258,1.791828,3.409144,-0.003659,0.002615,1,4.260000,0.000000,1773.726,886.834,1,1.460,1772.622,886.732,1843.697,934.532,1760.876,935.568,1705.257,840.160,1785.082,843.768,1.895703,0.838365,1.464885,2.538195,4.259087,-0.000770,0.0114129067,0.0115085662,-9.4844927782,0.0008971498,-0.0112796099,8.4107840300,0.0001377912,0.0041424596,1.0000000000,0.0115197585,0.0116081516,-9.5696514413,0.0009021838,-0.0113775633,8.4859581472,0.0001453197,0.0041833248,1.0000000000
500,34241135907207,62.3396,1785361010.445,2,2.4859,0.6270,2.5436,0.4267,2.5147,0.5268,196.06,-0.0159,-0.0076,0.0174,0.0029,-0.0029,0.81,0.014052,1.0000,0.0034,0.4995,0.2085,0,frozen,2-tag corner homography,2,1920,1200,0.200000,101;102,1,1,,2-tag corner homography,0.010984,0.486257,101,102,4.746257,4.260000,30,0.050000,0.600000,5.000000,raw-zero-distortion,590.9628888758,0.0000000000,1007.8592059077,0.0000000000,592.3761043005,547.7101609771,0.0000000000,0.0000000000,1.0000000000,-0.0359937509,0.0291287486,0.0062609452,0.0003552766,-0.0208418310,0.0000000000,0.0000000000,0.0000000000,0.0000000000,0.0000000000,1,0.000000,0.000000,72.830,750.767,1,1.205,73.074,751.454,65.335,791.366,8.130,779.891,79.162,716.471,135.502,722.557,-2.835119,0.616463,1.792337,3.410337,-0.003769,0.002352,1,4.260000,0.000000,1773.338,886.770,1,1.292,1772.411,886.836,1843.719,934.728,1760.829,935.622,1705.199,840.339,1784.341,843.803,1.894595,0.838364,1.464433,2.537107,4.258316,-0.000694,0.0115161093,0.0116480165,-9.5959900249,0.0009072777,-0.0113976487,8.4989135205,0.0001334807,0.0042019074,1.0000000000,0.0115197585,0.0116081516,-9.5696514413,0.0009021838,-0.0113775633,8.4859581472,0.0001453197,0.0041833248,1.0000000000
501,34241288669211,62.4924,1785361010.563,2,2.4836,0.6226,2.5423,0.4273,2.5130,0.5249,196.73,-0.0151,-0.0087,0.0170,0.0040,-0.0040,1.46,0.025444,1.0000,0.0038,0.4995,0.2040,0,frozen,2-tag corner homography,2,1920,1200,0.200000,101;102,1,1,,2-tag corner homography,0.012216,0.528684,101,102,4.788684,4.260000,30,0.050000,0.600000,5.000000,raw-zero-distortion,590.9628888758,0.0000000000,1007.8592059077,0.0000000000,592.3761043005,547.7101609771,0.0000000000,0.0000000000,1.0000000000,-0.0359937509,0.0291287486,0.0062609452,0.0003552766,-0.0208418310,0.0000000000,0.0000000000,0.0000000000,0.0000000000,0.0000000000,1,0.000000,0.000000,72.650,750.689,1,0.690,71.843,751.738,65.087,791.096,8.439,780.060,79.139,716.016,131.000,724.000,-2.879080,0.626069,1.817735,3.461968,-0.004487,0.002526,1,4.260000,0.000000,1773.509,886.711,1,1.484,1772.411,886.676,1843.636,934.563,1760.924,935.599,1704.976,839.948,1784.563,843.766,1.891742,0.836707,1.462229,2.533156,4.258764,-0.000528,0.0112624942,0.0109631053,-9.0522581269,0.0008795889,-0.0110888603,8.2728349790,0.0001738596,0.0039855460,1.0000000000,0.0115197585,0.0116081516,-9.5696514413,0.0009021838,-0.0113775633,8.4859581472,0.0001453197,0.0041833248,1.0000000000
502,34241412810036,62.6165,1785361010.691,2,2.4823,0.6223,2.5409,0.4255,2.5116,0.5239,196.59,-0.0125,-0.0100,0.0149,0.0060,-0.0060,1.82,0.031758,1.0000,0.0032,0.4995,0.2054,0,frozen,2-tag corner homography,2,1920,1200,0.200000,101;102,1,1,,2-tag corner homography,0.010508,0.474945,101,102,4.734945,4.260000,30,0.050000,0.600000,5.000000,raw-zero-distortion,590.9628888758,0.0000000000,1007.8592059077,0.0000000000,592.3761043005,547.7101609771,0.0000000000,0.0000000000,1.0000000000,-0.0359937509,0.0291287486,0.0062609452,0.0003552766,-0.0208418310,0.0000000000,0.0000000000,0.0000000000,0.0000000000,0.0000000000,1,0.000000,0.000000,72.656,750.918,1,1.498,73.353,751.299,65.461,791.366,8.365,779.992,78.808,716.336,136.557,722.021,-2.817607,0.612371,1.781798,3.389500,-0.003830,0.001901,1,4.260000,0.000000,1773.723,886.872,1,1.519,1772.594,886.853,1843.849,934.540,1760.760,935.494,1705.166,840.271,1785.095,844.219,1.901473,0.841249,1.469399,2.546063,4.259033,-0.000859,0.0114274698,0.0115968155,-9.5523650434,0.0009022909,-0.0113193602,8.4384064058,0.0001245179,0.0041783442,1.0000000000,0.0115197585,0.0116081516,-9.5696514413,0.0009021838,-0.0113775633,8.4859581472,0.0001453197,0.0041833248,1.0000000000
503,34241553233809,62.7570,1785361010.852,2,2.4799,0.6236,2.5404,0.4246,2.5101,0.5241,196.92,-0.0112,-0.0049,0.0121,0.0014,-0.0014,1.04,0.018093,1.0000,0.0031,0.4995,0.2080,0,frozen,2-tag corner homography,2,1920,1200,0.200000,101;102,1,1,,2-tag corner homography,0.011439,0.465918,101,102,4.725918,4.260000,30,0.050000,0.600000,5.000000,raw-zero-distortion,590.9628888758,0.0000000000,1007.8592059077,0.0000000000,592.3761043005,547.7101609771,0.0000000000,0.0000000000,1.0000000000,-0.0359937509,0.0291287486,0.0062609452,0.0003552766,-0.0208418310,0.0000000000,0.0000000000,0.0000000000,0.0000000000,0.0000000000,1,0.000000,0.000000,72.927,750.852,1,1.244,73.360,751.343,65.384,791.355,8.134,780.107,79.378,716.211,136.312,722.232,-2.815653,0.612083,1.780575,3.387181,-0.003264,0.002141,1,4.260000,0.000000,1773.455,886.933,1,1.392,1772.424,886.883,1843.707,934.743,1761.139,935.716,1705.004,840.347,1784.319,843.904,1.894228,0.838305,1.464126,2.536636,4.258370,-0.001045,0.0119488041,0.0127593999,-10.4648869518,0.0009456558,-0.0118526709,8.8355451130,0.0001239657,0.0044547488,1.0000000000,0.0115197585,0.0116081516,-9.5696514413,0.0009021838,-0.0113775633,8.4859581472,0.0001453197,0.0041833248,1.0000000000
504,34241694112272,62.8978,1785361010.974,2,2.4769,0.6238,2.5374,0.4240,2.5072,0.5239,196.84,-0.0146,-0.0014,0.0143,-0.0029,0.0029,0.93,0.016232,1.0000,0.0032,0.4995,0.2088,0,frozen,2-tag corner homography,2,1920,1200,0.200000,101;102,1,1,,2-tag corner homography,0.010885,0.470495,101,102,4.730495,4.260000,30,0.050000,0.600000,5.000000,raw-zero-distortion,590.9628888758,0.0000000000,1007.8592059077,0.0000000000,592.3761043005,547.7101609771,0.0000000000,0.0000000000,1.0000000000,-0.0359937509,0.0291287486,0.0062609452,0.0003552766,-0.0208418310,0.0000000000,0.0000000000,0.0000000000,0.0000000000,0.0000000000,1,0.000000,0.000000,72.844,750.834,1,1.196,73.309,751.247,65.454,791.163,8.261,780.096,79.213,716.079,136.117,722.165,-2.817773,0.612223,1.781819,3.389623,-0.003545,0.002173,1,4.260000,0.000000,1773.450,886.861,1,1.434,1772.403,886.883,1843.439,934.692,1760.731,935.642,1705.249,840.253,1784.610,844.063,1.896702,0.839422,1.466077,2.539978,4.258448,-0.000883,0.0113954438,0.0115328771,-9.5010177983,0.0008986154,-0.0112663238,8.3983182455,0.0001259178,0.0041584389,1.0000000000,0.0115197585,0.0116081516,-9.5696514413,0.0009021838,-0.0113775633,8.4859581472,0.0001453197,0.0041833248,1.0000000000
505,34241815252277,63.0190,1785361011.102,2,2.4740,0.6231,2.5370,0.4235,2.5055,0.5233,197.53,-0.0168,-0.0025,0.0167,-0.0027,0.0027,1.84,0.032039,1.0000,0.0036,0.4995,0.2094,0,frozen,2-tag corner homography,2,1920,1200,0.200000,101;102,1,1,,2-tag corner homography,0.010655,0.464070,101,102,4.724070,4.260000,30,0.050000,0.600000,5.000000,raw-zero-distortion,590.9628888758,0.0000000000,1007.8592059077,0.0000000000,592.3761043005,547.7101609771,0.0000000000,0.0000000000,1.0000000000,-0.0359937509,0.0291287486,0.0062609452,0.0003552766,-0.0208418310,0.0000000000,0.0000000000,0.0000000000,0.0000000000,0.0000000000,1,0.000000,0.000000,72.586,750.817,1,1.228,73.117,751.171,65.060,791.025,7.866,780.051,79.091,716.065,136.200,722.082,-2.816170,0.611519,1.780441,3.387438,-0.004307,0.002163,1,4.260000,0.000000,1773.397,886.765,1,1.473,1772.304,886.732,1843.565,934.615,1760.590,935.651,1704.857,840.026,1784.656,843.786,1.891791,0.836985,1.462472,2.533424,4.258451,-0.000672,0.0117291693,0.0119708282,-9.8513158771,0.0009228675,-0.0115789151,8.6307012233,0.0001331329,0.0043106262,1.0000000000,0.0115197585,0.0116081516,-9.5696514413,0.0009021838,-0.0113775633,8.4859581472,0.0001453197,0.0041833248,1.0000000000
