frame,t_s,t_unix_s,n_ref,green_x_m,green_y_m,red_x_m,red_y_m,x_m,y_m,heading_deg,vx_m_s,vy_m_s,u_m_s,v_m_s,r_deg_s,scale,ref_world_rms_m,ref_range_rms_m,color_spacing_m,motion_reset,homography_state,reference_method,calibration_debug_schema_version,frame_width_px,frame_height_px,ref_tag_size_m,visible_ref_ids,candidate_available,candidate_accepted,candidate_reject_reason,candidate_method,candidate_world_rms_m,candidate_pnp_baseline_error_m,pnp_baseline_tag_a,pnp_baseline_tag_b,pnp_baseline_measured_m,pnp_baseline_expected_m,accepted_calibration_samples,max_ref_world_error_m,max_ref_range_error_m,max_ref_pose_reproj_error_px,geometry_distortion_mode,camera_K_00,camera_K_01,camera_K_02,camera_K_10,camera_K_11,camera_K_12,camera_K_20,camera_K_21,camera_K_22,camera_dist_0,camera_dist_1,camera_dist_2,camera_dist_3,camera_dist_4,geometry_dist_0,geometry_dist_1,geometry_dist_2,geometry_dist_3,geometry_dist_4,ref_101_detected,ref_101_target_x_m,ref_101_target_y_m,ref_101_center_px_x,ref_101_center_px_y,ref_101_pnp_pose_valid,ref_101_pnp_reproj_rms_px,ref_101_pnp_center_px_x,ref_101_pnp_center_px_y,ref_101_corner0_px_x,ref_101_corner0_px_y,ref_101_corner1_px_x,ref_101_corner1_px_y,ref_101_corner2_px_x,ref_101_corner2_px_y,ref_101_corner3_px_x,ref_101_corner3_px_y,ref_101_cam_x_m,ref_101_cam_y_m,ref_101_cam_z_m,ref_101_range_m,ref_101_map_x_m,ref_101_map_y_m,ref_102_detected,ref_102_target_x_m,ref_102_target_y_m,ref_102_center_px_x,ref_102_center_px_y,ref_102_pnp_pose_valid,ref_102_pnp_reproj_rms_px,ref_102_pnp_center_px_x,ref_102_pnp_center_px_y,ref_102_corner0_px_x,ref_102_corner0_px_y,ref_102_corner1_px_x,ref_102_corner1_px_y,ref_102_corner2_px_x,ref_102_corner2_px_y,ref_102_corner3_px_x,ref_102_corner3_px_y,ref_102_cam_x_m,ref_102_cam_y_m,ref_102_cam_z_m,ref_102_range_m,ref_102_map_x_m,ref_102_map_y_m,candidate_H_00,candidate_H_01,candidate_H_02,candidate_H_10,candidate_H_11,candidate_H_12,candidate_H_20,candidate_H_21,candidate_H_22,active_map_H_00,active_map_H_01,active_map_H_02,active_map_H_10,active_map_H_11,active_map_H_12,active_map_H_20,active_map_H_21,active_map_H_22
0,0.2640,1785358752.427,2,,,,,,,,,,,,,,,,,0,acquiring:1/30,none,2,1920,1200,0.200000,101;102,1,1,,2-tag corner homography,0.011452,0.492160,101,102,4.752160,4.260000,1,0.050000,0.600000,5.000000,raw-zero-distortion,590.9628888758,0.0000000000,1007.8592059077,0.0000000000,592.3761043005,547.7101609771,0.0000000000,0.0000000000,1.0000000000,-0.0359937509,0.0291287486,0.0062609452,0.0003552766,-0.0208418310,0.0000000000,0.0000000000,0.0000000000,0.0000000000,0.0000000000,1,0.000000,0.000000,73.217,750.623,1,1.161,73.321,751.426,65.507,791.573,8.851,779.529,79.694,716.216,135.172,722.799,-2.841219,0.617867,1.796669,3.417938,-0.002895,0.002242,1,4.260000,0.000000,1773.103,886.589,1,1.212,1772.250,886.674,1843.369,934.507,1761.195,935.506,1705.254,840.319,1783.584,843.529,1.894202,0.837966,1.464439,2.536684,4.262618,0.000215,0.0113015021,0.0113116545,-9.3300756012,0.0008902475,-0.0111898372,8.3433288396,0.0001284859,0.0041023911,1.0000000000,,,,,,,,,
1,0.7148,1785358752.908,2,,,,,,,,,,,,,,,,,0,acquiring:2/30,none,2,1920,1200,0.200000,101;102,1,1,,2-tag corner homography,0.011802,0.489001,101,102,4.749001,4.260000,2,0.050000,0.600000,5.000000,raw-zero-distortion,590.9628888758,0.0000000000,1007.8592059077,0.0000000000,592.3761043005,547.7101609771,0.0000000000,0.0000000000,1.0000000000,-0.0359937509,0.0291287486,0.0062609452,0.0003552766,-0.0208418310,0.0000000000,0.0000000000,0.0000000000,0.0000000000,0.0000000000,1,0.000000,0.000000,73.177,750.844,1,0.978,73.194,751.601,65.711,791.467,8.814,780.217,79.511,716.381,134.722,722.757,-2.836448,0.617274,1.793407,3.412150,-0.002567,0.002133,1,4.260000,0.000000,1773.103,886.608,1,1.191,1772.273,886.717,1843.222,934.488,1761.192,935.525,1705.459,840.420,1783.582,843.570,1.896057,0.838870,1.465828,2.539171,4.262616,0.000261,0.0112871043,0.0112612496,-9.2918640194,0.0008865878,-0.0111558093,8.3200898069,0.0001339117,0.0040830414,1.0000000000,,,,,,,,,
2,0.9224,1785358753.058,2,,,,,,,,,,,,,,,,,0,acquiring:3/30,none,2,1920,1200,0.200000,101;102,1,1,,2-tag corner homography,0.011704,0.498440,101,102,4.758440,4.260000,3,0.050000,0.600000,5.000000,raw-zero-distortion,590.9628888758,0.0000000000,1007.8592059077,0.0000000000,592.3761043005,547.7101609771,0.0000000000,0.0000000000,1.0000000000,-0.0359937509,0.0291287486,0.0062609452,0.0003552766,-0.0208418310,0.0000000000,0.0000000000,0.0000000000,0.0000000000,0.0000000000,1,0.000000,0.000000,72.973,751.194,1,0.943,73.216,751.664,65.349,791.413,9.234,780.130,79.580,716.337,134.714,723.165,-2.845237,0.619395,1.799008,3.422784,-0.002401,0.001314,1,4.260000,0.000000,1773.417,886.663,1,1.339,1772.435,886.649,1843.196,934.424,1761.038,935.444,1705.514,840.185,1784.336,843.633,1.896455,0.838698,1.465826,2.539410,4.262776,-0.000010,0.0113083169,0.0112741641,-9.3040590318,0.0008869361,-0.0111729245,8.3336609574,0.0001439045,0.0040734071,1.0000000000,,,,,,,,,
3,1.0414,1785358753.172,2,,,,,,,,,,,,,,,,,0,acquiring:4/30,none,2,1920,1200,0.200000,101;102,1,1,,2-tag corner homography,0.011394,0.495562,101,102,4.755562,4.260000,4,0.050000,0.600000,5.000000,raw-zero-distortion,590.9628888758,0.0000000000,1007.8592059077,0.0000000000,592.3761043005,547.7101609771,0.0000000000,0.0000000000,1.0000000000,-0.0359937509,0.0291287486,0.0062609452,0.0003552766,-0.0208418310,0.0000000000,0.0000000000,0.0000000000,0.0000000000,0.0000000000,1,0.000000,0.000000,73.203,750.955,1,0.889,73.183,751.677,65.607,791.520,8.630,780.084,79.687,716.328,134.768,723.183,-2.842789,0.618879,1.797396,3.419809,-0.002344,0.002044,1,4.260000,0.000000,1773.444,886.506,1,1.342,1772.487,886.588,1843.421,934.334,1761.008,935.438,1705.538,840.093,1784.350,843.592,1.896095,0.838332,1.465447,2.538801,4.262820,0.000224,0.0112806385,0.0113330356,-9.3459246086,0.0008855447,-0.0111609509,8.3248711811,0.0001366573,0.0040779206,1.0000000000,,,,,,,,,
4,1.1618,1785358753.298,2,,,,,,,,,,,,,,,,,0,acquiring:5/30,none,2,1920,1200,0.200000,101;102,1,1,,2-tag corner homography,0.011585,0.513630,101,102,4.773630,4.260000,5,0.050000,0.600000,5.000000,raw-zero-distortion,590.9628888758,0.0000000000,1007.8592059077,0.0000000000,592.3761043005,547.7101609771,0.0000000000,0.0000000000,1.0000000000,-0.0359937509,0.0291287486,0.0062609452,0.0003552766,-0.0208418310,0.0000000000,0.0000000000,0.0000000000,0.0000000000,0.0000000000,1,0.000000,0.000000,73.052,750.666,1,1.106,73.047,751.545,65.450,791.469,8.820,779.448,79.422,716.479,134.483,723.140,-2.859877,0.622106,1.807937,3.440137,-0.002788,0.002506,1,4.260000,0.000000,1773.391,886.507,1,1.232,1772.542,886.672,1843.329,934.485,1760.803,935.454,1705.910,840.215,1784.427,843.597,1.896540,0.838677,1.465686,2.539386,4.262694,0.000367,0.0111828324,0.0111674655,-9.2112131823,0.0008804441,-0.0110819882,8.2646608234,0.0001385271,0.0040250992,1.0000000000,,,,,,,,,
5,1.2760,1785358753.424,2,,,,,,,,,,,,,,,,,0,acquiring:6/30,none,2,1920,1200,0.200000,101;102,1,1,,2-tag corner homography,0.011442,0.495152,101,102,4.755152,4.260000,6,0.050000,0.600000,5.000000,raw-zero-distortion,590.9628888758,0.0000000000,1007.8592059077,0.0000000000,592.3761043005,547.7101609771,0.0000000000,0.0000000000,1.0000000000,-0.0359937509,0.0291287486,0.0062609452,0.0003552766,-0.0208418310,0.0000000000,0.0000000000,0.0000000000,0.0000000000,0.0000000000,1,0.000000,0.000000,72.877,751.580,1,1.000,73.326,751.849,65.482,791.526,9.247,780.390,79.370,716.505,135.184,723.368,-2.844074,0.619775,1.798483,3.421610,-0.002388,0.000720,1,4.260000,0.000000,1773.520,886.668,1,1.396,1772.495,886.644,1843.253,934.452,1761.062,935.531,1705.512,840.065,1784.493,843.631,1.894295,0.837667,1.464041,2.536426,4.262853,-0.000027,0.0112764185,0.0112658760,-9.2987088352,0.0008831951,-0.0111413265,8.3121564666,0.0001403384,0.0040652303,1.0000000000,,,,,,,,,
6,1.4044,1785358753.565,2,,,,,,,,,,,,,,,,,0,acquiring:6/30,none,2,1920,1200,0.200000,101;102,1,0,world_rms>0.050,2-tag corner homography,0.104327,0.476526,101,102,4.736526,4.260000,6,0.050000,0.600000,5.000000,raw-zero-distortion,590.9628888758,0.0000000000,1007.8592059077,0.0000000000,592.3761043005,547.7101609771,0.0000000000,0.0000000000,1.0000000000,-0.0359937509,0.0291287486,0.0062609452,0.0003552766,-0.0208418310,0.0000000000,0.0000000000,0.0000000000,0.0000000000,0.0000000000,1,0.000000,0.000000,72.949,751.378,1,1.365,73.666,751.606,65.629,791.482,9.190,780.353,79.309,716.530,136.399,722.543,-2.824132,0.614923,1.786523,3.397870,,,1,4.260000,0.000000,1773.572,886.727,1,1.328,1772.603,886.723,1843.404,934.512,1761.297,935.548,1705.666,840.260,1784.395,843.680,1.896193,0.838583,1.465300,2.538872,,,0.0109330935,0.0227321319,-17.8821431578,0.0003876484,-0.0046123085,3.4217676958,0.0001321398,0.0043431152,1.0000000000,,,,,,,,,
7,1.5564,1785358753.696,2,,,,,,,,,,,,,,,,,0,acquiring:7/30,none,2,1920,1200,0.200000,101;102,1,1,,2-tag corner homography,0.011580,0.496459,101,102,4.756459,4.260000,7,0.050000,0.600000,5.000000,raw-zero-distortion,590.9628888758,0.0000000000,1007.8592059077,0.0000000000,592.3761043005,547.7101609771,0.0000000000,0.0000000000,1.0000000000,-0.0359937509,0.0291287486,0.0062609452,0.0003552766,-0.0208418310,0.0000000000,0.0000000000,0.0000000000,0.0000000000,0.0000000000,1,0.000000,0.000000,73.169,751.034,1,1.030,73.361,751.635,65.559,791.545,9.254,779.974,79.683,716.354,134.944,723.062,-2.843493,0.619024,1.798183,3.420834,-0.002605,0.001682,1,4.260000,0.000000,1773.536,886.710,1,1.342,1772.547,886.677,1843.284,934.425,1761.172,935.532,1705.612,840.243,1784.454,843.594,1.896232,0.838547,1.465438,2.538969,4.262760,-0.000068,0.0113153461,0.0112894191,-9.3172868830,0.0008879592,-0.0111813506,8.3394601335,0.0001401505,0.0040845735,1.0000000000,,,,,,,,,
8,1.6867,1785358753.818,2,,,,,,,,,,,,,,,,,0,acquiring:8/30,none,2,1920,1200,0.200000,101;102,1,1,,2-tag corner homography,0.011875,0.490743,101,102,4.750743,4.260000,8,0.050000,0.600000,5.000000,raw-zero-distortion,590.9628888758,0.0000000000,1007.8592059077,0.0000000000,592.3761043005,547.7101609771,0.0000000000,0.0000000000,1.0000000000,-0.0359937509,0.0291287486,0.0062609452,0.0003552766,-0.0208418310,0.0000000000,0.0000000000,0.0000000000,0.0000000000,0.0000000000,1,0.000000,0.000000,73.012,751.036,1,1.008,73.215,751.606,65.392,791.452,8.993,780.176,79.552,716.350,134.897,722.868,-2.837135,0.617454,1.793881,3.413004,-0.002614,0.001466,1,4.260000,0.000000,1773.553,886.629,1,1.416,1772.515,886.614,1843.367,934.317,1761.264,935.450,1705.453,840.112,1784.360,843.694,1.897120,0.838817,1.466185,2.540153,4.262892,0.000068,0.0116268785,0.0119903634,-9.8650785643,0.0009144661,-0.0115116866,8.5850808520,0.0001405584,0.0042494476,1.0000000000,,,,,,,,,
9,1.8039,1785358753.941,2,,,,,,,,,,,,,,,,,0,acquiring:9/30,none,2,1920,1200,0.200000,101;102,1,1,,2-tag corner homography,0.012596,0.503546,101,102,4.763546,4.260000,9,0.050000,0.600000,5.000000,raw-zero-distortion,590.9628888758,0.0000000000,1007.8592059077,0.0000000000,592.3761043005,547.7101609771,0.0000000000,0.0000000000,1.0000000000,-0.0359937509,0.0291287486,0.0062609452,0.0003552766,-0.0208418310,0.0000000000,0.0000000000,0.0000000000,0.0000000000,0.0000000000,1,0.000000,0.000000,72.825,751.100,1,1.026,72.971,751.757,65.434,791.456,8.718,780.098,79.128,716.687,134.576,723.169,-2.852703,0.621140,1.803254,3.431538,-0.002712,0.001629,1,4.260000,0.000000,1773.530,886.494,1,1.389,1772.539,886.558,1843.403,934.328,1761.303,935.508,1705.568,839.968,1784.241,843.561,1.893803,0.837187,1.463576,2.535631,4.262889,0.000367,0.0114319620,0.0120829266,-9.9192489112,0.0009003587,-0.0113459387,8.4631079590,0.0001405470,0.0041655311,1.0000000000,,,,,,,,,
10,1.9390,1785358754.076,2,,,,,,,,,,,,,,,,,0,acquiring:10/30,none,2,1920,1200,0.200000,101;102,1,1,,2-tag corner homography,0.011616,0.498649,101,102,4.758649,4.260000,10,0.050000,0.600000,5.000000,raw-zero-distortion,590.9628888758,0.0000000000,1007.8592059077,0.0000000000,592.3761043005,547.7101609771,0.0000000000,0.0000000000,1.0000000000,-0.0359937509,0.0291287486,0.0062609452,0.0003552766,-0.0208418310,0.0000000000,0.0000000000,0.0000000000,0.0000000000,0.0000000000,1,0.000000,0.000000,73.041,751.040,1,0.879,73.072,751.706,65.682,791.478,8.740,780.269,79.351,716.375,134.520,723.095,-2.842825,0.618901,1.797205,3.419743,-0.002330,0.001899,1,4.260000,0.000000,1773.395,886.464,1,1.174,1772.604,886.670,1843.391,934.443,1760.924,935.356,1706.078,840.320,1784.324,843.616,1.899257,0.839804,1.467667,2.542931,4.262629,0.000461,0.0110999817,0.0110413934,-9.1126250567,0.0008714145,-0.0109812386,8.1913101284,0.0001344590,0.0039910309,1.0000000000,,,,,,,,,
11,2.0554,1785358754.184,2,,,,,,,,,,,,,,,,,0,acquiring:11/30,none,2,1920,1200,0.200000,101;102,1,1,,2-tag corner homography,0.011282,0.473621,101,102,4.733621,4.260000,11,0.050000,0.600000,5.000000,raw-zero-distortion,590.9628888758,0.0000000000,1007.8592059077,0.0000000000,592.3761043005,547.7101609771,0.0000000000,0.0000000000,1.0000000000,-0.0359937509,0.0291287486,0.0062609452,0.0003552766,-0.0208418310,0.0000000000,0.0000000000,0.0000000000,0.0000000000,0.0000000000,1,0.000000,0.000000,73.011,751.132,1,1.383,73.647,751.479,65.451,791.432,9.038,780.128,79.516,716.459,136.416,722.393,-2.822924,0.614262,1.785723,3.396325,-0.003133,0.000904,1,4.260000,0.000000,1773.458,886.583,1,1.350,1772.480,886.613,1843.329,934.448,1760.947,935.459,1705.531,840.049,1784.461,843.598,1.894478,0.837687,1.464212,2.536668,4.262806,0.000060,0.0114443101,0.0116036766,-9.5644311727,0.0008985423,-0.0113057286,8.4302336416,0.0001319386,0.0041697709,1.0000000000,,,,,,,,,
12,2.1742,1785358754.320,2,,,,,,,,,,,,,,,,,0,acquiring:12/30,none,2,1920,1200,0.200000,101;102,1,1,,2-tag corner homography,0.011871,0.495918,101,102,4.755918,4.260000,12,0.050000,0.600000,5.000000,raw-zero-distortion,590.9628888758,0.0000000000,1007.8592059077,0.0000000000,592.3761043005,547.7101609771,0.0000000000,0.0000000000,1.0000000000,-0.0359937509,0.0291287486,0.0062609452,0.0003552766,-0.0208418310,0.0000000000,0.0000000000,0.0000000000,0.0000000000,0.0000000000,1,0.000000,0.000000,72.963,751.057,1,1.059,73.161,751.680,65.659,791.478,9.260,780.285,79.198,716.555,134.566,722.792,-2.842150,0.618735,1.796949,3.419017,-0.002707,0.001742,1,4.260000,0.000000,1773.272,886.353,1,1.156,1772.521,886.631,1843.378,934.411,1760.767,935.414,1706.036,840.261,1784.196,843.497,1.897142,0.838865,1.466191,2.540189,4.262641,0.000623,0.0111500209,0.0110847950,-9.1497121654,0.0008731581,-0.0110028468,8.2070419762,0.0001432789,0.0039970567,1.0000000000,,,,,,,,,
13,2.3130,1785358754.449,2,,,,,,,,,,,,,,,,,0,acquiring:13/30,none,2,1920,1200,0.200000,101;102,1,1,,2-tag corner homography,0.011711,0.501903,101,102,4.761903,4.260000,13,0.050000,0.600000,5.000000,raw-zero-distortion,590.9628888758,0.0000000000,1007.8592059077,0.0000000000,592.3761043005,547.7101609771,0.0000000000,0.0000000000,1.0000000000,-0.0359937509,0.0291287486,0.0062609452,0.0003552766,-0.0208418310,0.0000000000,0.0000000000,0.0000000000,0.0000000000,0.0000000000,1,0.000000,0.000000,73.328,750.732,1,0.962,73.284,751.539,65.798,791.527,9.382,779.622,79.707,716.172,134.329,723.173,-2.853613,0.620884,1.804434,3.432869,-0.002488,0.002281,1,4.260000,0.000000,1773.491,886.513,1,1.371,1772.498,886.528,1843.391,934.451,1761.235,935.459,1705.465,839.861,1784.263,843.491,1.891057,0.835943,1.461532,2.531990,4.262848,0.000090,0.0111289954,0.0109906089,-9.0770342555,0.0008722294,-0.0109855854,8.1924069832,0.0001410965,0.0039887848,1.0000000000,,,,,,,,,
14,2.4391,1785358754.566,2,,,,,,,,,,,,,,,,,0,acquiring:14/30,none,2,1920,1200,0.200000,101;102,1,1,,2-tag corner homography,0.011542,0.510027,101,102,4.770027,4.260000,14,0.050000,0.600000,5.000000,raw-zero-distortion,590.9628888758,0.0000000000,1007.8592059077,0.0000000000,592.3761043005,547.7101609771,0.0000000000,0.0000000000,1.0000000000,-0.0359937509,0.0291287486,0.0062609452,0.0003552766,-0.0208418310,0.0000000000,0.0000000000,0.0000000000,0.0000000000,0.0000000000,1,0.000000,0.000000,73.049,750.566,1,1.196,73.077,751.481,65.434,791.459,8.747,779.319,79.390,716.511,134.693,723.001,-2.859061,0.621752,1.807479,3.439155,-0.002977,0.002593,1,4.260000,0.000000,1773.435,886.510,1,1.374,1772.455,886.587,1843.307,934.414,1760.949,935.480,1705.536,839.958,1784.373,843.609,1.893671,0.837293,1.463636,2.535603,4.262874,0.000193,0.0112991585,0.0113143144,-9.3296598523,0.0008893875,-0.0111953055,8.3484164216,0.0001378796,0.0040839784,1.0000000000,,,,,,,,,
15,2.5591,1785358754.694,2,,,,,,,,,,,,,,,,,0,acquiring:15/30,none,2,1920,1200,0.200000,101;102,1,1,,2-tag corner homography,0.011375,0.510772,101,102,4.770772,4.260000,15,0.050000,0.600000,5.000000,raw-zero-distortion,590.9628888758,0.0000000000,1007.8592059077,0.0000000000,592.3761043005,547.7101609771,0.0000000000,0.0000000000,1.0000000000,-0.0359937509,0.0291287486,0.0062609452,0.0003552766,-0.0208418310,0.0000000000,0.0000000000,0.0000000000,0.0000000000,0.0000000000,1,0.000000,0.000000,73.294,750.596,1,1.011,73.154,751.537,65.706,791.499,8.729,779.460,79.654,716.319,134.513,723.228,-2.857339,0.621601,1.806538,3.437201,-0.002565,0.002699,1,4.260000,0.000000,1773.416,886.566,1,1.328,1772.474,886.666,1843.366,934.425,1760.874,935.501,1705.596,840.164,1784.411,843.665,1.896285,0.838623,1.465618,2.539138,4.262803,0.000250,0.0111660745,0.0111265203,-9.1802627048,0.0008792368,-0.0110648058,8.2516275142,0.0001358542,0.0040210046,1.0000000000,,,,,,,,,
16,2.6833,1785358754.800,1,,,,,,,,,,,,,,,,,0,acquiring:15/30,none,2,1920,1200,0.200000,101,0,0,insufficient,insufficient,,,,,,,15,0.050000,0.600000,5.000000,raw-zero-distortion,590.9628888758,0.0000000000,1007.8592059077,0.0000000000,592.3761043005,547.7101609771,0.0000000000,0.0000000000,1.0000000000,-0.0359937509,0.0291287486,0.0062609452,0.0003552766,-0.0208418310,0.0000000000,0.0000000000,0.0000000000,0.0000000000,0.0000000000,1,0.000000,0.000000,72.984,750.850,1,1.079,73.093,751.581,65.323,791.481,8.830,780.116,79.468,716.468,134.721,722.688,-2.837234,0.617319,1.793710,3.412972,,,0,4.260000,0.000000,,,,,,,,,,,,,,,,,,,,,,,,,,,,,,,,,,,,,,
17,2.7891,1785358754.929,2,,,,,,,,,,,,,,,,,0,acquiring:16/30,none,2,1920,1200,0.200000,101;102,1,1,,2-tag corner homography,0.011486,0.498789,101,102,4.758789,4.260000,16,0.050000,0.600000,5.000000,raw-zero-distortion,590.9628888758,0.0000000000,1007.8592059077,0.0000000000,592.3761043005,547.7101609771,0.0000000000,0.0000000000,1.0000000000,-0.0359937509,0.0291287486,0.0062609452,0.0003552766,-0.0208418310,0.0000000000,0.0000000000,0.0000000000,0.0000000000,0.0000000000,1,0.000000,0.000000,73.144,750.575,1,1.240,73.286,751.400,65.467,791.435,8.839,779.451,79.563,716.413,135.195,722.711,-2.846706,0.618957,1.800070,3.424485,-0.003064,0.002326,1,4.260000,0.000000,1773.314,886.427,1,1.208,1772.514,886.675,1843.460,934.438,1760.852,935.580,1705.861,840.260,1784.197,843.502,1.895189,0.838118,1.464696,2.537621,4.262687,0.000537,0.0112746510,0.0113296158,-9.3408735184,0.0008877442,-0.0111604434,8.3212825289,0.0001352830,0.0040783236,1.0000000000,,,,,,,,,
18,2.9193,1785358755.049,2,,,,,,,,,,,,,,,,,0,acquiring:17/30,none,2,1920,1200,0.200000,101;102,1,1,,2-tag corner homography,0.011791,0.495051,101,102,4.755051,4.260000,17,0.050000,0.600000,5.000000,raw-zero-distortion,590.9628888758,0.0000000000,1007.8592059077,0.0000000000,592.3761043005,547.7101609771,0.0000000000,0.0000000000,1.0000000000,-0.0359937509,0.0291287486,0.0062609452,0.0003552766,-0.0208418310,0.0000000000,0.0000000000,0.0000000000,0.0000000000,0.0000000000,1,0.000000,0.000000,72.811,751.390,1,0.928,73.095,751.798,65.170,791.495,9.174,780.413,79.465,716.467,134.587,723.217,-2.842524,0.619131,1.797058,3.419457,-0.002359,0.001133,1,4.260000,0.000000,1773.389,886.521,1,1.335,1772.447,886.631,1843.295,934.392,1760.881,935.478,1705.607,840.104,1784.345,843.639,1.895873,0.838383,1.465353,2.538599,4.262845,0.000267,0.0113477491,0.0113270600,-9.3469121687,0.0008877302,-0.0111964198,8.3528683935,0.0001482872,0.0040842755,1.0000000000,,,,,,,,,
19,3.0330,1785358755.158,2,,,,,,,,,,,,,,,,,0,acquiring:18/30,none,2,1920,1200,0.200000,101;102,1,1,,2-tag corner homography,0.011629,0.487200,101,102,4.747200,4.260000,18,0.050000,0.600000,5.000000,raw-zero-distortion,590.9628888758,0.0000000000,1007.8592059077,0.0000000000,592.3761043005,547.7101609771,0.0000000000,0.0000000000,1.0000000000,-0.0359937509,0.0291287486,0.0062609452,0.0003552766,-0.0208418310,0.0000000000,0.0000000000,0.0000000000,0.0000000000,0.0000000000,1,0.000000,0.000000,73.168,750.998,1,1.135,73.434,751.600,65.658,791.554,9.260,780.035,79.570,716.422,135.224,722.803,-2.837978,0.617764,1.794836,3.414263,-0.002816,0.001662,1,4.260000,0.000000,1773.526,886.551,1,1.424,1772.498,886.586,1843.279,934.440,1761.080,935.515,1705.540,839.876,1784.436,843.635,1.892521,0.836733,1.462663,2.533997,4.262943,0.000109,0.0112772311,0.0112685758,-9.2992630694,0.0008833837,-0.0111269858,8.2984696562,0.0001385433,0.0040697768,1.0000000000,,,,,,,,,
20,3.1387,1785358755.261,2,,,,,,,,,,,,,,,,,0,acquiring:19/30,none,2,1920,1200,0.200000,101;102,1,1,,2-tag corner homography,0.011775,0.507147,101,102,4.767147,4.260000,19,0.050000,0.600000,5.000000,raw-zero-distortion,590.9628888758,0.0000000000,1007.8592059077,0.0000000000,592.3761043005,547.7101609771,0.0000000000,0.0000000000,1.0000000000,-0.0359937509,0.0291287486,0.0062609452,0.0003552766,-0.0208418310,0.0000000000,0.0000000000,0.0000000000,0.0000000000,0.0000000000,1,0.000000,0.000000,72.758,751.365,1,0.993,73.093,751.770,65.306,791.408,9.386,780.185,79.237,716.551,134.488,723.293,-2.853479,0.621429,1.803980,3.432617,-0.002470,0.001110,1,4.260000,0.000000,1773.443,886.604,1,1.321,1772.484,886.619,1843.296,934.355,1761.092,935.448,1705.567,840.202,1784.327,843.562,1.896701,0.838679,1.465922,2.539643,4.262763,0.000061,0.0113228224,0.0112737717,-9.3046042098,0.0008874845,-0.0111917773,8.3490608304,0.0001486444,0.0040706838,1.0000000000,,,,,,,,,
21,3.2415,1785358755.362,2,,,,,,,,,,,,,,,,,0,acquiring:20/30,none,2,1920,1200,0.200000,101;102,1,1,,2-tag corner homography,0.011444,0.507716,101,102,4.767716,4.260000,20,0.050000,0.600000,5.000000,raw-zero-distortion,590.9628888758,0.0000000000,1007.8592059077,0.0000000000,592.3761043005,547.7101609771,0.0000000000,0.0000000000,1.0000000000,-0.0359937509,0.0291287486,0.0062609452,0.0003552766,-0.0208418310,0.0000000000,0.0000000000,0.0000000000,0.0000000000,0.0000000000,1,0.000000,0.000000,73.152,750.663,1,1.014,73.075,751.542,65.499,791.443,8.552,779.430,79.589,716.366,134.613,723.293,-2.859141,0.621955,1.807526,3.439282,-0.002576,0.002510,1,4.260000,0.000000,1773.453,886.582,1,1.334,1772.485,886.588,1843.448,934.512,1761.282,935.515,1705.415,839.992,1784.171,843.493,1.891186,0.836163,1.461657,2.532231,4.262768,0.000036,0.0113334827,0.0113458327,-9.3565036460,0.0008918781,-0.0112313159,8.3759562342,0.0001351136,0.0041059809,1.0000000000,,,,,,,,,
22,3.3478,1785358755.469,2,,,,,,,,,,,,,,,,,0,acquiring:21/30,none,2,1920,1200,0.200000,101;102,1,1,,2-tag corner homography,0.011271,0.504150,101,102,4.764150,4.260000,21,0.050000,0.600000,5.000000,raw-zero-distortion,590.9628888758,0.0000000000,1007.8592059077,0.0000000000,592.3761043005,547.7101609771,0.0000000000,0.0000000000,1.0000000000,-0.0359937509,0.0291287486,0.0062609452,0.0003552766,-0.0208418310,0.0000000000,0.0000000000,0.0000000000,0.0000000000,0.0000000000,1,0.000000,0.000000,73.086,750.839,1,1.222,73.338,751.530,65.447,791.543,8.788,779.476,79.541,716.451,135.468,723.055,-2.849705,0.620041,1.802066,3.428223,-0.002967,0.001937,1,4.260000,0.000000,1773.333,886.362,1,1.205,1772.544,886.639,1843.467,934.364,1760.866,935.456,1705.959,840.250,1784.203,843.556,1.897561,0.839042,1.466471,2.540722,4.262689,0.000601,0.0112472392,0.0113200589,-9.3336436401,0.0008868487,-0.0111629209,8.3246257552,0.0001283791,0.0040790971,1.0000000000,,,,,,,,,
23,3.4493,1785358755.565,2,,,,,,,,,,,,,,,,,0,acquiring:22/30,none,2,1920,1200,0.200000,101;102,1,1,,2-tag corner homography,0.011238,0.485974,101,102,4.745974,4.260000,22,0.050000,0.600000,5.000000,raw-zero-distortion,590.9628888758,0.0000000000,1007.8592059077,0.0000000000,592.3761043005,547.7101609771,0.0000000000,0.0000000000,1.0000000000,-0.0359937509,0.0291287486,0.0062609452,0.0003552766,-0.0208418310,0.0000000000,0.0000000000,0.0000000000,0.0000000000,0.0000000000,1,0.000000,0.000000,72.892,751.051,1,1.286,73.316,751.593,65.555,791.497,8.797,780.058,79.138,716.619,135.661,722.644,-2.836293,0.617299,1.793543,3.412098,-0.003062,0.001484,1,4.260000,0.000000,1773.262,886.460,1,1.290,1772.351,886.566,1843.424,934.467,1760.764,935.400,1705.368,840.004,1784.229,843.519,1.893078,0.837091,1.463375,2.534943,4.262746,0.000233,0.0113951163,0.0114604025,-9.4505649761,0.0008939345,-0.0112621103,8.3993701845,0.0001347992,0.0041372017,1.0000000000,,,,,,,,,
24,3.5492,1785358755.675,2,,,,,,,,,,,,,,,,,0,acquiring:23/30,none,2,1920,1200,0.200000,101;102,1,1,,2-tag corner homography,0.011434,0.490736,101,102,4.750736,4.260000,23,0.050000,0.600000,5.000000,raw-zero-distortion,590.9628888758,0.0000000000,1007.8592059077,0.0000000000,592.3761043005,547.7101609771,0.0000000000,0.0000000000,1.0000000000,-0.0359937509,0.0291287486,0.0062609452,0.0003552766,-0.0208418310,0.0000000000,0.0000000000,0.0000000000,0.0000000000,0.0000000000,1,0.000000,0.000000,72.882,751.073,1,1.223,73.252,751.626,65.494,791.470,8.812,780.136,79.180,716.637,135.427,722.701,-2.837707,0.617664,1.794315,3.413745,-0.002962,0.001521,1,4.260000,0.000000,1773.492,886.616,1,1.366,1772.504,886.650,1843.345,934.393,1761.046,935.488,1705.553,840.148,1784.429,843.669,1.896497,0.838645,1.465725,2.539366,4.262833,0.000086,0.0113866470,0.0114641861,-9.4525040945,0.0008943473,-0.0112640876,8.4012251286,0.0001358358,0.0041318185,1.0000000000,,,,,,,,,
25,3.6553,1785358755.773,2,,,,,,,,,,,,,,,,,0,acquiring:24/30,none,2,1920,1200,0.200000,101;102,1,1,,2-tag corner homography,0.030328,0.501713,101,102,4.761713,4.260000,24,0.050000,0.600000,5.000000,raw-zero-distortion,590.9628888758,0.0000000000,1007.8592059077,0.0000000000,592.3761043005,547.7101609771,0.0000000000,0.0000000000,1.0000000000,-0.0359937509,0.0291287486,0.0062609452,0.0003552766,-0.0208418310,0.0000000000,0.0000000000,0.0000000000,0.0000000000,0.0000000000,1,0.000000,0.000000,72.955,751.107,1,1.028,73.175,751.676,65.445,791.476,9.284,780.056,79.399,716.469,134.601,723.078,-2.848273,0.620065,1.800848,3.426397,-0.002866,0.000036,1,4.260000,0.000000,1773.484,886.622,1,1.338,1772.508,886.627,1843.416,934.407,1761.026,935.419,1705.497,840.164,1784.463,843.620,1.896606,0.838633,1.465803,2.539488,4.262662,0.000953,0.0131739061,0.0182786120,-14.7046094338,0.0010348626,-0.0129464304,9.6488349859,0.0000711066,0.0053091165,1.0000000000,,,,,,,,,
26,3.7531,1785358755.870,2,,,,,,,,,,,,,,,,,0,acquiring:25/30,none,2,1920,1200,0.200000,101;102,1,1,,2-tag corner homography,0.011743,0.490151,101,102,4.750151,4.260000,25,0.050000,0.600000,5.000000,raw-zero-distortion,590.9628888758,0.0000000000,1007.8592059077,0.0000000000,592.3761043005,547.7101609771,0.0000000000,0.0000000000,1.0000000000,-0.0359937509,0.0291287486,0.0062609452,0.0003552766,-0.0208418310,0.0000000000,0.0000000000,0.0000000000,0.0000000000,0.0000000000,1,0.000000,0.000000,73.241,750.724,1,0.975,73.179,751.557,65.647,791.484,8.861,780.096,79.652,716.310,134.554,722.751,-2.837327,0.617322,1.793933,3.413167,-0.002559,0.002371,1,4.260000,0.000000,1773.439,886.618,1,1.291,1772.510,886.663,1843.289,934.471,1760.987,935.451,1705.687,840.201,1784.406,843.613,1.896292,0.838580,1.465556,2.539093,4.262734,0.000118,0.0112147447,0.0111766191,-9.2222674746,0.0008793099,-0.0110674946,8.2538074516,0.0001402029,0.0040358523,1.0000000000,,,,,,,,,
27,3.8500,1785358755.972,2,,,,,,,,,,,,,,,,,0,acquiring:26/30,none,2,1920,1200,0.200000,101;102,1,1,,2-tag corner homography,0.011700,0.496516,101,102,4.756516,4.260000,26,0.050000,0.600000,5.000000,raw-zero-distortion,590.9628888758,0.0000000000,1007.8592059077,0.0000000000,592.3761043005,547.7101609771,0.0000000000,0.0000000000,1.0000000000,-0.0359937509,0.0291287486,0.0062609452,0.0003552766,-0.0208418310,0.0000000000,0.0000000000,0.0000000000,0.0000000000,0.0000000000,1,0.000000,0.000000,73.019,751.294,1,0.970,73.256,751.797,65.620,791.546,9.352,780.351,79.410,716.520,134.679,723.152,-2.844415,0.619646,1.798564,3.421914,-0.002472,0.001403,1,4.260000,0.000000,1773.457,886.659,1,1.390,1772.435,886.636,1843.183,934.393,1761.028,935.509,1705.466,840.113,1784.406,843.624,1.895353,0.838180,1.464972,2.537923,4.262851,-0.000021,0.0112547114,0.0111759588,-9.2282366150,0.0008806272,-0.0111050018,8.2844970576,0.0001451703,0.0040427697,1.0000000000,,,,,,,,,
28,3.9529,1785358756.068,2,,,,,,,,,,,,,,,,,0,acquiring:27/30,none,2,1920,1200,0.200000,101;102,1,1,,2-tag corner homography,0.011475,0.488212,101,102,4.748212,4.260000,27,0.050000,0.600000,5.000000,raw-zero-distortion,590.9628888758,0.0000000000,1007.8592059077,0.0000000000,592.3761043005,547.7101609771,0.0000000000,0.0000000000,1.0000000000,-0.0359937509,0.0291287486,0.0062609452,0.0003552766,-0.0208418310,0.0000000000,0.0000000000,0.0000000000,0.0000000000,0.0000000000,1,0.000000,0.000000,73.067,750.891,1,1.118,73.283,751.535,65.468,791.455,8.862,780.084,79.527,716.407,135.206,722.638,-2.833748,0.616548,1.791870,3.408967,-0.002800,0.001807,1,4.260000,0.000000,1773.443,886.520,1,1.341,1772.486,886.604,1843.432,934.262,1760.973,935.438,1705.530,840.194,1784.381,843.610,1.898098,0.839258,1.466998,2.541499,4.262819,0.000198,0.0113593321,0.0113850889,-9.3904280516,0.0008914443,-0.0112235040,8.3699006722,0.0001389482,0.0041106787,1.0000000000,,,,,,,,,
29,4.0478,1785358756.173,2,,,,,,,,,,,,,,,,,0,acquiring:28/30,none,2,1920,1200,0.200000,101;102,1,1,,2-tag corner homography,0.011224,0.490469,101,102,4.750469,4.260000,28,0.050000,0.600000,5.000000,raw-zero-distortion,590.9628888758,0.0000000000,1007.8592059077,0.0000000000,592.3761043005,547.7101609771,0.0000000000,0.0000000000,1.0000000000,-0.0359937509,0.0291287486,0.0062609452,0.0003552766,-0.0208418310,0.0000000000,0.0000000000,0.0000000000,0.0000000000,0.0000000000,1,0.000000,0.000000,73.112,750.688,1,1.540,73.597,751.374,65.841,791.464,8.729,779.516,79.183,716.644,136.436,722.335,-2.837217,0.617022,1.794667,3.413406,-0.003592,0.001879,1,4.260000,0.000000,1773.383,886.481,1,1.164,1772.573,886.598,1843.292,934.376,1761.176,935.405,1705.976,840.299,1784.137,843.382,1.896671,0.838517,1.465728,2.539455,4.262550,0.000221,0.0112273050,0.0113684459,-9.3696698554,0.0008864030,-0.0111473141,8.3110155724,0.0001171416,0.0040941707,1.0000000000,,,,,,,,,
30,4.1589,1785358756.280,2,,,,,,,,,,,,,,,,,0,acquiring:29/30,none,2,1920,1200,0.200000,101;102,1,1,,2-tag corner homography,0.011353,0.505153,101,102,4.765153,4.260000,29,0.050000,0.600000,5.000000,raw-zero-distortion,590.9628888758,0.0000000000,1007.8592059077,0.0000000000,592.3761043005,547.7101609771,0.0000000000,0.0000000000,1.0000000000,-0.0359937509,0.0291287486,0.0062609452,0.0003552766,-0.0208418310,0.0000000000,0.0000000000,0.0000000000,0.0000000000,0.0000000000,1,0.000000,0.000000,72.997,750.794,1,1.137,73.179,751.498,65.401,791.427,8.746,779.437,79.430,716.383,135.067,723.124,-2.854838,0.620953,1.805005,3.434199,-0.002809,0.001978,1,4.260000,0.000000,1773.312,886.557,1,1.244,1772.409,886.568,1843.220,934.445,1761.054,935.433,1705.544,840.135,1784.145,843.363,1.893133,0.837057,1.463306,2.534932,4.262624,0.000019,0.0112554399,0.0112952109,-9.3134213870,0.0008861978,-0.0111574565,8.3203144456,0.0001325862,0.0040737634,1.0000000000,,,,,,,,,
31,4.2581,1785358756.389,2,2.3924,1.1658,2.2020,1.1236,2.2972,1.1447,12.52,,,,,,1.0000,0.0029,0.5076,0.1951,0,frozen,2-tag corner homography,2,1920,1200,0.200000,101;102,1,1,,2-tag corner homography,0.011467,0.507634,101,102,4.767634,4.260000,30,0.050000,0.600000,5.000000,raw-zero-distortion,590.9628888758,0.0000000000,1007.8592059077,0.0000000000,592.3761043005,547.7101609771,0.0000000000,0.0000000000,1.0000000000,-0.0359937509,0.0291287486,0.0062609452,0.0003552766,-0.0208418310,0.0000000000,0.0000000000,0.0000000000,0.0000000000,0.0000000000,1,0.000000,0.000000,73.101,750.760,1,1.036,73.107,751.571,65.457,791.499,8.733,779.666,79.552,716.383,134.656,723.118,-2.851526,0.620408,1.802774,3.430175,-0.003055,0.002368,1,4.260000,0.000000,1773.360,886.547,1,1.222,1772.502,886.667,1843.332,934.401,1760.857,935.375,1705.794,840.339,1784.353,843.612,1.899263,0.839912,1.467867,2.543086,4.261418,0.000400,0.0112027758,0.0111984575,-9.2369715524,0.0008820800,-0.0111042401,8.2814882922,0.0001357119,0.0040404514,1.0000000000,0.0112838714,0.0113034327,-9.3234733676,0.0008868924,-0.0111619359,8.3247484681,0.0001372684,0.0040787103,1.0000000000
32,4.3635,1785358756.480,2,2.3912,1.1665,2.2024,1.1244,2.2968,1.1455,12.56,,,,,,1.0000,0.0021,0.5076,0.1934,0,frozen,2-tag corner homography,2,1920,1200,0.200000,101;102,1,1,,2-tag corner homography,0.011726,0.494169,101,102,4.754169,4.260000,30,0.050000,0.600000,5.000000,raw-zero-distortion,590.9628888758,0.0000000000,1007.8592059077,0.0000000000,592.3761043005,547.7101609771,0.0000000000,0.0000000000,1.0000000000,-0.0359937509,0.0291287486,0.0062609452,0.0003552766,-0.0208418310,0.0000000000,0.0000000000,0.0000000000,0.0000000000,0.0000000000,1,0.000000,0.000000,73.043,751.124,1,0.882,73.124,751.732,65.394,791.491,8.851,780.254,79.624,716.401,134.613,723.185,-2.842590,0.618962,1.797156,3.419532,-0.002204,0.001357,1,4.260000,0.000000,1773.407,886.564,1,1.321,1772.450,886.581,1843.253,934.295,1761.212,935.523,1705.524,840.175,1784.150,843.432,1.894880,0.837816,1.464578,2.537222,4.261501,0.000370,0.0113765143,0.0112642379,-9.3012943631,0.0008901581,-0.0112284003,8.3761169831,0.0001422527,0.0041072632,1.0000000000,0.0112838714,0.0113034327,-9.3234733676,0.0008868924,-0.0111619359,8.3247484681,0.0001372684,0.0040787103,1.0000000000
33,4.4601,1785358756.578,2,2.3921,1.1673,2.2022,1.1237,2.2971,1.1455,12.94,-0.0002,0.0039,0.0007,0.0038,2.06,1.0000,0.0022,0.5076,0.1948,0,frozen,2-tag corner homography,2,1920,1200,0.200000,101;102,1,0,world_rms>0.050,2-tag corner homography,0.152850,0.481115,101,102,4.741115,4.260000,30,0.050000,0.600000,5.000000,raw-zero-distortion,590.9628888758,0.0000000000,1007.8592059077,0.0000000000,592.3761043005,547.7101609771,0.0000000000,0.0000000000,1.0000000000,-0.0359937509,0.0291287486,0.0062609452,0.0003552766,-0.0208418310,0.0000000000,0.0000000000,0.0000000000,0.0000000000,0.0000000000,1,0.000000,0.000000,73.061,751.104,1,1.187,73.456,751.599,65.658,791.505,8.679,780.175,79.408,716.469,135.936,722.713,-2.829984,0.616034,1.789823,3.404669,-0.002211,0.001417,1,4.260000,0.000000,1773.407,886.543,1,1.335,1772.452,886.607,1843.320,934.413,1761.011,935.465,1705.538,840.073,1784.291,843.588,1.894752,0.837823,1.464476,2.537069,4.261528,0.000418,22.8855966285,9.0352305673,-8597.0090464527,1.1532060209,-14.0876522709,10448.1594249849,8.8063865438,-6.9745296515,1.0000000000,0.0112838714,0.0113034327,-9.3234733676,0.0008868924,-0.0111619359,8.3247484681,0.0001372684,0.0040787103,1.0000000000
34,4.5647,1785358756.692,2,2.3931,1.1659,2.2020,1.1234,2.2976,1.1446,12.54,0.0009,0.0013,0.0011,0.0011,1.03,1.0000,0.0032,0.5076,0.1957,0,frozen,2-tag corner homography,2,1920,1200,0.200000,101;102,1,1,,2-tag corner homography,0.011129,0.487189,101,102,4.747189,4.260000,30,0.050000,0.600000,5.000000,raw-zero-distortion,590.9628888758,0.0000000000,1007.8592059077,0.0000000000,592.3761043005,547.7101609771,0.0000000000,0.0000000000,1.0000000000,-0.0359937509,0.0291287486,0.0062609452,0.0003552766,-0.0208418310,0.0000000000,0.0000000000,0.0000000000,0.0000000000,0.0000000000,1,0.000000,0.000000,73.048,750.681,1,1.540,73.604,751.268,65.383,791.398,8.848,779.332,79.495,716.439,136.483,722.372,-2.835733,0.616381,1.793742,3.411571,-0.003421,0.002573,1,4.260000,0.000000,1773.361,886.613,1,1.273,1772.451,886.680,1843.363,934.536,1760.925,935.490,1705.562,840.198,1784.304,843.600,1.894838,0.838043,1.464544,2.537245,4.261338,0.000250,0.0114440231,0.0116428011,-9.5906477397,0.0009036861,-0.0113475959,8.4589865900,0.0001254344,0.0041847100,1.0000000000,0.0112838714,0.0113034327,-9.3234733676,0.0008868924,-0.0111619359,8.3247484681,0.0001372684,0.0040787103,1.0000000000
35,4.6677,1785358756.785,2,2.3906,1.1663,2.2022,1.1236,2.2964,1.1450,12.75,-0.0002,-0.0009,-0.0004,-0.0009,0.47,1.0000,0.0025,0.5076,0.1931,0,frozen,2-tag corner homography,2,1920,1200,0.200000,101;102,1,1,,2-tag corner homography,0.011448,0.486449,101,102,4.746449,4.260000,30,0.050000,0.600000,5.000000,raw-zero-distortion,590.9628888758,0.0000000000,1007.8592059077,0.0000000000,592.3761043005,547.7101609771,0.0000000000,0.0000000000,1.0000000000,-0.0359937509,0.0291287486,0.0062609452,0.0003552766,-0.0208418310,0.0000000000,0.0000000000,0.0000000000,0.0000000000,0.0000000000,1,0.000000,0.000000,73.063,750.950,1,1.169,73.406,751.485,65.427,791.379,8.772,779.965,79.592,716.377,135.706,722.678,-2.833488,0.616420,1.791943,3.408767,-0.002636,0.001840,1,4.260000,0.000000,1773.410,886.667,1,1.273,1772.483,886.668,1843.147,934.435,1761.090,935.482,1705.705,840.289,1784.296,843.538,1.896520,0.838723,1.465784,2.539442,4.261380,0.000135,0.0114861739,0.0115932031,-9.5569395806,0.0009035873,-0.0113680078,8.4769664994,0.0001311039,0.0041905105,1.0000000000,0.0112838714,0.0113034327,-9.3234733676,0.0008868924,-0.0111619359,8.3247484681,0.0001372684,0.0040787103,1.0000000000
36,4.7714,1785358756.894,2,2.3918,1.1662,2.2022,1.1238,2.2970,1.1450,12.60,-0.0010,-0.0009,-0.0011,-0.0007,-0.31,1.0000,0.0020,0.5076,0.1943,0,frozen,2-tag corner homography,2,1920,1200,0.200000,101;102,1,1,,2-tag corner homography,0.011819,0.499474,101,102,4.759474,4.260000,30,0.050000,0.600000,5.000000,raw-zero-distortion,590.9628888758,0.0000000000,1007.8592059077,0.0000000000,592.3761043005,547.7101609771,0.0000000000,0.0000000000,1.0000000000,-0.0359937509,0.0291287486,0.0062609452,0.0003552766,-0.0208418310,0.0000000000,0.0000000000,0.0000000000,0.0000000000,0.0000000000,1,0.000000,0.000000,72.970,751.238,1,0.886,73.144,751.747,65.514,791.425,9.242,780.230,79.430,716.423,134.436,723.276,-2.849597,0.620549,1.801625,3.427993,-0.002090,0.001028,1,4.260000,0.000000,1773.358,886.504,1,1.305,1772.424,886.558,1843.292,934.434,1761.136,935.435,1705.516,840.009,1784.102,843.485,1.892889,0.836908,1.463089,2.534575,4.261467,0.000498,0.0112884120,0.0112287750,-9.2685931636,0.0008836310,-0.0111449886,8.3138348379,0.0001450732,0.0040605580,1.0000000000,0.0112838714,0.0113034327,-9.3234733676,0.0008868924,-0.0111619359,8.3247484681,0.0001372684,0.0040787103,1.0000000000
37,4.8708,1785358756.987,2,2.3919,1.1650,2.2023,1.1237,2.2971,1.1444,12.30,-0.0009,-0.0008,-0.0010,-0.0006,-0.63,1.0000,0.0022,0.5076,0.1941,0,frozen,2-tag corner homography,2,1920,1200,0.200000,101;102,1,1,,2-tag corner homography,0.011750,0.501205,101,102,4.761205,4.260000,30,0.050000,0.600000,5.000000,raw-zero-distortion,590.9628888758,0.0000000000,1007.8592059077,0.0000000000,592.3761043005,547.7101609771,0.0000000000,0.0000000000,1.0000000000,-0.0359937509,0.0291287486,0.0062609452,0.0003552766,-0.0208418310,0.0000000000,0.0000000000,0.0000000000,0.0000000000,0.0000000000,1,0.000000,0.000000,73.034,751.125,1,0.935,73.200,751.683,65.477,791.397,8.858,780.012,79.546,716.423,134.879,723.289,-2.849744,0.620422,1.801826,3.428198,-0.002226,0.001352,1,4.260000,0.000000,1773.515,886.676,1,1.342,1772.531,886.652,1843.328,934.501,1761.247,935.489,1705.563,840.124,1784.338,843.613,1.894495,0.837734,1.464126,2.536646,4.261600,0.000133,0.0113593834,0.0116812435,-9.6137036942,0.0008944982,-0.0112638480,8.4012702570,0.0001379869,0.0041230444,1.0000000000,0.0112838714,0.0113034327,-9.3234733676,0.0008868924,-0.0111619359,8.3247484681,0.0001372684,0.0040787103,1.0000000000
38,4.9665,1785358757.084,2,2.3929,1.1659,2.2022,1.1233,2.2975,1.1446,12.57,0.0017,-0.0014,0.0014,-0.0017,-0.76,1.0000,0.0023,0.5076,0.1953,0,frozen,2-tag corner homography,2,1920,1200,0.200000,101;102,1,1,,2-tag corner homography,0.011594,0.495682,101,102,4.755682,4.260000,30,0.050000,0.600000,5.000000,raw-zero-distortion,590.9628888758,0.0000000000,1007.8592059077,0.0000000000,592.3761043005,547.7101609771,0.0000000000,0.0000000000,1.0000000000,-0.0359937509,0.0291287486,0.0062609452,0.0003552766,-0.0208418310,0.0000000000,0.0000000000,0.0000000000,0.0000000000,0.0000000000,1,0.000000,0.000000,73.051,751.025,1,1.037,73.182,751.704,65.598,791.483,8.752,780.201,79.392,716.603,134.932,722.946,-2.842383,0.618872,1.797137,3.419334,-0.002458,0.001631,1,4.260000,0.000000,1773.348,886.530,1,1.229,1772.490,886.657,1843.287,934.412,1760.948,935.481,1705.794,840.281,1784.243,843.523,1.896649,0.838743,1.465869,2.539595,4.261414,0.000438,0.0112827665,0.0113185310,-9.3355308465,0.0008855028,-0.0111589885,8.3238117048,0.0001377606,0.0040759389,1.0000000000,0.0112838714,0.0113034327,-9.3234733676,0.0008868924,-0.0111619359,8.3247484681,0.0001372684,0.0040787103,1.0000000000
39,5.0713,1785358757.214,2,2.3914,1.1658,2.2024,1.1241,2.2969,1.1449,12.43,0.0007,-0.0006,0.0005,-0.0007,-0.45,1.0000,0.0018,0.5076,0.1936,0,frozen,2-tag corner homography,2,1920,1200,0.200000,101;102,1,1,,2-tag corner homography,0.011246,0.486166,101,102,4.746166,4.260000,30,0.050000,0.600000,5.000000,raw-zero-distortion,590.9628888758,0.0000000000,1007.8592059077,0.0000000000,592.3761043005,547.7101609771,0.0000000000,0.0000000000,1.0000000000,-0.0359937509,0.0291287486,0.0062609452,0.0003552766,-0.0208418310,0.0000000000,0.0000000000,0.0000000000,0.0000000000,0.0000000000,1,0.000000,0.000000,73.218,751.196,1,0.979,73.460,751.704,65.815,791.523,8.757,780.281,79.608,716.387,135.565,723.064,-2.834903,0.617427,1.792941,3.410650,-0.001523,0.001200,1,4.260000,0.000000,1773.403,886.524,1,1.238,1772.540,886.661,1843.664,934.568,1760.915,935.434,1705.603,840.162,1784.363,843.601,1.894737,0.837853,1.464296,2.536965,4.261543,0.000461,0.0119562907,0.0123699450,-10.1784805861,0.0009406727,-0.0118483744,8.8371985526,0.0001326973,0.0044258983,1.0000000000,0.0112838714,0.0113034327,-9.3234733676,0.0008868924,-0.0111619359,8.3247484681,0.0001372684,0.0040787103,1.0000000000
40,5.1954,1785358757.311,2,2.3920,1.1658,2.2030,1.1240,2.2975,1.1449,12.48,0.0006,0.0010,0.0008,0.0009,0.11,1.0000,0.0024,0.5076,0.1936,0,frozen,2-tag corner homography,2,1920,1200,0.200000,101;102,1,1,,2-tag corner homography,0.011758,0.493589,101,102,4.753589,4.260000,30,0.050000,0.600000,5.000000,raw-zero-distortion,590.9628888758,0.0000000000,1007.8592059077,0.0000000000,592.3761043005,547.7101609771,0.0000000000,0.0000000000,1.0000000000,-0.0359937509,0.0291287486,0.0062609452,0.0003552766,-0.0208418310,0.0000000000,0.0000000000,0.0000000000,0.0000000000,0.0000000000,1,0.000000,0.000000,73.185,750.948,1,0.992,73.240,751.676,65.786,791.540,9.196,780.223,79.472,716.454,134.545,722.876,-2.841292,0.618588,1.796559,3.418072,-0.002301,0.001870,1,4.260000,0.000000,1773.379,886.545,1,1.273,1772.484,886.660,1843.352,934.475,1760.917,935.474,1705.687,840.178,1784.315,843.605,1.895633,0.838308,1.465096,2.538246,4.261463,0.000409,0.0111834463,0.0111059653,-9.1688801125,0.0008757383,-0.0110314007,8.2281754613,0.0001428988,0.0040132554,1.0000000000,0.0112838714,0.0113034327,-9.3234733676,0.0008868924,-0.0111619359,8.3247484681,0.0001372684,0.0040787103,1.0000000000
41,5.2918,1785358757.411,2,2.3912,1.1666,2.2026,1.1232,2.2969,1.1449,12.94,-0.0004,0.0009,-0.0002,0.0009,0.65,1.0000,0.0021,0.5076,0.1936,0,frozen,2-tag corner homography,2,1920,1200,0.200000,101;102,1,1,,2-tag corner homography,0.011257,0.499215,101,102,4.759215,4.260000,30,0.050000,0.600000,5.000000,raw-zero-distortion,590.9628888758,0.0000000000,1007.8592059077,0.0000000000,592.3761043005,547.7101609771,0.0000000000,0.0000000000,1.0000000000,-0.0359937509,0.0291287486,0.0062609452,0.0003552766,-0.0208418310,0.0000000000,0.0000000000,0.0000000000,0.0000000000,0.0000000000,1,0.000000,0.000000,73.091,751.076,1,1.036,73.299,751.670,65.558,791.487,8.765,779.844,79.543,716.468,135.247,723.279,-2.849844,0.620471,1.802079,3.428423,-0.002204,0.001499,1,4.260000,0.000000,1773.135,886.344,1,1.178,1772.330,886.509,1843.369,934.400,1760.847,935.392,1705.524,840.082,1783.924,843.281,1.892342,0.836648,1.462847,2.533941,4.261179,0.000827,0.0113165018,0.0113776675,-9.3832123202,0.0008887409,-0.0112072029,8.3593286031,0.0001340662,0.0041002068,1.0000000000,0.0112838714,0.0113034327,-9.3234733676,0.0008868924,-0.0111619359,8.3247484681,0.0001372684,0.0040787103,1.0000000000
42,5.3921,1785358757.520,2,2.3917,1.1663,2.2023,1.1229,2.2970,1.1446,12.91,-0.0002,-0.0003,-0.0003,-0.0002,1.34,1.0000,0.0025,0.5076,0.1944,0,frozen,2-tag corner homography,2,1920,1200,0.200000,101;102,1,1,,2-tag corner homography,0.011554,0.495508,101,102,4.755508,4.260000,30,0.050000,0.600000,5.000000,raw-zero-distortion,590.9628888758,0.0000000000,1007.8592059077,0.0000000000,592.3761043005,547.7101609771,0.0000000000,0.0000000000,1.0000000000,-0.0359937509,0.0291287486,0.0062609452,0.0003552766,-0.0208418310,0.0000000000,0.0000000000,0.0000000000,0.0000000000,0.0000000000,1,0.000000,0.000000,73.093,751.022,1,0.886,73.106,751.705,65.484,791.509,8.832,780.260,79.604,716.376,134.506,723.079,-2.840852,0.618491,1.796023,3.417407,-0.002353,0.001649,1,4.260000,0.000000,1773.734,886.747,1,1.431,1772.666,886.687,1843.369,934.460,1760.944,935.429,1705.677,840.116,1785.016,843.803,1.898096,0.839264,1.466651,2.541298,4.261992,0.000010,0.0112578965,0.0112246654,-9.2623434715,0.0008820363,-0.0111141293,8.2903966307,0.0001447952,0.0040480166,1.0000000000,0.0112838714,0.0113034327,-9.3234733676,0.0008868924,-0.0111619359,8.3247484681,0.0001372684,0.0040787103,1.0000000000
43,5.5012,1785358757.617,2,2.3933,1.1658,2.2022,1.1232,2.2978,1.1445,12.59,0.0006,-0.0010,0.0004,-0.0011,0.63,1.0000,0.0025,0.5076,0.1958,0,frozen,2-tag corner homography,2,1920,1200,0.200000,101;102,1,1,,2-tag corner homography,0.011033,0.480071,101,102,4.740071,4.260000,30,0.050000,0.600000,5.000000,raw-zero-distortion,590.9628888758,0.0000000000,1007.8592059077,0.0000000000,592.3761043005,547.7101609771,0.0000000000,0.0000000000,1.0000000000,-0.0359937509,0.0291287486,0.0062609452,0.0003552766,-0.0208418310,0.0000000000,0.0000000000,0.0000000000,0.0000000000,0.0000000000,1,0.000000,0.000000,73.160,750.947,1,1.332,73.631,751.466,65.608,791.542,8.717,779.863,79.589,716.383,136.420,722.561,-2.827058,0.615111,1.788308,3.401274,-0.002375,0.001869,1,4.260000,0.000000,1773.475,886.519,1,1.285,1772.569,886.631,1843.381,934.392,1760.940,935.452,1705.802,840.176,1784.476,843.577,1.896743,0.838635,1.465790,2.539583,4.261707,0.000485,0.0112672047,0.0113957062,-9.3945979196,0.0008868966,-0.0111580559,8.3200375292,0.0001223993,0.0041021390,1.0000000000,0.0112838714,0.0113034327,-9.3234733676,0.0008868924,-0.0111619359,8.3247484681,0.0001372684,0.0040787103,1.0000000000
44,5.5938,1785358757.711,2,2.3917,1.1660,2.2021,1.1228,2.2969,1.1444,12.81,0.0007,-0.0013,0.0004,-0.0014,-0.15,1.0000,0.0028,0.5076,0.1944,0,frozen,2-tag corner homography,2,1920,1200,0.200000,101;102,1,1,,2-tag corner homography,0.011576,0.499049,101,102,4.759049,4.260000,30,0.050000,0.600000,5.000000,raw-zero-distortion,590.9628888758,0.0000000000,1007.8592059077,0.0000000000,592.3761043005,547.7101609771,0.0000000000,0.0000000000,1.0000000000,-0.0359937509,0.0291287486,0.0062609452,0.0003552766,-0.0208418310,0.0000000000,0.0000000000,0.0000000000,0.0000000000,0.0000000000,1,0.000000,0.000000,73.022,750.866,1,1.030,73.052,751.650,65.515,791.548,8.719,780.017,79.369,716.476,134.586,722.957,-2.844522,0.619087,1.798239,3.421730,-0.002980,0.002061,1,4.260000,0.000000,1773.430,886.501,1,1.314,1772.500,886.605,1843.287,934.294,1760.915,935.427,1705.719,840.177,1784.406,843.589,1.897868,0.839145,1.466793,2.541171,4.261629,0.000518,0.0111993182,0.0111742329,-9.2188567816,0.0008788505,-0.0110753457,8.2609199988,0.0001381860,0.0040330737,1.0000000000,0.0112838714,0.0113034327,-9.3234733676,0.0008868924,-0.0111619359,8.3247484681,0.0001372684,0.0040787103,1.0000000000
45,5.6855,1785358757.807,2,2.3921,1.1647,2.2027,1.1224,2.2974,1.1436,12.60,0.0004,-0.0024,-0.0001,-0.0025,-0.51,1.0000,0.0020,0.5076,0.1940,0,frozen,2-tag corner homography,2,1920,1200,0.200000,101;102,1,1,,2-tag corner homography,0.011492,0.501661,101,102,4.761661,4.260000,30,0.050000,0.600000,5.000000,raw-zero-distortion,590.9628888758,0.0000000000,1007.8592059077,0.0000000000,592.3761043005,547.7101609771,0.0000000000,0.0000000000,1.0000000000,-0.0359937509,0.0291287486,0.0062609452,0.0003552766,-0.0208418310,0.0000000000,0.0000000000,0.0000000000,0.0000000000,0.0000000000,1,0.000000,0.000000,72.967,751.254,1,0.976,73.219,751.753,65.772,791.447,8.877,780.243,79.185,716.521,135.009,723.192,-2.846670,0.619980,1.799918,3.424560,-0.002055,0.000986,1,4.260000,0.000000,1773.462,886.541,1,1.361,1772.494,886.621,1843.018,934.251,1761.029,935.481,1705.849,840.162,1784.361,843.639,1.898278,0.839372,1.467121,2.541741,4.261652,0.000434,0.0111103326,0.0111033467,-9.1620201007,0.0008729693,-0.0110073860,8.2112581968,0.0001310865,0.0040038692,1.0000000000,0.0112838714,0.0113034327,-9.3234733676,0.0008868924,-0.0111619359,8.3247484681,0.0001372684,0.0040787103,1.0000000000
46,5.7816,1785358757.897,2,2.3920,1.1644,2.2027,1.1226,2.2973,1.1435,12.44,-0.0003,-0.0034,-0.0010,-0.0033,-0.62,1.0000,0.0023,0.5076,0.1938,0,frozen,2-tag corner homography,2,1920,1200,0.200000,101;102,1,1,,2-tag corner homography,0.011744,0.498056,101,102,4.758056,4.260000,30,0.050000,0.600000,5.000000,raw-zero-distortion,590.9628888758,0.0000000000,1007.8592059077,0.0000000000,592.3761043005,547.7101609771,0.0000000000,0.0000000000,1.0000000000,-0.0359937509,0.0291287486,0.0062609452,0.0003552766,-0.0208418310,0.0000000000,0.0000000000,0.0000000000,0.0000000000,0.0000000000,1,0.000000,0.000000,72.843,751.177,1,1.036,73.063,751.755,65.430,791.492,8.823,780.119,79.197,716.619,134.772,723.179,-2.849654,0.620532,1.801505,3.427974,-0.002614,0.001169,1,4.260000,0.000000,1773.160,886.382,1,1.175,1772.367,886.562,1843.230,934.450,1761.107,935.511,1705.707,840.109,1783.729,843.303,1.891368,0.836308,1.462023,2.532627,4.261186,0.000743,0.0111493586,0.0111176023,-9.1739327771,0.0008737748,-0.0110224609,8.2227351833,0.0001363898,0.0040114666,1.0000000000,0.0112838714,0.0113034327,-9.3234733676,0.0008868924,-0.0111619359,8.3247484681,0.0001372684,0.0040787103,1.0000000000
47,5.8720,1785358757.988,2,2.3906,1.1646,2.2022,1.1223,2.2964,1.1434,12.65,-0.0010,-0.0032,-0.0017,-0.0029,-0.66,1.0000,0.0022,0.5076,0.1931,0,frozen,2-tag corner homography,2,1920,1200,0.200000,101;102,1,1,,2-tag corner homography,0.011581,0.484630,101,102,4.744630,4.260000,30,0.050000,0.600000,5.000000,raw-zero-distortion,590.9628888758,0.0000000000,1007.8592059077,0.0000000000,592.3761043005,547.7101609771,0.0000000000,0.0000000000,1.0000000000,-0.0359937509,0.0291287486,0.0062609452,0.0003552766,-0.0208418310,0.0000000000,0.0000000000,0.0000000000,0.0000000000,0.0000000000,1,0.000000,0.000000,72.951,751.142,1,1.095,73.244,751.677,65.443,791.537,8.872,780.398,79.388,716.508,135.213,722.715,-2.830485,0.616240,1.789734,3.405076,-0.002412,0.001289,1,4.260000,0.000000,1773.379,886.588,1,1.215,1772.531,886.720,1843.325,934.505,1760.834,935.460,1705.869,840.339,1784.405,843.634,1.897876,0.839399,1.466740,2.541230,4.261410,0.000310,0.0112640546,0.0113063373,-9.3254807585,0.0008832255,-0.0111226247,8.2962773736,0.0001373501,0.0040677958,1.0000000000,0.0112838714,0.0113034327,-9.3234733676,0.0008868924,-0.0111619359,8.3247484681,0.0001372684,0.0040787103,1.0000000000
48,5.9629,1785358758.078,2,2.3919,1.1646,2.2027,1.1229,2.2973,1.1438,12.42,-0.0011,-0.0010,-0.0013,-0.0007,-0.47,1.0000,0.0027,0.5076,0.1938,0,frozen,2-tag corner homography,2,1920,1200,0.200000,101;102,1,1,,2-tag corner homography,0.011840,0.498833,101,102,4.758833,4.260000,30,0.050000,0.600000,5.000000,raw-zero-distortion,590.9628888758,0.0000000000,1007.8592059077,0.0000000000,592.3761043005,547.7101609771,0.0000000000,0.0000000000,1.0000000000,-0.0359937509,0.0291287486,0.0062609452,0.0003552766,-0.0208418310,0.0000000000,0.0000000000,0.0000000000,0.0000000000,0.0000000000,1,0.000000,0.000000,72.969,750.926,1,1.031,73.092,751.605,65.404,791.428,9.051,780.067,79.406,716.456,134.518,722.864,-2.844291,0.618927,1.798171,3.421474,-0.002962,0.001885,1,4.260000,0.000000,1773.492,886.675,1,1.319,1772.531,886.680,1843.292,934.409,1761.167,935.465,1705.647,840.278,1784.359,843.656,1.897869,0.839296,1.466734,2.541188,4.261549,0.000130,0.0112919341,0.0112434393,-9.2777241591,0.0008861690,-0.0111573580,8.3214835101,0.0001434075,0.0040666910,1.0000000000,0.0112838714,0.0113034327,-9.3234733676,0.0008868924,-0.0111619359,8.3247484681,0.0001372684,0.0040787103,1.0000000000
49,6.0531,1785358758.172,2,2.3907,1.1653,2.2026,1.1225,2.2967,1.1439,12.82,-0.0012,0.0006,-0.0010,0.0008,0.38,1.0000,0.0026,0.5076,0.1929,0,frozen,2-tag corner homography,2,1920,1200,0.200000,101;102,1,1,,2-tag corner homography,0.011378,0.505166,101,102,4.765166,4.260000,30,0.050000,0.600000,5.000000,raw-zero-distortion,590.9628888758,0.0000000000,1007.8592059077,0.0000000000,592.3761043005,547.7101609771,0.0000000000,0.0000000000,1.0000000000,-0.0359937509,0.0291287486,0.0062609452,0.0003552766,-0.0208418310,0.0000000000,0.0000000000,0.0000000000,0.0000000000,0.0000000000,1,0.000000,0.000000,73.208,750.864,1,1.058,73.339,751.560,65.628,791.523,8.828,779.640,79.650,716.309,135.188,723.161,-2.848486,0.619868,1.801299,3.426774,-0.002471,0.002106,1,4.260000,0.000000,1773.516,886.617,1,1.189,1772.686,886.737,1843.352,934.440,1761.197,935.474,1706.124,840.468,1784.359,843.612,1.899902,0.840165,1.468008,2.543729,4.261674,0.000268,0.0110978429,0.0111134881,-9.1678417778,0.0008756176,-0.0110162972,8.2155539351,0.0001259734,0.0040094383,1.0000000000,0.0112838714,0.0113034327,-9.3234733676,0.0008868924,-0.0111619359,8.3247484681,0.0001372684,0.0040787103,1.0000000000
50,6.1466,1785358758.263,2,2.3906,1.1655,2.2023,1.1225,2.2964,1.1440,12.88,-0.0008,0.0014,-0.0005,0.0015,0.85,1.0000,0.0025,0.5076,0.1931,0,frozen,2-tag corner homography,2,1920,1200,0.200000,101;102,1,1,,2-tag corner homography,0.011811,0.488115,101,102,4.748115,4.260000,30,0.050000,0.600000,5.000000,raw-zero-distortion,590.9628888758,0.0000000000,1007.8592059077,0.0000000000,592.3761043005,547.7101609771,0.0000000000,0.0000000000,1.0000000000,-0.0359937509,0.0291287486,0.0062609452,0.0003552766,-0.0208418310,0.0000000000,0.0000000000,0.0000000000,0.0000000000,0.0000000000,1,0.000000,0.000000,72.956,751.036,1,1.064,73.219,751.586,65.458,791.426,8.600,780.112,79.388,716.391,135.330,722.856,-2.836311,0.617216,1.793368,3.412006,-0.002691,0.001581,1,4.260000,0.000000,1773.517,886.630,1,1.389,1772.502,886.630,1843.323,934.445,1760.983,935.456,1705.510,840.048,1784.546,843.672,1.895270,0.838054,1.464782,2.537709,4.261661,0.000238,0.0121184318,0.0128478850,-10.5452906361,0.0009559262,-0.0120293663,8.9705492359,0.0001334700,0.0045154294,1.0000000000,0.0112838714,0.0113034327,-9.3234733676,0.0008868924,-0.0111619359,8.3247484681,0.0001372684,0.0040787103,1.0000000000
51,6.2382,1785358758.362,2,2.3918,1.1662,2.2021,1.1229,2.2970,1.1445,12.84,-0.0012,0.0020,-0.0007,0.0022,1.18,1.0000,0.0038,0.5076,0.1945,0,frozen,2-tag corner homography,2,1920,1200,0.200000,101;102,1,1,,2-tag corner homography,0.011700,0.508562,101,102,4.768562,4.260000,30,0.050000,0.600000,5.000000,raw-zero-distortion,590.9628888758,0.0000000000,1007.8592059077,0.0000000000,592.3761043005,547.7101609771,0.0000000000,0.0000000000,1.0000000000,-0.0359937509,0.0291287486,0.0062609452,0.0003552766,-0.0208418310,0.0000000000,0.0000000000,0.0000000000,0.0000000000,0.0000000000,1,0.000000,0.000000,73.248,750.355,1,1.243,73.146,751.443,65.710,791.480,8.894,779.367,79.442,716.564,134.523,722.732,-2.856171,0.621055,1.805784,3.435736,-0.003773,0.003512,1,4.260000,0.000000,1773.454,886.551,1,1.369,1772.475,886.619,1843.311,934.350,1760.986,935.532,1705.556,840.091,1784.388,843.596,1.895232,0.838040,1.464804,2.537689,4.261622,0.000410,0.0112502512,0.0112248392,-9.2592567143,0.0008849808,-0.0111335559,8.3018450277,0.0001406282,0.0040531782,1.0000000000,0.0112838714,0.0113034327,-9.3234733676,0.0008868924,-0.0111619359,8.3247484681,0.0001372684,0.0040787103,1.0000000000
52,6.3362,1785358758.453,2,2.3915,1.1653,2.2025,1.1230,2.2970,1.1441,12.62,0.0005,0.0016,0.0008,0.0014,0.05,1.0000,0.0021,0.5076,0.1937,0,frozen,2-tag corner homography,2,1920,1200,0.200000,101;102,1,1,,2-tag corner homography,0.011419,0.499930,101,102,4.759930,4.260000,30,0.050000,0.600000,5.000000,raw-zero-distortion,590.9628888758,0.0000000000,1007.8592059077,0.0000000000,592.3761043005,547.7101609771,0.0000000000,0.0000000000,1.0000000000,-0.0359937509,0.0291287486,0.0062609452,0.0003552766,-0.0208418310,0.0000000000,0.0000000000,0.0000000000,0.0000000000,0.0000000000,1,0.000000,0.000000,73.070,751.164,1,0.920,73.186,751.769,65.627,791.531,8.782,780.135,79.468,716.468,134.835,723.331,-2.847935,0.620281,1.800655,3.426053,-0.002019,0.001253,1,4.260000,0.000000,1773.553,886.636,1,1.337,1772.589,886.671,1843.462,934.479,1761.227,935.530,1705.631,840.154,1784.393,843.639,1.895116,0.837994,1.464496,2.537409,4.261732,0.000231,0.0113371028,0.0113693610,-9.3784165275,0.0008902921,-0.0112228306,8.3720810762,0.0001362094,0.0041053759,1.0000000000,0.0112838714,0.0113034327,-9.3234733676,0.0008868924,-0.0111619359,8.3247484681,0.0001372684,0.0040787103,1.0000000000
53,6.4270,1785358758.544,2,2.3916,1.1640,2.2022,1.1221,2.2969,1.1431,12.48,0.0011,-0.0013,0.0008,-0.0015,-0.86,1.0000,0.0018,0.5076,0.1940,0,frozen,2-tag corner homography,2,1920,1200,0.200000,101;102,1,1,,2-tag corner homography,0.011304,0.467154,101,102,4.727154,4.260000,30,0.050000,0.600000,5.000000,raw-zero-distortion,590.9628888758,0.0000000000,1007.8592059077,0.0000000000,592.3761043005,547.7101609771,0.0000000000,0.0000000000,1.0000000000,-0.0359937509,0.0291287486,0.0062609452,0.0003552766,-0.0208418310,0.0000000000,0.0000000000,0.0000000000,0.0000000000,0.0000000000,1,0.000000,0.000000,72.929,751.424,1,1.375,73.726,751.548,65.379,791.466,9.202,780.396,79.539,716.370,136.619,722.469,-2.816477,0.613118,1.781793,3.388693,-0.001688,0.000511,1,4.260000,0.000000,1773.545,886.601,1,1.367,1772.548,886.599,1843.439,934.441,1761.193,935.432,1705.513,840.035,1784.418,843.615,1.894650,0.837653,1.464214,2.536786,4.261759,0.000311,0.0114586891,0.0115972183,-9.5623975248,0.0008986002,-0.0113128572,8.4362709049,0.0001301546,0.0041793184,1.0000000000,0.0112838714,0.0113034327,-9.3234733676,0.0008868924,-0.0111619359,8.3247484681,0.0001372684,0.0040787103,1.0000000000
54,6.5184,1785358758.637,2,2.3901,1.1648,2.2021,1.1225,2.2961,1.1436,12.69,-0.0011,-0.0029,-0.0017,-0.0026,-0.74,1.0000,0.0025,0.5076,0.1927,0,frozen,2-tag corner homography,2,1920,1200,0.200000,101;102,1,1,,2-tag corner homography,0.011701,0.491307,101,102,4.751307,4.260000,30,0.050000,0.600000,5.000000,raw-zero-distortion,590.9628888758,0.0000000000,1007.8592059077,0.0000000000,592.3761043005,547.7101609771,0.0000000000,0.0000000000,1.0000000000,-0.0359937509,0.0291287486,0.0062609452,0.0003552766,-0.0208418310,0.0000000000,0.0000000000,0.0000000000,0.0000000000,0.0000000000,1,0.000000,0.000000,73.281,750.847,1,1.011,73.337,751.587,65.738,791.505,9.192,779.922,79.682,716.344,134.749,722.962,-2.844628,0.619107,1.798854,3.422145,-0.002315,0.002169,1,4.260000,0.000000,1773.350,886.429,1,1.295,1772.435,886.517,1843.380,934.489,1761.058,935.470,1705.509,839.872,1784.138,843.385,1.889686,0.835380,1.460594,2.530239,4.261544,0.000669,0.0112557361,0.0112044114,-9.2481995552,0.0008808412,-0.0110992441,8.2777269659,0.0001417315,0.0040516898,1.0000000000,0.0112838714,0.0113034327,-9.3234733676,0.0008868924,-0.0111619359,8.3247484681,0.0001372684,0.0040787103,1.0000000000
55,6.6116,1785358758.728,2,2.3913,1.1651,2.2020,1.1221,2.2967,1.1436,12.80,-0.0016,-0.0019,-0.0020,-0.0015,0.16,1.0000,0.0021,0.5076,0.1941,0,frozen,2-tag corner homography,2,1920,1200,0.200000,101;102,1,0,world_rms>0.050,2-tag corner homography,0.106428,0.484564,101,102,4.744564,4.260000,30,0.050000,0.600000,5.000000,raw-zero-distortion,590.9628888758,0.0000000000,1007.8592059077,0.0000000000,592.3761043005,547.7101609771,0.0000000000,0.0000000000,1.0000000000,-0.0359937509,0.0291287486,0.0062609452,0.0003552766,-0.0208418310,0.0000000000,0.0000000000,0.0000000000,0.0000000000,0.0000000000,1,0.000000,0.000000,73.071,751.112,1,1.191,73.467,751.606,65.678,791.467,8.985,780.261,79.408,716.525,135.702,722.625,-2.830794,0.616239,1.790357,3.405661,-0.002161,0.001397,1,4.260000,0.000000,1773.388,886.528,1,1.299,1772.477,886.653,1843.300,934.399,1760.850,935.440,1705.712,840.187,1784.376,843.663,1.897456,0.839107,1.466519,2.540692,4.261506,0.000451,0.0108866641,0.0227768260,-17.9097171339,0.0003633112,-0.0043065845,3.1937113185,0.0001321604,0.0043241789,1.0000000000,0.0112838714,0.0113034327,-9.3234733676,0.0008868924,-0.0111619359,8.3247484681,0.0001372684,0.0040787103,1.0000000000
56,6.7027,1785358758.818,2,2.3928,1.1651,2.2026,1.1223,2.2977,1.1437,12.68,0.0011,0.0003,0.0012,0.0001,0.51,1.0000,0.0022,0.5076,0.1949,0,frozen,2-tag corner homography,2,1920,1200,0.200000,101;102,1,1,,2-tag corner homography,0.011774,0.504984,101,102,4.764984,4.260000,30,0.050000,0.600000,5.000000,raw-zero-distortion,590.9628888758,0.0000000000,1007.8592059077,0.0000000000,592.3761043005,547.7101609771,0.0000000000,0.0000000000,1.0000000000,-0.0359937509,0.0291287486,0.0062609452,0.0003552766,-0.0208418310,0.0000000000,0.0000000000,0.0000000000,0.0000000000,0.0000000000,1,0.000000,0.000000,72.826,751.255,1,0.980,72.997,751.847,65.490,791.560,9.052,780.280,79.123,716.661,134.359,723.251,-2.851433,0.621153,1.802502,3.430090,-0.002442,0.000950,1,4.260000,0.000000,1773.416,886.474,1,1.171,1772.623,886.672,1843.440,934.565,1760.866,935.378,1706.067,840.220,1784.420,843.594,1.896649,0.838635,1.465614,2.539411,4.261633,0.000579,0.0111791323,0.0111432344,-9.1957099352,0.0008760981,-0.0110515131,8.2453658820,0.0001429487,0.0040131393,1.0000000000,0.0112838714,0.0113034327,-9.3234733676,0.0008868924,-0.0111619359,8.3247484681,0.0001372684,0.0040787103,1.0000000000
57,6.7929,1785358758.908,2,2.3893,1.1651,2.2025,1.1221,2.2959,1.1436,12.98,0.0008,0.0001,0.0008,-0.0001,0.69,1.0000,0.0033,0.5076,0.1917,0,frozen,2-tag corner homography,2,1920,1200,0.200000,101;102,1,1,,2-tag corner homography,0.011249,0.497633,101,102,4.757633,4.260000,30,0.050000,0.600000,5.000000,raw-zero-distortion,590.9628888758,0.0000000000,1007.8592059077,0.0000000000,592.3761043005,547.7101609771,0.0000000000,0.0000000000,1.0000000000,-0.0359937509,0.0291287486,0.0062609452,0.0003552766,-0.0208418310,0.0000000000,0.0000000000,0.0000000000,0.0000000000,0.0000000000,1,0.000000,0.000000,73.224,750.549,1,1.340,73.452,751.364,65.676,791.515,8.779,779.363,79.517,716.396,135.710,722.611,-2.842687,0.618086,1.797848,3.419818,-0.003302,0.002975,1,4.260000,0.000000,1773.459,886.696,1,1.278,1772.520,886.673,1843.225,934.424,1761.110,935.415,1705.686,840.333,1784.385,843.593,1.898266,0.839467,1.467062,2.541730,4.261451,0.000076,0.0112043822,0.0112610680,-9.2855839808,0.0008845958,-0.0111172582,8.2885420075,0.0001239827,0.0040665355,1.0000000000,0.0112838714,0.0113034327,-9.3234733676,0.0008868924,-0.0111619359,8.3247484681,0.0001372684,0.0040787103,1.0000000000
58,6.8829,1785358759.000,2,2.3904,1.1654,2.2022,1.1221,2.2963,1.1438,12.96,-0.0015,0.0003,-0.0014,0.0006,0.81,1.0000,0.0027,0.5076,0.1931,0,frozen,2-tag corner homography,2,1920,1200,0.200000,101;102,1,1,,2-tag corner homography,0.011629,0.498599,101,102,4.758599,4.260000,30,0.050000,0.600000,5.000000,raw-zero-distortion,590.9628888758,0.0000000000,1007.8592059077,0.0000000000,592.3761043005,547.7101609771,0.0000000000,0.0000000000,1.0000000000,-0.0359937509,0.0291287486,0.0062609452,0.0003552766,-0.0208418310,0.0000000000,0.0000000000,0.0000000000,0.0000000000,0.0000000000,1,0.000000,0.000000,73.193,750.839,1,0.952,73.110,751.679,65.773,791.535,8.804,780.104,79.463,716.448,134.413,723.015,-2.845403,0.619406,1.798908,3.422872,-0.002582,0.002171,1,4.260000,0.000000,1773.370,886.472,1,1.271,1772.496,886.649,1843.376,934.448,1760.802,935.438,1705.773,840.147,1784.362,843.643,1.896451,0.838630,1.465706,2.539315,4.261534,0.000574,0.0111669102,0.0111070533,-9.1669796251,0.0008756993,-0.0110335176,8.2299501923,0.0001394270,0.0040132616,1.0000000000,0.0112838714,0.0113034327,-9.3234733676,0.0008868924,-0.0111619359,8.3247484681,0.0001372684,0.0040787103,1.0000000000
59,6.9752,1785358759.091,2,2.3900,1.1664,2.2019,1.1221,2.2960,1.1442,13.23,-0.0037,0.0014,-0.0033,0.0022,1.39,1.0000,0.0023,0.5076,0.1932,0,frozen,2-tag corner homography,2,1920,1200,0.200000,101;102,1,1,,2-tag corner homography,0.011242,0.476900,101,102,4.736900,4.260000,30,0.050000,0.600000,5.000000,raw-zero-distortion,590.9628888758,0.0000000000,1007.8592059077,0.0000000000,592.3761043005,547.7101609771,0.0000000000,0.0000000000,1.0000000000,-0.0359937509,0.0291287486,0.0062609452,0.0003552766,-0.0208418310,0.0000000000,0.0000000000,0.0000000000,0.0000000000,0.0000000000,1,0.000000,0.000000,73.022,751.092,1,1.478,73.750,751.403,65.542,791.434,9.246,779.967,79.455,716.394,136.598,722.306,-2.823190,0.614160,1.786087,3.396719,-0.002355,0.001442,1,4.260000,0.000000,1773.487,886.579,1,1.331,1772.549,886.693,1843.392,934.366,1761.031,935.561,1705.715,840.251,1784.397,843.675,1.897555,0.839170,1.466457,2.540752,4.261658,0.000351,0.0114339587,0.0115809535,-9.5468611103,0.0008999552,-0.0113104810,8.4327306352,0.0001277326,0.0041727216,1.0000000000,0.0112838714,0.0113034327,-9.3234733676,0.0008868924,-0.0111619359,8.3247484681,0.0001372684,0.0040787103,1.0000000000
60,7.0654,1785358759.181,2,2.3909,1.1656,2.2023,1.1222,2.2966,1.1439,12.98,-0.0004,0.0015,-0.0000,0.0015,0.77,1.0000,0.0032,0.5076,0.1936,0,frozen,2-tag corner homography,2,1920,1200,0.200000,101;102,1,1,,2-tag corner homography,0.011715,0.499943,101,102,4.759943,4.260000,30,0.050000,0.600000,5.000000,raw-zero-distortion,590.9628888758,0.0000000000,1007.8592059077,0.0000000000,592.3761043005,547.7101609771,0.0000000000,0.0000000000,1.0000000000,-0.0359937509,0.0291287486,0.0062609452,0.0003552766,-0.0208418310,0.0000000000,0.0000000000,0.0000000000,0.0000000000,0.0000000000,1,0.000000,0.000000,73.150,750.666,1,1.175,73.294,751.438,65.509,791.503,9.148,779.532,79.581,716.300,134.924,722.805,-2.846616,0.619060,1.800029,3.424406,-0.003180,0.002636,1,4.260000,0.000000,1773.560,886.650,1,1.270,1772.638,886.653,1843.330,934.464,1761.362,935.440,1705.843,840.242,1784.334,843.557,1.896481,0.838497,1.465457,2.539150,4.261731,0.000201,0.0111375374,0.0110959871,-9.1558688094,0.0008764507,-0.0110227510,8.2190045513,0.0001334704,0.0040121038,1.0000000000,0.0112838714,0.0113034327,-9.3234733676,0.0008868924,-0.0111619359,8.3247484681,0.0001372684,0.0040787103,1.0000000000
61,7.1556,1785358759.271,2,2.3912,1.1654,2.2027,1.1219,2.2969,1.1437,12.99,0.0014,0.0003,0.0014,-0.0001,0.22,1.0000,0.0025,0.5076,0.1935,0,frozen,2-tag corner homography,2,1920,1200,0.200000,101;102,1,1,,2-tag corner homography,0.011500,0.481414,101,102,4.741414,4.260000,30,0.050000,0.600000,5.000000,raw-zero-distortion,590.9628888758,0.0000000000,1007.8592059077,0.0000000000,592.3761043005,547.7101609771,0.0000000000,0.0000000000,1.0000000000,-0.0359937509,0.0291287486,0.0062609452,0.0003552766,-0.0208418310,0.0000000000,0.0000000000,0.0000000000,0.0000000000,0.0000000000,1,0.000000,0.000000,73.143,750.964,1,1.066,73.371,751.554,65.542,791.456,8.703,780.083,79.643,716.338,135.490,722.790,-2.832869,0.616470,1.791484,3.408020,-0.002373,0.001819,1,4.260000,0.000000,1773.498,886.523,1,1.345,1772.528,886.545,1843.380,934.393,1761.407,935.509,1705.549,839.977,1784.130,843.446,1.891981,0.836361,1.462189,2.533197,4.261752,0.000481,0.0113713588,0.0114502594,-9.4414697479,0.0008921524,-0.0112381415,8.3809380226,0.0001309573,0.0041342582,1.0000000000,0.0112838714,0.0113034327,-9.3234733676,0.0008868924,-0.0111619359,8.3247484681,0.0001372684,0.0040787103,1.0000000000
62,7.2456,1785358759.361,2,2.3913,1.1667,2.2022,1.1216,2.2967,1.1441,13.38,0.0023,-0.0002,0.0021,-0.0007,0.39,1.0000,0.0026,0.5076,0.1944,0,frozen,2-tag corner homography,2,1920,1200,0.200000,101;102,1,1,,2-tag corner homography,0.011498,0.497631,101,102,4.757631,4.260000,30,0.050000,0.600000,5.000000,raw-zero-distortion,590.9628888758,0.0000000000,1007.8592059077,0.0000000000,592.3761043005,547.7101609771,0.0000000000,0.0000000000,1.0000000000,-0.0359937509,0.0291287486,0.0062609452,0.0003552766,-0.0208418310,0.0000000000,0.0000000000,0.0000000000,0.0000000000,0.0000000000,1,0.000000,0.000000,72.998,750.971,1,1.025,73.130,751.643,65.610,791.471,8.815,779.995,79.294,716.461,134.778,723.035,-2.847056,0.619670,1.799992,3.424863,-0.002753,0.001767,1,4.260000,0.000000,1773.414,886.575,1,1.341,1772.452,886.635,1843.299,934.477,1760.952,935.517,1705.543,840.054,1784.357,843.599,1.893673,0.837414,1.463642,2.535647,4.261502,0.000346,0.0112392476,0.0113125455,-9.3264941411,0.0008825850,-0.0111163628,8.2911900638,0.0001379373,0.0040560852,1.0000000000,0.0112838714,0.0113034327,-9.3234733676,0.0008868924,-0.0111619359,8.3247484681,0.0001372684,0.0040787103,1.0000000000
63,7.3352,1785358759.451,2,2.3918,1.1643,2.2023,1.1220,2.2971,1.1432,12.58,0.0016,-0.0011,0.0013,-0.0015,-0.34,1.0000,0.0033,0.5076,0.1942,0,frozen,2-tag corner homography,2,1920,1200,0.200000,101;102,1,1,,2-tag corner homography,0.011428,0.506666,101,102,4.766666,4.260000,30,0.050000,0.600000,5.000000,raw-zero-distortion,590.9628888758,0.0000000000,1007.8592059077,0.0000000000,592.3761043005,547.7101609771,0.0000000000,0.0000000000,1.0000000000,-0.0359937509,0.0291287486,0.0062609452,0.0003552766,-0.0208418310,0.0000000000,0.0000000000,0.0000000000,0.0000000000,0.0000000000,1,0.000000,0.000000,73.149,750.589,1,1.285,73.302,751.443,65.553,791.514,8.749,779.326,79.479,716.487,135.328,722.844,-2.851061,0.620046,1.802855,3.429766,-0.003396,0.002848,1,4.260000,0.000000,1773.558,886.698,1,1.334,1772.577,886.668,1843.207,934.359,1761.289,935.452,1705.743,840.292,1784.392,843.645,1.898708,0.839587,1.467294,2.542233,4.261666,0.000090,0.0112300871,0.0112882806,-9.3071324378,0.0008869403,-0.0111544303,8.3172770971,0.0001265489,0.0040743027,1.0000000000,0.0112838714,0.0113034327,-9.3234733676,0.0008868924,-0.0111619359,8.3247484681,0.0001372684,0.0040787103,1.0000000000
64,7.4256,1785358759.545,2,2.3909,1.1652,2.2022,1.1216,2.2966,1.1434,13.02,0.0002,-0.0016,-0.0002,-0.0016,-0.60,1.0000,0.0019,0.5076,0.1937,0,frozen,2-tag corner homography,2,1920,1200,0.200000,101;102,1,1,,2-tag corner homography,0.011238,0.471906,101,102,4.731906,4.260000,30,0.050000,0.600000,5.000000,raw-zero-distortion,590.9628888758,0.0000000000,1007.8592059077,0.0000000000,592.3761043005,547.7101609771,0.0000000000,0.0000000000,1.0000000000,-0.0359937509,0.0291287486,0.0062609452,0.0003552766,-0.0208418310,0.0000000000,0.0000000000,0.0000000000,0.0000000000,0.0000000000,1,0.000000,0.000000,73.001,751.250,1,1.234,73.578,751.547,65.447,791.447,8.792,780.380,79.559,716.357,136.338,722.516,-2.818322,0.613422,1.782679,3.390748,-0.001971,0.001003,1,4.260000,0.000000,1773.369,886.546,1,1.214,1772.519,886.667,1843.363,934.420,1760.968,935.446,1705.796,840.329,1784.274,843.543,1.897613,0.839162,1.466558,2.540850,4.261439,0.000404,0.0113502602,0.0115057100,-9.4839065691,0.0008917307,-0.0112220486,8.3686856443,0.0001269372,0.0041339922,1.0000000000,0.0112838714,0.0113034327,-9.3234733676,0.0008868924,-0.0111619359,8.3247484681,0.0001372684,0.0040787103,1.0000000000
65,7.5191,1785358759.640,2,2.3904,1.1658,2.2022,1.1217,2.2963,1.1437,13.21,-0.0011,-0.0013,-0.0013,-0.0010,-0.29,1.0000,0.0025,0.5076,0.1933,0,frozen,2-tag corner homography,2,1920,1200,0.200000,101;102,1,1,,2-tag corner homography,0.011925,0.502762,101,102,4.762762,4.260000,30,0.050000,0.600000,5.000000,raw-zero-distortion,590.9628888758,0.0000000000,1007.8592059077,0.0000000000,592.3761043005,547.7101609771,0.0000000000,0.0000000000,1.0000000000,-0.0359937509,0.0291287486,0.0062609452,0.0003552766,-0.0208418310,0.0000000000,0.0000000000,0.0000000000,0.0000000000,0.0000000000,1,0.000000,0.000000,72.824,751.152,1,1.050,73.018,751.772,65.461,791.444,8.881,780.159,79.113,716.740,134.603,723.126,-2.852429,0.621159,1.803173,3.431271,-0.002734,0.001234,1,4.260000,0.000000,1773.608,886.577,1,1.314,1772.678,886.655,1843.335,934.496,1761.437,935.594,1705.948,840.079,1784.289,843.562,1.893254,0.837032,1.462886,2.534772,4.261927,0.000377,0.0113138583,0.0113317584,-9.3466989189,0.0008875190,-0.0111918443,8.3492286584,0.0001399169,0.0040868507,1.0000000000,0.0112838714,0.0113034327,-9.3234733676,0.0008868924,-0.0111619359,8.3247484681,0.0001372684,0.0040787103,1.0000000000
66,7.6143,1785358759.730,2,2.3915,1.1660,2.2024,1.1215,2.2969,1.1438,13.25,-0.0009,0.0008,-0.0006,0.0010,1.28,1.0000,0.0025,0.5076,0.1942,0,frozen,2-tag corner homography,2,1920,1200,0.200000,101;102,1,1,,2-tag corner homography,0.011943,0.488429,101,102,4.748429,4.260000,30,0.050000,0.600000,5.000000,raw-zero-distortion,590.9628888758,0.0000000000,1007.8592059077,0.0000000000,592.3761043005,547.7101609771,0.0000000000,0.0000000000,1.0000000000,-0.0359937509,0.0291287486,0.0062609452,0.0003552766,-0.0208418310,0.0000000000,0.0000000000,0.0000000000,0.0000000000,0.0000000000,1,0.000000,0.000000,73.117,750.927,1,1.035,73.261,751.584,65.460,791.484,9.212,780.144,79.642,716.367,134.737,722.755,-2.836966,0.617381,1.793863,3.412841,-0.002547,0.001915,1,4.260000,0.000000,1773.370,886.575,1,1.157,1772.544,886.628,1843.282,934.499,1761.163,935.432,1705.861,840.298,1784.165,843.366,1.894887,0.837834,1.464405,2.537133,4.261405,0.000339,0.0113177366,0.0113189552,-9.3381137502,0.0008865682,-0.0111637972,8.3258454564,0.0001425381,0.0040823687,1.0000000000,0.0112838714,0.0113034327,-9.3234733676,0.0008868924,-0.0111619359,8.3247484681,0.0001372684,0.0040787103,1.0000000000
67,7.7046,1785358759.823,2,2.3914,1.1648,2.2022,1.1220,2.2968,1.1434,12.72,0.0005,0.0004,0.0005,0.0003,0.04,1.0000,0.0029,0.5076,0.1940,0,frozen,2-tag corner homography,2,1920,1200,0.200000,101;102,1,1,,2-tag corner homography,0.011276,0.492607,101,102,4.752607,4.260000,30,0.050000,0.600000,5.000000,raw-zero-distortion,590.9628888758,0.0000000000,1007.8592059077,0.0000000000,592.3761043005,547.7101609771,0.0000000000,0.0000000000,1.0000000000,-0.0359937509,0.0291287486,0.0062609452,0.0003552766,-0.0208418310,0.0000000000,0.0000000000,0.0000000000,0.0000000000,0.0000000000,1,0.000000,0.000000,73.122,750.776,1,1.341,73.464,751.465,65.737,791.498,8.867,779.538,79.333,716.522,135.797,722.721,-2.844646,0.618825,1.799110,3.422244,-0.002955,0.002330,1,4.260000,0.000000,1773.209,886.371,1,1.135,1772.430,886.512,1843.405,934.417,1761.127,935.468,1705.664,840.140,1783.846,843.147,1.890988,0.835948,1.461609,2.531984,4.261307,0.000777,0.0112522130,0.0113238940,-9.3375697489,0.0008850517,-0.0111435596,8.3093519131,0.0001266255,0.0040846528,1.0000000000,0.0112838714,0.0113034327,-9.3234733676,0.0008868924,-0.0111619359,8.3247484681,0.0001372684,0.0040787103,1.0000000000
68,7.7974,1785358759.913,2,2.3911,1.1643,2.2020,1.1217,2.2966,1.1430,12.68,0.0006,-0.0015,0.0003,-0.0016,-1.31,1.0000,0.0034,0.5076,0.1938,0,frozen,2-tag corner homography,2,1920,1200,0.200000,101;102,1,1,,2-tag corner homography,0.011436,0.505092,101,102,4.765092,4.260000,30,0.050000,0.600000,5.000000,raw-zero-distortion,590.9628888758,0.0000000000,1007.8592059077,0.0000000000,592.3761043005,547.7101609771,0.0000000000,0.0000000000,1.0000000000,-0.0359937509,0.0291287486,0.0062609452,0.0003552766,-0.0208418310,0.0000000000,0.0000000000,0.0000000000,0.0000000000,0.0000000000,1,0.000000,0.000000,73.179,750.557,1,1.205,73.266,751.419,65.616,791.468,8.869,779.412,79.497,716.379,135.029,722.806,-2.849957,0.619709,1.802088,3.428384,-0.003404,0.002942,1,4.260000,0.000000,1773.402,886.410,1,1.279,1772.524,886.599,1843.309,934.320,1760.751,935.374,1705.887,840.140,1784.459,843.615,1.898268,0.839278,1.467055,2.541665,4.261683,0.000724,0.0111531969,0.0111600173,-9.2044754100,0.0008786421,-0.0110536408,8.2419111129,0.0001326932,0.0040229794,1.0000000000,0.0112838714,0.0113034327,-9.3234733676,0.0008868924,-0.0111619359,8.3247484681,0.0001372684,0.0040787103,1.0000000000
69,7.8879,1785358760.004,2,2.3910,1.1658,2.2022,1.1217,2.2966,1.1437,13.14,-0.0005,-0.0010,-0.0007,-0.0009,-0.80,1.0000,0.0028,0.5076,0.1939,0,frozen,2-tag corner homography,2,1920,1200,0.200000,101;102,1,1,,2-tag corner homography,0.011279,0.497677,101,102,4.757677,4.260000,30,0.050000,0.600000,5.000000,raw-zero-distortion,590.9628888758,0.0000000000,1007.8592059077,0.0000000000,592.3761043005,547.7101609771,0.0000000000,0.0000000000,1.0000000000,-0.0359937509,0.0291287486,0.0062609452,0.0003552766,-0.0208418310,0.0000000000,0.0000000000,0.0000000000,0.0000000000,0.0000000000,1,0.000000,0.000000,72.894,750.939,1,1.444,73.459,751.439,65.441,791.477,9.129,779.526,79.226,716.493,135.927,722.680,-2.843240,0.618437,1.798211,3.420533,-0.003133,0.001832,1,4.260000,0.000000,1773.272,886.432,1,1.143,1772.506,886.645,1843.254,934.383,1760.749,935.438,1706.031,840.359,1784.260,843.433,1.897736,0.839179,1.466679,2.541017,4.261370,0.000649,0.0111555899,0.0112127342,-9.2466256911,0.0008791784,-0.0110583035,8.2454989787,0.0001278676,0.0040348396,1.0000000000,0.0112838714,0.0113034327,-9.3234733676,0.0008868924,-0.0111619359,8.3247484681,0.0001372684,0.0040787103,1.0000000000
70,7.9782,1785358760.104,2,2.3917,1.1643,2.2024,1.1217,2.2970,1.1430,12.70,0.0002,-0.0007,0.0000,-0.0007,-0.10,1.0000,0.0029,0.5076,0.1941,0,frozen,2-tag corner homography,2,1920,1200,0.200000,101;102,1,1,,2-tag corner homography,0.011804,0.517017,101,102,4.777017,4.260000,30,0.050000,0.600000,5.000000,raw-zero-distortion,590.9628888758,0.0000000000,1007.8592059077,0.0000000000,592.3761043005,547.7101609771,0.0000000000,0.0000000000,1.0000000000,-0.0359937509,0.0291287486,0.0062609452,0.0003552766,-0.0208418310,0.0000000000,0.0000000000,0.0000000000,0.0000000000,0.0000000000,1,0.000000,0.000000,73.142,750.807,1,1.160,73.322,751.534,65.644,791.483,8.817,779.440,79.478,716.440,135.270,723.153,-2.855107,0.621218,1.805452,3.434706,-0.002811,0.002248,1,4.260000,0.000000,1773.757,886.874,1,1.536,1772.619,886.836,1842.931,934.355,1760.949,935.467,1705.897,840.294,1784.997,844.233,1.905116,0.842791,1.472165,2.550889,4.261885,-0.000278,0.0115160629,0.0112221861,-9.2796536975,0.0009085256,-0.0114300718,8.5243346071,0.0001266137,0.0041999901,1.0000000000,0.0112838714,0.0113034327,-9.3234733676,0.0008868924,-0.0111619359,8.3247484681,0.0001372684,0.0040787103,1.0000000000
71,8.0868,1785358760.207,2,2.3901,1.1653,2.2019,1.1220,2.2960,1.1436,12.94,-0.0008,0.0006,-0.0007,0.0008,0.19,1.0000,0.0026,0.5076,0.1931,0,frozen,2-tag corner homography,2,1920,1200,0.200000,101;102,1,1,,2-tag corner homography,0.011484,0.492405,101,102,4.752405,4.260000,30,0.050000,0.600000,5.000000,raw-zero-distortion,590.9628888758,0.0000000000,1007.8592059077,0.0000000000,592.3761043005,547.7101609771,0.0000000000,0.0000000000,1.0000000000,-0.0359937509,0.0291287486,0.0062609452,0.0003552766,-0.0208418310,0.0000000000,0.0000000000,0.0000000000,0.0000000000,0.0000000000,1,0.000000,0.000000,73.018,750.934,1,1.023,73.160,751.590,65.580,791.457,8.789,780.138,79.360,716.375,134.880,722.807,-2.838030,0.617564,1.794343,3.414010,-0.002804,0.001873,1,4.260000,0.000000,1773.356,886.546,1,1.278,1772.457,886.667,1843.328,934.442,1760.782,935.400,1705.674,840.219,1784.388,843.686,1.897890,0.839355,1.466892,2.541313,4.261411,0.000401,0.0112112986,0.0112193981,-9.2542535864,0.0008803704,-0.0110828376,8.2656420533,0.0001366519,0.0040427783,1.0000000000,0.0112838714,0.0113034327,-9.3234733676,0.0008868924,-0.0111619359,8.3247484681,0.0001372684,0.0040787103,1.0000000000
72,8.1883,1785358760.304,2,2.3905,1.1648,2.2018,1.1214,2.2961,1.1431,12.95,-0.0018,-0.0005,-0.0019,-0.0000,-0.09,1.0000,0.0029,0.5076,0.1936,0,frozen,2-tag corner homography,2,1920,1200,0.200000,101;102,1,1,,2-tag corner homography,0.011247,0.485942,101,102,4.745942,4.260000,30,0.050000,0.600000,5.000000,raw-zero-distortion,590.9628888758,0.0000000000,1007.8592059077,0.0000000000,592.3761043005,547.7101609771,0.0000000000,0.0000000000,1.0000000000,-0.0359937509,0.0291287486,0.0062609452,0.0003552766,-0.0208418310,0.0000000000,0.0000000000,0.0000000000,0.0000000000,0.0000000000,1,0.000000,0.000000,73.173,750.728,1,1.446,73.664,751.319,65.601,791.452,8.852,779.402,79.561,716.365,136.451,722.518,-2.835856,0.616604,1.793935,3.411815,-0.002948,0.002473,1,4.260000,0.000000,1772.746,886.085,1,1.043,1772.152,886.514,1843.387,934.372,1760.815,935.350,1705.642,840.216,1783.116,843.264,1.893458,0.837349,1.464051,2.535702,4.260644,0.001350,0.0113576883,0.0115026514,-9.4802828063,0.0008964804,-0.0112719306,8.4031632929,0.0001169640,0.0041568366,1.0000000000,0.0112838714,0.0113034327,-9.3234733676,0.0008868924,-0.0111619359,8.3247484681,0.0001372684,0.0040787103,1.0000000000
73,8.2816,1785358760.399,2,2.3923,1.1656,2.2016,1.1218,2.2969,1.1437,12.93,-0.0009,0.0007,-0.0007,0.0009,0.38,1.0000,0.0024,0.5076,0.1956,0,frozen,2-tag corner homography,2,1920,1200,0.200000,101;102,1,1,,2-tag corner homography,0.011800,0.499184,101,102,4.759184,4.260000,30,0.050000,0.600000,5.000000,raw-zero-distortion,590.9628888758,0.0000000000,1007.8592059077,0.0000000000,592.3761043005,547.7101609771,0.0000000000,0.0000000000,1.0000000000,-0.0359937509,0.0291287486,0.0062609452,0.0003552766,-0.0208418310,0.0000000000,0.0000000000,0.0000000000,0.0000000000,0.0000000000,1,0.000000,0.000000,73.089,750.985,1,0.963,73.202,751.618,65.330,791.485,9.296,779.936,79.733,716.307,134.486,723.122,-2.847137,0.619659,1.800181,3.425028,-0.002464,0.001749,1,4.260000,0.000000,1773.350,886.581,1,1.268,1772.437,886.623,1843.261,934.488,1760.916,935.397,1705.594,840.151,1784.311,843.549,1.895192,0.838074,1.464846,2.537694,4.261354,0.000320,0.0112961994,0.0112586667,-9.2908533735,0.0008854726,-0.0111524054,8.3178049555,0.0001465535,0.0040623223,1.0000000000,0.0112838714,0.0113034327,-9.3234733676,0.0008868924,-0.0111619359,8.3247484681,0.0001372684,0.0040787103,1.0000000000
74,8.3841,1785358760.513,2,2.3922,1.1647,2.2020,1.1212,2.2971,1.1430,12.89,0.0022,-0.0007,0.0020,-0.0012,0.05,1.0000,0.0033,0.5076,0.1951,0,frozen,2-tag corner homography,2,1920,1200,0.200000,101;102,1,1,,2-tag corner homography,0.011524,0.496056,101,102,4.756056,4.260000,30,0.050000,0.600000,5.000000,raw-zero-distortion,590.9628888758,0.0000000000,1007.8592059077,0.0000000000,592.3761043005,547.7101609771,0.0000000000,0.0000000000,1.0000000000,-0.0359937509,0.0291287486,0.0062609452,0.0003552766,-0.0208418310,0.0000000000,0.0000000000,0.0000000000,0.0000000000,0.0000000000,1,0.000000,0.000000,73.023,750.666,1,1.161,73.175,751.414,65.256,791.384,8.837,779.574,79.571,716.345,134.974,722.765,-2.845572,0.618681,1.799140,3.423003,-0.003533,0.002611,1,4.260000,0.000000,1773.338,886.480,1,1.294,1772.419,886.566,1843.386,934.429,1760.856,935.422,1705.487,840.034,1784.302,843.491,1.893599,0.837248,1.463649,2.535541,4.261456,0.000552,0.0114330791,0.0115087234,-9.4860425023,0.0008984324,-0.0113044354,8.4288921141,0.0001413480,0.0041440430,1.0000000000,0.0112838714,0.0113034327,-9.3234733676,0.0008868924,-0.0111619359,8.3247484681,0.0001372684,0.0040787103,1.0000000000
75,8.4944,1785358760.611,2,2.3917,1.1656,2.2029,1.1210,2.2973,1.1433,13.30,0.0031,-0.0004,0.0029,-0.0011,0.68,1.0000,0.0037,0.5076,0.1940,0,frozen,2-tag corner homography,2,1920,1200,0.200000,101;102,1,1,,2-tag corner homography,0.011700,0.505540,101,102,4.765540,4.260000,30,0.050000,0.600000,5.000000,raw-zero-distortion,590.9628888758,0.0000000000,1007.8592059077,0.0000000000,592.3761043005,547.7101609771,0.0000000000,0.0000000000,1.0000000000,-0.0359937509,0.0291287486,0.0062609452,0.0003552766,-0.0208418310,0.0000000000,0.0000000000,0.0000000000,0.0000000000,0.0000000000,1,0.000000,0.000000,73.029,750.513,1,1.193,73.064,751.417,65.406,791.395,8.839,779.474,79.380,716.452,134.606,722.731,-2.852027,0.620019,1.803007,3.430644,-0.003942,0.003031,1,4.260000,0.000000,1773.525,886.693,1,1.348,1772.529,886.650,1843.335,934.446,1761.192,935.432,1705.532,840.184,1784.417,843.646,1.896531,0.838633,1.465704,2.539375,4.261599,0.000095,0.0113260356,0.0113284781,-9.3415329478,0.0008917496,-0.0112145441,8.3619689146,0.0001396340,0.0040933638,1.0000000000,0.0112838714,0.0113034327,-9.3234733676,0.0008868924,-0.0111619359,8.3247484681,0.0001372684,0.0040787103,1.0000000000
76,8.5997,1785358760.735,2,2.3915,1.1646,2.2012,1.1214,2.2964,1.1430,12.80,0.0002,-0.0012,-0.0000,-0.0013,0.27,1.0000,0.0028,0.5076,0.1951,0,frozen,2-tag corner homography,2,1920,1200,0.200000,101;102,1,1,,2-tag corner homography,0.011729,0.487852,101,102,4.747852,4.260000,30,0.050000,0.600000,5.000000,raw-zero-distortion,590.9628888758,0.0000000000,1007.8592059077,0.0000000000,592.3761043005,547.7101609771,0.0000000000,0.0000000000,1.0000000000,-0.0359937509,0.0291287486,0.0062609452,0.0003552766,-0.0208418310,0.0000000000,0.0000000000,0.0000000000,0.0000000000,0.0000000000,1,0.000000,0.000000,72.762,751.077,1,1.299,73.250,751.543,65.235,791.384,9.099,780.015,79.201,716.596,135.389,722.611,-2.838885,0.617668,1.795055,3.415114,-0.003113,0.001425,1,4.260000,0.000000,1773.530,886.524,1,1.416,1772.522,886.599,1843.408,934.463,1761.158,935.539,1705.533,839.875,1784.349,843.665,1.892235,0.836615,1.462398,2.533591,4.261823,0.000485,0.0115067180,0.0115938799,-9.5578962240,0.0009024919,-0.0113636972,8.4745258106,0.0001414666,0.0041795345,1.0000000000,0.0112838714,0.0113034327,-9.3234733676,0.0008868924,-0.0111619359,8.3247484681,0.0001372684,0.0040787103,1.0000000000
77,8.7160,1785358760.839,2,2.3913,1.1652,2.2020,1.1212,2.2966,1.1432,13.09,-0.0014,-0.0001,-0.0013,0.0002,0.14,1.0000,0.0033,0.5076,0.1943,0,frozen,2-tag corner homography,2,1920,1200,0.200000,101;102,1,1,,2-tag corner homography,0.011423,0.495518,101,102,4.755518,4.260000,30,0.050000,0.600000,5.000000,raw-zero-distortion,590.9628888758,0.0000000000,1007.8592059077,0.0000000000,592.3761043005,547.7101609771,0.0000000000,0.0000000000,1.0000000000,-0.0359937509,0.0291287486,0.0062609452,0.0003552766,-0.0208418310,0.0000000000,0.0000000000,0.0000000000,0.0000000000,0.0000000000,1,0.000000,0.000000,73.011,750.683,1,1.355,73.345,751.385,65.379,791.483,8.848,779.442,79.420,716.421,135.616,722.623,-2.842474,0.618032,1.797508,3.419453,-0.003518,0.002559,1,4.260000,0.000000,1773.462,886.566,1,1.333,1772.507,886.626,1843.251,934.407,1761.067,935.435,1705.693,840.111,1784.348,843.644,1.896320,0.838503,1.465582,2.539104,4.261618,0.000375,0.0112880001,0.0113633007,-9.3676494091,0.0008897823,-0.0111884217,8.3419375699,0.0001282424,0.0040995427,1.0000000000,0.0112838714,0.0113034327,-9.3234733676,0.0008868924,-0.0111619359,8.3247484681,0.0001372684,0.0040787103,1.0000000000
78,8.8218,1785358760.968,2,2.3914,1.1646,2.2021,1.1212,2.2968,1.1429,12.91,-0.0012,-0.0005,-0.0013,-0.0002,-0.44,1.0000,0.0024,0.5076,0.1942,0,frozen,2-tag corner homography,2,1920,1200,0.200000,101;102,1,1,,2-tag corner homography,0.011653,0.503876,101,102,4.763876,4.260000,30,0.050000,0.600000,5.000000,raw-zero-distortion,590.9628888758,0.0000000000,1007.8592059077,0.0000000000,592.3761043005,547.7101609771,0.0000000000,0.0000000000,1.0000000000,-0.0359937509,0.0291287486,0.0062609452,0.0003552766,-0.0208418310,0.0000000000,0.0000000000,0.0000000000,0.0000000000,0.0000000000,1,0.000000,0.000000,73.377,750.862,1,0.844,73.199,751.708,65.909,791.496,8.780,780.109,79.715,716.373,134.401,723.232,-2.847788,0.620072,1.800586,3.425857,-0.002008,0.002149,1,4.260000,0.000000,1773.452,886.532,1,1.302,1772.533,886.641,1843.149,934.313,1760.940,935.408,1705.910,840.229,1784.428,843.657,1.899372,0.839861,1.467891,2.543164,4.261639,0.000451,0.0110975654,0.0110387349,-9.1118415038,0.0008715806,-0.0109846822,8.1938031495,0.0001357172,0.0039868176,1.0000000000,0.0112838714,0.0113034327,-9.3234733676,0.0008868924,-0.0111619359,8.3247484681,0.0001372684,0.0040787103,1.0000000000
79,8.9601,1785358761.102,2,2.3900,1.1637,2.2016,1.1214,2.2958,1.1425,12.65,-0.0030,-0.0022,-0.0034,-0.0015,-1.43,1.0000,0.0034,0.5076,0.1932,0,frozen,2-tag corner homography,2,1920,1200,0.200000,101;102,1,1,,2-tag corner homography,0.011759,0.499664,101,102,4.759664,4.260000,30,0.050000,0.600000,5.000000,raw-zero-distortion,590.9628888758,0.0000000000,1007.8592059077,0.0000000000,592.3761043005,547.7101609771,0.0000000000,0.0000000000,1.0000000000,-0.0359937509,0.0291287486,0.0062609452,0.0003552766,-0.0208418310,0.0000000000,0.0000000000,0.0000000000,0.0000000000,0.0000000000,1,0.000000,0.000000,73.191,750.538,1,1.161,73.215,751.427,65.487,791.468,8.839,779.455,79.625,716.353,134.864,722.826,-2.848960,0.619482,1.801360,3.427131,-0.003423,0.002996,1,4.260000,0.000000,1773.349,886.391,1,1.209,1772.531,886.581,1843.242,934.392,1761.103,935.508,1705.982,840.124,1784.073,843.381,1.893703,0.837207,1.463514,2.535528,4.261590,0.000757,0.0111853152,0.0111972115,-9.2343943372,0.0008797506,-0.0110701283,8.2543392452,0.0001329470,0.0040383469,1.0000000000,0.0112838714,0.0113034327,-9.3234733676,0.0008868924,-0.0111619359,8.3247484681,0.0001372684,0.0040787103,1.0000000000
80,9.0790,1785358761.198,2,2.3910,1.1644,2.2017,1.1209,2.2963,1.1426,12.94,-0.0023,-0.0015,-0.0025,-0.0009,-0.43,1.0000,0.0024,0.5076,0.1942,0,frozen,2-tag corner homography,2,1920,1200,0.200000,101;102,1,1,,2-tag corner homography,0.011740,0.497065,101,102,4.757065,4.260000,30,0.050000,0.600000,5.000000,raw-zero-distortion,590.9628888758,0.0000000000,1007.8592059077,0.0000000000,592.3761043005,547.7101609771,0.0000000000,0.0000000000,1.0000000000,-0.0359937509,0.0291287486,0.0062609452,0.0003552766,-0.0208418310,0.0000000000,0.0000000000,0.0000000000,0.0000000000,0.0000000000,1,0.000000,0.000000,72.907,751.111,1,1.088,73.193,751.650,65.357,791.476,9.111,780.072,79.383,716.485,134.902,722.967,-2.843695,0.619000,1.797987,3.420895,-0.002620,0.001365,1,4.260000,0.000000,1773.321,886.452,1,1.212,1772.492,886.626,1843.284,934.413,1760.931,935.416,1705.878,840.219,1784.183,843.531,1.896676,0.838676,1.465886,2.539602,4.261452,0.000611,0.0112636630,0.0112633452,-9.2922060552,0.0008838439,-0.0111357085,8.3057950274,0.0001394505,0.0040621515,1.0000000000,0.0112838714,0.0113034327,-9.3234733676,0.0008868924,-0.0111619359,8.3247484681,0.0001372684,0.0040787103,1.0000000000
81,9.1784,1785358761.297,2,2.3922,1.1650,2.2015,1.1210,2.2969,1.1430,13.00,0.0021,0.0006,0.0022,0.0001,0.81,1.0000,0.0034,0.5076,0.1957,0,frozen,2-tag corner homography,2,1920,1200,0.200000,101;102,1,1,,2-tag corner homography,0.011751,0.498233,101,102,4.758233,4.260000,30,0.050000,0.600000,5.000000,raw-zero-distortion,590.9628888758,0.0000000000,1007.8592059077,0.0000000000,592.3761043005,547.7101609771,0.0000000000,0.0000000000,1.0000000000,-0.0359937509,0.0291287486,0.0062609452,0.0003552766,-0.0208418310,0.0000000000,0.0000000000,0.0000000000,0.0000000000,0.0000000000,1,0.000000,0.000000,72.979,750.638,1,1.140,73.004,751.513,65.418,791.414,8.634,779.741,79.303,716.536,134.617,722.760,-2.848528,0.619510,1.800680,3.426420,-0.003732,0.002676,1,4.260000,0.000000,1773.359,886.509,1,1.310,1772.416,886.539,1843.245,934.372,1761.161,935.467,1705.497,840.032,1784.099,843.408,1.892730,0.836801,1.462982,2.534360,4.261465,0.000487,0.0113513510,0.0113750074,-9.3787864074,0.0008911607,-0.0112243798,8.3705440177,0.0001393157,0.0041067749,1.0000000000,0.0112838714,0.0113034327,-9.3234733676,0.0008868924,-0.0111619359,8.3247484681,0.0001372684,0.0040787103,1.0000000000
82,9.2725,1785358761.409,2,2.3919,1.1638,2.2018,1.1209,2.2969,1.1424,12.72,0.0030,0.0002,0.0030,-0.0004,0.52,1.0000,0.0037,0.5076,0.1949,0,frozen,2-tag corner homography,2,1920,1200,0.200000,101;102,1,1,,2-tag corner homography,0.011476,0.501708,101,102,4.761708,4.260000,30,0.050000,0.600000,5.000000,raw-zero-distortion,590.9628888758,0.0000000000,1007.8592059077,0.0000000000,592.3761043005,547.7101609771,0.0000000000,0.0000000000,1.0000000000,-0.0359937509,0.0291287486,0.0062609452,0.0003552766,-0.0208418310,0.0000000000,0.0000000000,0.0000000000,0.0000000000,0.0000000000,1,0.000000,0.000000,73.024,750.540,1,1.403,73.282,751.372,65.469,791.503,8.840,779.200,79.301,716.504,135.418,722.681,-2.851065,0.619817,1.802819,3.429709,-0.003880,0.002954,1,4.260000,0.000000,1773.484,886.510,1,1.351,1772.521,886.570,1843.323,934.362,1761.268,935.511,1705.625,840.014,1784.204,843.514,1.893557,0.837127,1.463422,2.535339,4.261739,0.000509,0.0112766191,0.0113312777,-9.3418118862,0.0008889417,-0.0111814905,8.3366791410,0.0001283441,0.0040934425,1.0000000000,0.0112838714,0.0113034327,-9.3234733676,0.0008868924,-0.0111619359,8.3247484681,0.0001372684,0.0040787103,1.0000000000
83,9.3910,1785358761.508,2,2.3919,1.1647,2.2023,1.1206,2.2971,1.1427,13.12,0.0025,-0.0002,0.0024,-0.0008,0.38,1.0000,0.0024,0.5076,0.1946,0,frozen,2-tag corner homography,2,1920,1200,0.200000,101;102,1,1,,2-tag corner homography,0.011509,0.498184,101,102,4.758184,4.260000,30,0.050000,0.600000,5.000000,raw-zero-distortion,590.9628888758,0.0000000000,1007.8592059077,0.0000000000,592.3761043005,547.7101609771,0.0000000000,0.0000000000,1.0000000000,-0.0359937509,0.0291287486,0.0062609452,0.0003552766,-0.0208418310,0.0000000000,0.0000000000,0.0000000000,0.0000000000,0.0000000000,1,0.000000,0.000000,72.948,751.091,1,1.118,73.238,751.652,65.423,791.475,8.821,779.984,79.385,716.542,135.241,723.023,-2.844582,0.619231,1.798634,3.422013,-0.002562,0.001428,1,4.260000,0.000000,1773.463,886.558,1,1.239,1772.590,886.656,1843.362,934.436,1761.146,935.455,1705.872,840.262,1784.296,843.554,1.896873,0.838731,1.465851,2.539747,4.261632,0.000393,0.0113038704,0.0113701441,-9.3758590268,0.0008889408,-0.0111983799,8.3525436010,0.0001334567,0.0040961684,1.0000000000,0.0112838714,0.0113034327,-9.3234733676,0.0008868924,-0.0111619359,8.3247484681,0.0001372684,0.0040787103,1.0000000000
84,9.4912,1785358761.612,2,2.3910,1.1637,2.2026,1.1214,2.2968,1.1426,12.65,0.0011,-0.0006,0.0009,-0.0008,-0.19,1.0000,0.0038,0.5076,0.1931,0,frozen,2-tag corner homography,2,1920,1200,0.200000,101;102,1,1,,2-tag corner homography,0.011513,0.500213,101,102,4.760213,4.260000,30,0.050000,0.600000,5.000000,raw-zero-distortion,590.9628888758,0.0000000000,1007.8592059077,0.0000000000,592.3761043005,547.7101609771,0.0000000000,0.0000000000,1.0000000000,-0.0359937509,0.0291287486,0.0062609452,0.0003552766,-0.0208418310,0.0000000000,0.0000000000,0.0000000000,0.0000000000,0.0000000000,1,0.000000,0.000000,73.091,750.462,1,1.367,73.279,751.342,65.550,791.440,8.849,779.326,79.342,716.494,135.288,722.517,-2.847530,0.618956,1.800578,3.425436,-0.003911,0.003183,1,4.260000,0.000000,1773.399,886.489,1,1.273,1772.507,886.613,1843.357,934.423,1760.960,935.423,1705.736,840.127,1784.309,843.570,1.895786,0.838234,1.465169,2.538378,4.261577,0.000541,0.0112699150,0.0113188547,-9.3316807497,0.0008881742,-0.0111658887,8.3246890838,0.0001319848,0.0040826861,1.0000000000,0.0112838714,0.0113034327,-9.3234733676,0.0008868924,-0.0111619359,8.3247484681,0.0001372684,0.0040787103,1.0000000000
85,9.5888,1785358761.734,2,2.3910,1.1639,2.2024,1.1209,2.2967,1.1424,12.86,0.0000,-0.0002,-0.0000,-0.0002,-0.08,1.0000,0.0024,0.5076,0.1934,0,frozen,2-tag corner homography,2,1920,1200,0.200000,101;102,1,1,,2-tag corner homography,0.011598,0.481954,101,102,4.741954,4.260000,30,0.050000,0.600000,5.000000,raw-zero-distortion,590.9628888758,0.0000000000,1007.8592059077,0.0000000000,592.3761043005,547.7101609771,0.0000000000,0.0000000000,1.0000000000,-0.0359937509,0.0291287486,0.0062609452,0.0003552766,-0.0208418310,0.0000000000,0.0000000000,0.0000000000,0.0000000000,0.0000000000,1,0.000000,0.000000,73.247,750.909,1,1.006,73.414,751.521,65.713,791.444,9.024,780.117,79.695,716.215,135.186,722.740,-2.832628,0.616348,1.791414,3.407760,-0.002239,0.001992,1,4.260000,0.000000,1773.308,886.443,1,1.237,1772.455,886.595,1843.258,934.469,1760.924,935.496,1705.772,840.074,1784.165,843.435,1.892791,0.836923,1.462955,2.534430,4.261434,0.000631,0.0111909001,0.0111558385,-9.2071036205,0.0008766633,-0.0110362395,8.2299745492,0.0001350478,0.0040340519,1.0000000000,0.0112838714,0.0113034327,-9.3234733676,0.0008868924,-0.0111619359,8.3247484681,0.0001372684,0.0040787103,1.0000000000
86,9.7261,1785358761.853,2,2.3907,1.1639,2.2021,1.1203,2.2964,1.1421,13.01,-0.0015,-0.0012,-0.0017,-0.0008,-0.04,1.0000,0.0023,0.5076,0.1936,0,frozen,2-tag corner homography,2,1920,1200,0.200000,101;102,1,1,,2-tag corner homography,0.010973,0.476460,101,102,4.736460,4.260000,30,0.050000,0.600000,5.000000,raw-zero-distortion,590.9628888758,0.0000000000,1007.8592059077,0.0000000000,592.3761043005,547.7101609771,0.0000000000,0.0000000000,1.0000000000,-0.0359937509,0.0291287486,0.0062609452,0.0003552766,-0.0208418310,0.0000000000,0.0000000000,0.0000000000,0.0000000000,0.0000000000,1,0.000000,0.000000,73.025,751.029,1,1.410,73.587,751.506,65.771,791.502,8.611,780.111,79.201,716.569,136.558,722.345,-2.823465,0.614423,1.785950,3.396923,-0.002520,0.001616,1,4.260000,0.000000,1773.263,886.587,1,1.256,1772.364,886.657,1843.211,934.480,1760.677,935.381,1705.557,840.229,1784.349,843.611,1.896856,0.838974,1.466271,2.540057,4.261156,0.000291,0.0113440281,0.0114279510,-9.4244559110,0.0008922425,-0.0112271885,8.3721755414,0.0001216980,0.0041386360,1.0000000000,0.0112838714,0.0113034327,-9.3234733676,0.0008868924,-0.0111619359,8.3247484681,0.0001372684,0.0040787103,1.0000000000
87,9.8341,1785358761.953,2,2.3920,1.1616,2.2022,1.1210,2.2971,1.1413,12.04,-0.0003,-0.0027,-0.0008,-0.0026,-0.91,1.0000,0.0023,0.5076,0.1942,0,frozen,2-tag corner homography,2,1920,1200,0.200000,101;102,1,1,,2-tag corner homography,0.012087,0.502321,101,102,4.762321,4.260000,30,0.050000,0.600000,5.000000,raw-zero-distortion,590.9628888758,0.0000000000,1007.8592059077,0.0000000000,592.3761043005,547.7101609771,0.0000000000,0.0000000000,1.0000000000,-0.0359937509,0.0291287486,0.0062609452,0.0003552766,-0.0208418310,0.0000000000,0.0000000000,0.0000000000,0.0000000000,0.0000000000,1,0.000000,0.000000,72.948,751.083,1,0.978,73.059,751.737,65.525,791.488,8.801,780.170,79.291,716.558,134.608,723.124,-2.847572,0.620022,1.800182,3.425456,-0.002584,0.001451,1,4.260000,0.000000,1773.387,886.596,1,1.222,1772.519,886.679,1843.220,934.462,1760.940,935.407,1705.863,840.313,1784.354,843.590,1.898003,0.839364,1.466861,2.541383,4.261417,0.000293,0.0113314667,0.0109305199,-9.0463804758,0.0008861639,-0.0111784726,8.3394200959,0.0001388110,0.0040822126,1.0000000000,0.0112838714,0.0113034327,-9.3234733676,0.0008868924,-0.0111619359,8.3247484681,0.0001372684,0.0040787103,1.0000000000
88,9.9333,1785358762.050,2,2.3916,1.1620,2.2017,1.1211,2.2966,1.1416,12.18,0.0002,-0.0029,-0.0004,-0.0029,-1.93,1.0000,0.0023,0.5076,0.1942,0,frozen,2-tag corner homography,2,1920,1200,0.200000,101;102,1,1,,2-tag corner homography,0.011730,0.489548,101,102,4.749548,4.260000,30,0.050000,0.600000,5.000000,raw-zero-distortion,590.9628888758,0.0000000000,1007.8592059077,0.0000000000,592.3761043005,547.7101609771,0.0000000000,0.0000000000,1.0000000000,-0.0359937509,0.0291287486,0.0062609452,0.0003552766,-0.0208418310,0.0000000000,0.0000000000,0.0000000000,0.0000000000,0.0000000000,1,0.000000,0.000000,72.865,751.166,1,1.307,73.365,751.624,65.426,791.514,9.258,780.135,79.231,716.633,135.488,722.645,-2.836510,0.617471,1.793776,3.412431,-0.002583,0.001204,1,4.260000,0.000000,1773.263,886.412,1,1.179,1772.465,886.611,1843.310,934.386,1760.787,935.419,1705.864,840.252,1784.200,843.450,1.896540,0.838610,1.465834,2.539449,4.261373,0.000693,0.0114028554,0.0112655887,-9.3057616209,0.0008926631,-0.0112500489,8.3909315820,0.0001391334,0.0041250015,1.0000000000,0.0112838714,0.0113034327,-9.3234733676,0.0008868924,-0.0111619359,8.3247484681,0.0001372684,0.0040787103,1.0000000000
89,10.0314,1785358762.161,2,2.3907,1.1629,2.2022,1.1208,2.2965,1.1418,12.59,-0.0000,-0.0016,-0.0004,-0.0016,-1.48,1.0000,0.0021,0.5076,0.1932,0,frozen,2-tag corner homography,2,1920,1200,0.200000,101;102,1,1,,2-tag corner homography,0.011752,0.500820,101,102,4.760820,4.260000,30,0.050000,0.600000,5.000000,raw-zero-distortion,590.9628888758,0.0000000000,1007.8592059077,0.0000000000,592.3761043005,547.7101609771,0.0000000000,0.0000000000,1.0000000000,-0.0359937509,0.0291287486,0.0062609452,0.0003552766,-0.0208418310,0.0000000000,0.0000000000,0.0000000000,0.0000000000,0.0000000000,1,0.000000,0.000000,73.018,751.143,1,1.082,73.282,751.707,65.571,791.490,9.316,780.063,79.398,716.581,134.849,723.074,-2.848865,0.620359,1.801427,3.427247,-0.002220,0.001299,1,4.260000,0.000000,1773.478,886.639,1,1.322,1772.510,886.623,1843.234,934.419,1761.216,935.484,1705.620,840.160,1784.299,843.530,1.895037,0.837925,1.464585,2.537379,4.261562,0.000210,0.0112812333,0.0112788364,-9.3067578766,0.0008849057,-0.0111524366,8.3187916115,0.0001421814,0.0040647702,1.0000000000,0.0112838714,0.0113034327,-9.3234733676,0.0008868924,-0.0111619359,8.3247484681,0.0001372684,0.0040787103,1.0000000000
90,10.1424,1785358762.266,2,2.3922,1.1626,2.2016,1.1207,2.2969,1.1416,12.41,-0.0005,0.0002,-0.0004,0.0003,0.42,1.0000,0.0026,0.5076,0.1951,0,frozen,2-tag corner homography,2,1920,1200,0.200000,101;102,1,1,,2-tag corner homography,0.011749,0.495036,101,102,4.755036,4.260000,30,0.050000,0.600000,5.000000,raw-zero-distortion,590.9628888758,0.0000000000,1007.8592059077,0.0000000000,592.3761043005,547.7101609771,0.0000000000,0.0000000000,1.0000000000,-0.0359937509,0.0291287486,0.0062609452,0.0003552766,-0.0208418310,0.0000000000,0.0000000000,0.0000000000,0.0000000000,0.0000000000,1,0.000000,0.000000,72.860,751.035,1,1.069,73.063,751.659,65.481,791.399,8.861,780.251,79.155,716.605,134.732,722.791,-2.842110,0.618597,1.796735,3.418846,-0.002959,0.001561,1,4.260000,0.000000,1773.417,886.523,1,1.282,1772.509,886.613,1843.402,934.410,1761.054,935.408,1705.656,840.157,1784.277,843.581,1.896280,0.838452,1.465548,2.539037,4.261575,0.000467,0.0113963811,0.0115051526,-9.4823358263,0.0008943317,-0.0112682734,8.4047331396,0.0001421670,0.0041254915,1.0000000000,0.0112838714,0.0113034327,-9.3234733676,0.0008868924,-0.0111619359,8.3247484681,0.0001372684,0.0040787103,1.0000000000
91,10.2582,1785358762.409,2,2.3911,1.1627,2.2021,1.1210,2.2966,1.1418,12.43,0.0001,0.0005,0.0002,0.0005,0.47,1.0000,0.0022,0.5076,0.1935,0,frozen,2-tag corner homography,2,1920,1200,0.200000,101;102,1,1,,2-tag corner homography,0.011356,0.493699,101,102,4.753699,4.260000,30,0.050000,0.600000,5.000000,raw-zero-distortion,590.9628888758,0.0000000000,1007.8592059077,0.0000000000,592.3761043005,547.7101609771,0.0000000000,0.0000000000,1.0000000000,-0.0359937509,0.0291287486,0.0062609452,0.0003552766,-0.0208418310,0.0000000000,0.0000000000,0.0000000000,0.0000000000,0.0000000000,1,0.000000,0.000000,73.067,751.082,1,1.135,73.337,751.685,65.703,791.571,8.816,780.086,79.345,716.563,135.403,722.942,-2.840386,0.618482,1.796173,3.417097,-0.002257,0.001478,1,4.260000,0.000000,1773.299,886.414,1,1.106,1772.557,886.616,1843.393,934.375,1760.956,935.445,1706.019,840.378,1784.147,843.318,1.896707,0.838594,1.465785,2.539540,4.261451,0.000696,0.0109983204,0.0109847994,-9.0652107179,0.0008634967,-0.0108832478,8.1178984472,0.0001299060,0.0039516699,1.0000000000,0.0112838714,0.0113034327,-9.3234733676,0.0008868924,-0.0111619359,8.3247484681,0.0001372684,0.0040787103,1.0000000000
92,10.3839,1785358762.501,2,2.3903,1.1626,2.2028,1.1203,2.2965,1.1415,12.69,-0.0011,-0.0004,-0.0011,-0.0001,0.97,1.0000,0.0028,0.5076,0.1922,0,frozen,2-tag corner homography,2,1920,1200,0.200000,101;102,1,1,,2-tag corner homography,0.011646,0.496608,101,102,4.756608,4.260000,30,0.050000,0.600000,5.000000,raw-zero-distortion,590.9628888758,0.0000000000,1007.8592059077,0.0000000000,592.3761043005,547.7101609771,0.0000000000,0.0000000000,1.0000000000,-0.0359937509,0.0291287486,0.0062609452,0.0003552766,-0.0208418310,0.0000000000,0.0000000000,0.0000000000,0.0000000000,0.0000000000,1,0.000000,0.000000,72.992,750.888,1,1.024,73.076,751.605,65.428,791.403,8.724,780.072,79.413,716.492,134.702,722.864,-2.843125,0.618662,1.797403,3.420053,-0.003005,0.001995,1,4.260000,0.000000,1773.332,886.522,1,1.238,1772.450,886.598,1843.354,934.431,1760.912,935.319,1705.615,840.190,1784.270,843.547,1.896825,0.838720,1.466083,2.539841,4.261388,0.000453,0.0113600033,0.0113910371,-9.3933940118,0.0008917175,-0.0112336457,8.3784221919,0.0001410660,0.0041072508,1.0000000000,0.0112838714,0.0113034327,-9.3234733676,0.0008868924,-0.0111619359,8.3247484681,0.0001372684,0.0040787103,1.0000000000
93,10.4771,1785358762.593,2,2.3933,1.1636,2.2021,1.1208,2.2977,1.1422,12.60,0.0007,0.0004,0.0007,0.0003,0.86,1.0000,0.0018,0.5076,0.1959,0,frozen,2-tag corner homography,2,1920,1200,0.200000,101;102,1,1,,2-tag corner homography,0.011404,0.500308,101,102,4.760308,4.260000,30,0.050000,0.600000,5.000000,raw-zero-distortion,590.9628888758,0.0000000000,1007.8592059077,0.0000000000,592.3761043005,547.7101609771,0.0000000000,0.0000000000,1.0000000000,-0.0359937509,0.0291287486,0.0062609452,0.0003552766,-0.0208418310,0.0000000000,0.0000000000,0.0000000000,0.0000000000,0.0000000000,1,0.000000,0.000000,72.992,751.271,1,1.087,73.382,751.688,65.596,791.497,9.434,779.998,79.397,716.435,135.108,723.195,-2.848534,0.620295,1.801412,3.426952,-0.001940,0.000945,1,4.260000,0.000000,1773.278,886.484,1,1.277,1772.371,886.575,1843.248,934.397,1760.726,935.402,1705.535,840.095,1784.309,843.492,1.894864,0.837883,1.464719,2.537313,4.261317,0.000531,0.0111979456,0.0111576599,-9.2103729352,0.0008780198,-0.0110671191,8.2549069975,0.0001409871,0.0040248711,1.0000000000,0.0112838714,0.0113034327,-9.3234733676,0.0008868924,-0.0111619359,8.3247484681,0.0001372684,0.0040787103,1.0000000000
94,10.5675,1785358762.683,2,2.3901,1.1632,2.2024,1.1204,2.2962,1.1418,12.84,0.0004,0.0005,0.0005,0.0004,1.01,1.0000,0.0017,0.5076,0.1925,0,frozen,2-tag corner homography,2,1920,1200,0.200000,101;102,1,1,,2-tag corner homography,0.011625,0.502229,101,102,4.762229,4.260000,30,0.050000,0.600000,5.000000,raw-zero-distortion,590.9628888758,0.0000000000,1007.8592059077,0.0000000000,592.3761043005,547.7101609771,0.0000000000,0.0000000000,1.0000000000,-0.0359937509,0.0291287486,0.0062609452,0.0003552766,-0.0208418310,0.0000000000,0.0000000000,0.0000000000,0.0000000000,0.0000000000,1,0.000000,0.000000,72.993,751.341,1,0.929,73.251,751.786,65.548,791.496,9.317,780.308,79.461,716.451,134.708,723.265,-2.846031,0.619960,1.799577,3.423845,-0.001744,0.000753,1,4.260000,0.000000,1773.282,886.415,1,1.195,1772.465,886.601,1843.226,934.266,1760.708,935.359,1705.909,840.323,1784.311,843.485,1.899557,0.839919,1.468165,2.543480,4.261412,0.000689,0.0111493541,0.0110974812,-9.1613056128,0.0008737239,-0.0110205264,8.2213931130,0.0001428732,0.0039973807,1.0000000000,0.0112838714,0.0113034327,-9.3234733676,0.0008868924,-0.0111619359,8.3247484681,0.0001372684,0.0040787103,1.0000000000
95,10.6580,1785358762.776,2,2.3923,1.1633,2.2024,1.1204,2.2973,1.1419,12.73,0.0008,0.0008,0.0009,0.0006,0.64,1.0000,0.0022,0.5076,0.1947,0,frozen,2-tag corner homography,2,1920,1200,0.200000,101;102,1,1,,2-tag corner homography,0.011368,0.486016,101,102,4.746016,4.260000,30,0.050000,0.600000,5.000000,raw-zero-distortion,590.9628888758,0.0000000000,1007.8592059077,0.0000000000,592.3761043005,547.7101609771,0.0000000000,0.0000000000,1.0000000000,-0.0359937509,0.0291287486,0.0062609452,0.0003552766,-0.0208418310,0.0000000000,0.0000000000,0.0000000000,0.0000000000,0.0000000000,1,0.000000,0.000000,72.880,751.178,1,1.186,73.264,751.686,65.605,791.579,8.821,780.289,79.111,716.569,135.441,722.748,-2.833676,0.616976,1.791789,3.408942,-0.002508,0.001174,1,4.260000,0.000000,1773.294,886.471,1,1.173,1772.503,886.673,1843.455,934.526,1760.851,935.443,1705.832,840.265,1784.201,843.547,1.895913,0.838445,1.465277,2.538604,4.261369,0.000563,0.0112146718,0.0112492630,-9.2791574539,0.0008799743,-0.0110856635,8.2688071203,0.0001313489,0.0040554941,1.0000000000,0.0112838714,0.0113034327,-9.3234733676,0.0008868924,-0.0111619359,8.3247484681,0.0001372684,0.0040787103,1.0000000000
96,10.7517,1785358762.867,2,2.3935,1.1623,2.2030,1.1207,2.2983,1.1415,12.32,0.0020,-0.0009,0.0018,-0.0013,-0.37,1.0000,0.0023,0.5076,0.1949,0,frozen,2-tag corner homography,2,1920,1200,0.200000,101;102,1,1,,2-tag corner homography,0.011656,0.496974,101,102,4.756974,4.260000,30,0.050000,0.600000,5.000000,raw-zero-distortion,590.9628888758,0.0000000000,1007.8592059077,0.0000000000,592.3761043005,547.7101609771,0.0000000000,0.0000000000,1.0000000000,-0.0359937509,0.0291287486,0.0062609452,0.0003552766,-0.0208418310,0.0000000000,0.0000000000,0.0000000000,0.0000000000,0.0000000000,1,0.000000,0.000000,73.030,751.079,1,1.105,73.301,751.654,65.666,791.491,9.265,780.095,79.327,716.518,134.949,722.904,-2.844003,0.619151,1.798390,3.421390,-0.002367,0.001478,1,4.260000,0.000000,1773.377,886.490,1,1.221,1772.536,886.653,1843.324,934.424,1760.916,935.492,1705.899,840.247,1784.305,843.514,1.896235,0.838501,1.465461,2.538969,4.261528,0.000535,0.0111725169,0.0111249853,-9.1827487135,0.0008761623,-0.0110367550,8.2319419070,0.0001397025,0.0040154719,1.0000000000,0.0112838714,0.0113034327,-9.3234733676,0.0008868924,-0.0111619359,8.3247484681,0.0001372684,0.0040787103,1.0000000000
97,10.8416,1785358762.960,2,2.3929,1.1631,2.2028,1.1206,2.2978,1.1419,12.61,0.0045,-0.0005,0.0042,-0.0014,-0.85,1.0000,0.0019,0.5076,0.1948,0,frozen,2-tag corner homography,2,1920,1200,0.200000,101;102,1,1,,2-tag corner homography,0.011280,0.490586,101,102,4.750586,4.260000,30,0.050000,0.600000,5.000000,raw-zero-distortion,590.9628888758,0.0000000000,1007.8592059077,0.0000000000,592.3761043005,547.7101609771,0.0000000000,0.0000000000,1.0000000000,-0.0359937509,0.0291287486,0.0062609452,0.0003552766,-0.0208418310,0.0000000000,0.0000000000,0.0000000000,0.0000000000,0.0000000000,1,0.000000,0.000000,73.014,751.288,1,1.083,73.381,751.731,65.587,791.556,8.729,780.209,79.432,716.494,135.663,723.102,-2.837504,0.618024,1.794435,3.413704,-0.001831,0.000903,1,4.260000,0.000000,1773.339,886.439,1,1.146,1772.572,886.652,1843.391,934.474,1760.959,935.428,1706.040,840.292,1784.194,843.482,1.896554,0.838599,1.465638,2.539342,4.261506,0.000644,0.0112089110,0.0112878199,-9.3094738310,0.0008809317,-0.0111036858,8.2827231483,0.0001266375,0.0040634634,1.0000000000,0.0112838714,0.0113034327,-9.3234733676,0.0008868924,-0.0111619359,8.3247484681,0.0001372684,0.0040787103,1.0000000000
98,10.9361,1785358763.055,2,2.3921,1.1632,2.2022,1.1204,2.2972,1.1418,12.72,0.0012,-0.0001,0.0012,-0.0003,-0.20,1.0000,0.0025,0.5076,0.1947,0,frozen,2-tag corner homography,2,1920,1200,0.200000,101;102,1,1,,2-tag corner homography,0.011399,0.506853,101,102,4.766853,4.260000,30,0.050000,0.600000,5.000000,raw-zero-distortion,590.9628888758,0.0000000000,1007.8592059077,0.0000000000,592.3761043005,547.7101609771,0.0000000000,0.0000000000,1.0000000000,-0.0359937509,0.0291287486,0.0062609452,0.0003552766,-0.0208418310,0.0000000000,0.0000000000,0.0000000000,0.0000000000,0.0000000000,1,0.000000,0.000000,72.832,751.106,1,1.067,73.061,751.701,65.394,791.498,8.717,779.878,79.195,716.552,134.888,723.257,-2.853085,0.621113,1.803670,3.432070,-0.002841,0.001363,1,4.260000,0.000000,1773.292,886.488,1,1.173,1772.480,886.629,1843.247,934.403,1760.865,935.424,1705.874,840.309,1784.225,843.433,1.896810,0.838757,1.466014,2.539803,4.261344,0.000525,0.0111819047,0.0111844734,-9.2258365530,0.0008791789,-0.0110826899,8.2670364484,0.0001341291,0.0040334763,1.0000000000,0.0112838714,0.0113034327,-9.3234733676,0.0008868924,-0.0111619359,8.3247484681,0.0001372684,0.0040787103,1.0000000000
99,11.0289,1785358763.145,2,2.3922,1.1637,2.2029,1.1204,2.2975,1.1421,12.89,-0.0013,0.0010,-0.0010,0.0012,1.08,1.0000,0.0026,0.5076,0.1942,0,frozen,2-tag corner homography,2,1920,1200,0.200000,101;102,1,1,,2-tag corner homography,0.011229,0.503580,101,102,4.763580,4.260000,30,0.050000,0.600000,5.000000,raw-zero-distortion,590.9628888758,0.0000000000,1007.8592059077,0.0000000000,592.3761043005,547.7101609771,0.0000000000,0.0000000000,1.0000000000,-0.0359937509,0.0291287486,0.0062609452,0.0003552766,-0.0208418310,0.0000000000,0.0000000000,0.0000000000,0.0000000000,0.0000000000,1,0.000000,0.000000,73.191,750.830,1,1.134,73.361,751.546,65.627,791.566,8.849,779.478,79.594,716.349,135.299,723.177,-2.851399,0.620473,1.803182,3.430296,-0.002612,0.002196,1,4.260000,0.000000,1773.181,886.413,1,1.083,1772.441,886.568,1843.250,934.390,1760.878,935.395,1705.884,840.334,1784.032,843.212,1.895170,0.837923,1.464820,2.537613,4.261193,0.000676,0.0110904351,0.0111017405,-9.1584630095,0.0008731293,-0.0109964789,8.2007006444,0.0001275309,0.0040021618,1.0000000000,0.0112838714,0.0113034327,-9.3234733676,0.0008868924,-0.0111619359,8.3247484681,0.0001372684,0.0040787103,1.0000000000
100,11.1229,1785358763.247,2,2.3945,1.1631,2.2030,1.1203,2.2988,1.1417,12.59,0.0014,0.0002,0.0014,-0.0001,0.52,1.0000,0.0026,0.5076,0.1962,0,frozen,2-tag corner homography,2,1920,1200,0.200000,101;102,1,1,,2-tag corner homography,0.011398,0.500712,101,102,4.760712,4.260000,30,0.050000,0.600000,5.000000,raw-zero-distortion,590.9628888758,0.0000000000,1007.8592059077,0.0000000000,592.3761043005,547.7101609771,0.0000000000,0.0000000000,1.0000000000,-0.0359937509,0.0291287486,0.0062609452,0.0003552766,-0.0208418310,0.0000000000,0.0000000000,0.0000000000,0.0000000000,0.0000000000,1,0.000000,0.000000,73.101,750.962,1,0.978,73.154,751.682,65.736,791.497,8.814,780.053,79.367,716.472,134.686,723.093,-2.847480,0.619897,1.800305,3.425422,-0.002497,0.001815,1,4.260000,0.000000,1773.449,886.430,1,1.366,1772.473,886.516,1843.250,934.223,1760.763,935.385,1705.635,839.998,1784.568,843.520,1.896435,0.838319,1.465737,2.539218,4.261761,0.000686,0.0111162960,0.0110681692,-9.1344807026,0.0008712829,-0.0109891806,8.1970013743,0.0001392966,0.0039894176,1.0000000000,0.0112838714,0.0113034327,-9.3234733676,0.0008868924,-0.0111619359,8.3247484681,0.0001372684,0.0040787103,1.0000000000
101,11.2279,1785358763.352,2,2.3906,1.1639,2.2033,1.1199,2.2969,1.1419,13.24,0.0008,-0.0000,0.0008,-0.0002,1.04,1.0000,0.0025,0.5076,0.1924,0,frozen,2-tag corner homography,2,1920,1200,0.200000,101;102,1,1,,2-tag corner homography,0.011642,0.501916,101,102,4.761916,4.260000,30,0.050000,0.600000,5.000000,raw-zero-distortion,590.9628888758,0.0000000000,1007.8592059077,0.0000000000,592.3761043005,547.7101609771,0.0000000000,0.0000000000,1.0000000000,-0.0359937509,0.0291287486,0.0062609452,0.0003552766,-0.0208418310,0.0000000000,0.0000000000,0.0000000000,0.0000000000,0.0000000000,1,0.000000,0.000000,72.969,751.034,1,1.070,73.117,751.727,65.751,791.518,8.874,780.200,79.099,716.653,134.734,722.927,-2.845776,0.619637,1.799157,3.423355,-0.002662,0.001589,1,4.260000,0.000000,1773.417,886.546,1,1.236,1772.547,886.653,1843.180,934.292,1761.030,935.452,1705.949,840.373,1784.311,843.532,1.899498,0.839932,1.467963,2.543323,4.261544,0.000412,0.0111194443,0.0110864668,-9.1486334487,0.0008731656,-0.0110062016,8.2101583584,0.0001352110,0.0039995771,1.0000000000,0.0112838714,0.0113034327,-9.3234733676,0.0008868924,-0.0111619359,8.3247484681,0.0001372684,0.0040787103,1.0000000000
102,11.3312,1785358763.458,2,2.3914,1.1620,2.2033,1.1198,2.2973,1.1409,12.66,-0.0012,-0.0021,-0.0017,-0.0018,0.36,1.0000,0.0027,0.5076,0.1927,0,frozen,2-tag corner homography,2,1920,1200,0.200000,101;102,1,1,,2-tag corner homography,0.011979,0.496560,101,102,4.756560,4.260000,30,0.050000,0.600000,5.000000,raw-zero-distortion,590.9628888758,0.0000000000,1007.8592059077,0.0000000000,592.3761043005,547.7101609771,0.0000000000,0.0000000000,1.0000000000,-0.0359937509,0.0291287486,0.0062609452,0.0003552766,-0.0208418310,0.0000000000,0.0000000000,0.0000000000,0.0000000000,0.0000000000,1,0.000000,0.000000,73.020,750.899,1,1.099,73.174,751.596,65.469,791.467,9.350,780.086,79.420,716.508,134.499,722.716,-2.842798,0.618630,1.797385,3.419765,-0.002896,0.001971,1,4.260000,0.000000,1773.216,886.309,1,1.129,1772.477,886.569,1843.440,934.377,1760.774,935.310,1705.910,840.239,1784.104,843.422,1.897114,0.838745,1.466253,2.540164,4.261399,0.000921,0.0112632279,0.0112055990,-9.2480673235,0.0008819616,-0.0111116597,8.2872469060,0.0001474371,0.0040441523,1.0000000000,0.0112838714,0.0113034327,-9.3234733676,0.0008868924,-0.0111619359,8.3247484681,0.0001372684,0.0040787103,1.0000000000
103,11.4327,1785358763.548,2,2.3929,1.1624,2.2030,1.1201,2.2980,1.1412,12.57,-0.0017,-0.0022,-0.0021,-0.0018,-0.24,1.0000,0.0023,0.5076,0.1946,0,frozen,2-tag corner homography,2,1920,1200,0.200000,101;102,1,1,,2-tag corner homography,0.011766,0.502694,101,102,4.762694,4.260000,30,0.050000,0.600000,5.000000,raw-zero-distortion,590.9628888758,0.0000000000,1007.8592059077,0.0000000000,592.3761043005,547.7101609771,0.0000000000,0.0000000000,1.0000000000,-0.0359937509,0.0291287486,0.0062609452,0.0003552766,-0.0208418310,0.0000000000,0.0000000000,0.0000000000,0.0000000000,0.0000000000,1,0.000000,0.000000,73.145,750.960,1,0.945,73.199,751.651,65.728,791.421,9.201,780.094,79.475,716.423,134.435,723.035,-2.848167,0.619981,1.800827,3.426282,-0.002379,0.001829,1,4.260000,0.000000,1773.321,886.534,1,1.246,1772.451,886.665,1843.205,934.400,1760.832,935.447,1705.788,840.278,1784.285,843.593,1.897733,0.839286,1.466783,2.541111,4.261350,0.000424,0.0111549687,0.0110661424,-9.1360864992,0.0008750503,-0.0110211528,8.2203307250,0.0001428975,0.0039991328,1.0000000000,0.0112838714,0.0113034327,-9.3234733676,0.0008868924,-0.0111619359,8.3247484681,0.0001372684,0.0040787103,1.0000000000
104,11.5228,1785358763.638,2,2.3929,1.1627,2.2033,1.1199,2.2981,1.1413,12.72,0.0017,-0.0018,0.0013,-0.0021,-1.09,1.0000,0.0019,0.5076,0.1944,0,frozen,2-tag corner homography,2,1920,1200,0.200000,101;102,1,1,,2-tag corner homography,0.011514,0.489683,101,102,4.749683,4.260000,30,0.050000,0.600000,5.000000,raw-zero-distortion,590.9628888758,0.0000000000,1007.8592059077,0.0000000000,592.3761043005,547.7101609771,0.0000000000,0.0000000000,1.0000000000,-0.0359937509,0.0291287486,0.0062609452,0.0003552766,-0.0208418310,0.0000000000,0.0000000000,0.0000000000,0.0000000000,0.0000000000,1,0.000000,0.000000,72.928,751.316,1,1.120,73.334,751.738,65.453,791.549,8.845,780.289,79.386,716.554,135.555,723.002,-2.836116,0.617710,1.793467,3.411985,-0.001992,0.000806,1,4.260000,0.000000,1773.356,886.449,1,1.170,1772.551,886.596,1843.265,934.370,1761.118,935.381,1705.992,840.273,1784.115,843.430,1.897116,0.838734,1.466115,2.540082,4.261532,0.000625,0.0112556653,0.0113340756,-9.3473283951,0.0008837822,-0.0111447269,8.3134656077,0.0001292863,0.0040809484,1.0000000000,0.0112838714,0.0113034327,-9.3234733676,0.0008868924,-0.0111619359,8.3247484681,0.0001372684,0.0040787103,1.0000000000
105,11.6133,1785358763.729,2,2.3934,1.1621,2.2037,1.1195,2.2985,1.1408,12.67,0.0030,-0.0008,0.0028,-0.0014,-0.35,1.0000,0.0029,0.5076,0.1945,0,frozen,2-tag corner homography,2,1920,1200,0.200000,101;102,1,1,,2-tag corner homography,0.011347,0.508378,101,102,4.768378,4.260000,30,0.050000,0.600000,5.000000,raw-zero-distortion,590.9628888758,0.0000000000,1007.8592059077,0.0000000000,592.3761043005,547.7101609771,0.0000000000,0.0000000000,1.0000000000,-0.0359937509,0.0291287486,0.0062609452,0.0003552766,-0.0208418310,0.0000000000,0.0000000000,0.0000000000,0.0000000000,0.0000000000,1,0.000000,0.000000,73.213,750.734,1,1.192,73.392,751.490,65.868,791.463,9.195,779.467,79.398,716.429,135.089,722.963,-2.854715,0.621044,1.805340,3.434290,-0.002819,0.002464,1,4.260000,0.000000,1773.265,886.425,1,1.149,1772.492,886.636,1843.404,934.471,1760.710,935.386,1705.889,840.271,1784.278,843.479,1.896579,0.838658,1.465811,2.539480,4.261363,0.000665,0.0110937290,0.0110565933,-9.1245382379,0.0008735986,-0.0109914946,8.1962325691,0.0001337018,0.0039897953,1.0000000000,0.0112838714,0.0113034327,-9.3234733676,0.0008868924,-0.0111619359,8.3247484681,0.0001372684,0.0040787103,1.0000000000
106,11.7032,1785358763.819,2,2.3919,1.1636,2.2027,1.1197,2.2973,1.1417,13.04,0.0002,0.0001,0.0003,0.0001,0.72,1.0000,0.0026,0.5076,0.1941,0,frozen,2-tag corner homography,2,1920,1200,0.200000,101;102,1,1,,2-tag corner homography,0.011882,0.515604,101,102,4.775604,4.260000,30,0.050000,0.600000,5.000000,raw-zero-distortion,590.9628888758,0.0000000000,1007.8592059077,0.0000000000,592.3761043005,547.7101609771,0.0000000000,0.0000000000,1.0000000000,-0.0359937509,0.0291287486,0.0062609452,0.0003552766,-0.0208418310,0.0000000000,0.0000000000,0.0000000000,0.0000000000,0.0000000000,1,0.000000,0.000000,72.829,751.075,1,1.143,73.090,751.696,65.528,791.395,9.240,779.921,79.045,716.752,134.567,723.070,-2.858551,0.622307,1.807181,3.438675,-0.002933,0.001445,1,4.260000,0.000000,1773.368,886.423,1,1.155,1772.596,886.640,1843.247,934.306,1760.977,935.393,1706.194,840.393,1784.231,843.494,1.900032,0.840080,1.468280,2.543954,4.261593,0.000688,0.0111813054,0.0111596553,-9.2075449371,0.0008792626,-0.0110821075,8.2664563937,0.0001412282,0.0040182963,1.0000000000,0.0112838714,0.0113034327,-9.3234733676,0.0008868924,-0.0111619359,8.3247484681,0.0001372684,0.0040787103,1.0000000000
107,11.7933,1785358763.910,2,2.3894,1.1621,2.2033,1.1196,2.2964,1.1408,12.86,-0.0040,-0.0003,-0.0040,0.0006,0.82,1.0000,0.0022,0.5076,0.1909,0,frozen,2-tag corner homography,2,1920,1200,0.200000,101;102,1,0,world_rms>0.050,2-tag corner homography,0.152167,0.501367,101,102,4.761367,4.260000,30,0.050000,0.600000,5.000000,raw-zero-distortion,590.9628888758,0.0000000000,1007.8592059077,0.0000000000,592.3761043005,547.7101609771,0.0000000000,0.0000000000,1.0000000000,-0.0359937509,0.0291287486,0.0062609452,0.0003552766,-0.0208418310,0.0000000000,0.0000000000,0.0000000000,0.0000000000,0.0000000000,1,0.000000,0.000000,72.999,751.113,1,1.078,73.279,751.654,65.497,791.515,9.302,779.939,79.439,716.433,134.885,723.108,-2.848113,0.620033,1.800946,3.426309,-0.002357,0.001378,1,4.260000,0.000000,1773.298,886.490,1,1.208,1772.450,886.603,1843.306,934.410,1760.871,935.376,1705.714,840.229,1784.234,843.473,1.896413,0.838549,1.465764,2.539293,4.261355,0.000520,2.7350282547,1.7489240403,-1528.2013211915,0.1351149289,-1.6460513443,1221.5552502887,1.0466910433,-0.7982145632,1.0000000000,0.0112838714,0.0113034327,-9.3234733676,0.0008868924,-0.0111619359,8.3247484681,0.0001372684,0.0040787103,1.0000000000
108,11.8877,1785358764.010,2,2.3904,1.1625,2.2031,1.1198,2.2968,1.1411,12.82,-0.0056,-0.0000,-0.0055,0.0012,0.52,1.0000,0.0025,0.5076,0.1922,0,frozen,2-tag corner homography,2,1920,1200,0.200000,101;102,1,1,,2-tag corner homography,0.011586,0.498347,101,102,4.758347,4.260000,30,0.050000,0.600000,5.000000,raw-zero-distortion,590.9628888758,0.0000000000,1007.8592059077,0.0000000000,592.3761043005,547.7101609771,0.0000000000,0.0000000000,1.0000000000,-0.0359937509,0.0291287486,0.0062609452,0.0003552766,-0.0208418310,0.0000000000,0.0000000000,0.0000000000,0.0000000000,0.0000000000,1,0.000000,0.000000,73.054,750.961,1,1.147,73.335,751.562,65.672,791.378,8.832,779.824,79.346,716.513,135.399,722.941,-2.847082,0.619565,1.800402,3.425082,-0.002628,0.001807,1,4.260000,0.000000,1773.256,886.397,1,1.221,1772.414,886.553,1843.330,934.324,1760.854,935.467,1705.655,840.160,1784.137,843.345,1.894367,0.837561,1.464252,2.536567,4.261379,0.000727,0.0113267845,0.0117498133,-9.6628610856,0.0008927375,-0.0112381895,8.3806065376,0.0001341216,0.0041184046,1.0000000000,0.0112838714,0.0113034327,-9.3234733676,0.0008868924,-0.0111619359,8.3247484681,0.0001372684,0.0040787103,1.0000000000
109,11.9904,1785358764.110,2,2.3909,1.1629,2.2027,1.1195,2.2968,1.1412,13.00,-0.0027,-0.0006,-0.0028,-0.0000,0.10,1.0000,0.0018,0.5076,0.1932,0,frozen,2-tag corner homography,2,1920,1200,0.200000,101;102,1,1,,2-tag corner homography,0.011669,0.497383,101,102,4.757383,4.260000,30,0.050000,0.600000,5.000000,raw-zero-distortion,590.9628888758,0.0000000000,1007.8592059077,0.0000000000,592.3761043005,547.7101609771,0.0000000000,0.0000000000,1.0000000000,-0.0359937509,0.0291287486,0.0062609452,0.0003552766,-0.0208418310,0.0000000000,0.0000000000,0.0000000000,0.0000000000,0.0000000000,1,0.000000,0.000000,73.053,751.228,1,0.971,73.302,751.720,65.624,791.539,9.344,780.161,79.477,716.366,134.793,723.189,-2.844987,0.619566,1.799013,3.422610,-0.001890,0.001074,1,4.260000,0.000000,1773.381,886.661,1,1.255,1772.461,886.635,1843.152,934.404,1761.238,935.488,1705.635,840.304,1784.132,843.432,1.895624,0.838269,1.465133,2.538248,4.261322,0.000142,0.0111395208,0.0110703594,-9.1400158671,0.0008733933,-0.0110069116,8.2103663911,0.0001381106,0.0040014676,1.0000000000,0.0112838714,0.0113034327,-9.3234733676,0.0008868924,-0.0111619359,8.3247484681,0.0001372684,0.0040787103,1.0000000000
110,12.0846,1785358764.204,2,2.3901,1.1638,2.2031,1.1200,2.2966,1.1419,13.18,-0.0006,0.0017,-0.0002,0.0018,0.72,1.0000,0.0033,0.5076,0.1921,0,frozen,2-tag corner homography,2,1920,1200,0.200000,101;102,1,1,,2-tag corner homography,0.011618,0.519415,101,102,4.779415,4.260000,30,0.050000,0.600000,5.000000,raw-zero-distortion,590.9628888758,0.0000000000,1007.8592059077,0.0000000000,592.3761043005,547.7101609771,0.0000000000,0.0000000000,1.0000000000,-0.0359937509,0.0291287486,0.0062609452,0.0003552766,-0.0208418310,0.0000000000,0.0000000000,0.0000000000,0.0000000000,0.0000000000,1,0.000000,0.000000,72.989,750.676,1,1.105,72.985,751.552,65.353,791.445,8.799,779.379,79.389,716.508,134.389,723.221,-2.863747,0.622927,1.810264,3.444727,-0.003600,0.002575,1,4.260000,0.000000,1773.313,886.510,1,1.130,1772.547,886.703,1843.298,934.521,1760.725,935.385,1706.071,840.380,1784.375,843.559,1.898408,0.839572,1.467119,2.541903,4.261362,0.000478,0.0111647656,0.0111569381,-9.2013582575,0.0008801809,-0.0110774544,8.2614139098,0.0001383155,0.0040171498,1.0000000000,0.0112838714,0.0113034327,-9.3234733676,0.0008868924,-0.0111619359,8.3247484681,0.0001372684,0.0040787103,1.0000000000
111,12.1790,1785358764.308,2,2.3907,1.1632,2.2031,1.1194,2.2969,1.1413,13.17,-0.0001,0.0014,0.0002,0.0014,1.03,1.0000,0.0024,0.5076,0.1926,0,frozen,2-tag corner homography,2,1920,1200,0.200000,101;102,1,1,,2-tag corner homography,0.011515,0.497504,101,102,4.757504,4.260000,30,0.050000,0.600000,5.000000,raw-zero-distortion,590.9628888758,0.0000000000,1007.8592059077,0.0000000000,592.3761043005,547.7101609771,0.0000000000,0.0000000000,1.0000000000,-0.0359937509,0.0291287486,0.0062609452,0.0003552766,-0.0208418310,0.0000000000,0.0000000000,0.0000000000,0.0000000000,0.0000000000,1,0.000000,0.000000,73.068,750.988,1,1.049,73.180,751.702,65.746,791.562,8.780,780.149,79.282,716.550,134.879,722.949,-2.842708,0.618934,1.797338,3.419721,-0.002517,0.001737,1,4.260000,0.000000,1773.404,886.579,1,1.264,1772.498,886.637,1843.217,934.413,1760.956,935.352,1705.766,840.235,1784.369,843.614,1.898195,0.839369,1.467050,2.541637,4.261475,0.000336,0.0111613609,0.0111467173,-9.1973845949,0.0008765270,-0.0110466834,8.2399912701,0.0001331318,0.0040245334,1.0000000000,0.0112838714,0.0113034327,-9.3234733676,0.0008868924,-0.0111619359,8.3247484681,0.0001372684,0.0040787103,1.0000000000
112,12.2946,1785358764.415,2,2.3907,1.1628,2.2035,1.1196,2.2971,1.1412,12.99,0.0006,-0.0000,0.0006,-0.0002,0.31,1.0000,0.0032,0.5076,0.1922,0,frozen,2-tag corner homography,2,1920,1200,0.200000,101;102,1,1,,2-tag corner homography,0.011469,0.506820,101,102,4.766820,4.260000,30,0.050000,0.600000,5.000000,raw-zero-distortion,590.9628888758,0.0000000000,1007.8592059077,0.0000000000,592.3761043005,547.7101609771,0.0000000000,0.0000000000,1.0000000000,-0.0359937509,0.0291287486,0.0062609452,0.0003552766,-0.0208418310,0.0000000000,0.0000000000,0.0000000000,0.0000000000,0.0000000000,1,0.000000,0.000000,73.227,750.597,1,1.171,73.258,751.498,65.901,791.424,8.859,779.561,79.339,716.533,134.894,722.849,-2.853831,0.620787,1.804521,3.433078,-0.003160,0.002842,1,4.260000,0.000000,1773.300,886.375,1,1.268,1772.417,886.517,1843.220,934.228,1760.857,935.404,1705.697,840.108,1784.206,843.398,1.895944,0.838166,1.465464,2.538644,4.261501,0.000785,0.0111608748,0.0111503233,-9.1985228153,0.0008779212,-0.0110568818,8.2452712916,0.0001343216,0.0040224462,1.0000000000,0.0112838714,0.0113034327,-9.3234733676,0.0008868924,-0.0111619359,8.3247484681,0.0001372684,0.0040787103,1.0000000000
113,12.3917,1785358764.533,2,2.3910,1.1630,2.2032,1.1195,2.2971,1.1413,13.06,0.0011,-0.0012,0.0008,-0.0014,-0.20,1.0000,0.0025,0.5076,0.1927,0,frozen,2-tag corner homography,2,1920,1200,0.200000,101;102,1,1,,2-tag corner homography,0.011611,0.505632,101,102,4.765632,4.260000,30,0.050000,0.600000,5.000000,raw-zero-distortion,590.9628888758,0.0000000000,1007.8592059077,0.0000000000,592.3761043005,547.7101609771,0.0000000000,0.0000000000,1.0000000000,-0.0359937509,0.0291287486,0.0062609452,0.0003552766,-0.0208418310,0.0000000000,0.0000000000,0.0000000000,0.0000000000,0.0000000000,1,0.000000,0.000000,73.134,750.925,1,0.951,73.110,751.705,65.744,791.544,8.849,780.081,79.404,716.461,134.458,723.112,-2.847714,0.619988,1.800369,3.425666,-0.002506,0.001923,1,4.260000,0.000000,1773.437,886.503,1,1.250,1772.568,886.647,1843.240,934.211,1760.985,935.432,1705.978,840.397,1784.362,843.576,1.901280,0.840682,1.469299,2.545673,4.261645,0.000516,0.0110705611,0.0110072328,-9.0851647845,0.0008697605,-0.0109617557,8.1767480923,0.0001357758,0.0039737945,1.0000000000,0.0112838714,0.0113034327,-9.3234733676,0.0008868924,-0.0111619359,8.3247484681,0.0001372684,0.0040787103,1.0000000000
114,12.5078,1785358764.633,2,2.3906,1.1632,2.2033,1.1196,2.2969,1.1414,13.11,0.0005,-0.0002,0.0004,-0.0003,-0.14,1.0000,0.0019,0.5076,0.1922,0,frozen,2-tag corner homography,2,1920,1200,0.200000,101;102,1,1,,2-tag corner homography,0.011498,0.493527,101,102,4.753527,4.260000,30,0.050000,0.600000,5.000000,raw-zero-distortion,590.9628888758,0.0000000000,1007.8592059077,0.0000000000,592.3761043005,547.7101609771,0.0000000000,0.0000000000,1.0000000000,-0.0359937509,0.0291287486,0.0062609452,0.0003552766,-0.0208418310,0.0000000000,0.0000000000,0.0000000000,0.0000000000,0.0000000000,1,0.000000,0.000000,73.044,751.228,1,1.017,73.309,751.737,65.504,791.583,8.798,780.229,79.543,716.447,135.315,723.119,-2.837789,0.618056,1.794477,3.413970,-0.001913,0.001073,1,4.260000,0.000000,1773.342,886.551,1,1.244,1772.456,886.631,1843.239,934.294,1760.937,935.399,1705.708,840.355,1784.266,843.533,1.899321,0.839899,1.468000,2.543202,4.261373,0.000388,0.0122471302,0.0125983352,-10.3702020576,0.0009635100,-0.0121466620,9.0603973932,0.0001345376,0.0045613297,1.0000000000,0.0112838714,0.0113034327,-9.3234733676,0.0008868924,-0.0111619359,8.3247484681,0.0001372684,0.0040787103,1.0000000000
115,12.6102,1785358764.728,2,2.3898,1.1635,2.2031,1.1192,2.2965,1.1414,13.37,-0.0010,0.0004,-0.0009,0.0006,0.64,1.0000,0.0023,0.5076,0.1919,0,frozen,2-tag corner homography,2,1920,1200,0.200000,101;102,1,1,,2-tag corner homography,0.011829,0.488782,101,102,4.748782,4.260000,30,0.050000,0.600000,5.000000,raw-zero-distortion,590.9628888758,0.0000000000,1007.8592059077,0.0000000000,592.3761043005,547.7101609771,0.0000000000,0.0000000000,1.0000000000,-0.0359937509,0.0291287486,0.0062609452,0.0003552766,-0.0208418310,0.0000000000,0.0000000000,0.0000000000,0.0000000000,0.0000000000,1,0.000000,0.000000,72.932,751.104,1,1.036,73.155,751.673,65.403,791.452,9.001,780.328,79.386,716.516,134.812,722.817,-2.837610,0.617721,1.794068,3.413545,-0.002569,0.001389,1,4.260000,0.000000,1773.276,886.498,1,1.215,1772.421,886.596,1843.238,934.438,1760.981,935.426,1705.685,840.183,1784.099,843.431,1.894603,0.837764,1.464420,2.536907,4.261296,0.000498,0.0113332571,0.0113461043,-9.3594354610,0.0008872881,-0.0111830634,8.3414105968,0.0001426736,0.0040898240,1.0000000000,0.0112838714,0.0113034327,-9.3234733676,0.0008868924,-0.0111619359,8.3247484681,0.0001372684,0.0040787103,1.0000000000
116,12.7049,1785358764.832,2,2.3900,1.1632,2.2034,1.1189,2.2967,1.1410,13.36,-0.0013,-0.0003,-0.0014,0.0001,0.93,1.0000,0.0032,0.5076,0.1919,0,frozen,2-tag corner homography,2,1920,1200,0.200000,101;102,1,1,,2-tag corner homography,0.011473,0.511883,101,102,4.771883,4.260000,30,0.050000,0.600000,5.000000,raw-zero-distortion,590.9628888758,0.0000000000,1007.8592059077,0.0000000000,592.3761043005,547.7101609771,0.0000000000,0.0000000000,1.0000000000,-0.0359937509,0.0291287486,0.0062609452,0.0003552766,-0.0208418310,0.0000000000,0.0000000000,0.0000000000,0.0000000000,0.0000000000,1,0.000000,0.000000,72.996,750.709,1,1.201,73.150,751.496,65.472,791.399,8.835,779.404,79.316,716.537,134.921,723.015,-2.858454,0.621715,1.807236,3.438516,-0.003488,0.002485,1,4.260000,0.000000,1773.416,886.649,1,1.309,1772.464,886.663,1843.222,934.487,1760.968,935.429,1705.609,840.182,1784.391,843.642,1.896240,0.838606,1.465602,2.539090,4.261415,0.000176,0.0112875451,0.0113205902,-9.3345197236,0.0008900177,-0.0111980330,8.3505372863,0.0001354837,0.0040834162,1.0000000000,0.0112838714,0.0113034327,-9.3234733676,0.0008868924,-0.0111619359,8.3247484681,0.0001372684,0.0040787103,1.0000000000
117,12.8088,1785358764.932,2,2.3939,1.1622,2.2038,1.1188,2.2988,1.1405,12.86,0.0032,-0.0020,0.0027,-0.0027,-0.12,1.0000,0.0021,0.5076,0.1951,0,frozen,2-tag corner homography,2,1920,1200,0.200000,101;102,1,1,,2-tag corner homography,0.011679,0.496760,101,102,4.756760,4.260000,30,0.050000,0.600000,5.000000,raw-zero-distortion,590.9628888758,0.0000000000,1007.8592059077,0.0000000000,592.3761043005,547.7101609771,0.0000000000,0.0000000000,1.0000000000,-0.0359937509,0.0291287486,0.0062609452,0.0003552766,-0.0208418310,0.0000000000,0.0000000000,0.0000000000,0.0000000000,0.0000000000,1,0.000000,0.000000,72.796,751.336,1,1.133,73.282,751.664,65.205,791.430,9.269,780.103,79.398,716.462,135.218,723.068,-2.843252,0.619006,1.797878,3.420470,-0.002303,0.000724,1,4.260000,0.000000,1773.348,886.451,1,1.251,1772.490,886.627,1843.177,934.371,1760.841,935.455,1705.928,840.184,1784.298,843.553,1.896825,0.838748,1.466005,2.539806,4.261513,0.000618,0.0112856612,0.0113315011,-9.3462078441,0.0008857725,-0.0111609226,8.3246988297,0.0001397502,0.0040735710,1.0000000000,0.0112838714,0.0113034327,-9.3234733676,0.0008868924,-0.0111619359,8.3247484681,0.0001372684,0.0040787103,1.0000000000
118,12.9183,1785358765.037,2,2.3909,1.1641,2.2034,1.1193,2.2971,1.1417,13.43,0.0037,-0.0003,0.0035,-0.0011,-0.21,1.0000,0.0019,0.5076,0.1929,0,frozen,2-tag corner homography,2,1920,1200,0.200000,101;102,1,1,,2-tag corner homography,0.011535,0.499126,101,102,4.759126,4.260000,30,0.050000,0.600000,5.000000,raw-zero-distortion,590.9628888758,0.0000000000,1007.8592059077,0.0000000000,592.3761043005,547.7101609771,0.0000000000,0.0000000000,1.0000000000,-0.0359937509,0.0291287486,0.0062609452,0.0003552766,-0.0208418310,0.0000000000,0.0000000000,0.0000000000,0.0000000000,0.0000000000,1,0.000000,0.000000,72.944,751.309,1,1.161,73.411,751.694,65.577,791.439,9.281,779.982,79.321,716.568,135.417,723.172,-2.849486,0.620539,1.802069,3.428132,-0.001966,0.000829,1,4.260000,0.000000,1773.159,886.320,1,1.078,1772.454,886.555,1843.309,934.450,1760.936,935.448,1705.958,840.213,1783.889,843.195,1.892606,0.836744,1.462814,2.534152,4.261261,0.000886,0.0112231955,0.0112556378,-9.2862547722,0.0008808065,-0.0111056728,8.2837601649,0.0001353258,0.0040511772,1.0000000000,0.0112838714,0.0113034327,-9.3234733676,0.0008868924,-0.0111619359,8.3247484681,0.0001372684,0.0040787103,1.0000000000
119,13.0182,1785358765.136,2,2.3919,1.1631,2.2038,1.1193,2.2979,1.1412,13.13,0.0025,0.0009,0.0026,0.0003,-0.13,1.0000,0.0027,0.5076,0.1932,0,frozen,2-tag corner homography,2,1920,1200,0.200000,101;102,1,1,,2-tag corner homography,0.011508,0.489875,101,102,4.749875,4.260000,30,0.050000,0.600000,5.000000,raw-zero-distortion,590.9628888758,0.0000000000,1007.8592059077,0.0000000000,592.3761043005,547.7101609771,0.0000000000,0.0000000000,1.0000000000,-0.0359937509,0.0291287486,0.0062609452,0.0003552766,-0.0208418310,0.0000000000,0.0000000000,0.0000000000,0.0000000000,0.0000000000,1,0.000000,0.000000,73.070,750.899,1,1.013,73.178,751.580,65.434,791.427,8.687,780.082,79.571,716.394,134.956,722.848,-2.838357,0.617617,1.794583,3.414418,-0.002756,0.001980,1,4.260000,0.000000,1773.484,886.546,1,1.309,1772.530,886.556,1843.378,934.387,1761.016,935.386,1705.590,840.074,1784.481,843.470,1.894919,0.837684,1.464455,2.537137,4.261694,0.000425,0.0113498572,0.0113856795,-9.3894735894,0.0008897490,-0.0112110114,8.3612299441,0.0001401889,0.0041043297,1.0000000000,0.0112838714,0.0113034327,-9.3234733676,0.0008868924,-0.0111619359,8.3247484681,0.0001372684,0.0040787103,1.0000000000
120,13.1191,1785358765.245,2,2.3933,1.1640,2.2032,1.1194,2.2982,1.1417,13.19,0.0002,0.0023,0.0007,0.0021,0.37,1.0000,0.0024,0.5076,0.1952,0,frozen,2-tag corner homography,2,1920,1200,0.200000,101;102,1,1,,2-tag corner homography,0.011231,0.512177,101,102,4.772177,4.260000,30,0.050000,0.600000,5.000000,raw-zero-distortion,590.9628888758,0.0000000000,1007.8592059077,0.0000000000,592.3761043005,547.7101609771,0.0000000000,0.0000000000,1.0000000000,-0.0359937509,0.0291287486,0.0062609452,0.0003552766,-0.0208418310,0.0000000000,0.0000000000,0.0000000000,0.0000000000,0.0000000000,1,0.000000,0.000000,73.018,751.035,1,1.050,73.233,751.634,65.543,791.447,8.743,779.665,79.416,716.442,135.155,723.357,-2.855648,0.621579,1.805622,3.435311,-0.002524,0.001597,1,4.260000,0.000000,1773.395,886.481,1,1.242,1772.533,886.633,1843.184,934.276,1760.842,935.423,1705.978,840.311,1784.406,843.547,1.899563,0.839926,1.468040,2.543414,4.261577,0.000558,0.0111430033,0.0111828419,-9.2228309575,0.0008786106,-0.0110689778,8.2558705050,0.0001294250,0.0040252035,1.0000000000,0.0112838714,0.0113034327,-9.3234733676,0.0008868924,-0.0111619359,8.3247484681,0.0001372684,0.0040787103,1.0000000000
121,13.2220,1785358765.354,2,2.3920,1.1634,2.2031,1.1193,2.2976,1.1413,13.16,0.0010,0.0005,0.0011,0.0002,-0.33,1.0000,0.0030,0.5076,0.1939,0,frozen,2-tag corner homography,2,1920,1200,0.200000,101;102,1,1,,2-tag corner homography,0.011542,0.516116,101,102,4.776116,4.260000,30,0.050000,0.600000,5.000000,raw-zero-distortion,590.9628888758,0.0000000000,1007.8592059077,0.0000000000,592.3761043005,547.7101609771,0.0000000000,0.0000000000,1.0000000000,-0.0359937509,0.0291287486,0.0062609452,0.0003552766,-0.0208418310,0.0000000000,0.0000000000,0.0000000000,0.0000000000,0.0000000000,1,0.000000,0.000000,73.136,750.736,1,1.036,73.116,751.578,65.664,791.423,8.779,779.542,79.430,716.463,134.574,723.237,-2.860353,0.622356,1.808371,3.440807,-0.003027,0.002442,1,4.260000,0.000000,1773.384,886.491,1,1.264,1772.504,886.634,1843.151,934.338,1760.874,935.407,1705.929,840.229,1784.350,843.608,1.898621,0.839544,1.467366,2.542196,4.261541,0.000534,0.0111222343,0.0111070026,-9.1624529816,0.0008766129,-0.0110387789,8.2327652581,0.0001336147,0.0040051599,1.0000000000,0.0112838714,0.0113034327,-9.3234733676,0.0008868924,-0.0111619359,8.3247484681,0.0001372684,0.0040787103,1.0000000000
122,13.3420,1785358765.469,2,2.3909,1.1633,2.2034,1.1192,2.2972,1.1413,13.22,-0.0015,0.0000,-0.0015,0.0004,0.04,1.0000,0.0028,0.5076,0.1927,0,frozen,2-tag corner homography,2,1920,1200,0.200000,101;102,1,1,,2-tag corner homography,0.011862,0.495683,101,102,4.755683,4.260000,30,0.050000,0.600000,5.000000,raw-zero-distortion,590.9628888758,0.0000000000,1007.8592059077,0.0000000000,592.3761043005,547.7101609771,0.0000000000,0.0000000000,1.0000000000,-0.0359937509,0.0291287486,0.0062609452,0.0003552766,-0.0208418310,0.0000000000,0.0000000000,0.0000000000,0.0000000000,0.0000000000,1,0.000000,0.000000,73.048,750.841,1,0.921,73.018,751.599,65.506,791.376,8.797,780.194,79.459,716.380,134.320,722.849,-2.841631,0.618281,1.796346,3.418186,-0.002979,0.002135,1,4.260000,0.000000,1773.413,886.526,1,1.255,1772.539,886.662,1843.337,934.413,1760.992,935.454,1705.839,840.248,1784.309,843.608,1.897453,0.839058,1.466396,2.540603,4.261562,0.000458,0.0112487697,0.0112096274,-9.2482683820,0.0008821629,-0.0111084935,8.2850422237,0.0001426675,0.0040478289,1.0000000000,0.0112838714,0.0113034327,-9.3234733676,0.0008868924,-0.0111619359,8.3247484681,0.0001372684,0.0040787103,1.0000000000
123,13.4546,1785358765.582,2,2.3926,1.1621,2.2030,1.1192,2.2978,1.1407,12.76,-0.0015,-0.0018,-0.0018,-0.0015,-0.70,1.0000,0.0026,0.5076,0.1943,0,frozen,2-tag corner homography,2,1920,1200,0.200000,101;102,1,1,,2-tag corner homography,0.011545,0.504298,101,102,4.764298,4.260000,30,0.050000,0.600000,5.000000,raw-zero-distortion,590.9628888758,0.0000000000,1007.8592059077,0.0000000000,592.3761043005,547.7101609771,0.0000000000,0.0000000000,1.0000000000,-0.0359937509,0.0291287486,0.0062609452,0.0003552766,-0.0208418310,0.0000000000,0.0000000000,0.0000000000,0.0000000000,0.0000000000,1,0.000000,0.000000,73.018,750.925,1,1.012,73.099,751.638,65.442,791.493,8.822,779.766,79.460,716.433,134.653,723.235,-2.853437,0.621024,1.803966,3.432502,-0.002828,0.001899,1,4.260000,0.000000,1773.291,886.465,1,1.175,1772.477,886.598,1843.363,934.487,1760.975,935.436,1705.761,840.184,1784.126,843.385,1.893767,0.837339,1.463667,2.535707,4.261370,0.000577,0.0112288219,0.0112192768,-9.2551985241,0.0008819225,-0.0111132521,8.2890172075,0.0001376220,0.0040489233,1.0000000000,0.0112838714,0.0113034327,-9.3234733676,0.0008868924,-0.0111619359,8.3247484681,0.0001372684,0.0040787103,1.0000000000
124,13.5627,1785358765.679,2,2.3906,1.1624,2.2034,1.1192,2.2970,1.1408,12.99,-0.0011,-0.0019,-0.0015,-0.0016,-0.80,1.0000,0.0018,0.5076,0.1921,0,frozen,2-tag corner homography,2,1920,1200,0.200000,101;102,1,1,,2-tag corner homography,0.011629,0.498555,101,102,4.758555,4.260000,30,0.050000,0.600000,5.000000,raw-zero-distortion,590.9628888758,0.0000000000,1007.8592059077,0.0000000000,592.3761043005,547.7101609771,0.0000000000,0.0000000000,1.0000000000,-0.0359937509,0.0291287486,0.0062609452,0.0003552766,-0.0208418310,0.0000000000,0.0000000000,0.0000000000,0.0000000000,0.0000000000,1,0.000000,0.000000,72.963,751.401,1,1.077,73.417,751.727,65.520,791.493,9.483,780.190,79.453,716.444,135.210,723.171,-2.843899,0.619427,1.798547,3.421436,-0.001659,0.000582,1,4.260000,0.000000,1773.429,886.474,1,1.141,1772.645,886.631,1843.276,934.323,1760.934,935.474,1706.184,840.406,1784.431,843.331,1.897979,0.839097,1.466601,2.541127,4.261664,0.000582,0.0112133119,0.0110681203,-9.1450990689,0.0008780975,-0.0110731124,8.2600299475,0.0001398877,0.0040312131,1.0000000000,0.0112838714,0.0113034327,-9.3234733676,0.0008868924,-0.0111619359,8.3247484681,0.0001372684,0.0040787103,1.0000000000
125,13.6536,1785358765.789,2,2.3906,1.1621,2.2028,1.1189,2.2967,1.1405,12.94,-0.0016,-0.0020,-0.0020,-0.0016,-0.69,1.0000,0.0021,0.5076,0.1926,0,frozen,2-tag corner homography,2,1920,1200,0.200000,101;102,1,1,,2-tag corner homography,0.011231,0.475423,101,102,4.735423,4.260000,30,0.050000,0.600000,5.000000,raw-zero-distortion,590.9628888758,0.0000000000,1007.8592059077,0.0000000000,592.3761043005,547.7101609771,0.0000000000,0.0000000000,1.0000000000,-0.0359937509,0.0291287486,0.0062609452,0.0003552766,-0.0208418310,0.0000000000,0.0000000000,0.0000000000,0.0000000000,0.0000000000,1,0.000000,0.000000,72.939,751.240,1,1.317,73.535,751.588,65.533,791.450,8.881,780.267,79.326,716.563,136.238,722.556,-2.826549,0.615306,1.787800,3.400619,-0.002172,0.001018,1,4.260000,0.000000,1773.328,886.395,1,1.270,1772.450,886.556,1843.352,934.454,1760.711,935.444,1705.681,839.965,1784.374,843.455,1.892515,0.836711,1.462752,2.534036,4.261540,0.000745,0.0113792326,0.0115237393,-9.4994888531,0.0008919115,-0.0112370485,8.3804547326,0.0001324637,0.0041366184,1.0000000000,0.0112838714,0.0113034327,-9.3234733676,0.0008868924,-0.0111619359,8.3247484681,0.0001372684,0.0040787103,1.0000000000
126,13.7776,1785358765.895,2,2.3904,1.1630,2.2033,1.1191,2.2968,1.1411,13.20,-0.0025,-0.0000,-0.0025,0.0006,0.63,1.0000,0.0021,0.5076,0.1922,0,frozen,2-tag corner homography,2,1920,1200,0.200000,101;102,1,1,,2-tag corner homography,0.011682,0.504182,101,102,4.764182,4.260000,30,0.050000,0.600000,5.000000,raw-zero-distortion,590.9628888758,0.0000000000,1007.8592059077,0.0000000000,592.3761043005,547.7101609771,0.0000000000,0.0000000000,1.0000000000,-0.0359937509,0.0291287486,0.0062609452,0.0003552766,-0.0208418310,0.0000000000,0.0000000000,0.0000000000,0.0000000000,0.0000000000,1,0.000000,0.000000,73.033,751.152,1,0.979,73.219,751.724,65.565,791.494,9.229,780.065,79.453,716.473,134.650,723.230,-2.850368,0.620694,1.802256,3.428992,-0.002154,0.001279,1,4.260000,0.000000,1773.321,886.483,1,1.159,1772.538,886.681,1843.344,934.482,1760.863,935.457,1705.987,840.328,1784.250,843.516,1.896921,0.838871,1.465988,2.539909,4.261413,0.000540,0.0111692360,0.0111274949,-9.1842346172,0.0008765239,-0.0110447666,8.2387476119,0.0001411062,0.0040112787,1.0000000000,0.0112838714,0.0113034327,-9.3234733676,0.0008868924,-0.0111619359,8.3247484681,0.0001372684,0.0040787103,1.0000000000
127,13.8782,1785358766.021,2,2.3913,1.1640,2.2033,1.1191,2.2973,1.1415,13.42,-0.0004,0.0016,-0.0000,0.0017,1.14,1.0000,0.0026,0.5076,0.1933,0,frozen,2-tag corner homography,2,1920,1200,0.200000,101;102,1,1,,2-tag corner homography,0.012055,0.493082,101,102,4.753082,4.260000,30,0.050000,0.600000,5.000000,raw-zero-distortion,590.9628888758,0.0000000000,1007.8592059077,0.0000000000,592.3761043005,547.7101609771,0.0000000000,0.0000000000,1.0000000000,-0.0359937509,0.0291287486,0.0062609452,0.0003552766,-0.0208418310,0.0000000000,0.0000000000,0.0000000000,0.0000000000,0.0000000000,1,0.000000,0.000000,73.132,750.878,1,1.026,73.221,751.589,65.555,791.492,9.379,780.153,79.568,716.380,134.440,722.724,-2.839220,0.617860,1.795213,3.415510,-0.002644,0.002053,1,4.260000,0.000000,1773.471,886.581,1,1.291,1772.552,886.657,1843.254,934.420,1761.079,935.442,1705.823,840.207,1784.363,843.634,1.897307,0.838968,1.466261,2.540386,4.261620,0.000342,0.0112010012,0.0111225682,-9.1815866265,0.0008773361,-0.0110451809,8.2374643825,0.0001451017,0.0040177920,1.0000000000,0.0112838714,0.0113034327,-9.3234733676,0.0008868924,-0.0111619359,8.3247484681,0.0001372684,0.0040787103,1.0000000000
128,13.9999,1785358766.117,2,2.3915,1.1638,2.2038,1.1184,2.2977,1.1411,13.59,0.0018,0.0019,0.0022,0.0014,1.66,1.0000,0.0037,0.5076,0.1931,0,frozen,2-tag corner homography,2,1920,1200,0.200000,101;102,1,1,,2-tag corner homography,0.011646,0.509539,101,102,4.769539,4.260000,30,0.050000,0.600000,5.000000,raw-zero-distortion,590.9628888758,0.0000000000,1007.8592059077,0.0000000000,592.3761043005,547.7101609771,0.0000000000,0.0000000000,1.0000000000,-0.0359937509,0.0291287486,0.0062609452,0.0003552766,-0.0208418310,0.0000000000,0.0000000000,0.0000000000,0.0000000000,0.0000000000,1,0.000000,0.000000,72.796,750.671,1,1.285,72.957,751.516,65.355,791.423,8.758,779.534,78.997,716.704,134.676,722.780,-2.856558,0.621234,1.805665,3.436027,-0.004151,0.002547,1,4.260000,0.000000,1773.331,886.346,1,1.233,1772.495,886.550,1843.359,934.286,1760.844,935.431,1705.833,840.139,1784.252,843.412,1.895872,0.838130,1.465260,2.538459,4.261605,0.000856,0.0112760541,0.0113025920,-9.3182713376,0.0008866668,-0.0111686720,8.3291227783,0.0001401236,0.0040690843,1.0000000000,0.0112838714,0.0113034327,-9.3234733676,0.0008868924,-0.0111619359,8.3247484681,0.0001372684,0.0040787103,1.0000000000
129,14.1070,1785358766.226,2,2.3909,1.1626,2.2038,1.1189,2.2973,1.1407,13.13,0.0018,-0.0001,0.0017,-0.0005,0.58,1.0000,0.0021,0.5076,0.1921,0,frozen,2-tag corner homography,2,1920,1200,0.200000,101;102,1,1,,2-tag corner homography,0.011215,0.494547,101,102,4.754547,4.260000,30,0.050000,0.600000,5.000000,raw-zero-distortion,590.9628888758,0.0000000000,1007.8592059077,0.0000000000,592.3761043005,547.7101609771,0.0000000000,0.0000000000,1.0000000000,-0.0359937509,0.0291287486,0.0062609452,0.0003552766,-0.0208418310,0.0000000000,0.0000000000,0.0000000000,0.0000000000,0.0000000000,1,0.000000,0.000000,72.859,751.279,1,1.137,73.300,751.674,65.388,791.478,8.954,779.996,79.326,716.481,135.455,723.149,-2.844806,0.619386,1.798897,3.422367,-0.002287,0.000894,1,4.260000,0.000000,1773.185,886.328,1,1.209,1772.364,886.522,1843.395,934.388,1760.680,935.411,1705.580,840.051,1784.137,843.340,1.892885,0.836885,1.463202,2.534630,4.261308,0.000872,0.0113064839,0.0113667664,-9.3743808378,0.0008868412,-0.0111829435,8.3412826077,0.0001368151,0.0040898726,1.0000000000,0.0112838714,0.0113034327,-9.3234733676,0.0008868924,-0.0111619359,8.3247484681,0.0001372684,0.0040787103,1.0000000000
130,14.2061,1785358766.340,2,2.3914,1.1631,2.2037,1.1186,2.2975,1.1409,13.33,0.0010,-0.0014,0.0006,-0.0016,-0.17,1.0000,0.0028,0.5076,0.1930,0,frozen,2-tag corner homography,2,1920,1200,0.200000,101;102,1,1,,2-tag corner homography,0.011409,0.510743,101,102,4.770743,4.260000,30,0.050000,0.600000,5.000000,raw-zero-distortion,590.9628888758,0.0000000000,1007.8592059077,0.0000000000,592.3761043005,547.7101609771,0.0000000000,0.0000000000,1.0000000000,-0.0359937509,0.0291287486,0.0062609452,0.0003552766,-0.0208418310,0.0000000000,0.0000000000,0.0000000000,0.0000000000,0.0000000000,1,0.000000,0.000000,73.157,750.774,1,1.047,73.168,751.593,65.680,791.468,8.714,779.499,79.463,716.456,134.775,723.308,-2.860141,0.622392,1.808338,3.440620,-0.002862,0.002343,1,4.260000,0.000000,1773.028,886.338,1,1.019,1772.350,886.532,1843.273,934.445,1760.862,935.351,1705.803,840.299,1783.756,843.118,1.893278,0.837096,1.463532,2.535184,4.260949,0.000820,0.0111497693,0.0111470011,-9.1952271443,0.0008774181,-0.0110574117,8.2468432168,0.0001316960,0.0040223483,1.0000000000,0.0112838714,0.0113034327,-9.3234733676,0.0008868924,-0.0111619359,8.3247484681,0.0001372684,0.0040787103,1.0000000000
131,14.3300,1785358766.458,2,2.3909,1.1625,2.2039,1.1184,2.2974,1.1405,13.28,-0.0001,-0.0016,-0.0005,-0.0016,-0.51,1.0000,0.0021,0.5076,0.1921,0,frozen,2-tag corner homography,2,1920,1200,0.200000,101;102,1,1,,2-tag corner homography,0.011446,0.486241,101,102,4.746241,4.260000,30,0.050000,0.600000,5.000000,raw-zero-distortion,590.9628888758,0.0000000000,1007.8592059077,0.0000000000,592.3761043005,547.7101609771,0.0000000000,0.0000000000,1.0000000000,-0.0359937509,0.0291287486,0.0062609452,0.0003552766,-0.0208418310,0.0000000000,0.0000000000,0.0000000000,0.0000000000,0.0000000000,1,0.000000,0.000000,72.929,751.184,1,1.231,73.473,751.523,65.425,791.387,9.266,780.090,79.427,716.372,135.699,722.685,-2.833454,0.616573,1.792049,3.408821,-0.002353,0.001168,1,4.260000,0.000000,1773.322,886.546,1,1.261,1772.428,886.637,1843.254,934.427,1760.824,935.430,1705.646,840.211,1784.314,843.556,1.896349,0.838630,1.465757,2.539268,4.261337,0.000396,0.0112987442,0.0113319049,-9.3480155539,0.0008869866,-0.0111625442,8.3241298826,0.0001366946,0.0040852673,1.0000000000,0.0112838714,0.0113034327,-9.3234733676,0.0008868924,-0.0111619359,8.3247484681,0.0001372684,0.0040787103,1.0000000000
132,14.4393,1785358766.596,2,2.3900,1.1624,2.2028,1.1189,2.2964,1.1407,13.10,-0.0017,-0.0010,-0.0019,-0.0006,-0.29,1.0000,0.0029,0.5076,0.1921,0,frozen,2-tag corner homography,2,1920,1200,0.200000,101;102,1,1,,2-tag corner homography,0.011479,0.514809,101,102,4.774809,4.260000,30,0.050000,0.600000,5.000000,raw-zero-distortion,590.9628888758,0.0000000000,1007.8592059077,0.0000000000,592.3761043005,547.7101609771,0.0000000000,0.0000000000,1.0000000000,-0.0359937509,0.0291287486,0.0062609452,0.0003552766,-0.0208418310,0.0000000000,0.0000000000,0.0000000000,0.0000000000,0.0000000000,1,0.000000,0.000000,72.818,750.970,1,1.087,73.011,751.627,65.494,791.397,8.865,779.629,79.054,716.548,134.620,723.275,-2.862413,0.622883,1.809471,3.443193,-0.003256,0.001730,1,4.260000,0.000000,1773.373,886.433,1,1.284,1772.475,886.562,1843.249,934.378,1760.875,935.397,1705.758,840.039,1784.327,843.514,1.895078,0.837831,1.464685,2.537437,4.261590,0.000666,0.0111639320,0.0111261647,-9.1792562517,0.0008780336,-0.0110671410,8.2546192643,0.0001368146,0.0040184039,1.0000000000,0.0112838714,0.0113034327,-9.3234733676,0.0008868924,-0.0111619359,8.3247484681,0.0001372684,0.0040787103,1.0000000000
133,14.5833,1785358766.709,2,2.3921,1.1631,2.2036,1.1188,2.2979,1.1410,13.22,0.0013,0.0012,0.0015,0.0009,-0.20,1.0000,0.0034,0.5076,0.1936,0,frozen,2-tag corner homography,2,1920,1200,0.200000,101;102,1,1,,2-tag corner homography,0.011532,0.500277,101,102,4.760277,4.260000,30,0.050000,0.600000,5.000000,raw-zero-distortion,590.9628888758,0.0000000000,1007.8592059077,0.0000000000,592.3761043005,547.7101609771,0.0000000000,0.0000000000,1.0000000000,-0.0359937509,0.0291287486,0.0062609452,0.0003552766,-0.0208418310,0.0000000000,0.0000000000,0.0000000000,0.0000000000,0.0000000000,1,0.000000,0.000000,73.124,750.608,1,1.214,73.291,751.392,65.704,791.382,8.882,779.499,79.354,716.378,135.167,722.706,-2.847999,0.619220,1.800899,3.426043,-0.003415,0.002791,1,4.260000,0.000000,1773.285,886.332,1,1.187,1772.504,886.586,1843.282,934.371,1760.890,935.453,1706.011,840.164,1784.111,843.426,1.895359,0.837984,1.464846,2.537790,4.261522,0.000880,0.0111275894,0.0111404959,-9.1879420800,0.0008762562,-0.0110222850,8.2182089340,0.0001297160,0.0040166446,1.0000000000,0.0112838714,0.0113034327,-9.3234733676,0.0008868924,-0.0111619359,8.3247484681,0.0001372684,0.0040787103,1.0000000000
134,14.7034,1785358766.882,2,2.3920,1.1625,2.2041,1.1185,2.2980,1.1405,13.18,0.0047,-0.0000,0.0045,-0.0011,0.17,1.0000,0.0027,0.5076,0.1930,0,frozen,2-tag corner homography,2,1920,1200,0.200000,101;102,1,1,,2-tag corner homography,0.011947,0.495877,101,102,4.755877,4.260000,30,0.050000,0.600000,5.000000,raw-zero-distortion,590.9628888758,0.0000000000,1007.8592059077,0.0000000000,592.3761043005,547.7101609771,0.0000000000,0.0000000000,1.0000000000,-0.0359937509,0.0291287486,0.0062609452,0.0003552766,-0.0208418310,0.0000000000,0.0000000000,0.0000000000,0.0000000000,0.0000000000,1,0.000000,0.000000,72.895,750.970,1,1.016,73.074,751.570,65.233,791.387,9.147,780.142,79.454,716.370,134.484,722.785,-2.840341,0.617949,1.795639,3.416682,-0.003044,0.001749,1,4.260000,0.000000,1773.421,886.520,1,1.203,1772.584,886.662,1843.260,934.410,1760.831,935.383,1706.041,840.315,1784.486,843.571,1.899019,0.839701,1.467520,2.542634,4.261587,0.000475,0.0112515517,0.0112074980,-9.2472370007,0.0008819431,-0.0111042703,8.2815461042,0.0001461723,0.0040420252,1.0000000000,0.0112838714,0.0113034327,-9.3234733676,0.0008868924,-0.0111619359,8.3247484681,0.0001372684,0.0040787103,1.0000000000
135,14.8584,1785358766.983,2,2.3934,1.1623,2.2042,1.1178,2.2988,1.1400,13.22,0.0037,-0.0026,0.0030,-0.0034,0.03,1.0000,0.0032,0.5076,0.1944,0,frozen,2-tag corner homography,2,1920,1200,0.200000,101;102,1,1,,2-tag corner homography,0.011831,0.501619,101,102,4.761619,4.260000,30,0.050000,0.600000,5.000000,raw-zero-distortion,590.9628888758,0.0000000000,1007.8592059077,0.0000000000,592.3761043005,547.7101609771,0.0000000000,0.0000000000,1.0000000000,-0.0359937509,0.0291287486,0.0062609452,0.0003552766,-0.0208418310,0.0000000000,0.0000000000,0.0000000000,0.0000000000,0.0000000000,1,0.000000,0.000000,72.922,750.783,1,1.038,72.958,751.564,65.360,791.434,8.637,779.992,79.311,716.433,134.501,722.803,-2.843107,0.618456,1.797164,3.419875,-0.003490,0.002267,1,4.260000,0.000000,1773.424,886.549,1,1.295,1772.510,886.652,1842.963,934.167,1761.003,935.437,1706.006,840.383,1784.328,843.630,1.902038,0.841094,1.469997,2.546779,4.261557,0.000408,0.0111370484,0.0111320211,-9.1806588904,0.0008760175,-0.0110300725,8.2262532257,0.0001347521,0.0040108587,1.0000000000,0.0112838714,0.0113034327,-9.3234733676,0.0008868924,-0.0111619359,8.3247484681,0.0001372684,0.0040787103,1.0000000000
136,14.9612,1785358767.105,2,2.3936,1.1624,2.2036,1.1181,2.2986,1.1402,13.12,0.0028,-0.0016,0.0024,-0.0022,-0.10,1.0000,0.0033,0.5076,0.1951,0,frozen,2-tag corner homography,2,1920,1200,0.200000,101;102,1,1,,2-tag corner homography,0.011424,0.490665,101,102,4.750665,4.260000,30,0.050000,0.600000,5.000000,raw-zero-distortion,590.9628888758,0.0000000000,1007.8592059077,0.0000000000,592.3761043005,547.7101609771,0.0000000000,0.0000000000,1.0000000000,-0.0359937509,0.0291287486,0.0062609452,0.0003552766,-0.0208418310,0.0000000000,0.0000000000,0.0000000000,0.0000000000,0.0000000000,1,0.000000,0.000000,72.941,750.710,1,1.356,73.309,751.371,65.328,791.371,8.858,779.554,79.351,716.479,135.582,722.516,-2.841512,0.617756,1.796830,3.418247,-0.003638,0.002471,1,4.260000,0.000000,1773.337,886.536,1,1.390,1772.347,886.618,1843.234,934.460,1760.798,935.558,1705.391,839.949,1784.314,843.624,1.892326,0.836894,1.462803,2.533985,4.261383,0.000422,0.0114228440,0.0115297201,-9.5020529519,0.0008984357,-0.0112960106,8.4220171112,0.0001364866,0.0041493636,1.0000000000,0.0112838714,0.0113034327,-9.3234733676,0.0008868924,-0.0111619359,8.3247484681,0.0001372684,0.0040787103,1.0000000000
137,15.0982,1785358767.244,1,2.3940,1.1625,2.2031,1.1183,2.2985,1.1404,13.04,-0.0001,0.0008,0.0001,0.0008,-0.56,1.0000,0.0013,0.5076,0.1960,0,frozen,2-tag corner homography,2,1920,1200,0.200000,102,0,0,insufficient,insufficient,,,,,,,30,0.050000,0.600000,5.000000,raw-zero-distortion,590.9628888758,0.0000000000,1007.8592059077,0.0000000000,592.3761043005,547.7101609771,0.0000000000,0.0000000000,1.0000000000,-0.0359937509,0.0291287486,0.0062609452,0.0003552766,-0.0208418310,0.0000000000,0.0000000000,0.0000000000,0.0000000000,0.0000000000,0,0.000000,0.000000,,,,,,,,,,,,,,,,,,,,,1,4.260000,0.000000,1773.381,886.673,1,1.399,1772.342,886.612,1842.925,934.354,1760.938,935.461,1705.454,840.101,1784.364,843.604,1.895792,0.838414,1.465490,2.538627,4.261307,0.000115,,,,,,,,,,0.0112838714,0.0113034327,-9.3234733676,0.0008868924,-0.0111619359,8.3247484681,0.0001372684,0.0040787103,1.0000000000
138,15.2252,1785358767.348,2,2.3893,1.1620,2.2039,1.1180,2.2966,1.1400,13.37,-0.0052,-0.0004,-0.0051,0.0009,0.46,1.0000,0.0033,0.5076,0.1906,0,frozen,2-tag corner homography,2,1920,1200,0.200000,101;102,1,1,,2-tag corner homography,0.011493,0.508348,101,102,4.768348,4.260000,30,0.050000,0.600000,5.000000,raw-zero-distortion,590.9628888758,0.0000000000,1007.8592059077,0.0000000000,592.3761043005,547.7101609771,0.0000000000,0.0000000000,1.0000000000,-0.0359937509,0.0291287486,0.0062609452,0.0003552766,-0.0208418310,0.0000000000,0.0000000000,0.0000000000,0.0000000000,0.0000000000,1,0.000000,0.000000,73.109,750.622,1,1.099,73.092,751.512,65.635,791.457,8.797,779.493,79.370,716.419,134.554,723.038,-2.856732,0.621350,1.806035,3.436388,-0.003417,0.002750,1,4.260000,0.000000,1773.359,886.550,1,1.272,1772.446,886.598,1843.268,934.381,1761.019,935.499,1705.590,840.182,1784.233,843.421,1.894428,0.837665,1.464237,2.536637,4.261414,0.000395,0.0111669773,0.0111311826,-9.1828984988,0.0008783199,-0.0110571974,8.2457539589,0.0001367377,0.0040200671,1.0000000000,0.0112838714,0.0113034327,-9.3234733676,0.0008868924,-0.0111619359,8.3247484681,0.0001372684,0.0040787103,1.0000000000
139,15.3307,1785358767.473,2,2.3919,1.1631,2.2034,1.1180,2.2977,1.1405,13.46,-0.0044,-0.0000,-0.0043,0.0010,1.32,1.0000,0.0029,0.5076,0.1938,0,frozen,2-tag corner homography,2,1920,1200,0.200000,101;102,1,1,,2-tag corner homography,0.011579,0.511073,101,102,4.771073,4.260000,30,0.050000,0.600000,5.000000,raw-zero-distortion,590.9628888758,0.0000000000,1007.8592059077,0.0000000000,592.3761043005,547.7101609771,0.0000000000,0.0000000000,1.0000000000,-0.0359937509,0.0291287486,0.0062609452,0.0003552766,-0.0208418310,0.0000000000,0.0000000000,0.0000000000,0.0000000000,0.0000000000,1,0.000000,0.000000,72.949,750.868,1,0.948,72.983,751.580,65.362,791.383,8.715,779.710,79.417,716.329,134.429,723.261,-2.855652,0.621251,1.805142,3.435002,-0.003179,0.002041,1,4.260000,0.000000,1773.349,886.412,1,1.181,1772.563,886.647,1843.354,934.377,1760.870,935.417,1706.053,840.303,1784.266,843.542,1.898427,0.839426,1.467104,2.541861,4.261564,0.000708,0.0111578317,0.0111378343,-9.1868510183,0.0008782895,-0.0110602955,8.2489512712,0.0001364499,0.0040171081,1.0000000000,0.0112838714,0.0113034327,-9.3234733676,0.0008868924,-0.0111619359,8.3247484681,0.0001372684,0.0040787103,1.0000000000
140,15.4538,1785358767.591,2,2.3933,1.1624,2.2041,1.1180,2.2987,1.1402,13.20,0.0049,0.0005,0.0049,-0.0006,-0.13,1.0000,0.0036,0.5076,0.1943,0,frozen,2-tag corner homography,2,1920,1200,0.200000,101;102,1,1,,2-tag corner homography,0.011499,0.500617,101,102,4.760617,4.260000,30,0.050000,0.600000,5.000000,raw-zero-distortion,590.9628888758,0.0000000000,1007.8592059077,0.0000000000,592.3761043005,547.7101609771,0.0000000000,0.0000000000,1.0000000000,-0.0359937509,0.0291287486,0.0062609452,0.0003552766,-0.0208418310,0.0000000000,0.0000000000,0.0000000000,0.0000000000,0.0000000000,1,0.000000,0.000000,73.054,750.534,1,1.166,73.108,751.400,65.521,791.422,8.668,779.453,79.354,716.334,134.839,722.783,-2.849513,0.619451,1.801503,3.427660,-0.003815,0.002978,1,4.260000,0.000000,1773.505,886.656,1,1.461,1772.452,886.705,1843.202,934.519,1760.946,935.592,1705.515,839.966,1784.490,843.853,1.894102,0.837776,1.463973,2.536278,4.261602,0.000177,0.0112232257,0.0112336835,-9.2629979785,0.0008840497,-0.0111112097,8.2846602179,0.0001330980,0.0040564380,1.0000000000,0.0112838714,0.0113034327,-9.3234733676,0.0008868924,-0.0111619359,8.3247484681,0.0001372684,0.0040787103,1.0000000000
141,15.5873,1785358767.720,2,2.3912,1.1622,2.2035,1.1175,2.2973,1.1399,13.38,0.0003,-0.0017,-0.0001,-0.0017,-0.24,1.0000,0.0036,0.5076,0.1930,0,frozen,2-tag corner homography,2,1920,1200,0.200000,101;102,1,1,,2-tag corner homography,0.011815,0.505604,101,102,4.765604,4.260000,30,0.050000,0.600000,5.000000,raw-zero-distortion,590.9628888758,0.0000000000,1007.8592059077,0.0000000000,592.3761043005,547.7101609771,0.0000000000,0.0000000000,1.0000000000,-0.0359937509,0.0291287486,0.0062609452,0.0003552766,-0.0208418310,0.0000000000,0.0000000000,0.0000000000,0.0000000000,0.0000000000,1,0.000000,0.000000,72.911,750.635,1,1.223,73.047,751.462,65.560,791.473,9.060,779.523,79.063,716.453,134.525,722.759,-2.853564,0.620479,1.803945,3.432497,-0.003931,0.002671,1,4.260000,0.000000,1773.544,886.683,1,1.358,1772.560,886.692,1843.327,934.564,1761.357,935.487,1705.647,840.096,1784.264,843.758,1.894951,0.838003,1.464423,2.537247,4.261654,0.000121,0.0111700372,0.0110912853,-9.1521949593,0.0008793130,-0.0110575609,8.2453743752,0.0001343997,0.0040250755,1.0000000000,0.0112838714,0.0113034327,-9.3234733676,0.0008868924,-0.0111619359,8.3247484681,0.0001372684,0.0040787103,1.0000000000
142,15.7066,1785358767.830,2,2.3925,1.1623,2.2033,1.1183,2.2979,1.1403,13.11,-0.0022,-0.0003,-0.0022,0.0002,-0.28,1.0000,0.0031,0.5076,0.1943,0,frozen,2-tag corner homography,2,1920,1200,0.200000,101;102,1,1,,2-tag corner homography,0.014744,0.495025,101,102,4.755025,4.260000,30,0.050000,0.600000,5.000000,raw-zero-distortion,590.9628888758,0.0000000000,1007.8592059077,0.0000000000,592.3761043005,547.7101609771,0.0000000000,0.0000000000,1.0000000000,-0.0359937509,0.0291287486,0.0062609452,0.0003552766,-0.0208418310,0.0000000000,0.0000000000,0.0000000000,0.0000000000,0.0000000000,1,0.000000,0.000000,72.796,750.882,1,1.407,73.353,751.348,65.077,791.374,9.342,779.515,79.378,716.358,135.549,722.567,-2.841613,0.617739,1.796979,3.418406,-0.003561,0.001967,1,4.260000,0.000000,1773.377,886.536,1,1.298,1772.467,886.670,1843.330,934.459,1760.761,935.451,1705.685,840.161,1784.427,843.686,1.896722,0.838833,1.465970,2.539737,4.261470,0.000430,0.0113882589,0.0126845113,-10.3674616268,0.0009016082,-0.0113026538,8.4247219471,0.0001384054,0.0041715227,1.0000000000,0.0112838714,0.0113034327,-9.3234733676,0.0008868924,-0.0111619359,8.3247484681,0.0001372684,0.0040787103,1.0000000000
143,15.8108,1785358767.929,2,2.3912,1.1622,2.2042,1.1184,2.2977,1.1403,13.18,0.0003,0.0011,0.0005,0.0010,-0.67,1.0000,0.0025,0.5076,0.1921,0,frozen,2-tag corner homography,2,1920,1200,0.200000,101;102,1,1,,2-tag corner homography,0.011609,0.489731,101,102,4.749731,4.260000,30,0.050000,0.600000,5.000000,raw-zero-distortion,590.9628888758,0.0000000000,1007.8592059077,0.0000000000,592.3761043005,547.7101609771,0.0000000000,0.0000000000,1.0000000000,-0.0359937509,0.0291287486,0.0062609452,0.0003552766,-0.0208418310,0.0000000000,0.0000000000,0.0000000000,0.0000000000,0.0000000000,1,0.000000,0.000000,72.897,751.020,1,1.298,73.397,751.468,65.294,791.371,9.250,779.924,79.411,716.452,135.558,722.565,-2.836228,0.616960,1.793657,3.412042,-0.002898,0.001611,1,4.260000,0.000000,1773.209,886.432,1,1.155,1772.425,886.623,1843.292,934.422,1760.693,935.377,1705.825,840.290,1784.196,843.463,1.897007,0.838890,1.466271,2.540142,4.261230,0.000638,0.0113535763,0.0115149674,-9.4881584684,0.0008925311,-0.0112274872,8.3718438852,0.0001392643,0.0041117289,1.0000000000,0.0112838714,0.0113034327,-9.3234733676,0.0008868924,-0.0111619359,8.3247484681,0.0001372684,0.0040787103,1.0000000000
144,15.9162,1785358768.046,2,2.3927,1.1615,2.2039,1.1178,2.2983,1.1396,13.04,0.0017,0.0000,0.0017,-0.0004,-0.80,1.0000,0.0036,0.5076,0.1938,0,frozen,2-tag corner homography,2,1920,1200,0.200000,101;102,1,1,,2-tag corner homography,0.011501,0.498562,101,102,4.758562,4.260000,30,0.050000,0.600000,5.000000,raw-zero-distortion,590.9628888758,0.0000000000,1007.8592059077,0.0000000000,592.3761043005,547.7101609771,0.0000000000,0.0000000000,1.0000000000,-0.0359937509,0.0291287486,0.0062609452,0.0003552766,-0.0208418310,0.0000000000,0.0000000000,0.0000000000,0.0000000000,0.0000000000,1,0.000000,0.000000,72.948,750.599,1,1.272,73.171,751.363,65.387,791.391,8.697,779.429,79.290,716.386,135.221,722.656,-2.846607,0.618748,1.799787,3.424216,-0.003928,0.002778,1,4.260000,0.000000,1773.172,886.323,1,1.173,1772.412,886.605,1843.256,934.368,1760.795,935.498,1705.911,840.214,1783.973,843.410,1.895083,0.838008,1.464809,2.537570,4.261285,0.000880,0.0112029800,0.0112597193,-9.2813814400,0.0008826250,-0.0110990448,8.2752171622,0.0001299711,0.0040544738,1.0000000000,0.0112838714,0.0113034327,-9.3234733676,0.0008868924,-0.0111619359,8.3247484681,0.0001372684,0.0040787103,1.0000000000
145,16.0277,1785358768.142,1,2.3945,1.1618,2.2038,1.1186,2.2991,1.1402,12.75,0.0032,-0.0006,0.0030,-0.0013,-1.04,1.0000,0.0055,0.5076,0.1956,0,frozen,2-tag corner homography,2,1920,1200,0.200000,101,0,0,insufficient,insufficient,,,,,,,30,0.050000,0.600000,5.000000,raw-zero-distortion,590.9628888758,0.0000000000,1007.8592059077,0.0000000000,592.3761043005,547.7101609771,0.0000000000,0.0000000000,1.0000000000,-0.0359937509,0.0291287486,0.0062609452,0.0003552766,-0.0208418310,0.0000000000,0.0000000000,0.0000000000,0.0000000000,0.0000000000,1,0.000000,0.000000,72.634,750.611,1,1.481,73.047,751.330,65.213,791.425,8.514,779.276,78.831,716.529,135.497,722.507,-2.847619,0.618784,1.800187,3.425274,-0.004766,0.002677,0,4.260000,0.000000,,,,,,,,,,,,,,,,,,,,,,,,,,,,,,0.0112838714,0.0113034327,-9.3234733676,0.0008868924,-0.0111619359,8.3247484681,0.0001372684,0.0040787103,1.0000000000
146,16.1179,1785358768.234,2,2.3929,1.1605,2.2035,1.1179,2.2982,1.1392,12.70,0.0028,-0.0017,0.0023,-0.0022,-1.41,1.0000,0.0038,0.5076,0.1941,0,frozen,2-tag corner homography,2,1920,1200,0.200000,101;102,1,1,,2-tag corner homography,0.011420,0.495938,101,102,4.755938,4.260000,30,0.050000,0.600000,5.000000,raw-zero-distortion,590.9628888758,0.0000000000,1007.8592059077,0.0000000000,592.3761043005,547.7101609771,0.0000000000,0.0000000000,1.0000000000,-0.0359937509,0.0291287486,0.0062609452,0.0003552766,-0.0208418310,0.0000000000,0.0000000000,0.0000000000,0.0000000000,0.0000000000,1,0.000000,0.000000,72.787,750.601,1,1.291,73.084,751.296,65.268,791.409,8.668,779.472,79.121,716.226,135.203,722.497,-2.840272,0.617110,1.795614,3.416460,-0.004368,0.002737,1,4.260000,0.000000,1773.525,886.820,1,1.599,1772.338,886.764,1842.851,934.420,1760.823,935.524,1705.373,840.026,1784.650,844.161,1.899123,0.840271,1.468074,2.543219,4.261440,-0.000197,0.0111924367,0.0112168352,-9.2466886552,0.0008836922,-0.0110929645,8.2698513060,0.0001270937,0.0040539607,1.0000000000,0.0112838714,0.0113034327,-9.3234733676,0.0008868924,-0.0111619359,8.3247484681,0.0001372684,0.0040787103,1.0000000000
147,16.2151,1785358768.331,2,2.3925,1.1615,2.2030,1.1179,2.2977,1.1397,12.96,-0.0004,-0.0010,-0.0006,-0.0009,-0.77,1.0000,0.0038,0.5076,0.1945,0,frozen,2-tag corner homography,2,1920,1200,0.200000,101;102,1,1,,2-tag corner homography,0.011329,0.492589,101,102,4.752589,4.260000,30,0.050000,0.600000,5.000000,raw-zero-distortion,590.9628888758,0.0000000000,1007.8592059077,0.0000000000,592.3761043005,547.7101609771,0.0000000000,0.0000000000,1.0000000000,-0.0359937509,0.0291287486,0.0062609452,0.0003552766,-0.0208418310,0.0000000000,0.0000000000,0.0000000000,0.0000000000,0.0000000000,1,0.000000,0.000000,72.767,750.652,1,1.440,73.196,751.312,65.260,791.472,8.649,779.463,79.071,716.375,135.675,722.384,-2.837218,0.616571,1.793899,3.412922,-0.004282,0.002593,1,4.260000,0.000000,1773.654,886.794,1,1.461,1772.585,886.796,1843.308,934.614,1761.026,935.444,1705.645,840.103,1784.729,844.126,1.898877,0.839971,1.467410,2.542553,4.261757,-0.000113,0.0112752092,0.0113582756,-9.3604333347,0.0008909287,-0.0111835128,8.3374518397,0.0001238705,0.0041029768,1.0000000000,0.0112838714,0.0113034327,-9.3234733676,0.0008868924,-0.0111619359,8.3247484681,0.0001372684,0.0040787103,1.0000000000
148,16.3064,1785358768.434,2,2.3931,1.1612,2.2031,1.1179,2.2981,1.1396,12.84,-0.0024,-0.0013,-0.0026,-0.0007,0.00,1.0000,0.0038,0.5076,0.1949,0,frozen,2-tag corner homography,2,1920,1200,0.200000,101;102,1,1,,2-tag corner homography,0.011427,0.490293,101,102,4.750293,4.260000,30,0.050000,0.600000,5.000000,raw-zero-distortion,590.9628888758,0.0000000000,1007.8592059077,0.0000000000,592.3761043005,547.7101609771,0.0000000000,0.0000000000,1.0000000000,-0.0359937509,0.0291287486,0.0062609452,0.0003552766,-0.0208418310,0.0000000000,0.0000000000,0.0000000000,0.0000000000,0.0000000000,1,0.000000,0.000000,72.817,750.584,1,1.371,73.155,751.291,65.148,791.409,8.602,779.422,79.250,716.338,135.493,722.437,-2.839032,0.616872,1.794966,3.415045,-0.004333,0.002790,1,4.260000,0.000000,1773.458,886.585,1,1.308,1772.545,886.721,1843.320,934.534,1760.939,935.610,1705.812,840.157,1784.416,843.668,1.894570,0.837924,1.464158,2.536784,4.261587,0.000332,0.0112719415,0.0113719528,-9.3697804581,0.0008884413,-0.0111577819,8.3181424025,0.0001296739,0.0040905648,1.0000000000,0.0112838714,0.0113034327,-9.3234733676,0.0008868924,-0.0111619359,8.3247484681,0.0001372684,0.0040787103,1.0000000000
149,16.4155,1785358768.556,2,2.3923,1.1610,2.2036,1.1177,2.2980,1.1394,12.92,-0.0011,-0.0002,-0.0012,0.0000,0.34,1.0000,0.0032,0.5076,0.1936,0,frozen,2-tag corner homography,2,1920,1200,0.200000,101;102,1,1,,2-tag corner homography,0.011667,0.492246,101,102,4.752246,4.260000,30,0.050000,0.600000,5.000000,raw-zero-distortion,590.9628888758,0.0000000000,1007.8592059077,0.0000000000,592.3761043005,547.7101609771,0.0000000000,0.0000000000,1.0000000000,-0.0359937509,0.0291287486,0.0062609452,0.0003552766,-0.0208418310,0.0000000000,0.0000000000,0.0000000000,0.0000000000,0.0000000000,1,0.000000,0.000000,72.917,750.745,1,1.027,72.957,751.515,65.421,791.421,8.527,779.955,79.260,716.327,134.588,722.769,-2.841117,0.617875,1.795905,3.417454,-0.003607,0.002370,1,4.260000,0.000000,1773.304,886.559,1,1.308,1772.350,886.557,1842.921,934.366,1760.921,935.414,1705.613,840.074,1784.231,843.448,1.894456,0.837681,1.464442,2.536782,4.261281,0.000364,0.0111547747,0.0111486330,-9.1938284293,0.0008753041,-0.0110234367,8.2207582673,0.0001345457,0.0040196971,1.0000000000,0.0112838714,0.0113034327,-9.3234733676,0.0008868924,-0.0111619359,8.3247484681,0.0001372684,0.0040787103,1.0000000000
150,16.5501,1785358768.733,2,2.3911,1.1601,2.2025,1.1178,2.2968,1.1389,12.65,-0.0023,-0.0017,-0.0026,-0.0012,-0.47,1.0000,0.0037,0.5076,0.1933,0,frozen,2-tag corner homography,2,1920,1200,0.200000,101;102,1,1,,2-tag corner homography,0.011308,0.502152,101,102,4.762152,4.260000,30,0.050000,0.600000,5.000000,raw-zero-distortion,590.9628888758,0.0000000000,1007.8592059077,0.0000000000,592.3761043005,547.7101609771,0.0000000000,0.0000000000,1.0000000000,-0.0359937509,0.0291287486,0.0062609452,0.0003552766,-0.0208418310,0.0000000000,0.0000000000,0.0000000000,0.0000000000,0.0000000000,1,0.000000,0.000000,72.800,750.626,1,1.425,73.227,751.287,65.542,791.404,8.773,779.294,78.900,716.347,135.594,722.509,-2.845667,0.618350,1.799300,3.423106,-0.004265,0.002672,1,4.260000,0.000000,1773.382,886.639,1,1.396,1772.361,886.630,1842.689,934.177,1760.947,935.473,1705.735,840.239,1784.329,843.649,1.899803,0.840214,1.468555,2.543986,4.261352,0.000193,0.0109214345,0.0109272408,-9.0106282997,0.0008632367,-0.0108464346,8.0859955134,0.0001189571,0.0039378749,1.0000000000,0.0112838714,0.0113034327,-9.3234733676,0.0008868924,-0.0111619359,8.3247484681,0.0001372684,0.0040787103,1.0000000000
151,16.7510,1785358768.918,2,2.3929,1.1605,2.2029,1.1176,2.2979,1.1391,12.72,-0.0002,-0.0009,-0.0004,-0.0008,-0.50,1.0000,0.0039,0.5076,0.1948,0,frozen,2-tag corner homography,2,1920,1200,0.200000,101;102,1,1,,2-tag corner homography,0.011418,0.500367,101,102,4.760367,4.260000,30,0.050000,0.600000,5.000000,raw-zero-distortion,590.9628888758,0.0000000000,1007.8592059077,0.0000000000,592.3761043005,547.7101609771,0.0000000000,0.0000000000,1.0000000000,-0.0359937509,0.0291287486,0.0062609452,0.0003552766,-0.0208418310,0.0000000000,0.0000000000,0.0000000000,0.0000000000,0.0000000000,1,0.000000,0.000000,72.694,750.600,1,1.394,73.084,751.277,65.396,791.252,8.797,779.292,78.827,716.440,135.239,722.515,-2.851683,0.619532,1.802829,3.430176,-0.004628,0.002719,1,4.260000,0.000000,1773.479,886.756,1,1.419,1772.437,886.728,1843.313,934.679,1761.112,935.610,1705.340,839.995,1784.359,843.779,1.891497,0.836697,1.461989,2.532831,4.261420,-0.000057,0.0113244595,0.0113696406,-9.3708489815,0.0008934399,-0.0112171767,8.3622417728,0.0001323306,0.0041087462,1.0000000000,0.0112838714,0.0113034327,-9.3234733676,0.0008868924,-0.0111619359,8.3247484681,0.0001372684,0.0040787103,1.0000000000
152,16.9298,1785358769.119,2,2.3905,1.1613,2.2032,1.1178,2.2969,1.1395,13.09,,,,,,1.0000,0.0031,0.5076,0.1923,0,frozen,2-tag corner homography,2,1920,1200,0.200000,101;102,1,1,,2-tag corner homography,0.011613,0.490699,101,102,4.750699,4.260000,30,0.050000,0.600000,5.000000,raw-zero-distortion,590.9628888758,0.0000000000,1007.8592059077,0.0000000000,592.3761043005,547.7101609771,0.0000000000,0.0000000000,1.0000000000,-0.0359937509,0.0291287486,0.0062609452,0.0003552766,-0.0208418310,0.0000000000,0.0000000000,0.0000000000,0.0000000000,0.0000000000,1,0.000000,0.000000,72.682,750.947,1,1.121,72.899,751.599,65.358,791.515,8.749,780.043,78.908,716.456,134.579,722.777,-2.842536,0.618398,1.796691,3.419141,-0.003699,0.001764,1,4.260000,0.000000,1773.409,886.513,1,1.393,1772.431,886.643,1843.330,934.568,1760.835,935.564,1705.526,839.859,1784.381,843.711,1.891331,0.836421,1.461872,2.532549,4.261569,0.000487,0.0112053061,0.0111251064,-9.1800990648,0.0008774644,-0.0110511807,8.2424291462,0.0001391594,0.0040323926,1.0000000000,0.0112838714,0.0113034327,-9.3234733676,0.0008868924,-0.0111619359,8.3247484681,0.0001372684,0.0040787103,1.0000000000
153,17.1062,1785358769.285,2,2.3911,1.1614,2.2037,1.1174,2.2974,1.1394,13.21,,,,,,1.0000,0.0036,0.5076,0.1926,0,frozen,2-tag corner homography,2,1920,1200,0.200000,101;102,1,1,,2-tag corner homography,0.011475,0.511145,101,102,4.771145,4.260000,30,0.050000,0.600000,5.000000,raw-zero-distortion,590.9628888758,0.0000000000,1007.8592059077,0.0000000000,592.3761043005,547.7101609771,0.0000000000,0.0000000000,1.0000000000,-0.0359937509,0.0291287486,0.0062609452,0.0003552766,-0.0208418310,0.0000000000,0.0000000000,0.0000000000,0.0000000000,0.0000000000,1,0.000000,0.000000,72.762,750.686,1,1.454,73.060,751.525,65.608,791.483,8.640,779.429,78.690,716.877,135.207,722.694,-2.857610,0.621559,1.806529,3.437414,-0.004204,0.002499,1,4.260000,0.000000,1773.331,886.563,1,1.232,1772.444,886.601,1843.113,934.414,1761.006,935.366,1705.745,840.219,1784.212,843.477,1.896402,0.838546,1.465767,2.539285,4.261334,0.000358,0.0112109387,0.0112652287,-9.2865644218,0.0008843323,-0.0111350304,8.3040357006,0.0001279561,0.0040622630,1.0000000000,0.0112838714,0.0113034327,-9.3234733676,0.0008868924,-0.0111619359,8.3247484681,0.0001372684,0.0040787103,1.0000000000
154,17.2629,1785358769.425,2,2.3952,1.1607,2.2033,1.1169,2.2992,1.1388,12.87,0.0069,-0.0021,0.0063,-0.0036,-0.62,1.0000,0.0037,0.5076,0.1968,0,frozen,2-tag corner homography,2,1920,1200,0.200000,101;102,1,1,,2-tag corner homography,0.011376,0.513746,101,102,4.773746,4.260000,30,0.050000,0.600000,5.000000,raw-zero-distortion,590.9628888758,0.0000000000,1007.8592059077,0.0000000000,592.3761043005,547.7101609771,0.0000000000,0.0000000000,1.0000000000,-0.0359937509,0.0291287486,0.0062609452,0.0003552766,-0.0208418310,0.0000000000,0.0000000000,0.0000000000,0.0000000000,0.0000000000,1,0.000000,0.000000,72.902,750.544,1,1.213,73.003,751.401,65.403,791.420,8.586,779.207,79.171,716.380,134.796,722.962,-2.858425,0.621320,1.806934,3.438261,-0.004206,0.002917,1,4.260000,0.000000,1773.481,886.814,1,1.439,1772.399,886.702,1842.957,934.395,1761.057,935.482,1705.448,840.221,1784.467,843.781,1.898213,0.839646,1.467252,2.541859,4.261352,-0.000190,0.0111595907,0.0111481791,-9.1928217586,0.0008818084,-0.0110844319,8.2648555201,0.0001288325,0.0040334918,1.0000000000,0.0112838714,0.0113034327,-9.3234733676,0.0008868924,-0.0111619359,8.3247484681,0.0001372684,0.0040787103,1.0000000000
155,17.4053,1785358769.550,2,2.3935,1.1610,2.2027,1.1165,2.2981,1.1388,13.13,0.0037,-0.0020,0.0031,-0.0028,-0.39,1.0000,0.0031,0.5076,0.1959,0,frozen,2-tag corner homography,2,1920,1200,0.200000,101;102,1,1,,2-tag corner homography,0.011407,0.509597,101,102,4.769597,4.260000,30,0.050000,0.600000,5.000000,raw-zero-distortion,590.9628888758,0.0000000000,1007.8592059077,0.0000000000,592.3761043005,547.7101609771,0.0000000000,0.0000000000,1.0000000000,-0.0359937509,0.0291287486,0.0062609452,0.0003552766,-0.0208418310,0.0000000000,0.0000000000,0.0000000000,0.0000000000,0.0000000000,1,0.000000,0.000000,72.942,750.784,1,1.155,73.051,751.587,65.562,791.520,8.806,779.631,79.146,716.545,134.671,723.020,-2.855201,0.621220,1.804988,3.434540,-0.003430,0.002268,1,4.260000,0.000000,1773.382,886.634,1,1.289,1772.453,886.679,1843.358,934.420,1760.992,935.468,1705.529,840.297,1784.295,843.622,1.897375,0.839160,1.466502,2.540640,4.261359,0.000205,0.0112338309,0.0112160873,-9.2519872408,0.0008844964,-0.0111344239,8.3041869901,0.0001360387,0.0040543791,1.0000000000,0.0112838714,0.0113034327,-9.3234733676,0.0008868924,-0.0111619359,8.3247484681,0.0001372684,0.0040787103,1.0000000000
156,17.5482,1785358769.697,2,2.3925,1.1607,2.2035,1.1173,2.2980,1.1390,12.92,-0.0022,-0.0000,-0.0022,0.0005,0.03,1.0000,0.0023,0.5076,0.1940,0,frozen,2-tag corner homography,2,1920,1200,0.200000,101;102,1,1,,2-tag corner homography,0.011475,0.497064,101,102,4.757064,4.260000,30,0.050000,0.600000,5.000000,raw-zero-distortion,590.9628888758,0.0000000000,1007.8592059077,0.0000000000,592.3761043005,547.7101609771,0.0000000000,0.0000000000,1.0000000000,-0.0359937509,0.0291287486,0.0062609452,0.0003552766,-0.0208418310,0.0000000000,0.0000000000,0.0000000000,0.0000000000,0.0000000000,1,0.000000,0.000000,73.161,750.986,1,0.991,73.244,751.683,65.701,791.539,8.866,779.998,79.515,716.443,134.866,723.143,-2.846608,0.619769,1.799928,3.424476,-0.002262,0.001761,1,4.260000,0.000000,1773.047,886.295,1,1.113,1772.305,886.507,1843.213,934.324,1760.760,935.401,1705.709,840.203,1783.834,843.179,1.893585,0.837220,1.463855,2.535640,4.261044,0.000922,0.0111596816,0.0111442962,-9.1959120078,0.0008748476,-0.0110333576,8.2298530604,0.0001356622,0.0040181637,1.0000000000,0.0112838714,0.0113034327,-9.3234733676,0.0008868924,-0.0111619359,8.3247484681,0.0001372684,0.0040787103,1.0000000000
157,17.7032,1785358769.868,2,2.3917,1.1613,2.2037,1.1171,2.2977,1.1392,13.25,-0.0017,0.0010,-0.0014,0.0014,0.33,1.0000,0.0037,0.5076,0.1931,0,frozen,2-tag corner homography,2,1920,1200,0.200000,101;102,1,1,,2-tag corner homography,0.011479,0.497426,101,102,4.757426,4.260000,30,0.050000,0.600000,5.000000,raw-zero-distortion,590.9628888758,0.0000000000,1007.8592059077,0.0000000000,592.3761043005,547.7101609771,0.0000000000,0.0000000000,1.0000000000,-0.0359937509,0.0291287486,0.0062609452,0.0003552766,-0.0208418310,0.0000000000,0.0000000000,0.0000000000,0.0000000000,0.0000000000,1,0.000000,0.000000,72.665,750.716,1,1.409,73.034,751.428,65.286,791.464,8.681,779.445,78.845,716.582,135.232,722.623,-2.849377,0.619456,1.801273,3.427428,-0.004388,0.002394,1,4.260000,0.000000,1773.182,886.417,1,1.247,1772.307,886.517,1843.244,934.452,1760.999,935.421,1705.444,839.975,1783.886,843.362,1.890977,0.836090,1.461836,2.532154,4.261190,0.000667,0.0113015115,0.0113534704,-9.3581832777,0.0008890597,-0.0111918945,8.3453150525,0.0001305642,0.0041010264,1.0000000000,0.0112838714,0.0113034327,-9.3234733676,0.0008868924,-0.0111619359,8.3247484681,0.0001372684,0.0040787103,1.0000000000
158,17.8509,1785358770.006,2,2.3912,1.1607,2.2028,1.1175,2.2970,1.1391,12.92,-0.0029,0.0004,-0.0027,0.0010,0.10,1.0000,0.0033,0.5076,0.1932,0,frozen,2-tag corner homography,2,1920,1200,0.200000,101;102,1,1,,2-tag corner homography,0.022545,0.490053,101,102,4.750053,4.260000,30,0.050000,0.600000,5.000000,raw-zero-distortion,590.9628888758,0.0000000000,1007.8592059077,0.0000000000,592.3761043005,547.7101609771,0.0000000000,0.0000000000,1.0000000000,-0.0359937509,0.0291287486,0.0062609452,0.0003552766,-0.0208418310,0.0000000000,0.0000000000,0.0000000000,0.0000000000,0.0000000000,1,0.000000,0.000000,72.588,750.949,1,1.291,73.025,751.481,65.336,791.337,8.609,779.958,78.766,716.543,135.296,722.517,-2.839273,0.617414,1.794870,3.415293,-0.003952,0.001738,1,4.260000,0.000000,1773.536,886.729,1,1.395,1772.509,886.698,1843.347,934.550,1761.137,935.552,1705.459,840.095,1784.460,843.718,1.894111,0.837701,1.463871,2.536201,4.261580,0.000014,0.0197550178,0.0264642702,-21.3315324431,0.0015868017,-0.0198908854,14.8230429084,-0.0000065182,0.0087191455,1.0000000000,0.0112838714,0.0113034327,-9.3234733676,0.0008868924,-0.0111619359,8.3247484681,0.0001372684,0.0040787103,1.0000000000
159,17.9921,1785358770.138,2,2.3929,1.1608,2.2017,1.1173,2.2973,1.1391,12.82,-0.0018,-0.0002,-0.0018,0.0002,-1.06,1.0000,0.0025,0.5076,0.1961,0,frozen,2-tag corner homography,2,1920,1200,0.200000,101;102,1,1,,2-tag corner homography,0.011685,0.498753,101,102,4.758753,4.260000,30,0.050000,0.600000,5.000000,raw-zero-distortion,590.9628888758,0.0000000000,1007.8592059077,0.0000000000,592.3761043005,547.7101609771,0.0000000000,0.0000000000,1.0000000000,-0.0359937509,0.0291287486,0.0062609452,0.0003552766,-0.0208418310,0.0000000000,0.0000000000,0.0000000000,0.0000000000,0.0000000000,1,0.000000,0.000000,72.994,750.966,1,1.075,73.175,751.622,65.657,791.474,9.298,780.044,79.240,716.477,134.550,722.865,-2.846577,0.619531,1.799775,3.424326,-0.002780,0.001780,1,4.260000,0.000000,1773.346,886.613,1,1.263,1772.436,886.655,1843.295,934.474,1760.896,935.473,1705.563,840.235,1784.325,843.526,1.895343,0.838221,1.464965,2.537925,4.261306,0.000246,0.0110491230,0.0109268193,-9.0230004366,0.0008656987,-0.0109011382,8.1305299488,0.0001441946,0.0039440917,1.0000000000,0.0112838714,0.0113034327,-9.3234733676,0.0008868924,-0.0111619359,8.3247484681,0.0001372684,0.0040787103,1.0000000000
160,18.1197,1785358770.242,2,2.3938,1.1615,2.2032,1.1169,2.2985,1.1392,13.18,0.0033,0.0002,0.0032,-0.0005,0.32,1.0000,0.0030,0.5076,0.1958,0,frozen,2-tag corner homography,2,1920,1200,0.200000,101;102,1,0,world_rms>0.050,2-tag corner homography,24.052229,0.512639,101,102,4.772639,4.260000,30,0.050000,0.600000,5.000000,raw-zero-distortion,590.9628888758,0.0000000000,1007.8592059077,0.0000000000,592.3761043005,547.7101609771,0.0000000000,0.0000000000,1.0000000000,-0.0359937509,0.0291287486,0.0062609452,0.0003552766,-0.0208418310,0.0000000000,0.0000000000,0.0000000000,0.0000000000,0.0000000000,1,0.000000,0.000000,72.898,750.835,1,1.020,72.996,751.537,65.254,791.403,8.777,779.413,79.404,716.313,134.530,723.367,-2.861683,0.622440,1.808979,3.442247,-0.003409,0.002119,1,4.260000,0.000000,1773.446,886.641,1,1.347,1772.455,886.600,1843.036,934.461,1761.194,935.462,1705.631,840.040,1784.262,843.539,1.893590,0.837289,1.463572,2.535503,4.261490,0.000201,107.0957243373,-80.9523755263,329.2846071832,46.8566843111,-106.6743199805,2392.6402771034,369.2832106271,-693.5616435582,1.0000000000,0.0112838714,0.0113034327,-9.3234733676,0.0008868924,-0.0111619359,8.3247484681,0.0001372684,0.0040787103,1.0000000000
161,18.2371,1785358770.423,2,2.3925,1.1603,2.2040,1.1162,2.2982,1.1383,13.18,0.0038,-0.0021,0.0032,-0.0029,1.11,1.0000,0.0031,0.5076,0.1936,0,frozen,2-tag corner homography,2,1920,1200,0.200000,101;102,1,1,,2-tag corner homography,0.011523,0.499730,101,102,4.759730,4.260000,30,0.050000,0.600000,5.000000,raw-zero-distortion,590.9628888758,0.0000000000,1007.8592059077,0.0000000000,592.3761043005,547.7101609771,0.0000000000,0.0000000000,1.0000000000,-0.0359937509,0.0291287486,0.0062609452,0.0003552766,-0.0208418310,0.0000000000,0.0000000000,0.0000000000,0.0000000000,0.0000000000,1,0.000000,0.000000,72.810,750.835,1,1.338,73.199,751.457,65.225,791.444,9.070,779.473,79.222,716.511,135.218,722.795,-2.850518,0.619904,1.802313,3.429004,-0.003654,0.002100,1,4.260000,0.000000,1773.274,886.555,1,1.256,1772.381,886.632,1843.305,934.567,1760.909,935.495,1705.500,840.092,1784.152,843.496,1.892115,0.836796,1.462574,2.533664,4.261218,0.000366,0.0113462441,0.0113926264,-9.3931468797,0.0008923844,-0.0112261460,8.3709961751,0.0001381347,0.0041068408,1.0000000000,0.0112838714,0.0113034327,-9.3234733676,0.0008868924,-0.0111619359,8.3247484681,0.0001372684,0.0040787103,1.0000000000
162,18.4085,1785358770.554,2,2.3922,1.1586,2.2029,1.1172,2.2976,1.1379,12.35,-0.0017,-0.0039,-0.0025,-0.0034,-2.18,1.0000,0.0034,0.5076,0.1938,0,frozen,2-tag corner homography,2,1920,1200,0.200000,101;102,1,1,,2-tag corner homography,0.011540,0.505081,101,102,4.765081,4.260000,30,0.050000,0.600000,5.000000,raw-zero-distortion,590.9628888758,0.0000000000,1007.8592059077,0.0000000000,592.3761043005,547.7101609771,0.0000000000,0.0000000000,1.0000000000,-0.0359937509,0.0291287486,0.0062609452,0.0003552766,-0.0208418310,0.0000000000,0.0000000000,0.0000000000,0.0000000000,0.0000000000,1,0.000000,0.000000,73.010,750.609,1,1.190,73.116,751.439,65.492,791.485,8.730,779.485,79.309,716.363,134.887,722.813,-2.849016,0.619467,1.801204,3.427094,-0.003726,0.002763,1,4.260000,0.000000,1773.366,886.572,1,1.319,1772.426,886.652,1842.919,934.304,1760.842,935.432,1705.850,840.239,1784.365,843.664,1.899285,0.839968,1.468029,2.543215,4.261401,0.000344,0.0110592250,0.0110523580,-9.1152866638,0.0008719089,-0.0109666537,8.1773941296,0.0001286322,0.0039849741,1.0000000000,0.0112838714,0.0113034327,-9.3234733676,0.0008868924,-0.0111619359,8.3247484681,0.0001372684,0.0040787103,1.0000000000
163,18.5545,1785358770.744,2,2.3933,1.1614,2.2034,1.1166,2.2983,1.1390,13.27,-0.0003,0.0007,-0.0002,0.0007,-0.45,1.0000,0.0031,0.5076,0.1951,0,frozen,2-tag corner homography,2,1920,1200,0.200000,101;102,1,1,,2-tag corner homography,0.011548,0.510618,101,102,4.770618,4.260000,30,0.050000,0.600000,5.000000,raw-zero-distortion,590.9628888758,0.0000000000,1007.8592059077,0.0000000000,592.3761043005,547.7101609771,0.0000000000,0.0000000000,1.0000000000,-0.0359937509,0.0291287486,0.0062609452,0.0003552766,-0.0208418310,0.0000000000,0.0000000000,0.0000000000,0.0000000000,0.0000000000,1,0.000000,0.000000,73.094,750.725,1,1.094,73.088,751.595,65.513,791.534,8.807,779.513,79.452,716.495,134.561,723.198,-2.858620,0.622013,1.807221,3.438700,-0.003175,0.002464,1,4.260000,0.000000,1773.347,886.482,1,1.204,1772.503,886.590,1843.397,934.417,1761.075,935.437,1705.722,840.207,1784.147,843.399,1.894772,0.837736,1.464395,2.537009,4.261471,0.000547,0.0112190024,0.0111991836,-9.2387086696,0.0008823779,-0.0111161808,8.2907167843,0.0001368093,0.0040456840,1.0000000000,0.0112838714,0.0113034327,-9.3234733676,0.0008868924,-0.0111619359,8.3247484681,0.0001372684,0.0040787103,1.0000000000
164,18.7609,1785358770.987,2,2.3929,1.1602,2.2038,1.1167,2.2984,1.1384,12.95,,,,,,1.0000,0.0018,0.5076,0.1941,0,frozen,2-tag corner homography,2,1920,1200,0.200000,101;102,1,1,,2-tag corner homography,0.011646,0.502907,101,102,4.762907,4.260000,30,0.050000,0.600000,5.000000,raw-zero-distortion,590.9628888758,0.0000000000,1007.8592059077,0.0000000000,592.3761043005,547.7101609771,0.0000000000,0.0000000000,1.0000000000,-0.0359937509,0.0291287486,0.0062609452,0.0003552766,-0.0208418310,0.0000000000,0.0000000000,0.0000000000,0.0000000000,0.0000000000,1,0.000000,0.000000,73.114,751.241,1,0.878,73.281,751.752,65.606,791.533,9.278,780.168,79.622,716.325,134.655,723.355,-2.847143,0.620121,1.800338,3.425199,-0.001682,0.001052,1,4.260000,0.000000,1773.382,886.492,1,1.236,1772.537,886.676,1843.260,934.366,1760.895,935.450,1705.973,840.309,1784.315,843.628,1.899049,0.839802,1.467635,2.542756,4.261536,0.000531,0.0110975663,0.0110314557,-9.1078165842,0.0008709313,-0.0109761744,8.1878378919,0.0001385982,0.0039803628,1.0000000000,0.0112838714,0.0113034327,-9.3234733676,0.0008868924,-0.0111619359,8.3247484681,0.0001372684,0.0040787103,1.0000000000
165,18.9688,1785358771.103,2,2.3924,1.1589,2.2035,1.1169,2.2979,1.1379,12.52,,,,,,1.0000,0.0024,0.5076,0.1936,0,frozen,2-tag corner homography,2,1920,1200,0.200000,101;102,1,1,,2-tag corner homography,0.011628,0.484690,101,102,4.744690,4.260000,30,0.050000,0.600000,5.000000,raw-zero-distortion,590.9628888758,0.0000000000,1007.8592059077,0.0000000000,592.3761043005,547.7101609771,0.0000000000,0.0000000000,1.0000000000,-0.0359937509,0.0291287486,0.0062609452,0.0003552766,-0.0208418310,0.0000000000,0.0000000000,0.0000000000,0.0000000000,0.0000000000,1,0.000000,0.000000,72.875,751.106,1,1.353,73.470,751.481,65.320,791.487,9.426,779.881,79.374,716.374,135.704,722.612,-2.834668,0.616706,1.792812,3.410256,-0.002722,0.001372,1,4.260000,0.000000,1773.057,886.315,1,1.074,1772.349,886.534,1843.221,934.401,1760.868,935.391,1705.824,840.238,1783.767,843.190,1.893454,0.837181,1.463671,2.535424,4.261041,0.000879,0.0112316591,0.0112687238,-9.2951073151,0.0008811565,-0.0110930579,8.2718177255,0.0001339323,0.0040583975,1.0000000000,0.0112838714,0.0113034327,-9.3234733676,0.0008868924,-0.0111619359,8.3247484681,0.0001372684,0.0040787103,1.0000000000
166,19.0840,1785358771.270,2,2.3912,1.1604,2.2039,1.1167,2.2975,1.1385,13.13,-0.0024,-0.0001,-0.0024,0.0004,0.24,1.0000,0.0021,0.5076,0.1924,0,frozen,2-tag corner homography,2,1920,1200,0.200000,101;102,1,1,,2-tag corner homography,0.011843,0.500296,101,102,4.760296,4.260000,30,0.050000,0.600000,5.000000,raw-zero-distortion,590.9628888758,0.0000000000,1007.8592059077,0.0000000000,592.3761043005,547.7101609771,0.0000000000,0.0000000000,1.0000000000,-0.0359937509,0.0291287486,0.0062609452,0.0003552766,-0.0208418310,0.0000000000,0.0000000000,0.0000000000,0.0000000000,0.0000000000,1,0.000000,0.000000,72.880,751.251,1,0.952,73.096,751.762,65.310,791.496,9.247,780.309,79.420,716.488,134.446,723.138,-2.845045,0.619569,1.798654,3.422470,-0.002303,0.000974,1,4.260000,0.000000,1773.386,886.555,1,1.254,1772.504,886.668,1843.289,934.381,1760.908,935.432,1705.789,840.307,1784.350,843.612,1.898607,0.839622,1.467357,2.542206,4.261466,0.000386,0.0112660554,0.0112067925,-9.2501115309,0.0008824951,-0.0111248286,8.2990305437,0.0001470676,0.0040458842,1.0000000000,0.0112838714,0.0113034327,-9.3234733676,0.0008868924,-0.0111619359,8.3247484681,0.0001372684,0.0040787103,1.0000000000
167,19.2677,1785358771.438,2,2.3917,1.1600,2.2030,1.1170,2.2974,1.1385,12.85,-0.0020,0.0015,-0.0016,0.0019,0.75,1.0000,0.0026,0.5076,0.1935,0,frozen,2-tag corner homography,2,1920,1200,0.200000,101;102,1,1,,2-tag corner homography,0.011537,0.513419,101,102,4.773419,4.260000,30,0.050000,0.600000,5.000000,raw-zero-distortion,590.9628888758,0.0000000000,1007.8592059077,0.0000000000,592.3761043005,547.7101609771,0.0000000000,0.0000000000,1.0000000000,-0.0359937509,0.0291287486,0.0062609452,0.0003552766,-0.0208418310,0.0000000000,0.0000000000,0.0000000000,0.0000000000,0.0000000000,1,0.000000,0.000000,72.950,751.003,1,1.113,73.156,751.664,65.609,791.513,9.267,779.641,79.193,716.547,134.590,723.284,-2.861830,0.622965,1.809383,3.442677,-0.002801,0.001670,1,4.260000,0.000000,1773.374,886.471,1,1.426,1772.357,886.555,1843.179,934.334,1760.823,935.450,1705.431,839.885,1784.344,843.661,1.894258,0.837581,1.464276,2.536506,4.261545,0.000578,0.0111881989,0.0110785817,-9.1473306844,0.0008783646,-0.0110726781,8.2590159808,0.0001410033,0.0040183822,1.0000000000,0.0112838714,0.0113034327,-9.3234733676,0.0008868924,-0.0111619359,8.3247484681,0.0001372684,0.0040787103,1.0000000000
168,19.4294,1785358771.589,2,2.3917,1.1603,2.2032,1.1170,2.2974,1.1386,12.93,-0.0007,0.0006,-0.0005,0.0007,-0.31,1.0000,0.0037,0.5076,0.1935,0,frozen,2-tag corner homography,2,1920,1200,0.200000,101;102,1,1,,2-tag corner homography,0.011582,0.493019,101,102,4.753019,4.260000,30,0.050000,0.600000,5.000000,raw-zero-distortion,590.9628888758,0.0000000000,1007.8592059077,0.0000000000,592.3761043005,547.7101609771,0.0000000000,0.0000000000,1.0000000000,-0.0359937509,0.0291287486,0.0062609452,0.0003552766,-0.0208418310,0.0000000000,0.0000000000,0.0000000000,0.0000000000,0.0000000000,1,0.000000,0.000000,73.095,750.474,1,1.413,73.346,751.316,65.442,791.487,8.777,779.292,79.443,716.448,135.596,722.469,-2.842861,0.617907,1.797754,3.419881,-0.003870,0.003153,1,4.260000,0.000000,1773.229,886.441,1,1.152,1772.445,886.600,1843.305,934.441,1761.219,935.505,1705.783,840.243,1783.784,843.325,1.893308,0.837174,1.463373,2.535141,4.261264,0.000619,0.0112864363,0.0113708357,-9.3724319804,0.0008897152,-0.0111836498,8.3375817077,0.0001257686,0.0041040957,1.0000000000,0.0112838714,0.0113034327,-9.3234733676,0.0008868924,-0.0111619359,8.3247484681,0.0001372684,0.0040787103,1.0000000000
169,19.5757,1785358771.720,2,2.3916,1.1592,2.2037,1.1160,2.2976,1.1376,12.93,0.0005,-0.0020,0.0000,-0.0021,0.12,1.0000,0.0023,0.5076,0.1929,0,frozen,2-tag corner homography,2,1920,1200,0.200000,101;102,1,1,,2-tag corner homography,0.011935,0.486787,101,102,4.746787,4.260000,30,0.050000,0.600000,5.000000,raw-zero-distortion,590.9628888758,0.0000000000,1007.8592059077,0.0000000000,592.3761043005,547.7101609771,0.0000000000,0.0000000000,1.0000000000,-0.0359937509,0.0291287486,0.0062609452,0.0003552766,-0.0208418310,0.0000000000,0.0000000000,0.0000000000,0.0000000000,0.0000000000,1,0.000000,0.000000,72.892,751.085,1,1.144,73.228,751.608,65.406,791.414,9.205,780.243,79.305,716.537,134.979,722.659,-2.837203,0.617482,1.793949,3.413101,-0.002733,0.001432,1,4.260000,0.000000,1773.068,886.435,1,1.107,1772.292,886.528,1842.990,934.379,1760.935,935.418,1705.718,840.254,1783.792,843.136,1.892970,0.837015,1.463405,2.534854,4.260916,0.000605,0.0112666472,0.0112814202,-9.3060366392,0.0008816361,-0.0111111502,8.2869968517,0.0001420088,0.0040585775,1.0000000000,0.0112838714,0.0113034327,-9.3234733676,0.0008868924,-0.0111619359,8.3247484681,0.0001372684,0.0040787103,1.0000000000
170,19.7041,1785358771.830,2,2.3921,1.1598,2.2030,1.1157,2.2976,1.1377,13.13,0.0005,-0.0029,-0.0002,-0.0030,0.53,1.0000,0.0015,0.5076,0.1941,0,frozen,2-tag corner homography,2,1920,1200,0.200000,101;102,1,1,,2-tag corner homography,0.011577,0.493934,101,102,4.753934,4.260000,30,0.050000,0.600000,5.000000,raw-zero-distortion,590.9628888758,0.0000000000,1007.8592059077,0.0000000000,592.3761043005,547.7101609771,0.0000000000,0.0000000000,1.0000000000,-0.0359937509,0.0291287486,0.0062609452,0.0003552766,-0.0208418310,0.0000000000,0.0000000000,0.0000000000,0.0000000000,0.0000000000,1,0.000000,0.000000,73.082,751.404,1,0.935,73.369,751.820,65.625,791.574,9.415,780.319,79.575,716.432,134.889,723.335,-2.844625,0.619836,1.798915,3.422307,-0.001319,0.000598,1,4.260000,0.000000,1773.390,886.540,1,1.246,1772.497,886.590,1843.446,934.532,1761.066,935.438,1705.571,840.080,1784.254,843.434,1.892436,0.836707,1.462601,2.533889,4.261494,0.000423,0.0112518503,0.0111881992,-9.2387159854,0.0008798708,-0.0111004438,8.2812620288,0.0001434082,0.0040452900,1.0000000000,0.0112838714,0.0113034327,-9.3234733676,0.0008868924,-0.0111619359,8.3247484681,0.0001372684,0.0040787103,1.0000000000
171,19.8132,1785358771.983,2,2.3915,1.1593,2.2040,1.1151,2.2978,1.1372,13.24,0.0005,-0.0021,-0.0000,-0.0021,1.03,1.0000,0.0024,0.5076,0.1926,0,frozen,2-tag corner homography,2,1920,1200,0.200000,101;102,1,1,,2-tag corner homography,0.011695,0.499114,101,102,4.759114,4.260000,30,0.050000,0.600000,5.000000,raw-zero-distortion,590.9628888758,0.0000000000,1007.8592059077,0.0000000000,592.3761043005,547.7101609771,0.0000000000,0.0000000000,1.0000000000,-0.0359937509,0.0291287486,0.0062609452,0.0003552766,-0.0208418310,0.0000000000,0.0000000000,0.0000000000,0.0000000000,0.0000000000,1,0.000000,0.000000,73.015,751.023,1,0.950,73.071,751.715,65.533,791.478,8.875,780.165,79.399,716.508,134.482,723.095,-2.846937,0.619822,1.799803,3.424693,-0.002564,0.001630,1,4.260000,0.000000,1773.357,886.481,1,1.314,1772.441,886.622,1843.303,934.453,1760.810,935.426,1705.653,840.046,1784.335,843.660,1.895361,0.838142,1.464968,2.537914,4.261496,0.000552,0.0112941587,0.0112734416,-9.3013620621,0.0008852676,-0.0111592015,8.3241499835,0.0001427556,0.0040696675,1.0000000000,0.0112838714,0.0113034327,-9.3234733676,0.0008868924,-0.0111619359,8.3247484681,0.0001372684,0.0040787103,1.0000000000
172,19.9856,1785358772.126,2,2.3928,1.1591,2.2043,1.1155,2.2985,1.1373,13.02,0.0029,-0.0014,0.0025,-0.0020,-0.17,1.0000,0.0021,0.5076,0.1934,0,frozen,2-tag corner homography,2,1920,1200,0.200000,101;102,1,1,,2-tag corner homography,0.011732,0.483121,101,102,4.743121,4.260000,30,0.050000,0.600000,5.000000,raw-zero-distortion,590.9628888758,0.0000000000,1007.8592059077,0.0000000000,592.3761043005,547.7101609771,0.0000000000,0.0000000000,1.0000000000,-0.0359937509,0.0291287486,0.0062609452,0.0003552766,-0.0208418310,0.0000000000,0.0000000000,0.0000000000,0.0000000000,0.0000000000,1,0.000000,0.000000,72.885,751.211,1,1.216,73.368,751.612,65.335,791.520,9.175,780.200,79.395,716.454,135.505,722.718,-2.832186,0.616497,1.791047,3.407227,-0.002401,0.001085,1,4.260000,0.000000,1773.078,886.299,1,1.047,1772.426,886.609,1843.298,934.489,1760.849,935.418,1706.049,840.299,1783.782,843.310,1.894493,0.837743,1.464326,2.536763,4.261109,0.000919,0.0112744832,0.0113188253,-9.3363086237,0.0008839373,-0.0111342635,8.3041435685,0.0001337994,0.0040796962,1.0000000000,0.0112838714,0.0113034327,-9.3234733676,0.0008868924,-0.0111619359,8.3247484681,0.0001372684,0.0040787103,1.0000000000
173,20.1109,1785358772.250,2,2.3943,1.1586,2.2037,1.1162,2.2990,1.1374,12.53,0.0037,0.0001,0.0037,-0.0007,-1.66,1.0000,0.0032,0.5076,0.1953,0,frozen,2-tag corner homography,2,1920,1200,0.200000,101;102,1,1,,2-tag corner homography,0.011552,0.504642,101,102,4.764642,4.260000,30,0.050000,0.600000,5.000000,raw-zero-distortion,590.9628888758,0.0000000000,1007.8592059077,0.0000000000,592.3761043005,547.7101609771,0.0000000000,0.0000000000,1.0000000000,-0.0359937509,0.0291287486,0.0062609452,0.0003552766,-0.0208418310,0.0000000000,0.0000000000,0.0000000000,0.0000000000,0.0000000000,1,0.000000,0.000000,73.100,750.658,1,1.231,73.290,751.426,65.594,791.420,9.191,779.488,79.405,716.421,134.956,722.755,-2.850861,0.619945,1.802706,3.429503,-0.003342,0.002647,1,4.260000,0.000000,1773.135,886.407,1,1.160,1772.336,886.562,1843.174,934.309,1760.697,935.359,1705.702,840.287,1784.076,843.347,1.896851,0.838767,1.466321,2.540014,4.261099,0.000682,0.0111682453,0.0111469642,-9.1961902682,0.0008784887,-0.0110537376,8.2420420726,0.0001379132,0.0040182488,1.0000000000,0.0112838714,0.0113034327,-9.3234733676,0.0008868924,-0.0111619359,8.3247484681,0.0001372684,0.0040787103,1.0000000000
174,20.2472,1785358772.414,2,2.3929,1.1583,2.2027,1.1166,2.2978,1.1375,12.36,-0.0010,0.0004,-0.0009,0.0006,-2.28,1.0000,0.0026,0.5076,0.1948,0,frozen,2-tag corner homography,2,1920,1200,0.200000,101;102,1,1,,2-tag corner homography,0.011445,0.490486,101,102,4.750486,4.260000,30,0.050000,0.600000,5.000000,raw-zero-distortion,590.9628888758,0.0000000000,1007.8592059077,0.0000000000,592.3761043005,547.7101609771,0.0000000000,0.0000000000,1.0000000000,-0.0359937509,0.0291287486,0.0062609452,0.0003552766,-0.0208418310,0.0000000000,0.0000000000,0.0000000000,0.0000000000,0.0000000000,1,0.000000,0.000000,72.948,750.976,1,1.175,73.274,751.540,65.472,791.441,8.796,780.070,79.328,716.447,135.411,722.647,-2.834472,0.616714,1.792311,3.409831,-0.002881,0.001744,1,4.260000,0.000000,1773.381,886.619,1,1.226,1772.509,886.700,1843.210,934.413,1760.886,935.411,1705.849,840.397,1784.393,843.620,1.899672,0.840167,1.468170,2.543650,4.261376,0.000239,0.0112280752,0.0112761696,-9.2988608222,0.0008831600,-0.0111125743,8.2872289196,0.0001319236,0.0040617144,1.0000000000,0.0112838714,0.0113034327,-9.3234733676,0.0008868924,-0.0111619359,8.3247484681,0.0001372684,0.0040787103,1.0000000000
175,20.4119,1785358772.557,2,2.3948,1.1586,2.2036,1.1157,2.2992,1.1371,12.63,0.0006,-0.0007,0.0004,-0.0008,-0.18,1.0000,0.0036,0.5076,0.1960,0,frozen,2-tag corner homography,2,1920,1200,0.200000,101;102,1,1,,2-tag corner homography,0.011674,0.512790,101,102,4.772790,4.260000,30,0.050000,0.600000,5.000000,raw-zero-distortion,590.9628888758,0.0000000000,1007.8592059077,0.0000000000,592.3761043005,547.7101609771,0.0000000000,0.0000000000,1.0000000000,-0.0359937509,0.0291287486,0.0062609452,0.0003552766,-0.0208418310,0.0000000000,0.0000000000,0.0000000000,0.0000000000,0.0000000000,1,0.000000,0.000000,73.229,750.436,1,1.067,73.008,751.499,65.671,791.429,8.654,779.365,79.499,716.428,134.208,723.118,-2.862208,0.622445,1.809335,3.442872,-0.003601,0.003285,1,4.260000,0.000000,1773.514,886.614,1,1.463,1772.443,886.596,1843.186,934.415,1761.105,935.516,1705.421,839.896,1784.408,843.682,1.893177,0.837111,1.463277,2.534967,4.261674,0.000275,0.0112387376,0.0111975426,-9.2369297390,0.0008843584,-0.0111323312,8.3016817970,0.0001383313,0.0040518039,1.0000000000,0.0112838714,0.0113034327,-9.3234733676,0.0008868924,-0.0111619359,8.3247484681,0.0001372684,0.0040787103,1.0000000000
176,20.5413,1785358772.681,2,2.3924,1.1584,2.2034,1.1157,2.2979,1.1370,12.75,0.0007,-0.0012,0.0004,-0.0014,0.89,1.0000,0.0025,0.5076,0.1938,0,frozen,2-tag corner homography,2,1920,1200,0.200000,101;102,1,1,,2-tag corner homography,0.011796,0.498827,101,102,4.758827,4.260000,30,0.050000,0.600000,5.000000,raw-zero-distortion,590.9628888758,0.0000000000,1007.8592059077,0.0000000000,592.3761043005,547.7101609771,0.0000000000,0.0000000000,1.0000000000,-0.0359937509,0.0291287486,0.0062609452,0.0003552766,-0.0208418310,0.0000000000,0.0000000000,0.0000000000,0.0000000000,0.0000000000,1,0.000000,0.000000,73.007,750.975,1,0.830,72.915,751.724,65.446,791.440,8.733,780.279,79.465,716.414,134.048,723.145,-2.846150,0.619575,1.799005,3.423574,-0.002718,0.001759,1,4.260000,0.000000,1773.317,886.465,1,1.218,1772.495,886.675,1843.400,934.417,1760.853,935.558,1705.820,840.283,1784.222,843.515,1.895913,0.838458,1.465292,2.538617,4.261426,0.000580,0.0112339614,0.0111842364,-9.2283080407,0.0008797485,-0.0110875218,8.2709192761,0.0001464025,0.0040325963,1.0000000000,0.0112838714,0.0113034327,-9.3234733676,0.0008868924,-0.0111619359,8.3247484681,0.0001372684,0.0040787103,1.0000000000
177,20.6554,1785358772.827,2,2.3939,1.1596,2.2033,1.1164,2.2986,1.1380,12.79,-0.0015,0.0019,-0.0011,0.0021,0.73,1.0000,0.0026,0.5076,0.1954,0,frozen,2-tag corner homography,2,1920,1200,0.200000,101;102,1,1,,2-tag corner homography,0.011641,0.501645,101,102,4.761645,4.260000,30,0.050000,0.600000,5.000000,raw-zero-distortion,590.9628888758,0.0000000000,1007.8592059077,0.0000000000,592.3761043005,547.7101609771,0.0000000000,0.0000000000,1.0000000000,-0.0359937509,0.0291287486,0.0062609452,0.0003552766,-0.0208418310,0.0000000000,0.0000000000,0.0000000000,0.0000000000,0.0000000000,1,0.000000,0.000000,72.899,751.063,1,1.025,73.084,751.673,65.439,791.443,9.041,779.982,79.284,716.508,134.582,723.130,-2.851552,0.620708,1.802746,3.430236,-0.002773,0.001493,1,4.260000,0.000000,1773.341,886.299,1,1.182,1772.544,886.508,1843.424,934.433,1760.747,935.353,1705.926,839.998,1784.375,843.325,1.893040,0.836721,1.462977,2.534562,4.261687,0.000966,0.0112150041,0.0112050846,-9.2438055735,0.0008782376,-0.0110774402,8.2627422258,0.0001443656,0.0040289678,1.0000000000,0.0112838714,0.0113034327,-9.3234733676,0.0008868924,-0.0111619359,8.3247484681,0.0001372684,0.0040787103,1.0000000000
178,20.8258,1785358772.945,2,2.3931,1.1574,2.2031,1.1162,2.2981,1.1368,12.24,-0.0000,-0.0008,-0.0002,-0.0007,-1.37,1.0000,0.0033,0.5076,0.1944,0,frozen,2-tag corner homography,2,1920,1200,0.200000,101;102,1,1,,2-tag corner homography,0.011660,0.513631,101,102,4.773631,4.260000,30,0.050000,0.600000,5.000000,raw-zero-distortion,590.9628888758,0.0000000000,1007.8592059077,0.0000000000,592.3761043005,547.7101609771,0.0000000000,0.0000000000,1.0000000000,-0.0359937509,0.0291287486,0.0062609452,0.0003552766,-0.0208418310,0.0000000000,0.0000000000,0.0000000000,0.0000000000,0.0000000000,1,0.000000,0.000000,72.994,750.669,1,1.106,73.013,751.519,65.271,791.500,8.847,779.414,79.477,716.393,134.448,723.131,-2.857794,0.621552,1.806554,3.437579,-0.003606,0.002595,1,4.260000,0.000000,1773.279,886.406,1,1.193,1772.466,886.591,1843.170,934.282,1760.806,935.362,1705.951,840.286,1784.218,843.471,1.898793,0.839555,1.467573,2.542448,4.261417,0.000710,0.0111411739,0.0111216029,-9.1730783240,0.0008772754,-0.0110464019,8.2378915307,0.0001367920,0.0040082633,1.0000000000,0.0112838714,0.0113034327,-9.3234733676,0.0008868924,-0.0111619359,8.3247484681,0.0001372684,0.0040787103,1.0000000000
179,20.9319,1785358773.114,2,2.3929,1.1577,2.2036,1.1156,2.2983,1.1366,12.53,-0.0009,-0.0036,-0.0017,-0.0033,-1.24,1.0000,0.0030,0.5076,0.1939,0,frozen,2-tag corner homography,2,1920,1200,0.200000,101;102,1,1,,2-tag corner homography,0.011484,0.501935,101,102,4.761935,4.260000,30,0.050000,0.600000,5.000000,raw-zero-distortion,590.9628888758,0.0000000000,1007.8592059077,0.0000000000,592.3761043005,547.7101609771,0.0000000000,0.0000000000,1.0000000000,-0.0359937509,0.0291287486,0.0062609452,0.0003552766,-0.0208418310,0.0000000000,0.0000000000,0.0000000000,0.0000000000,0.0000000000,1,0.000000,0.000000,73.285,750.629,1,1.125,73.317,751.487,65.763,791.495,8.850,779.503,79.592,716.367,135.017,722.966,-2.850684,0.620109,1.802646,3.429354,-0.002910,0.002769,1,4.260000,0.000000,1773.538,886.740,1,1.445,1772.460,886.641,1843.117,934.411,1761.321,935.559,1705.420,840.071,1784.324,843.641,1.894213,0.837660,1.464044,2.536364,4.261570,-0.000010,0.0112188848,0.0112226734,-9.2577130456,0.0008835379,-0.0111156078,8.2887672609,0.0001305357,0.0040584547,1.0000000000,0.0112838714,0.0113034327,-9.3234733676,0.0008868924,-0.0111619359,8.3247484681,0.0001372684,0.0040787103,1.0000000000
180,21.0988,1785358773.226,2,2.3928,1.1579,2.2038,1.1161,2.2983,1.1370,12.48,0.0004,0.0000,0.0004,-0.0001,0.36,1.0000,0.0025,0.5076,0.1936,0,frozen,2-tag corner homography,2,1920,1200,0.200000,101;102,1,1,,2-tag corner homography,0.019596,0.492834,101,102,4.752834,4.260000,30,0.050000,0.600000,5.000000,raw-zero-distortion,590.9628888758,0.0000000000,1007.8592059077,0.0000000000,592.3761043005,547.7101609771,0.0000000000,0.0000000000,1.0000000000,-0.0359937509,0.0291287486,0.0062609452,0.0003552766,-0.0208418310,0.0000000000,0.0000000000,0.0000000000,0.0000000000,0.0000000000,1,0.000000,0.000000,72.981,750.987,1,1.088,73.206,751.596,65.361,791.522,9.112,780.043,79.485,716.391,134.856,722.839,-2.839452,0.617922,1.795330,3.415776,-0.002757,0.001721,1,4.260000,0.000000,1773.375,886.649,1,1.229,1772.488,886.672,1843.171,934.541,1761.149,935.367,1705.770,840.261,1784.175,843.613,1.896808,0.838855,1.465997,2.539824,4.261324,0.000169,0.0111657767,0.0131665971,-10.7149410173,0.0008798322,-0.0110306651,8.2236535058,0.0001359499,0.0040932595,1.0000000000,0.0112838714,0.0113034327,-9.3234733676,0.0008868924,-0.0111619359,8.3247484681,0.0001372684,0.0040787103,1.0000000000
181,21.2131,1785358773.351,2,2.3938,1.1563,2.2038,1.1157,2.2988,1.1360,12.06,0.0013,-0.0012,0.0010,-0.0015,-0.91,1.0000,0.0022,0.5076,0.1942,0,frozen,2-tag corner homography,2,1920,1200,0.200000,101;102,1,1,,2-tag corner homography,0.011523,0.506680,101,102,4.766680,4.260000,30,0.050000,0.600000,5.000000,raw-zero-distortion,590.9628888758,0.0000000000,1007.8592059077,0.0000000000,592.3761043005,547.7101609771,0.0000000000,0.0000000000,1.0000000000,-0.0359937509,0.0291287486,0.0062609452,0.0003552766,-0.0208418310,0.0000000000,0.0000000000,0.0000000000,0.0000000000,0.0000000000,1,0.000000,0.000000,72.875,751.222,1,1.023,73.164,751.707,65.335,791.502,9.105,779.928,79.386,716.433,134.822,723.336,-2.852031,0.620969,1.803202,3.430921,-0.002400,0.001053,1,4.260000,0.000000,1773.278,886.377,1,1.170,1772.493,886.590,1843.294,934.277,1760.870,935.424,1705.945,840.312,1784.153,843.393,1.897754,0.839063,1.466718,2.541015,4.261452,0.000776,0.0111623006,0.0111523374,-9.2015364259,0.0008767293,-0.0110538770,8.2454670531,0.0001380621,0.0040153941,1.0000000000,0.0112838714,0.0113034327,-9.3234733676,0.0008868924,-0.0111619359,8.3247484681,0.0001372684,0.0040787103,1.0000000000
182,21.3271,1785358773.445,2,2.3936,1.1569,2.2032,1.1160,2.2984,1.1365,12.13,0.0008,-0.0019,0.0004,-0.0020,-1.33,1.0000,0.0026,0.5076,0.1947,0,frozen,2-tag corner homography,2,1920,1200,0.200000,101;102,1,1,,2-tag corner homography,0.011594,0.500527,101,102,4.760527,4.260000,30,0.050000,0.600000,5.000000,raw-zero-distortion,590.9628888758,0.0000000000,1007.8592059077,0.0000000000,592.3761043005,547.7101609771,0.0000000000,0.0000000000,1.0000000000,-0.0359937509,0.0291287486,0.0062609452,0.0003552766,-0.0208418310,0.0000000000,0.0000000000,0.0000000000,0.0000000000,0.0000000000,1,0.000000,0.000000,73.041,750.892,1,0.935,73.114,751.549,65.307,791.330,8.748,779.841,79.659,716.293,134.701,723.129,-2.848296,0.619644,1.800744,3.426285,-0.002855,0.001993,1,4.260000,0.000000,1773.259,886.490,1,1.157,1772.454,886.617,1843.309,934.466,1760.907,935.409,1705.774,840.271,1784.138,843.404,1.895344,0.838108,1.464930,2.537868,4.261267,0.000512,0.0113080563,0.0113347028,-9.3469924382,0.0008886164,-0.0111890193,8.3444957431,0.0001397066,0.0040846297,1.0000000000,0.0112838714,0.0113034327,-9.3234733676,0.0008868924,-0.0111619359,8.3247484681,0.0001372684,0.0040787103,1.0000000000
183,21.4217,1785358773.540,2,2.3947,1.1575,2.2041,1.1155,2.2994,1.1365,12.42,0.0018,-0.0013,0.0015,-0.0017,-0.64,1.0000,0.0027,0.5076,0.1951,0,frozen,2-tag corner homography,2,1920,1200,0.200000,101;102,1,1,,2-tag corner homography,0.014132,0.501657,101,102,4.761657,4.260000,30,0.050000,0.600000,5.000000,raw-zero-distortion,590.9628888758,0.0000000000,1007.8592059077,0.0000000000,592.3761043005,547.7101609771,0.0000000000,0.0000000000,1.0000000000,-0.0359937509,0.0291287486,0.0062609452,0.0003552766,-0.0208418310,0.0000000000,0.0000000000,0.0000000000,0.0000000000,0.0000000000,1,0.000000,0.000000,72.806,751.024,1,1.340,73.301,751.528,65.496,791.387,8.882,779.671,79.038,716.614,135.674,722.850,-2.848897,0.619835,1.801485,3.427208,-0.003140,0.001582,1,4.260000,0.000000,1773.487,886.670,1,1.400,1772.469,886.683,1843.275,934.394,1761.114,935.584,1705.483,840.166,1784.358,843.690,1.895842,0.838475,1.465287,2.538567,4.261544,0.000141,0.0115138161,0.0128084552,-10.4713329551,0.0009133448,-0.0114663678,8.5490255030,0.0001289087,0.0042510157,1.0000000000,0.0112838714,0.0113034327,-9.3234733676,0.0008868924,-0.0111619359,8.3247484681,0.0001372684,0.0040787103,1.0000000000
184,21.5187,1785358773.696,2,2.3939,1.1574,2.2039,1.1160,2.2989,1.1367,12.29,0.0015,0.0008,0.0017,0.0004,0.33,1.0000,0.0030,0.5076,0.1945,0,frozen,2-tag corner homography,2,1920,1200,0.200000,101;102,1,1,,2-tag corner homography,0.011372,0.501549,101,102,4.761549,4.260000,30,0.050000,0.600000,5.000000,raw-zero-distortion,590.9628888758,0.0000000000,1007.8592059077,0.0000000000,592.3761043005,547.7101609771,0.0000000000,0.0000000000,1.0000000000,-0.0359937509,0.0291287486,0.0062609452,0.0003552766,-0.0208418310,0.0000000000,0.0000000000,0.0000000000,0.0000000000,0.0000000000,1,0.000000,0.000000,73.043,750.815,1,1.208,73.331,751.453,65.453,791.406,8.759,779.483,79.481,716.378,135.518,722.954,-2.848430,0.619524,1.801247,3.426639,-0.003065,0.002205,1,4.260000,0.000000,1773.634,886.718,1,1.434,1772.566,886.628,1843.168,934.347,1761.436,935.505,1705.592,840.112,1784.401,843.652,1.896214,0.838397,1.465387,2.538877,4.261808,0.000058,0.0112573203,0.0113241285,-9.3365244844,0.0008881912,-0.0111740432,8.3320237447,0.0001263944,0.0040880454,1.0000000000,0.0112838714,0.0113034327,-9.3234733676,0.0008868924,-0.0111619359,8.3247484681,0.0001372684,0.0040787103,1.0000000000
185,21.7011,1785358773.846,2,2.3938,1.1555,2.2040,1.1160,2.2989,1.1358,11.75,-0.0010,-0.0024,-0.0015,-0.0021,-1.96,1.0000,0.0027,0.5076,0.1939,0,frozen,2-tag corner homography,2,1920,1200,0.200000,101;102,1,1,,2-tag corner homography,0.011250,0.508712,101,102,4.768712,4.260000,30,0.050000,0.600000,5.000000,raw-zero-distortion,590.9628888758,0.0000000000,1007.8592059077,0.0000000000,592.3761043005,547.7101609771,0.0000000000,0.0000000000,1.0000000000,-0.0359937509,0.0291287486,0.0062609452,0.0003552766,-0.0208418310,0.0000000000,0.0000000000,0.0000000000,0.0000000000,0.0000000000,1,0.000000,0.000000,73.081,750.862,1,1.202,73.364,751.509,65.709,791.400,8.840,779.477,79.334,716.474,135.477,723.069,-2.854420,0.621019,1.805098,3.433913,-0.002829,0.002085,1,4.260000,0.000000,1773.346,886.614,1,1.269,1772.431,886.652,1843.053,934.445,1760.908,935.394,1705.745,840.229,1784.313,843.603,1.897252,0.839064,1.466450,2.540486,4.261304,0.000244,0.0111651641,0.0112238485,-9.2553192328,0.0008815934,-0.0110927350,8.2719925272,0.0001257738,0.0040435984,1.0000000000,0.0112838714,0.0113034327,-9.3234733676,0.0008868924,-0.0111619359,8.3247484681,0.0001372684,0.0040787103,1.0000000000
186,21.8262,1785358773.960,2,2.3951,1.1555,2.2038,1.1156,2.2995,1.1355,11.78,0.0008,-0.0035,0.0001,-0.0036,-1.83,1.0000,0.0026,0.5076,0.1955,0,frozen,2-tag corner homography,2,1920,1200,0.200000,101;102,1,1,,2-tag corner homography,0.011877,0.492781,101,102,4.752781,4.260000,30,0.050000,0.600000,5.000000,raw-zero-distortion,590.9628888758,0.0000000000,1007.8592059077,0.0000000000,592.3761043005,547.7101609771,0.0000000000,0.0000000000,1.0000000000,-0.0359937509,0.0291287486,0.0062609452,0.0003552766,-0.0208418310,0.0000000000,0.0000000000,0.0000000000,0.0000000000,0.0000000000,1,0.000000,0.000000,72.932,750.961,1,1.049,73.074,751.633,65.341,791.498,9.180,780.148,79.391,716.468,134.417,722.813,-2.841893,0.618478,1.796619,3.418583,-0.002965,0.001779,1,4.260000,0.000000,1773.306,886.525,1,1.185,1772.482,886.660,1843.451,934.581,1760.845,935.449,1705.705,840.213,1784.265,843.499,1.894162,0.837661,1.463962,2.536279,4.261327,0.000441,0.0112917645,0.0112444894,-9.2786432917,0.0008835930,-0.0111281421,8.2999989780,0.0001488393,0.0040556419,1.0000000000,0.0112838714,0.0113034327,-9.3234733676,0.0008868924,-0.0111619359,8.3247484681,0.0001372684,0.0040787103,1.0000000000
187,21.9355,1785358774.077,2,2.3947,1.1566,2.2031,1.1155,2.2989,1.1361,12.09,0.0004,-0.0005,0.0003,-0.0005,0.26,1.0000,0.0028,0.5076,0.1960,0,frozen,2-tag corner homography,2,1920,1200,0.200000,101;102,1,1,,2-tag corner homography,0.011583,0.502251,101,102,4.762251,4.260000,30,0.050000,0.600000,5.000000,raw-zero-distortion,590.9628888758,0.0000000000,1007.8592059077,0.0000000000,592.3761043005,547.7101609771,0.0000000000,0.0000000000,1.0000000000,-0.0359937509,0.0291287486,0.0062609452,0.0003552766,-0.0208418310,0.0000000000,0.0000000000,0.0000000000,0.0000000000,0.0000000000,1,0.000000,0.000000,72.792,750.996,1,0.954,72.901,751.636,65.409,791.402,8.659,780.007,79.114,716.394,134.418,723.118,-2.849903,0.620116,1.801349,3.428024,-0.003259,0.001655,1,4.260000,0.000000,1773.389,886.549,1,1.299,1772.469,886.645,1843.219,934.468,1760.910,935.458,1705.723,840.116,1784.341,843.623,1.895445,0.838205,1.464979,2.538003,4.261479,0.000401,0.0111468956,0.0111049242,-9.1610604066,0.0008753100,-0.0110268306,8.2246832863,0.0001372564,0.0040092006,1.0000000000,0.0112838714,0.0113034327,-9.3234733676,0.0008868924,-0.0111619359,8.3247484681,0.0001372684,0.0040787103,1.0000000000
188,22.0661,1785358774.209,1,2.3949,1.1563,2.2039,1.1156,2.2994,1.1360,12.02,0.0000,0.0011,0.0003,0.0011,0.76,1.0000,0.0014,0.5076,0.1952,0,frozen,2-tag corner homography,2,1920,1200,0.200000,102,0,0,insufficient,insufficient,,,,,,,30,0.050000,0.600000,5.000000,raw-zero-distortion,590.9628888758,0.0000000000,1007.8592059077,0.0000000000,592.3761043005,547.7101609771,0.0000000000,0.0000000000,1.0000000000,-0.0359937509,0.0291287486,0.0062609452,0.0003552766,-0.0208418310,0.0000000000,0.0000000000,0.0000000000,0.0000000000,0.0000000000,0,0.000000,0.000000,,,,,,,,,,,,,,,,,,,,,1,4.260000,0.000000,1773.388,886.615,1,1.349,1772.415,886.652,1843.212,934.580,1760.928,935.414,1705.531,840.000,1784.338,843.733,1.894130,0.837700,1.464066,2.536328,4.261396,0.000249,,,,,,,,,,0.0112838714,0.0113034327,-9.3234733676,0.0008868924,-0.0111619359,8.3247484681,0.0001372684,0.0040787103,1.0000000000
189,22.1911,1785358774.400,2,2.3956,1.1560,2.2038,1.1155,2.2997,1.1358,11.92,0.0021,-0.0004,0.0020,-0.0009,-0.23,1.0000,0.0028,0.5076,0.1961,0,frozen,2-tag corner homography,2,1920,1200,0.200000,101;102,1,1,,2-tag corner homography,0.011550,0.491820,101,102,4.751820,4.260000,30,0.050000,0.600000,5.000000,raw-zero-distortion,590.9628888758,0.0000000000,1007.8592059077,0.0000000000,592.3761043005,547.7101609771,0.0000000000,0.0000000000,1.0000000000,-0.0359937509,0.0291287486,0.0062609452,0.0003552766,-0.0208418310,0.0000000000,0.0000000000,0.0000000000,0.0000000000,0.0000000000,1,0.000000,0.000000,72.766,751.000,1,1.203,73.134,751.544,65.589,791.350,8.804,780.138,78.894,716.549,135.189,722.564,-2.838416,0.617492,1.794536,3.414420,-0.003317,0.001636,1,4.260000,0.000000,1773.399,886.525,1,1.216,1772.558,886.677,1843.316,934.497,1760.915,935.437,1705.946,840.244,1784.356,843.598,1.896857,0.838812,1.465900,2.539790,4.261532,0.000457,0.0111930336,0.0112072573,-9.2429720352,0.0008795114,-0.0110696448,8.2553768044,0.0001330681,0.0040417612,1.0000000000,0.0112838714,0.0113034327,-9.3234733676,0.0008868924,-0.0111619359,8.3247484681,0.0001372684,0.0040787103,1.0000000000
190,22.3917,1785358774.535,2,2.3936,1.1565,2.2033,1.1154,2.2984,1.1360,12.20,-0.0024,0.0000,-0.0024,0.0005,0.49,1.0000,0.0022,0.5076,0.1947,0,frozen,2-tag corner homography,2,1920,1200,0.200000,101;102,1,1,,2-tag corner homography,0.011555,0.495043,101,102,4.755043,4.260000,30,0.050000,0.600000,5.000000,raw-zero-distortion,590.9628888758,0.0000000000,1007.8592059077,0.0000000000,592.3761043005,547.7101609771,0.0000000000,0.0000000000,1.0000000000,-0.0359937509,0.0291287486,0.0062609452,0.0003552766,-0.0208418310,0.0000000000,0.0000000000,0.0000000000,0.0000000000,0.0000000000,1,0.000000,0.000000,73.103,751.031,1,0.911,73.198,751.650,65.570,791.419,8.763,780.115,79.572,716.349,134.847,723.121,-2.843325,0.618922,1.797762,3.420455,-0.002297,0.001626,1,4.260000,0.000000,1773.130,886.422,1,1.086,1772.372,886.520,1843.220,934.361,1761.017,935.320,1705.712,840.309,1783.843,843.176,1.894995,0.837804,1.464818,2.537442,4.261070,0.000647,0.0112317302,0.0112644111,-9.2906610783,0.0008813550,-0.0111116837,8.2878825410,0.0001352212,0.0040561135,1.0000000000,0.0112838714,0.0113034327,-9.3234733676,0.0008868924,-0.0111619359,8.3247484681,0.0001372684,0.0040787103,1.0000000000
191,22.5390,1785358774.717,2,2.3928,1.1554,2.2036,1.1154,2.2982,1.1354,11.94,-0.0039,-0.0007,-0.0040,0.0001,0.21,1.0000,0.0031,0.5076,0.1934,0,frozen,2-tag corner homography,2,1920,1200,0.200000,101;102,1,1,,2-tag corner homography,0.011467,0.491597,101,102,4.751597,4.260000,30,0.050000,0.600000,5.000000,raw-zero-distortion,590.9628888758,0.0000000000,1007.8592059077,0.0000000000,592.3761043005,547.7101609771,0.0000000000,0.0000000000,1.0000000000,-0.0359937509,0.0291287486,0.0062609452,0.0003552766,-0.0208418310,0.0000000000,0.0000000000,0.0000000000,0.0000000000,0.0000000000,1,0.000000,0.000000,73.033,750.758,1,1.273,73.279,751.497,65.556,791.547,8.890,779.757,79.313,716.494,135.286,722.613,-2.840143,0.617821,1.795906,3.416635,-0.003252,0.002360,1,4.260000,0.000000,1773.290,886.408,1,1.253,1772.429,886.582,1843.285,934.409,1760.741,935.420,1705.729,840.077,1784.276,843.502,1.894779,0.837798,1.464542,2.537120,4.261438,0.000706,0.0112149420,0.0112399349,-9.2701611359,0.0008807298,-0.0110870613,8.2677209601,0.0001337309,0.0040509879,1.0000000000,0.0112838714,0.0113034327,-9.3234733676,0.0008868924,-0.0111619359,8.3247484681,0.0001372684,0.0040787103,1.0000000000
192,22.7267,1785358774.940,2,2.3957,1.1571,2.2044,1.1146,2.3000,1.1358,12.50,0.0035,-0.0003,0.0033,-0.0011,0.87,1.0000,0.0024,0.5076,0.1960,0,frozen,2-tag corner homography,2,1920,1200,0.200000,101;102,1,1,,2-tag corner homography,0.011699,0.510513,101,102,4.770513,4.260000,30,0.050000,0.600000,5.000000,raw-zero-distortion,590.9628888758,0.0000000000,1007.8592059077,0.0000000000,592.3761043005,547.7101609771,0.0000000000,0.0000000000,1.0000000000,-0.0359937509,0.0291287486,0.0062609452,0.0003552766,-0.0208418310,0.0000000000,0.0000000000,0.0000000000,0.0000000000,0.0000000000,1,0.000000,0.000000,72.876,751.066,1,1.033,73.026,751.727,65.642,791.508,9.253,779.897,79.045,716.570,134.235,723.260,-2.860002,0.622675,1.807975,3.440365,-0.002831,0.001481,1,4.260000,0.000000,1773.170,886.461,1,1.159,1772.363,886.575,1843.235,934.408,1760.961,935.482,1705.634,840.244,1783.930,843.261,1.893218,0.837164,1.463461,2.535120,4.261109,0.000563,0.0111155701,0.0109905113,-9.0751533784,0.0008711678,-0.0109858133,8.1950163834,0.0001430580,0.0039785906,1.0000000000,0.0112838714,0.0113034327,-9.3234733676,0.0008868924,-0.0111619359,8.3247484681,0.0001372684,0.0040787103,1.0000000000
193,22.9460,1785358775.141,2,2.3946,1.1564,2.2035,1.1153,2.2990,1.1358,12.14,,,,,,1.0000,0.0022,0.5076,0.1954,0,frozen,2-tag corner homography,2,1920,1200,0.200000,101;102,1,1,,2-tag corner homography,0.011610,0.486032,101,102,4.746032,4.260000,30,0.050000,0.600000,5.000000,raw-zero-distortion,590.9628888758,0.0000000000,1007.8592059077,0.0000000000,592.3761043005,547.7101609771,0.0000000000,0.0000000000,1.0000000000,-0.0359937509,0.0291287486,0.0062609452,0.0003552766,-0.0208418310,0.0000000000,0.0000000000,0.0000000000,0.0000000000,0.0000000000,1,0.000000,0.000000,73.073,751.052,1,1.156,73.458,751.525,65.504,791.401,9.331,780.097,79.579,716.372,135.379,722.661,-2.834447,0.616785,1.792649,3.410001,-0.002322,0.001562,1,4.260000,0.000000,1773.284,886.473,1,1.134,1772.481,886.559,1843.338,934.391,1760.899,935.383,1705.763,840.288,1784.230,843.241,1.895076,0.837816,1.464671,2.537422,4.261344,0.000558,0.0115388593,0.0117028889,-9.6444106300,0.0009049355,-0.0113939884,8.4965537695,0.0001424449,0.0041953106,1.0000000000,0.0112838714,0.0113034327,-9.3234733676,0.0008868924,-0.0111619359,8.3247484681,0.0001372684,0.0040787103,1.0000000000
194,23.1614,1785358775.371,2,2.3956,1.1564,2.2045,1.1142,2.3000,1.1353,12.44,,,,,,1.0000,0.0025,0.5076,0.1957,0,frozen,2-tag corner homography,2,1920,1200,0.200000,101;102,1,1,,2-tag corner homography,0.011935,0.505092,101,102,4.765092,4.260000,30,0.050000,0.600000,5.000000,raw-zero-distortion,590.9628888758,0.0000000000,1007.8592059077,0.0000000000,592.3761043005,547.7101609771,0.0000000000,0.0000000000,1.0000000000,-0.0359937509,0.0291287486,0.0062609452,0.0003552766,-0.0208418310,0.0000000000,0.0000000000,0.0000000000,0.0000000000,0.0000000000,1,0.000000,0.000000,72.761,751.165,1,0.965,72.990,751.671,65.204,791.422,9.216,780.081,79.290,716.385,134.301,723.162,-2.849872,0.620274,1.801502,3.428107,-0.002873,0.001183,1,4.260000,0.000000,1773.377,886.523,1,1.147,1772.589,886.677,1843.270,934.455,1760.999,935.402,1706.095,840.381,1784.268,843.516,1.898412,0.839464,1.467042,2.541826,4.261487,0.000460,0.0112097427,0.0111078765,-9.1694108994,0.0008793273,-0.0110790241,8.2639566596,0.0001434960,0.0040249560,1.0000000000,0.0112838714,0.0113034327,-9.3234733676,0.0008868924,-0.0111619359,8.3247484681,0.0001372684,0.0040787103,1.0000000000
195,23.3548,1785358775.550,2,2.3922,1.1559,2.2042,1.1144,2.2982,1.1352,12.44,,,,,,1.0000,0.0033,0.5076,0.1925,0,frozen,2-tag corner homography,2,1920,1200,0.200000,101;102,1,1,,2-tag corner homography,0.011455,0.499543,101,102,4.759543,4.260000,30,0.050000,0.600000,5.000000,raw-zero-distortion,590.9628888758,0.0000000000,1007.8592059077,0.0000000000,592.3761043005,547.7101609771,0.0000000000,0.0000000000,1.0000000000,-0.0359937509,0.0291287486,0.0062609452,0.0003552766,-0.0208418310,0.0000000000,0.0000000000,0.0000000000,0.0000000000,0.0000000000,1,0.000000,0.000000,72.999,750.660,1,1.229,73.203,751.415,65.571,791.429,8.737,779.561,79.245,716.384,135.188,722.692,-2.845431,0.618672,1.799105,3.422866,-0.003615,0.002620,1,4.260000,0.000000,1773.120,886.279,1,1.097,1772.424,886.582,1843.199,934.297,1760.720,935.404,1706.073,840.339,1783.962,843.323,1.897368,0.838949,1.466553,2.540594,4.261225,0.000972,0.0110793582,0.0111024260,-9.1550759759,0.0008726764,-0.0109799104,8.1869781231,0.0001276776,0.0039976477,1.0000000000,0.0112838714,0.0113034327,-9.3234733676,0.0008868924,-0.0111619359,8.3247484681,0.0001372684,0.0040787103,1.0000000000
196,23.5635,1785358775.747,2,2.3950,1.1555,2.2039,1.1156,2.2995,1.1355,11.80,,,,,,1.0000,0.0021,0.5076,0.1953,0,frozen,2-tag corner homography,2,1920,1200,0.200000,101;102,1,1,,2-tag corner homography,0.011402,0.496144,101,102,4.756144,4.260000,30,0.050000,0.600000,5.000000,raw-zero-distortion,590.9628888758,0.0000000000,1007.8592059077,0.0000000000,592.3761043005,547.7101609771,0.0000000000,0.0000000000,1.0000000000,-0.0359937509,0.0291287486,0.0062609452,0.0003552766,-0.0208418310,0.0000000000,0.0000000000,0.0000000000,0.0000000000,0.0000000000,1,0.000000,0.000000,72.957,751.168,1,0.904,73.152,751.668,65.447,791.463,8.858,780.155,79.464,716.262,134.823,723.192,-2.842267,0.618718,1.797007,3.419141,-0.002320,0.001218,1,4.260000,0.000000,1773.383,886.606,1,1.208,1772.505,886.620,1843.294,934.374,1761.057,935.409,1705.697,840.358,1784.293,843.407,1.897254,0.838905,1.466309,2.540354,4.261396,0.000270,0.0111688663,0.0111450310,-9.1960035287,0.0008765127,-0.0110454282,8.2387059399,0.0001363320,0.0040216761,1.0000000000,0.0112838714,0.0113034327,-9.3234733676,0.0008868924,-0.0111619359,8.3247484681,0.0001372684,0.0040787103,1.0000000000
197,23.7502,1785358775.917,2,2.3933,1.1559,2.2036,1.1140,2.2984,1.1349,12.44,,,,,,1.0000,0.0024,0.5076,0.1943,0,frozen,2-tag corner homography,2,1920,1200,0.200000,101;102,1,1,,2-tag corner homography,0.011370,0.485080,101,102,4.745080,4.260000,30,0.050000,0.600000,5.000000,raw-zero-distortion,590.9628888758,0.0000000000,1007.8592059077,0.0000000000,592.3761043005,547.7101609771,0.0000000000,0.0000000000,1.0000000000,-0.0359937509,0.0291287486,0.0062609452,0.0003552766,-0.0208418310,0.0000000000,0.0000000000,0.0000000000,0.0000000000,0.0000000000,1,0.000000,0.000000,72.981,751.059,1,1.135,73.351,751.538,65.463,791.460,8.816,780.061,79.447,716.314,135.580,722.765,-2.832749,0.616384,1.791369,3.407844,-0.002557,0.001522,1,4.260000,0.000000,1773.437,886.617,1,1.281,1772.517,886.666,1843.214,934.507,1760.961,935.444,1705.774,840.177,1784.426,843.613,1.895902,0.838407,1.465241,2.538563,4.261502,0.000254,0.0112230343,0.0112859300,-9.3066423894,0.0008819870,-0.0110995005,8.2773670757,0.0001296589,0.0040641737,1.0000000000,0.0112838714,0.0113034327,-9.3234733676,0.0008868924,-0.0111619359,8.3247484681,0.0001372684,0.0040787103,1.0000000000
198,23.9047,1785358776.057,2,2.3941,1.1558,2.2036,1.1146,2.2988,1.1352,12.22,-0.0020,-0.0011,-0.0021,-0.0007,1.28,1.0000,0.0022,0.5076,0.1950,0,frozen,2-tag corner homography,2,1920,1200,0.200000,101;102,1,1,,2-tag corner homography,0.011441,0.479655,101,102,4.739655,4.260000,30,0.050000,0.600000,5.000000,raw-zero-distortion,590.9628888758,0.0000000000,1007.8592059077,0.0000000000,592.3761043005,547.7101609771,0.0000000000,0.0000000000,1.0000000000,-0.0359937509,0.0291287486,0.0062609452,0.0003552766,-0.0208418310,0.0000000000,0.0000000000,0.0000000000,0.0000000000,0.0000000000,1,0.000000,0.000000,72.938,751.140,1,1.422,73.625,751.453,65.384,791.428,9.316,780.012,79.446,716.426,136.232,722.418,-2.826933,0.615042,1.788217,3.401110,-0.002452,0.001290,1,4.260000,0.000000,1773.300,886.534,1,1.182,1772.478,886.667,1843.310,934.519,1760.831,935.402,1705.813,840.277,1784.271,843.541,1.896446,0.838691,1.465736,2.539349,4.261304,0.000420,0.0113519764,0.0114645787,-9.4525781035,0.0008922526,-0.0112200309,8.3660127769,0.0001322830,0.0041226154,1.0000000000,0.0112838714,0.0113034327,-9.3234733676,0.0008868924,-0.0111619359,8.3247484681,0.0001372684,0.0040787103,1.0000000000
199,24.0384,1785358776.163,2,2.3939,1.1563,2.2030,1.1147,2.2984,1.1355,12.27,-0.0005,0.0011,-0.0003,0.0012,-0.08,1.0000,0.0023,0.5076,0.1954,0,frozen,2-tag corner homography,2,1920,1200,0.200000,101;102,1,1,,2-tag corner homography,0.011745,0.500174,101,102,4.760174,4.260000,30,0.050000,0.600000,5.000000,raw-zero-distortion,590.9628888758,0.0000000000,1007.8592059077,0.0000000000,592.3761043005,547.7101609771,0.0000000000,0.0000000000,1.0000000000,-0.0359937509,0.0291287486,0.0062609452,0.0003552766,-0.0208418310,0.0000000000,0.0000000000,0.0000000000,0.0000000000,0.0000000000,1,0.000000,0.000000,73.000,751.087,1,0.974,73.214,751.616,65.378,791.383,9.368,780.004,79.570,716.346,134.574,723.104,-2.848390,0.619933,1.800996,3.426548,-0.002430,0.001451,1,4.260000,0.000000,1773.393,886.598,1,1.209,1772.515,886.616,1843.282,934.465,1760.952,935.438,1705.726,840.254,1784.403,843.374,1.894870,0.837828,1.464447,2.537142,4.261427,0.000290,0.0111057520,0.0110206293,-9.0980559429,0.0008698575,-0.0109572671,8.1723481247,0.0001477032,0.0039660646,1.0000000000,0.0112838714,0.0113034327,-9.3234733676,0.0008868924,-0.0111619359,8.3247484681,0.0001372684,0.0040787103,1.0000000000
200,24.1389,1785358776.270,2,2.3925,1.1566,2.2023,1.1151,2.2974,1.1358,12.32,-0.0038,0.0021,-0.0032,0.0029,0.25,1.0000,0.0032,0.5076,0.1947,0,frozen,2-tag corner homography,2,1920,1200,0.200000,101;102,1,1,,2-tag corner homography,0.011472,0.507929,101,102,4.767929,4.260000,30,0.050000,0.600000,5.000000,raw-zero-distortion,590.9628888758,0.0000000000,1007.8592059077,0.0000000000,592.3761043005,547.7101609771,0.0000000000,0.0000000000,1.0000000000,-0.0359937509,0.0291287486,0.0062609452,0.0003552766,-0.0208418310,0.0000000000,0.0000000000,0.0000000000,0.0000000000,0.0000000000,1,0.000000,0.000000,73.163,750.609,1,1.115,73.190,751.465,65.679,791.448,8.833,779.388,79.441,716.343,134.778,723.043,-2.856177,0.621152,1.805873,3.435804,-0.003307,0.002798,1,4.260000,0.000000,1773.271,886.446,1,1.179,1772.461,886.604,1843.296,934.466,1760.927,935.425,1705.815,840.189,1784.112,843.425,1.894569,0.837725,1.464317,2.536809,4.261348,0.000616,0.0111162002,0.0110870922,-9.1465926337,0.0008754764,-0.0110167224,8.2149527684,0.0001315669,0.0040058688,1.0000000000,0.0112838714,0.0113034327,-9.3234733676,0.0008868924,-0.0111619359,8.3247484681,0.0001372684,0.0040787103,1.0000000000
201,24.2467,1785358776.384,2,2.3918,1.1565,2.2036,1.1145,2.2977,1.1355,12.58,-0.0039,0.0015,-0.0034,0.0023,0.73,1.0000,0.0023,0.5076,0.1928,0,frozen,2-tag corner homography,2,1920,1200,0.200000,101;102,1,1,,2-tag corner homography,0.011616,0.495342,101,102,4.755342,4.260000,30,0.050000,0.600000,5.000000,raw-zero-distortion,590.9628888758,0.0000000000,1007.8592059077,0.0000000000,592.3761043005,547.7101609771,0.0000000000,0.0000000000,1.0000000000,-0.0359937509,0.0291287486,0.0062609452,0.0003552766,-0.0208418310,0.0000000000,0.0000000000,0.0000000000,0.0000000000,0.0000000000,1,0.000000,0.000000,72.748,751.207,1,1.396,73.358,751.606,65.450,791.501,9.357,779.977,79.005,716.662,135.569,722.695,-2.841734,0.618550,1.797066,3.418699,-0.002793,0.001067,1,4.260000,0.000000,1773.214,886.536,1,1.129,1772.432,886.666,1843.103,934.470,1760.861,935.421,1705.928,840.386,1784.106,843.435,1.896961,0.838968,1.466222,2.540105,4.261112,0.000400,0.0111839811,0.0112175521,-9.2532457000,0.0008790286,-0.0110671879,8.2540375657,0.0001336202,0.0040357599,1.0000000000,0.0112838714,0.0113034327,-9.3234733676,0.0008868924,-0.0111619359,8.3247484681,0.0001372684,0.0040787103,1.0000000000
202,24.3631,1785358776.498,2,2.3953,1.1554,2.2046,1.1145,2.3000,1.1349,12.10,0.0019,-0.0008,0.0017,-0.0012,0.07,1.0000,0.0024,0.5076,0.1950,0,frozen,2-tag corner homography,2,1920,1200,0.200000,101;102,1,0,world_rms>0.050,2-tag corner homography,0.125598,0.488951,101,102,4.748951,4.260000,30,0.050000,0.600000,5.000000,raw-zero-distortion,590.9628888758,0.0000000000,1007.8592059077,0.0000000000,592.3761043005,547.7101609771,0.0000000000,0.0000000000,1.0000000000,-0.0359937509,0.0291287486,0.0062609452,0.0003552766,-0.0208418310,0.0000000000,0.0000000000,0.0000000000,0.0000000000,0.0000000000,1,0.000000,0.000000,72.850,751.095,1,1.152,73.221,751.584,65.469,791.427,9.389,780.223,79.189,716.460,134.859,722.633,-2.837543,0.617481,1.794151,3.413489,-0.002821,0.001396,1,4.260000,0.000000,1773.251,886.445,1,1.191,1772.448,886.649,1843.191,934.440,1760.818,935.533,1705.914,840.236,1784.142,843.446,1.894823,0.837962,1.464539,2.537204,4.261307,0.000614,0.8636168123,0.5042885935,-442.3548703409,0.0417128294,-0.5135842497,382.6215834890,0.0591755589,0.2863172802,1.0000000000,0.0112838714,0.0113034327,-9.3234733676,0.0008868924,-0.0111619359,8.3247484681,0.0001372684,0.0040787103,1.0000000000
203,24.4742,1785358776.623,2,2.3962,1.1588,2.2038,1.1153,2.3000,1.1370,12.74,0.0065,0.0014,0.0066,-0.0001,0.45,1.0000,0.0025,0.5076,0.1972,0,frozen,2-tag corner homography,2,1920,1200,0.200000,101;102,1,1,,2-tag corner homography,0.011712,0.509200,101,102,4.769200,4.260000,30,0.050000,0.600000,5.000000,raw-zero-distortion,590.9628888758,0.0000000000,1007.8592059077,0.0000000000,592.3761043005,547.7101609771,0.0000000000,0.0000000000,1.0000000000,-0.0359937509,0.0291287486,0.0062609452,0.0003552766,-0.0208418310,0.0000000000,0.0000000000,0.0000000000,0.0000000000,0.0000000000,1,0.000000,0.000000,73.027,750.951,1,1.142,73.276,751.578,65.377,791.530,9.368,779.577,79.539,716.404,134.829,723.161,-2.854563,0.621202,1.805019,3.434023,-0.002731,0.001828,1,4.260000,0.000000,1773.347,886.553,1,1.236,1772.459,886.605,1843.301,934.359,1760.977,935.366,1705.638,840.281,1784.260,843.492,1.897629,0.839083,1.466686,2.540910,4.261383,0.000384,0.0112369949,0.0109553326,-9.0587395224,0.0008815720,-0.0111070457,8.2838713260,0.0001404827,0.0040370574,1.0000000000,0.0112838714,0.0113034327,-9.3234733676,0.0008868924,-0.0111619359,8.3247484681,0.0001372684,0.0040787103,1.0000000000
204,24.5980,1785358776.769,2,2.3954,1.1588,2.2042,1.1161,2.2998,1.1375,12.58,0.0015,0.0079,0.0031,0.0074,1.50,1.0000,0.0025,0.5076,0.1958,0,frozen,2-tag corner homography,2,1920,1200,0.200000,101;102,1,1,,2-tag corner homography,0.011624,0.505259,101,102,4.765259,4.260000,30,0.050000,0.600000,5.000000,raw-zero-distortion,590.9628888758,0.0000000000,1007.8592059077,0.0000000000,592.3761043005,547.7101609771,0.0000000000,0.0000000000,1.0000000000,-0.0359937509,0.0291287486,0.0062609452,0.0003552766,-0.0208418310,0.0000000000,0.0000000000,0.0000000000,0.0000000000,0.0000000000,1,0.000000,0.000000,73.089,750.950,1,1.075,73.238,751.642,65.735,791.489,9.293,779.929,79.335,716.515,134.623,722.998,-2.850921,0.620579,1.802643,3.429634,-0.002563,0.001846,1,4.260000,0.000000,1773.388,886.514,1,1.213,1772.538,886.637,1843.273,934.357,1760.820,935.462,1705.901,840.312,1784.445,843.452,1.897440,0.838991,1.466389,2.540567,4.261522,0.000482,0.0110980455,0.0110302684,-9.1052055644,0.0008707036,-0.0109684319,8.1808920372,0.0001425878,0.0039730997,1.0000000000,0.0112838714,0.0113034327,-9.3234733676,0.0008868924,-0.0111619359,8.3247484681,0.0001372684,0.0040787103,1.0000000000
205,24.7618,1785358776.880,2,2.3965,1.1543,2.2049,1.1178,2.3007,1.1361,10.78,0.0024,-0.0011,0.0021,-0.0015,-5.20,1.0000,0.0035,0.5076,0.1951,0,frozen,2-tag corner homography,2,1920,1200,0.200000,101;102,1,1,,2-tag corner homography,0.011645,0.504042,101,102,4.764042,4.260000,30,0.050000,0.600000,5.000000,raw-zero-distortion,590.9628888758,0.0000000000,1007.8592059077,0.0000000000,592.3761043005,547.7101609771,0.0000000000,0.0000000000,1.0000000000,-0.0359937509,0.0291287486,0.0062609452,0.0003552766,-0.0208418310,0.0000000000,0.0000000000,0.0000000000,0.0000000000,0.0000000000,1,0.000000,0.000000,73.112,750.531,1,1.121,73.082,751.449,65.590,791.446,8.776,779.568,79.393,716.364,134.555,722.799,-2.849935,0.619673,1.801718,3.428165,-0.003665,0.003001,1,4.260000,0.000000,1773.356,886.478,1,1.180,1772.554,886.669,1843.342,934.515,1760.803,935.383,1706.002,840.248,1784.366,843.589,1.897215,0.838953,1.466185,2.540268,4.261496,0.000557,0.0111191870,0.0110872953,-9.1457007710,0.0008751201,-0.0110070022,8.2075871121,0.0001350240,0.0040007980,1.0000000000,0.0112838714,0.0113034327,-9.3234733676,0.0008868924,-0.0111619359,8.3247484681,0.0001372684,0.0040787103,1.0000000000
206,24.8571,1785358776.999,2,2.3937,1.1553,2.2060,1.1193,2.2999,1.1373,10.86,0.0015,-0.0014,0.0012,-0.0017,-6.33,1.0000,0.0026,0.5076,0.1911,0,frozen,2-tag corner homography,2,1920,1200,0.200000,101;102,1,1,,2-tag corner homography,0.011537,0.485856,101,102,4.745856,4.260000,30,0.050000,0.600000,5.000000,raw-zero-distortion,590.9628888758,0.0000000000,1007.8592059077,0.0000000000,592.3761043005,547.7101609771,0.0000000000,0.0000000000,1.0000000000,-0.0359937509,0.0291287486,0.0062609452,0.0003552766,-0.0208418310,0.0000000000,0.0000000000,0.0000000000,0.0000000000,0.0000000000,1,0.000000,0.000000,72.816,751.087,1,1.320,73.354,751.519,65.662,791.472,9.330,780.055,78.952,716.453,135.447,722.511,-2.835570,0.616941,1.793159,3.411231,-0.002935,0.001409,1,4.260000,0.000000,1773.558,886.731,1,1.448,1772.486,886.672,1843.274,934.555,1761.197,935.505,1705.402,839.977,1784.440,843.788,1.893689,0.837476,1.463590,2.535650,4.261624,0.000015,0.0112251723,0.0111981937,-9.2407058005,0.0008811048,-0.0110842101,8.2656251003,0.0001336034,0.0040540431,1.0000000000,0.0112838714,0.0113034327,-9.3234733676,0.0008868924,-0.0111619359,8.3247484681,0.0001372684,0.0040787103,1.0000000000
207,24.9879,1785358777.169,2,2.4037,1.1538,2.2045,1.1202,2.3041,1.1370,9.57,0.0119,0.0021,0.0120,0.0001,-5.82,1.0000,0.0022,0.5076,0.2020,0,frozen,2-tag corner homography,2,1920,1200,0.200000,101;102,1,1,,2-tag corner homography,0.011806,0.497133,101,102,4.757133,4.260000,30,0.050000,0.600000,5.000000,raw-zero-distortion,590.9628888758,0.0000000000,1007.8592059077,0.0000000000,592.3761043005,547.7101609771,0.0000000000,0.0000000000,1.0000000000,-0.0359937509,0.0291287486,0.0062609452,0.0003552766,-0.0208418310,0.0000000000,0.0000000000,0.0000000000,0.0000000000,0.0000000000,1,0.000000,0.000000,72.585,751.398,1,1.053,72.976,751.785,65.342,791.426,9.065,780.461,78.876,716.635,134.637,723.007,-2.844243,0.619385,1.797917,3.421383,-0.002713,0.000506,1,4.260000,0.000000,1773.423,886.689,1,1.389,1772.400,886.647,1842.990,934.309,1761.161,935.567,1705.521,840.208,1784.237,843.581,1.896209,0.838623,1.465703,2.539130,4.261380,0.000087,0.0112520829,0.0112292139,-9.2648242489,0.0008814987,-0.0111157109,8.2925854256,0.0001423575,0.0040498422,1.0000000000,0.0112838714,0.0113034327,-9.3234733676,0.0008868924,-0.0111619359,8.3247484681,0.0001372684,0.0040787103,1.0000000000
208,25.1485,1785358777.290,2,2.4130,1.1544,2.2027,1.1205,2.3078,1.1375,9.17,0.0238,0.0011,0.0236,-0.0027,-5.72,1.0000,0.0027,0.5076,0.2130,0,frozen,2-tag corner homography,2,1920,1200,0.200000,101;102,1,1,,2-tag corner homography,0.011558,0.495827,101,102,4.755827,4.260000,30,0.050000,0.600000,5.000000,raw-zero-distortion,590.9628888758,0.0000000000,1007.8592059077,0.0000000000,592.3761043005,547.7101609771,0.0000000000,0.0000000000,1.0000000000,-0.0359937509,0.0291287486,0.0062609452,0.0003552766,-0.0208418310,0.0000000000,0.0000000000,0.0000000000,0.0000000000,0.0000000000,1,0.000000,0.000000,73.107,750.821,1,1.014,73.209,751.511,65.519,791.381,8.762,779.863,79.566,716.299,134.940,722.912,-2.843153,0.618473,1.797676,3.420185,-0.002871,0.002204,1,4.260000,0.000000,1773.158,886.444,1,1.119,1772.387,886.588,1843.104,934.396,1760.791,935.381,1705.867,840.311,1784.058,843.314,1.895962,0.838383,1.465536,2.538770,4.261104,0.000601,0.0111731543,0.0112422120,-9.2682371717,0.0008784004,-0.0110577618,8.2460321488,0.0001341314,0.0040314782,1.0000000000,0.0112838714,0.0113034327,-9.3234733676,0.0008868924,-0.0111619359,8.3247484681,0.0001372684,0.0040787103,1.0000000000
209,25.2679,1785358777.419,2,2.4083,1.1584,2.2028,1.1197,2.3055,1.1391,10.68,0.0118,0.0052,0.0126,0.0029,0.56,1.0000,0.0019,0.5076,0.2091,0,frozen,2-tag corner homography,2,1920,1200,0.200000,101;102,1,1,,2-tag corner homography,0.011801,0.486192,101,102,4.746192,4.260000,30,0.050000,0.600000,5.000000,raw-zero-distortion,590.9628888758,0.0000000000,1007.8592059077,0.0000000000,592.3761043005,547.7101609771,0.0000000000,0.0000000000,1.0000000000,-0.0359937509,0.0291287486,0.0062609452,0.0003552766,-0.0208418310,0.0000000000,0.0000000000,0.0000000000,0.0000000000,0.0000000000,1,0.000000,0.000000,73.014,751.211,1,1.123,73.445,751.601,65.526,791.432,9.519,780.216,79.498,716.379,135.233,722.789,-2.836138,0.617373,1.793692,3.412061,-0.002045,0.001112,1,4.260000,0.000000,1773.207,886.505,1,1.098,1772.433,886.583,1843.168,934.461,1761.055,935.441,1705.822,840.314,1783.964,843.191,1.893449,0.837207,1.463505,2.535332,4.261135,0.000469,0.0112047741,0.0111905397,-9.2355157083,0.0008772347,-0.0110498007,8.2409248729,0.0001403684,0.0040304841,1.0000000000,0.0112838714,0.0113034327,-9.3234733676,0.0008868924,-0.0111619359,8.3247484681,0.0001372684,0.0040787103,1.0000000000
210,25.4002,1785358777.554,2,2.3938,1.1570,2.2032,1.1193,2.2985,1.1381,11.20,-0.0233,0.0033,-0.0222,0.0077,5.87,1.0000,0.0027,0.5076,0.1943,0,frozen,2-tag corner homography,2,1920,1200,0.200000,101;102,1,1,,2-tag corner homography,0.011519,0.497492,101,102,4.757492,4.260000,30,0.050000,0.600000,5.000000,raw-zero-distortion,590.9628888758,0.0000000000,1007.8592059077,0.0000000000,592.3761043005,547.7101609771,0.0000000000,0.0000000000,1.0000000000,-0.0359937509,0.0291287486,0.0062609452,0.0003552766,-0.0208418310,0.0000000000,0.0000000000,0.0000000000,0.0000000000,0.0000000000,1,0.000000,0.000000,72.981,750.922,1,1.112,73.217,751.545,65.527,791.380,8.802,779.891,79.332,716.452,135.138,722.867,-2.844488,0.618869,1.798534,3.421818,-0.002938,0.001898,1,4.260000,0.000000,1773.340,886.582,1,1.401,1772.333,886.638,1842.922,934.325,1760.827,935.523,1705.575,840.086,1784.308,843.680,1.896265,0.838698,1.465874,2.539295,4.261330,0.000316,0.0112523074,0.0112832734,-9.3053187153,0.0008848889,-0.0111389812,8.3070359384,0.0001338489,0.0040687824,1.0000000000,0.0112838714,0.0113034327,-9.3234733676,0.0008868924,-0.0111619359,8.3247484681,0.0001372684,0.0040787103,1.0000000000
211,25.5310,1785358777.713,2,2.4006,1.1571,2.2027,1.1200,2.3017,1.1386,10.63,-0.0172,-0.0004,-0.0170,0.0028,1.58,1.0000,0.0033,0.5076,0.2013,0,frozen,2-tag corner homography,2,1920,1200,0.200000,101;102,1,1,,2-tag corner homography,0.011288,0.494488,101,102,4.754488,4.260000,30,0.050000,0.600000,5.000000,raw-zero-distortion,590.9628888758,0.0000000000,1007.8592059077,0.0000000000,592.3761043005,547.7101609771,0.0000000000,0.0000000000,1.0000000000,-0.0359937509,0.0291287486,0.0062609452,0.0003552766,-0.0208418310,0.0000000000,0.0000000000,0.0000000000,0.0000000000,0.0000000000,1,0.000000,0.000000,73.044,750.653,1,1.321,73.348,751.365,65.582,791.411,8.827,779.586,79.313,716.410,135.567,722.484,-2.839686,0.617366,1.795751,3.416091,-0.003511,0.002649,1,4.260000,0.000000,1773.514,886.711,1,1.428,1772.487,886.781,1843.232,934.485,1760.761,935.576,1705.619,840.185,1784.677,843.943,1.898213,0.839746,1.467084,2.541795,4.261553,0.000052,0.0112445441,0.0113042426,-9.3198861113,0.0008868039,-0.0111363976,8.3028381050,0.0001308321,0.0040724820,1.0000000000,0.0112838714,0.0113034327,-9.3234733676,0.0008868924,-0.0111619359,8.3247484681,0.0001372684,0.0040787103,1.0000000000
212,25.6965,1785358777.855,2,2.3941,1.1559,2.2022,1.1206,2.2981,1.1382,10.44,-0.0052,0.0001,-0.0051,0.0011,-1.65,1.0000,0.0029,0.5076,0.1951,0,frozen,2-tag corner homography,2,1920,1200,0.200000,101;102,1,1,,2-tag corner homography,0.011640,0.513472,101,102,4.773472,4.260000,30,0.050000,0.600000,5.000000,raw-zero-distortion,590.9628888758,0.0000000000,1007.8592059077,0.0000000000,592.3761043005,547.7101609771,0.0000000000,0.0000000000,1.0000000000,-0.0359937509,0.0291287486,0.0062609452,0.0003552766,-0.0208418310,0.0000000000,0.0000000000,0.0000000000,0.0000000000,0.0000000000,1,0.000000,0.000000,72.972,750.860,1,0.975,72.967,751.637,65.460,791.477,8.765,779.699,79.344,716.413,134.310,723.308,-2.858265,0.621982,1.806764,3.438159,-0.003136,0.002068,1,4.260000,0.000000,1773.311,886.406,1,1.260,1772.443,886.569,1843.027,934.189,1760.874,935.441,1705.927,840.221,1784.205,843.456,1.898149,0.839241,1.467120,2.541601,4.261488,0.000716,0.0110688761,0.0110215337,-9.0933745682,0.0008704276,-0.0109715758,8.1834778470,0.0001356667,0.0039741666,1.0000000000,0.0112838714,0.0113034327,-9.3234733676,0.0008868924,-0.0111619359,8.3247484681,0.0001372684,0.0040787103,1.0000000000
213,25.8414,1785358777.967,2,2.4147,1.1503,2.2025,1.1199,2.3086,1.1351,8.15,0.0145,-0.0082,0.0132,-0.0101,-6.24,1.0000,0.0033,0.5076,0.2143,0,frozen,2-tag corner homography,2,1920,1200,0.200000,101;102,1,1,,2-tag corner homography,0.011833,0.507537,101,102,4.767537,4.260000,30,0.050000,0.600000,5.000000,raw-zero-distortion,590.9628888758,0.0000000000,1007.8592059077,0.0000000000,592.3761043005,547.7101609771,0.0000000000,0.0000000000,1.0000000000,-0.0359937509,0.0291287486,0.0062609452,0.0003552766,-0.0208418310,0.0000000000,0.0000000000,0.0000000000,0.0000000000,0.0000000000,1,0.000000,0.000000,73.062,750.635,1,1.212,73.196,751.448,65.460,791.462,9.137,779.462,79.433,716.425,134.748,722.817,-2.852391,0.620281,1.803491,3.431247,-0.003512,0.002705,1,4.260000,0.000000,1773.358,886.519,1,1.120,1772.595,886.681,1843.278,934.452,1761.122,935.426,1706.124,840.427,1784.129,843.473,1.898198,0.839374,1.466867,2.541536,4.261450,0.000464,0.0111399680,0.0111160681,-9.1701524624,0.0008776646,-0.0110374611,8.2301760912,0.0001345924,0.0040117623,1.0000000000,0.0112838714,0.0113034327,-9.3234733676,0.0008868924,-0.0111619359,8.3247484681,0.0001372684,0.0040787103,1.0000000000
214,25.9459,1785358778.086,2,2.4154,1.1496,2.2022,1.1201,2.3088,1.1349,7.86,0.0333,-0.0119,0.0314,-0.0163,-9.02,1.0000,0.0029,0.5076,0.2152,0,frozen,2-tag corner homography,2,1920,1200,0.200000,101;102,1,1,,2-tag corner homography,0.011681,0.490026,101,102,4.750026,4.260000,30,0.050000,0.600000,5.000000,raw-zero-distortion,590.9628888758,0.0000000000,1007.8592059077,0.0000000000,592.3761043005,547.7101609771,0.0000000000,0.0000000000,1.0000000000,-0.0359937509,0.0291287486,0.0062609452,0.0003552766,-0.0208418310,0.0000000000,0.0000000000,0.0000000000,0.0000000000,0.0000000000,1,0.000000,0.000000,73.181,750.702,1,0.962,73.097,751.548,65.640,791.472,8.784,780.040,79.547,716.282,134.426,722.799,-2.839822,0.617784,1.795354,3.416072,-0.002998,0.002546,1,4.260000,0.000000,1773.361,886.613,1,1.319,1772.409,886.643,1843.311,934.467,1761.048,935.546,1705.432,840.141,1784.200,843.539,1.893512,0.837412,1.463600,2.535502,4.261339,0.000250,0.0112321766,0.0111751419,-9.2213766588,0.0008802326,-0.0110794837,8.2627063786,0.0001407823,0.0040425087,1.0000000000,0.0112838714,0.0113034327,-9.3234733676,0.0008868924,-0.0111619359,8.3247484681,0.0001372684,0.0040787103,1.0000000000
215,26.0720,1785358778.240,2,2.4149,1.1491,2.2017,1.1205,2.3083,1.1348,7.63,0.0093,-0.0044,0.0086,-0.0056,-4.31,1.0000,0.0034,0.5076,0.2150,0,frozen,2-tag corner homography,2,1920,1200,0.200000,101;102,1,1,,2-tag corner homography,0.011481,0.491885,101,102,4.751885,4.260000,30,0.050000,0.600000,5.000000,raw-zero-distortion,590.9628888758,0.0000000000,1007.8592059077,0.0000000000,592.3761043005,547.7101609771,0.0000000000,0.0000000000,1.0000000000,-0.0359937509,0.0291287486,0.0062609452,0.0003552766,-0.0208418310,0.0000000000,0.0000000000,0.0000000000,0.0000000000,0.0000000000,1,0.000000,0.000000,72.813,750.734,1,1.360,73.180,751.405,65.340,791.420,8.742,779.533,79.102,716.498,135.431,722.589,-2.844451,0.618412,1.798441,3.421655,-0.003925,0.002376,1,4.260000,0.000000,1773.486,886.618,1,1.387,1772.500,886.697,1843.366,934.605,1761.155,935.694,1705.547,839.965,1784.277,843.667,1.890441,0.836085,1.461052,2.531300,4.261606,0.000260,0.0113438636,0.0114044898,-9.4010524098,0.0008926381,-0.0112210763,8.3666267643,0.0001318439,0.0041192244,1.0000000000,0.0112838714,0.0113034327,-9.3234733676,0.0008868924,-0.0111619359,8.3247484681,0.0001372684,0.0040787103,1.0000000000
216,26.2228,1785358778.357,2,2.3962,1.1546,2.2018,1.1205,2.2990,1.1376,9.95,-0.0253,0.0066,-0.0238,0.0109,4.87,1.0000,0.0021,0.5076,0.1974,0,frozen,2-tag corner homography,2,1920,1200,0.200000,101;102,1,1,,2-tag corner homography,0.011701,0.486721,101,102,4.746721,4.260000,30,0.050000,0.600000,5.000000,raw-zero-distortion,590.9628888758,0.0000000000,1007.8592059077,0.0000000000,592.3761043005,547.7101609771,0.0000000000,0.0000000000,1.0000000000,-0.0359937509,0.0291287486,0.0062609452,0.0003552766,-0.0208418310,0.0000000000,0.0000000000,0.0000000000,0.0000000000,0.0000000000,1,0.000000,0.000000,72.918,751.222,1,1.093,73.344,751.590,65.405,791.409,9.325,780.277,79.439,716.333,135.192,722.768,-2.833702,0.616745,1.791960,3.409012,-0.002282,0.001063,1,4.260000,0.000000,1773.261,886.434,1,1.153,1772.490,886.651,1843.295,934.428,1760.793,935.462,1705.965,840.315,1784.193,843.453,1.896598,0.838708,1.465830,2.539522,4.261343,0.000642,0.0112016272,0.0112032104,-9.2435673127,0.0008778626,-0.0110524610,8.2428685455,0.0001402208,0.0040302203,1.0000000000,0.0112838714,0.0113034327,-9.3234733676,0.0008868924,-0.0111619359,8.3247484681,0.0001372684,0.0040787103,1.0000000000
217,26.3598,1785358778.505,2,2.3935,1.1542,2.2023,1.1204,2.2979,1.1373,10.03,-0.0335,0.0083,-0.0315,0.0140,7.47,1.0000,0.0018,0.5076,0.1941,0,frozen,2-tag corner homography,2,1920,1200,0.200000,101;102,1,1,,2-tag corner homography,0.011329,0.488940,101,102,4.748940,4.260000,30,0.050000,0.600000,5.000000,raw-zero-distortion,590.9628888758,0.0000000000,1007.8592059077,0.0000000000,592.3761043005,547.7101609771,0.0000000000,0.0000000000,1.0000000000,-0.0359937509,0.0291287486,0.0062609452,0.0003552766,-0.0208418310,0.0000000000,0.0000000000,0.0000000000,0.0000000000,0.0000000000,1,0.000000,0.000000,72.885,751.384,1,1.005,73.225,751.791,65.357,791.526,8.781,780.381,79.422,716.521,135.260,723.168,-2.838295,0.618274,1.794635,3.414513,-0.001923,0.000612,1,4.260000,0.000000,1773.339,886.519,1,1.244,1772.440,886.551,1843.315,934.387,1760.911,935.415,1705.551,840.149,1784.314,843.343,1.894048,0.837387,1.463955,2.536099,4.261408,0.000461,0.0113401352,0.0114037598,-9.4052482556,0.0008878065,-0.0112035874,8.3581112250,0.0001391660,0.0041016348,1.0000000000,0.0112838714,0.0113034327,-9.3234733676,0.0008868924,-0.0111619359,8.3247484681,0.0001372684,0.0040787103,1.0000000000
218,26.4890,1785358778.646,2,2.3924,1.1541,2.2023,1.1201,2.2974,1.1371,10.14,-0.0142,0.0013,-0.0138,0.0037,2.71,1.0000,0.0021,0.5076,0.1932,0,frozen,2-tag corner homography,2,1920,1200,0.200000,101;102,1,1,,2-tag corner homography,0.011666,0.483800,101,102,4.743800,4.260000,30,0.050000,0.600000,5.000000,raw-zero-distortion,590.9628888758,0.0000000000,1007.8592059077,0.0000000000,592.3761043005,547.7101609771,0.0000000000,0.0000000000,1.0000000000,-0.0359937509,0.0291287486,0.0062609452,0.0003552766,-0.0208418310,0.0000000000,0.0000000000,0.0000000000,0.0000000000,0.0000000000,1,0.000000,0.000000,73.025,751.137,1,1.029,73.291,751.646,65.306,791.567,9.055,780.289,79.672,716.319,135.095,722.850,-2.830787,0.616244,1.790014,3.405475,-0.002222,0.001319,1,4.260000,0.000000,1773.374,886.627,1,1.392,1772.353,886.611,1843.033,934.310,1760.961,935.457,1705.445,840.128,1784.303,843.629,1.896711,0.838808,1.466181,2.539842,4.261349,0.000220,0.0112896654,0.0113038623,-9.3257072518,0.0008843399,-0.0111409737,8.3095661324,0.0001391228,0.0040752882,1.0000000000,0.0112838714,0.0113034327,-9.3234733676,0.0008868924,-0.0111619359,8.3247484681,0.0001372684,0.0040787103,1.0000000000
219,26.6208,1785358778.759,2,2.3931,1.1552,2.2027,1.1208,2.2979,1.1380,10.22,-0.0042,0.0022,-0.0037,0.0029,1.30,1.0000,0.0029,0.5076,0.1935,0,frozen,2-tag corner homography,2,1920,1200,0.200000,101;102,1,1,,2-tag corner homography,0.011581,0.487448,101,102,4.747448,4.260000,30,0.050000,0.600000,5.000000,raw-zero-distortion,590.9628888758,0.0000000000,1007.8592059077,0.0000000000,592.3761043005,547.7101609771,0.0000000000,0.0000000000,1.0000000000,-0.0359937509,0.0291287486,0.0062609452,0.0003552766,-0.0208418310,0.0000000000,0.0000000000,0.0000000000,0.0000000000,0.0000000000,1,0.000000,0.000000,73.248,750.712,1,1.076,73.279,751.531,65.748,791.524,8.802,779.959,79.561,716.357,134.965,722.704,-2.837383,0.617322,1.794162,3.413334,-0.002782,0.002532,1,4.260000,0.000000,1773.437,886.656,1,1.415,1772.404,886.649,1843.193,934.456,1761.114,935.569,1705.394,840.031,1784.267,843.666,1.893423,0.837392,1.463541,2.535395,4.261451,0.000163,0.0112472954,0.0112322378,-9.2671967873,0.0008826352,-0.0111070535,8.2829230937,0.0001344228,0.0040635688,1.0000000000,0.0112838714,0.0113034327,-9.3234733676,0.0008868924,-0.0111619359,8.3247484681,0.0001372684,0.0040787103,1.0000000000
220,26.7338,1785358778.881,2,2.3924,1.1553,2.2024,1.1205,2.2974,1.1379,10.38,-0.0013,0.0028,-0.0008,0.0030,1.10,1.0000,0.0025,0.5076,0.1932,0,frozen,2-tag corner homography,2,1920,1200,0.200000,101;102,1,1,,2-tag corner homography,0.011841,0.500640,101,102,4.760640,4.260000,30,0.050000,0.600000,5.000000,raw-zero-distortion,590.9628888758,0.0000000000,1007.8592059077,0.0000000000,592.3761043005,547.7101609771,0.0000000000,0.0000000000,1.0000000000,-0.0359937509,0.0291287486,0.0062609452,0.0003552766,-0.0208418310,0.0000000000,0.0000000000,0.0000000000,0.0000000000,0.0000000000,1,0.000000,0.000000,72.934,751.046,1,0.970,73.084,751.647,65.336,791.475,9.171,780.008,79.454,716.358,134.414,723.121,-2.848114,0.619883,1.800572,3.426086,-0.002723,0.001548,1,4.260000,0.000000,1773.465,886.645,1,1.373,1772.474,886.678,1843.219,934.405,1761.135,935.576,1705.583,840.165,1784.296,843.666,1.895665,0.838379,1.465139,2.538318,4.261528,0.000195,0.0108676281,0.0106938169,-8.8338755476,0.0008517229,-0.0107260416,8.0003976477,0.0001423384,0.0038580766,1.0000000000,0.0112838714,0.0113034327,-9.3234733676,0.0008868924,-0.0111619359,8.3247484681,0.0001372684,0.0040787103,1.0000000000
221,26.8728,1785358779.022,2,2.3910,1.1556,2.2027,1.1210,2.2969,1.1383,10.42,-0.0032,0.0017,-0.0028,0.0022,0.86,1.0000,0.0022,0.5076,0.1915,0,frozen,2-tag corner homography,2,1920,1200,0.200000,101;102,1,1,,2-tag corner homography,0.011561,0.506833,101,102,4.766833,4.260000,30,0.050000,0.600000,5.000000,raw-zero-distortion,590.9628888758,0.0000000000,1007.8592059077,0.0000000000,592.3761043005,547.7101609771,0.0000000000,0.0000000000,1.0000000000,-0.0359937509,0.0291287486,0.0062609452,0.0003552766,-0.0208418310,0.0000000000,0.0000000000,0.0000000000,0.0000000000,0.0000000000,1,0.000000,0.000000,73.001,751.130,1,0.933,73.147,751.710,65.552,791.442,9.096,780.048,79.412,716.436,134.550,723.277,-2.851964,0.620952,1.803128,3.430823,-0.002306,0.001333,1,4.260000,0.000000,1773.485,886.555,1,1.258,1772.581,886.608,1843.358,934.332,1761.005,935.400,1705.792,840.269,1784.488,843.491,1.897977,0.839111,1.466722,2.541200,4.261684,0.000405,0.0113055943,0.0112165975,-9.2602135937,0.0008867674,-0.0111812246,8.3405508388,0.0001429160,0.0040727013,1.0000000000,0.0112838714,0.0113034327,-9.3234733676,0.0008868924,-0.0111619359,8.3247484681,0.0001372684,0.0040787103,1.0000000000
222,26.9994,1785358779.133,2,2.4106,1.1518,2.1981,1.1208,2.3044,1.1363,8.30,0.0170,-0.0036,0.0163,-0.0060,-5.11,1.0000,0.0018,0.5076,0.2148,0,frozen,2-tag corner homography,2,1920,1200,0.200000,101;102,1,1,,2-tag corner homography,0.011657,0.500003,101,102,4.760003,4.260000,30,0.050000,0.600000,5.000000,raw-zero-distortion,590.9628888758,0.0000000000,1007.8592059077,0.0000000000,592.3761043005,547.7101609771,0.0000000000,0.0000000000,1.0000000000,-0.0359937509,0.0291287486,0.0062609452,0.0003552766,-0.0208418310,0.0000000000,0.0000000000,0.0000000000,0.0000000000,0.0000000000,1,0.000000,0.000000,73.146,751.247,1,0.927,73.329,751.782,65.785,791.601,9.286,780.255,79.503,716.396,134.775,723.253,-2.844394,0.619644,1.798691,3.421962,-0.001580,0.001043,1,4.260000,0.000000,1773.436,886.523,1,1.310,1772.503,886.593,1843.032,934.148,1761.153,935.492,1705.869,840.286,1784.231,843.485,1.898987,0.839606,1.467652,2.542655,4.261617,0.000470,0.0110226873,0.0109298400,-9.0267757514,0.0008642167,-0.0109004125,8.1316715505,0.0001348315,0.0039503923,1.0000000000,0.0112838714,0.0113034327,-9.3234733676,0.0008868924,-0.0111619359,8.3247484681,0.0001372684,0.0040787103,1.0000000000
223,27.1132,1785358779.268,2,2.3898,1.1557,2.1983,1.1200,2.2940,1.1379,10.58,-0.0011,-0.0026,-0.0016,-0.0023,-1.52,1.0000,0.0017,0.5076,0.1947,0,frozen,2-tag corner homography,2,1920,1200,0.200000,101;102,1,1,,2-tag corner homography,0.011265,0.495982,101,102,4.755982,4.260000,30,0.050000,0.600000,5.000000,raw-zero-distortion,590.9628888758,0.0000000000,1007.8592059077,0.0000000000,592.3761043005,547.7101609771,0.0000000000,0.0000000000,1.0000000000,-0.0359937509,0.0291287486,0.0062609452,0.0003552766,-0.0208418310,0.0000000000,0.0000000000,0.0000000000,0.0000000000,0.0000000000,1,0.000000,0.000000,72.835,751.474,1,1.158,73.401,751.729,65.446,791.487,9.116,780.151,79.295,716.495,135.666,723.197,-2.842565,0.619133,1.797672,3.419814,-0.001809,0.000354,1,4.260000,0.000000,1773.462,886.668,1,1.408,1772.436,886.678,1843.165,934.419,1760.954,935.495,1705.514,840.119,1784.453,843.767,1.896749,0.838899,1.466051,2.539826,4.261493,0.000141,0.0112867740,0.0113344867,-9.3504646856,0.0008872160,-0.0111790460,8.3388539300,0.0001326201,0.0040877229,1.0000000000,0.0112838714,0.0113034327,-9.3234733676,0.0008868924,-0.0111619359,8.3247484681,0.0001372684,0.0040787103,1.0000000000
224,27.2439,1785358779.381,2,2.4134,1.1505,2.1978,1.1196,2.3056,1.1350,8.17,0.0048,-0.0047,0.0041,-0.0053,-1.15,1.0000,0.0028,0.5076,0.2178,0,frozen,2-tag corner homography,2,1920,1200,0.200000,101;102,1,1,,2-tag corner homography,0.011856,0.504461,101,102,4.764461,4.260000,30,0.050000,0.600000,5.000000,raw-zero-distortion,590.9628888758,0.0000000000,1007.8592059077,0.0000000000,592.3761043005,547.7101609771,0.0000000000,0.0000000000,1.0000000000,-0.0359937509,0.0291287486,0.0062609452,0.0003552766,-0.0208418310,0.0000000000,0.0000000000,0.0000000000,0.0000000000,0.0000000000,1,0.000000,0.000000,72.808,750.991,1,1.227,73.144,751.586,65.382,791.349,9.272,779.883,79.119,716.690,134.799,722.801,-2.851846,0.620547,1.803047,3.430609,-0.003226,0.001671,1,4.260000,0.000000,1773.347,886.499,1,1.265,1772.469,886.646,1843.258,934.464,1760.843,935.457,1705.781,840.142,1784.304,843.599,1.895625,0.838286,1.465119,2.538246,4.261451,0.000510,0.0113591337,0.0113756863,-9.3823502623,0.0008919509,-0.0112311318,8.3762508171,0.0001458047,0.0040966467,1.0000000000,0.0112838714,0.0113034327,-9.3234733676,0.0008868924,-0.0111619359,8.3247484681,0.0001372684,0.0040787103,1.0000000000
225,27.3577,1785358779.493,2,2.4103,1.1527,2.1974,1.1192,2.3039,1.1359,8.92,0.0288,-0.0070,0.0274,-0.0114,-5.04,1.0000,0.0027,0.5076,0.2155,0,frozen,2-tag corner homography,2,1920,1200,0.200000,101;102,1,1,,2-tag corner homography,0.011161,0.493207,101,102,4.753207,4.260000,30,0.050000,0.600000,5.000000,raw-zero-distortion,590.9628888758,0.0000000000,1007.8592059077,0.0000000000,592.3761043005,547.7101609771,0.0000000000,0.0000000000,1.0000000000,-0.0359937509,0.0291287486,0.0062609452,0.0003552766,-0.0208418310,0.0000000000,0.0000000000,0.0000000000,0.0000000000,0.0000000000,1,0.000000,0.000000,72.999,750.919,1,1.243,73.345,751.517,65.411,791.477,8.726,779.656,79.445,716.462,135.667,722.899,-2.843651,0.618686,1.798251,3.420940,-0.002899,0.001911,1,4.260000,0.000000,1773.262,886.362,1,1.198,1772.425,886.488,1843.291,934.336,1760.754,935.410,1705.688,840.070,1784.267,843.208,1.892702,0.836652,1.462944,2.534268,4.261434,0.000807,0.0112745277,0.0113778115,-9.3789886498,0.0008856888,-0.0111595685,8.3220645910,0.0001324775,0.0040851588,1.0000000000,0.0112838714,0.0113034327,-9.3234733676,0.0008868924,-0.0111619359,8.3247484681,0.0001372684,0.0040787103,1.0000000000
226,27.4914,1785358779.628,2,2.4097,1.1533,2.1965,1.1185,2.3031,1.1359,9.28,0.0010,0.0004,0.0010,0.0002,1.77,1.0000,0.0021,0.5076,0.2161,0,frozen,2-tag corner homography,2,1920,1200,0.200000,101;102,1,1,,2-tag corner homography,0.019628,0.501788,101,102,4.761788,4.260000,30,0.050000,0.600000,5.000000,raw-zero-distortion,590.9628888758,0.0000000000,1007.8592059077,0.0000000000,592.3761043005,547.7101609771,0.0000000000,0.0000000000,1.0000000000,-0.0359937509,0.0291287486,0.0062609452,0.0003552766,-0.0208418310,0.0000000000,0.0000000000,0.0000000000,0.0000000000,0.0000000000,1,0.000000,0.000000,73.155,751.055,1,0.929,73.240,751.701,65.701,791.456,8.830,780.078,79.542,716.442,134.854,723.217,-2.847550,0.620025,1.800515,3.425614,-0.002086,0.001571,1,4.260000,0.000000,1773.377,886.546,1,1.244,1772.495,886.640,1843.476,934.422,1760.924,935.390,1705.613,840.266,1784.332,843.576,1.897454,0.839053,1.466483,2.540653,4.261457,0.000405,0.0136658525,0.0118123107,-9.8817253871,0.0010387986,-0.0131467410,9.8092789673,0.0001744186,0.0050923675,1.0000000000,0.0112838714,0.0113034327,-9.3234733676,0.0008868924,-0.0111619359,8.3247484681,0.0001372684,0.0040787103,1.0000000000
227,27.6186,1785358779.789,2,2.4029,1.1565,2.1969,1.1158,2.2999,1.1362,11.20,-0.0102,0.0007,-0.0099,0.0026,6.59,1.0000,0.0026,0.5076,0.2100,0,frozen,2-tag corner homography,2,1920,1200,0.200000,101;102,1,1,,2-tag corner homography,0.011511,0.482734,101,102,4.742734,4.260000,30,0.050000,0.600000,5.000000,raw-zero-distortion,590.9628888758,0.0000000000,1007.8592059077,0.0000000000,592.3761043005,547.7101609771,0.0000000000,0.0000000000,1.0000000000,-0.0359937509,0.0291287486,0.0062609452,0.0003552766,-0.0208418310,0.0000000000,0.0000000000,0.0000000000,0.0000000000,0.0000000000,1,0.000000,0.000000,73.179,750.873,1,1.155,73.395,751.552,65.735,791.542,8.841,780.083,79.485,716.421,135.438,722.607,-2.831835,0.616255,1.790876,3.406802,-0.002525,0.002076,1,4.260000,0.000000,1773.586,886.745,1,1.358,1772.587,886.706,1843.394,934.618,1761.315,935.491,1705.587,840.112,1784.414,843.737,1.894430,0.837778,1.463969,2.536522,4.261669,-0.000014,0.0112896540,0.0113285262,-9.3442291906,0.0008868640,-0.0111575793,8.3207045604,0.0001301174,0.0040946844,1.0000000000,0.0112838714,0.0113034327,-9.3234733676,0.0008868924,-0.0111619359,8.3247484681,0.0001372684,0.0040787103,1.0000000000
228,27.7745,1785358779.959,2,2.4050,1.1586,2.1966,1.1142,2.3008,1.1364,12.03,-0.0082,0.0015,-0.0077,0.0032,8.86,1.0000,0.0022,0.5076,0.2131,0,frozen,2-tag corner homography,2,1920,1200,0.200000,101;102,1,1,,2-tag corner homography,0.011619,0.494589,101,102,4.754589,4.260000,30,0.050000,0.600000,5.000000,raw-zero-distortion,590.9628888758,0.0000000000,1007.8592059077,0.0000000000,592.3761043005,547.7101609771,0.0000000000,0.0000000000,1.0000000000,-0.0359937509,0.0291287486,0.0062609452,0.0003552766,-0.0208418310,0.0000000000,0.0000000000,0.0000000000,0.0000000000,0.0000000000,1,0.000000,0.000000,73.070,751.135,1,1.030,73.340,751.653,65.796,791.457,9.305,780.176,79.334,716.408,134.940,722.957,-2.842738,0.618898,1.797665,3.419912,-0.002101,0.001334,1,4.260000,0.000000,1773.593,886.688,1,1.466,1772.521,886.675,1843.276,934.411,1761.252,935.592,1705.490,840.048,1784.424,843.768,1.895105,0.838072,1.464617,2.537497,4.261755,0.000119,0.0112102186,0.0111527106,-9.2067742896,0.0008793573,-0.0110731319,8.2589186217,0.0001383294,0.0040359760,1.0000000000,0.0112838714,0.0113034327,-9.3234733676,0.0008868924,-0.0111619359,8.3247484681,0.0001372684,0.0040787103,1.0000000000
229,27.9643,1785358780.148,2,2.4034,1.1632,2.1981,1.1095,2.3008,1.1363,14.66,0.0006,0.0006,0.0008,0.0004,9.93,1.0000,0.0018,0.5076,0.2122,0,frozen,2-tag corner homography,2,1920,1200,0.200000,101;102,1,1,,2-tag corner homography,0.011478,0.490332,101,102,4.750332,4.260000,30,0.050000,0.600000,5.000000,raw-zero-distortion,590.9628888758,0.0000000000,1007.8592059077,0.0000000000,592.3761043005,547.7101609771,0.0000000000,0.0000000000,1.0000000000,-0.0359937509,0.0291287486,0.0062609452,0.0003552766,-0.0208418310,0.0000000000,0.0000000000,0.0000000000,0.0000000000,0.0000000000,1,0.000000,0.000000,72.918,751.316,1,1.129,73.406,751.641,65.394,791.441,9.188,780.139,79.465,716.402,135.514,723.006,-2.838663,0.618020,1.795215,3.415077,-0.002019,0.000804,1,4.260000,0.000000,1773.257,886.533,1,1.120,1772.456,886.585,1843.204,934.442,1760.870,935.383,1705.796,840.326,1784.234,843.243,1.895054,0.837899,1.464703,2.537451,4.261211,0.000415,0.0112835163,0.0115013504,-9.4748111158,0.0008861359,-0.0111630459,8.3256918264,0.0001371041,0.0040836569,1.0000000000,0.0112838714,0.0113034327,-9.3234733676,0.0008868924,-0.0111619359,8.3247484681,0.0001372684,0.0040787103,1.0000000000
230,28.1353,1785358780.280,2,2.3791,1.1749,2.1981,1.1025,2.2886,1.1387,21.79,,,,,,1.0000,0.0022,0.5076,0.1949,0,frozen,2-tag corner homography,2,1920,1200,0.200000,101;102,1,1,,2-tag corner homography,0.011110,0.481936,101,102,4.741936,4.260000,30,0.050000,0.600000,5.000000,raw-zero-distortion,590.9628888758,0.0000000000,1007.8592059077,0.0000000000,592.3761043005,547.7101609771,0.0000000000,0.0000000000,1.0000000000,-0.0359937509,0.0291287486,0.0062609452,0.0003552766,-0.0208418310,0.0000000000,0.0000000000,0.0000000000,0.0000000000,0.0000000000,1,0.000000,0.000000,73.106,751.027,1,1.448,73.692,751.510,65.904,791.503,8.860,779.956,79.230,716.614,136.588,722.443,-2.829669,0.615854,1.790076,3.404508,-0.002299,0.001637,1,4.260000,0.000000,1773.368,886.593,1,1.272,1772.458,886.650,1843.184,934.374,1761.062,935.540,1705.688,840.275,1784.205,843.487,1.895896,0.838430,1.465349,2.538628,4.261378,0.000296,0.0112621563,0.0114960138,-9.4707822919,0.0008876812,-0.0111664827,8.3265898594,0.0001201894,0.0041072032,1.0000000000,0.0112838714,0.0113034327,-9.3234733676,0.0008868924,-0.0111619359,8.3247484681,0.0001372684,0.0040787103,1.0000000000
231,28.2570,1785358780.388,2,2.3917,1.1777,2.2002,1.0987,2.2960,1.1382,22.43,-0.0187,0.0065,-0.0148,0.0131,26.43,1.0000,0.0022,0.5076,0.2072,0,frozen,2-tag corner homography,2,1920,1200,0.200000,101;102,1,1,,2-tag corner homography,0.011583,0.498036,101,102,4.758036,4.260000,30,0.050000,0.600000,5.000000,raw-zero-distortion,590.9628888758,0.0000000000,1007.8592059077,0.0000000000,592.3761043005,547.7101609771,0.0000000000,0.0000000000,1.0000000000,-0.0359937509,0.0291287486,0.0062609452,0.0003552766,-0.0208418310,0.0000000000,0.0000000000,0.0000000000,0.0000000000,0.0000000000,1,0.000000,0.000000,73.058,751.079,1,1.046,73.296,751.647,65.750,791.514,9.362,780.070,79.327,716.393,134.782,722.985,-2.845016,0.619347,1.799020,3.422598,-0.002290,0.001486,1,4.260000,0.000000,1773.423,886.635,1,1.356,1772.443,886.672,1843.326,934.450,1761.001,935.479,1705.474,840.157,1784.339,843.712,1.896258,0.838660,1.465658,2.539153,4.261447,0.000209,0.0111760773,0.0111780518,-9.2227427286,0.0008774456,-0.0110464364,8.2388408860,0.0001399340,0.0040182677,1.0000000000,0.0112838714,0.0113034327,-9.3234733676,0.0008868924,-0.0111619359,8.3247484681,0.0001372684,0.0040787103,1.0000000000
232,28.3631,1785358780.500,2,2.3772,1.1828,2.2006,1.0952,2.2889,1.1390,26.38,-0.0052,0.0031,-0.0033,0.0051,22.25,1.0000,0.0024,0.5076,0.1971,0,frozen,2-tag corner homography,2,1920,1200,0.200000,101;102,1,1,,2-tag corner homography,0.011653,0.490882,101,102,4.750882,4.260000,30,0.050000,0.600000,5.000000,raw-zero-distortion,590.9628888758,0.0000000000,1007.8592059077,0.0000000000,592.3761043005,547.7101609771,0.0000000000,0.0000000000,1.0000000000,-0.0359937509,0.0291287486,0.0062609452,0.0003552766,-0.0208418310,0.0000000000,0.0000000000,0.0000000000,0.0000000000,0.0000000000,1,0.000000,0.000000,73.018,751.014,1,0.972,73.170,751.613,65.417,791.433,8.858,780.234,79.536,716.352,134.837,722.860,-2.836352,0.617276,1.793301,3.412016,-0.002580,0.001654,1,4.260000,0.000000,1773.298,886.546,1,1.172,1772.486,886.693,1843.242,934.473,1760.764,935.419,1705.907,840.368,1784.324,843.554,1.898099,0.839478,1.466999,2.541572,4.261283,0.000391,0.0112340812,0.0112316351,-9.2655762639,0.0008813078,-0.0110961437,8.2758950992,0.0001392795,0.0040481107,1.0000000000,0.0112838714,0.0113034327,-9.3234733676,0.0008868924,-0.0111619359,8.3247484681,0.0001372684,0.0040787103,1.0000000000
233,28.4751,1785358780.622,2,2.3859,1.1864,2.2025,1.0923,2.2942,1.1394,27.16,0.0041,0.0027,0.0049,0.0006,19.30,1.0000,0.0034,0.5076,0.2061,0,frozen,2-tag corner homography,2,1920,1200,0.200000,101;102,1,1,,2-tag corner homography,0.011432,0.512940,101,102,4.772940,4.260000,30,0.050000,0.600000,5.000000,raw-zero-distortion,590.9628888758,0.0000000000,1007.8592059077,0.0000000000,592.3761043005,547.7101609771,0.0000000000,0.0000000000,1.0000000000,-0.0359937509,0.0291287486,0.0062609452,0.0003552766,-0.0208418310,0.0000000000,0.0000000000,0.0000000000,0.0000000000,0.0000000000,1,0.000000,0.000000,72.958,750.689,1,1.146,73.034,751.517,65.455,791.464,8.822,779.417,79.257,716.459,134.588,723.084,-2.859302,0.621888,1.807549,3.439417,-0.003649,0.002532,1,4.260000,0.000000,1773.454,886.563,1,1.259,1772.536,886.568,1843.376,934.352,1761.075,935.367,1705.637,840.213,1784.395,843.424,1.896449,0.838385,1.465627,2.539188,4.261606,0.000382,0.0111790979,0.0111496780,-9.1970818808,0.0008799271,-0.0110812701,8.2638489104,0.0001372700,0.0040255874,1.0000000000,0.0112838714,0.0113034327,-9.3234733676,0.0008868924,-0.0111619359,8.3247484681,0.0001372684,0.0040787103,1.0000000000
234,28.6217,1785358780.765,2,2.3800,1.1875,2.2022,1.0901,2.2911,1.1388,28.72,0.0063,0.0001,0.0055,-0.0029,11.67,1.0000,0.0022,0.5076,0.2028,0,frozen,2-tag corner homography,2,1920,1200,0.200000,101;102,1,1,,2-tag corner homography,0.011608,0.486842,101,102,4.746842,4.260000,30,0.050000,0.600000,5.000000,raw-zero-distortion,590.9628888758,0.0000000000,1007.8592059077,0.0000000000,592.3761043005,547.7101609771,0.0000000000,0.0000000000,1.0000000000,-0.0359937509,0.0291287486,0.0062609452,0.0003552766,-0.0208418310,0.0000000000,0.0000000000,0.0000000000,0.0000000000,0.0000000000,1,0.000000,0.000000,72.751,751.272,1,1.310,73.350,751.608,65.418,791.434,9.330,780.228,79.084,716.588,135.518,722.614,-2.835311,0.617153,1.792987,3.410963,-0.002604,0.000889,1,4.260000,0.000000,1773.141,886.338,1,1.068,1772.437,886.562,1843.462,934.395,1760.906,935.384,1705.807,840.323,1783.893,843.235,1.895021,0.837848,1.464714,2.537416,4.261197,0.000840,0.0113088933,0.0113549094,-9.3656699849,0.0008863397,-0.0111674545,8.3288609147,0.0001390459,0.0040861777,1.0000000000,0.0112838714,0.0113034327,-9.3234733676,0.0008868924,-0.0111619359,8.3247484681,0.0001372684,0.0040787103,1.0000000000
235,28.7474,1785358780.960,2,2.3796,1.1907,2.2049,1.0868,2.2922,1.1387,30.73,-0.0033,-0.0016,-0.0037,0.0003,12.62,1.0000,0.0026,0.5076,0.2032,0,frozen,2-tag corner homography,2,1920,1200,0.200000,101;102,1,1,,2-tag corner homography,0.048013,0.494241,101,102,4.754241,4.260000,30,0.050000,0.600000,5.000000,raw-zero-distortion,590.9628888758,0.0000000000,1007.8592059077,0.0000000000,592.3761043005,547.7101609771,0.0000000000,0.0000000000,1.0000000000,-0.0359937509,0.0291287486,0.0062609452,0.0003552766,-0.0208418310,0.0000000000,0.0000000000,0.0000000000,0.0000000000,0.0000000000,1,0.000000,0.000000,72.963,750.957,1,0.986,73.067,751.625,65.502,791.468,8.823,780.125,79.331,716.385,134.608,722.923,-2.841894,0.618451,1.796607,3.418573,-0.002892,0.001800,1,4.260000,0.000000,1773.422,886.642,1,1.354,1772.458,886.725,1843.353,934.516,1760.939,935.559,1705.535,840.167,1784.364,843.766,1.895672,0.838517,1.465177,2.538390,4.261437,0.000194,0.0040540455,0.0020198046,-1.8126694295,0.0002695050,-0.0033859880,2.5280482238,0.0001174738,0.0005343626,1.0000000000,0.0112838714,0.0113034327,-9.3234733676,0.0008868924,-0.0111619359,8.3247484681,0.0001372684,0.0040787103,1.0000000000
236,28.9498,1785358781.075,2,2.3629,1.1919,2.2064,1.0850,2.2847,1.1384,34.35,-0.0185,-0.0013,-0.0160,0.0094,16.54,1.0000,0.0026,0.5076,0.1895,0,frozen,2-tag corner homography,2,1920,1200,0.200000,101;102,1,1,,2-tag corner homography,0.011660,0.505320,101,102,4.765320,4.260000,30,0.050000,0.600000,5.000000,raw-zero-distortion,590.9628888758,0.0000000000,1007.8592059077,0.0000000000,592.3761043005,547.7101609771,0.0000000000,0.0000000000,1.0000000000,-0.0359937509,0.0291287486,0.0062609452,0.0003552766,-0.0208418310,0.0000000000,0.0000000000,0.0000000000,0.0000000000,0.0000000000,1,0.000000,0.000000,72.658,751.201,1,1.092,72.984,751.701,65.341,791.494,9.095,780.016,78.955,716.525,134.571,723.134,-2.851850,0.620794,1.802742,3.430498,-0.003059,0.001064,1,4.260000,0.000000,1773.628,886.747,1,1.532,1772.480,886.639,1843.018,934.302,1761.209,935.541,1705.459,840.029,1784.566,843.769,1.896547,0.838664,1.465810,2.539458,4.261758,-0.000010,0.0111881133,0.0111342132,-9.1877694454,0.0008782668,-0.0110688972,8.2566904194,0.0001396244,0.0040236506,1.0000000000,0.0112838714,0.0113034327,-9.3234733676,0.0008868924,-0.0111619359,8.3247484681,0.0001372684,0.0040787103,1.0000000000
237,29.0654,1785358781.199,2,2.3625,1.1993,2.2079,1.0797,2.2852,1.1395,37.73,-0.0220,0.0008,-0.0169,0.0141,19.85,1.0000,0.0027,0.5076,0.1955,0,frozen,2-tag corner homography,2,1920,1200,0.200000,101;102,1,1,,2-tag corner homography,0.011542,0.492530,101,102,4.752530,4.260000,30,0.050000,0.600000,5.000000,raw-zero-distortion,590.9628888758,0.0000000000,1007.8592059077,0.0000000000,592.3761043005,547.7101609771,0.0000000000,0.0000000000,1.0000000000,-0.0359937509,0.0291287486,0.0062609452,0.0003552766,-0.0208418310,0.0000000000,0.0000000000,0.0000000000,0.0000000000,0.0000000000,1,0.000000,0.000000,72.980,750.938,1,0.954,73.005,751.665,65.444,791.482,8.688,780.106,79.393,716.435,134.482,723.036,-2.844748,0.619152,1.798292,3.421958,-0.002897,0.001855,1,4.260000,0.000000,1773.283,886.449,1,1.173,1772.443,886.500,1843.428,934.491,1760.891,935.374,1705.546,840.057,1784.239,843.192,1.890878,0.835857,1.461500,2.531809,4.261372,0.000611,0.0112800889,0.0112658439,-9.2932806395,0.0008820886,-0.0111259548,8.2989263098,0.0001443349,0.0040604653,1.0000000000,0.0112838714,0.0113034327,-9.3234733676,0.0008868924,-0.0111619359,8.3247484681,0.0001372684,0.0040787103,1.0000000000
238,29.1740,1785358781.315,2,2.3563,1.1985,2.2112,1.0782,2.2837,1.1383,39.65,-0.0105,0.0001,-0.0080,0.0068,22.33,1.0000,0.0016,0.5076,0.1884,0,frozen,2-tag corner homography,2,1920,1200,0.200000,101;102,1,1,,2-tag corner homography,0.011561,0.501342,101,102,4.761342,4.260000,30,0.050000,0.600000,5.000000,raw-zero-distortion,590.9628888758,0.0000000000,1007.8592059077,0.0000000000,592.3761043005,547.7101609771,0.0000000000,0.0000000000,1.0000000000,-0.0359937509,0.0291287486,0.0062609452,0.0003552766,-0.0208418310,0.0000000000,0.0000000000,0.0000000000,0.0000000000,0.0000000000,1,0.000000,0.000000,72.886,751.483,1,1.025,73.309,751.806,65.503,791.495,9.375,780.282,79.337,716.521,135.024,723.307,-2.847229,0.620322,1.800445,3.425364,-0.001644,0.000340,1,4.260000,0.000000,1773.320,886.512,1,1.186,1772.510,886.695,1843.283,934.507,1760.728,935.435,1705.953,840.297,1784.368,843.591,1.897335,0.839120,1.466362,2.540516,4.261375,0.000474,0.0111752201,0.0111464960,-9.2008794644,0.0008764855,-0.0110495561,8.2432110449,0.0001406268,0.0040150077,1.0000000000,0.0112838714,0.0113034327,-9.3234733676,0.0008868924,-0.0111619359,8.3247484681,0.0001372684,0.0040787103,1.0000000000
239,29.2908,1785358781.468,2,2.3546,1.2022,2.2106,1.0749,2.2826,1.1386,41.48,-0.0080,-0.0004,-0.0063,0.0051,21.18,1.0000,0.0026,0.5076,0.1922,0,frozen,2-tag corner homography,2,1920,1200,0.200000,101;102,1,1,,2-tag corner homography,0.011417,0.501671,101,102,4.761671,4.260000,30,0.050000,0.600000,5.000000,raw-zero-distortion,590.9628888758,0.0000000000,1007.8592059077,0.0000000000,592.3761043005,547.7101609771,0.0000000000,0.0000000000,1.0000000000,-0.0359937509,0.0291287486,0.0062609452,0.0003552766,-0.0208418310,0.0000000000,0.0000000000,0.0000000000,0.0000000000,0.0000000000,1,0.000000,0.000000,73.032,750.922,1,1.007,73.189,751.552,65.628,791.374,8.689,779.807,79.364,716.324,135.019,723.095,-2.848539,0.619755,1.801043,3.426665,-0.002797,0.001908,1,4.260000,0.000000,1773.478,886.672,1,1.395,1772.464,886.678,1842.998,934.363,1761.107,935.586,1705.686,840.167,1784.355,843.665,1.896256,0.838651,1.465617,2.539125,4.261523,0.000135,0.0111425371,0.0111603608,-9.2046049866,0.0008775672,-0.0110444238,8.2365806593,0.0001291556,0.0040247781,1.0000000000,0.0112838714,0.0113034327,-9.3234733676,0.0008868924,-0.0111619359,8.3247484681,0.0001372684,0.0040787103,1.0000000000
240,29.4672,1785358781.654,2,2.3591,1.2072,2.2135,1.0735,2.2863,1.1404,42.57,0.0064,0.0057,0.0086,-0.0002,11.82,1.0000,0.0020,0.5076,0.1977,0,frozen,2-tag corner homography,2,1920,1200,0.200000,101;102,1,1,,2-tag corner homography,0.011450,0.492942,101,102,4.752942,4.260000,30,0.050000,0.600000,5.000000,raw-zero-distortion,590.9628888758,0.0000000000,1007.8592059077,0.0000000000,592.3761043005,547.7101609771,0.0000000000,0.0000000000,1.0000000000,-0.0359937509,0.0291287486,0.0062609452,0.0003552766,-0.0208418310,0.0000000000,0.0000000000,0.0000000000,0.0000000000,0.0000000000,1,0.000000,0.000000,72.888,751.251,1,1.065,73.226,751.714,65.495,791.517,8.855,780.238,79.271,716.488,135.223,723.033,-2.839623,0.618331,1.795476,3.416069,-0.002282,0.000976,1,4.260000,0.000000,1773.294,886.480,1,1.199,1772.484,886.687,1843.223,934.479,1760.745,935.475,1705.967,840.267,1784.282,843.578,1.896751,0.838871,1.465960,2.539765,4.261356,0.000541,0.0111632599,0.0111924163,-9.2325439073,0.0008764160,-0.0110426420,8.2370961574,0.0001328637,0.0040272567,1.0000000000,0.0112838714,0.0113034327,-9.3234733676,0.0008868924,-0.0111619359,8.3247484681,0.0001372684,0.0040787103,1.0000000000
241,29.6661,1785358781.848,2,2.3475,1.2072,2.2145,1.0709,2.2810,1.1390,45.69,,,,,,1.0000,0.0024,0.5076,0.1905,0,frozen,2-tag corner homography,2,1920,1200,0.200000,101;102,1,1,,2-tag corner homography,0.011324,0.499787,101,102,4.759787,4.260000,30,0.050000,0.600000,5.000000,raw-zero-distortion,590.9628888758,0.0000000000,1007.8592059077,0.0000000000,592.3761043005,547.7101609771,0.0000000000,0.0000000000,1.0000000000,-0.0359937509,0.0291287486,0.0062609452,0.0003552766,-0.0208418310,0.0000000000,0.0000000000,0.0000000000,0.0000000000,0.0000000000,1,0.000000,0.000000,73.333,750.932,1,0.851,73.322,751.618,65.857,791.429,8.853,780.061,79.740,716.220,134.820,723.154,-2.843206,0.618882,1.797926,3.420435,-0.001937,0.001947,1,4.260000,0.000000,1773.404,886.342,1,1.262,1772.519,886.476,1843.343,933.943,1760.851,935.406,1705.766,840.307,1784.426,843.262,1.900022,0.839755,1.468422,2.543921,4.261772,0.000880,0.0110967950,0.0108674950,-8.9833580374,0.0008688819,-0.0109608813,8.1753209358,0.0001378658,0.0039762584,1.0000000000,0.0112838714,0.0113034327,-9.3234733676,0.0008868924,-0.0111619359,8.3247484681,0.0001372684,0.0040787103,1.0000000000
242,29.8600,1785358782.067,2,2.3438,1.2120,2.2188,1.0674,2.2813,1.1397,49.16,,,,,,1.0000,0.0037,0.5076,0.1912,0,frozen,2-tag corner homography,2,1920,1200,0.200000,101;102,1,1,,2-tag corner homography,0.011585,0.499934,101,102,4.759934,4.260000,30,0.050000,0.600000,5.000000,raw-zero-distortion,590.9628888758,0.0000000000,1007.8592059077,0.0000000000,592.3761043005,547.7101609771,0.0000000000,0.0000000000,1.0000000000,-0.0359937509,0.0291287486,0.0062609452,0.0003552766,-0.0208418310,0.0000000000,0.0000000000,0.0000000000,0.0000000000,0.0000000000,1,0.000000,0.000000,73.078,750.462,1,1.160,73.078,751.380,65.515,791.414,8.722,779.448,79.384,716.320,134.661,722.726,-2.849516,0.619371,1.801446,3.427619,-0.003947,0.003181,1,4.260000,0.000000,1773.266,886.456,1,1.239,1772.411,886.609,1843.292,934.477,1760.835,935.479,1705.672,840.102,1784.164,843.478,1.893404,0.837278,1.463513,2.535327,4.261326,0.000594,0.0111890865,0.0111748587,-9.2157780617,0.0008799917,-0.0110665621,8.2512284049,0.0001357623,0.0040338108,1.0000000000,0.0112838714,0.0113034327,-9.3234733676,0.0008868924,-0.0111619359,8.3247484681,0.0001372684,0.0040787103,1.0000000000
243,30.0505,1785358782.199,2,2.3356,1.2152,2.2206,1.0636,2.2781,1.1394,52.82,,,,,,1.0000,0.0024,0.5076,0.1903,0,frozen,2-tag corner homography,2,1920,1200,0.200000,101;102,1,1,,2-tag corner homography,0.011788,0.492712,101,102,4.752712,4.260000,30,0.050000,0.600000,5.000000,raw-zero-distortion,590.9628888758,0.0000000000,1007.8592059077,0.0000000000,592.3761043005,547.7101609771,0.0000000000,0.0000000000,1.0000000000,-0.0359937509,0.0291287486,0.0062609452,0.0003552766,-0.0208418310,0.0000000000,0.0000000000,0.0000000000,0.0000000000,0.0000000000,1,0.000000,0.000000,73.245,750.887,1,0.941,73.252,751.623,65.724,791.482,9.019,780.149,79.645,716.343,134.631,722.920,-2.840318,0.618224,1.795966,3.416884,-0.002303,0.002051,1,4.260000,0.000000,1773.256,886.443,1,1.133,1772.488,886.624,1843.191,934.445,1760.858,935.432,1706.012,840.289,1784.155,843.381,1.895760,0.838271,1.465186,2.538381,4.261321,0.000620,0.0111096030,0.0110601102,-9.1285466985,0.0008706205,-0.0109667457,8.1794199382,0.0001384312,0.0039875093,1.0000000000,0.0112838714,0.0113034327,-9.3234733676,0.0008868924,-0.0111619359,8.3247484681,0.0001372684,0.0040787103,1.0000000000
244,30.1903,1785358782.371,2,2.3314,1.2183,2.2245,1.0633,2.2780,1.1408,55.41,-0.0104,0.0029,-0.0035,0.0102,18.95,1.0000,0.0022,0.5076,0.1883,0,frozen,2-tag corner homography,2,1920,1200,0.200000,101;102,1,1,,2-tag corner homography,0.011200,0.496674,101,102,4.756674,4.260000,30,0.050000,0.600000,5.000000,raw-zero-distortion,590.9628888758,0.0000000000,1007.8592059077,0.0000000000,592.3761043005,547.7101609771,0.0000000000,0.0000000000,1.0000000000,-0.0359937509,0.0291287486,0.0062609452,0.0003552766,-0.0208418310,0.0000000000,0.0000000000,0.0000000000,0.0000000000,0.0000000000,1,0.000000,0.000000,72.924,751.163,1,1.091,73.195,751.731,65.598,791.542,8.816,780.074,79.197,716.590,135.112,723.118,-2.846677,0.619898,1.799876,3.424529,-0.002426,0.001224,1,4.260000,0.000000,1773.292,886.423,1,1.178,1772.452,886.497,1843.402,934.394,1760.758,935.350,1705.610,840.115,1784.361,843.210,1.893106,0.836824,1.463204,2.534776,4.261423,0.000673,0.0112224453,0.0112413494,-9.2733840249,0.0008790683,-0.0110930203,8.2749937066,0.0001385895,0.0040444884,1.0000000000,0.0112838714,0.0113034327,-9.3234733676,0.0008868924,-0.0111619359,8.3247484681,0.0001372684,0.0040787103,1.0000000000
245,30.3554,1785358782.535,2,2.3298,1.2218,2.2235,1.0593,2.2767,1.1406,56.80,-0.0060,0.0034,-0.0004,0.0069,14.19,1.0000,0.0033,0.5076,0.1942,0,frozen,2-tag corner homography,2,1920,1200,0.200000,101;102,1,1,,2-tag corner homography,0.011489,0.504926,101,102,4.764926,4.260000,30,0.050000,0.600000,5.000000,raw-zero-distortion,590.9628888758,0.0000000000,1007.8592059077,0.0000000000,592.3761043005,547.7101609771,0.0000000000,0.0000000000,1.0000000000,-0.0359937509,0.0291287486,0.0062609452,0.0003552766,-0.0208418310,0.0000000000,0.0000000000,0.0000000000,0.0000000000,0.0000000000,1,0.000000,0.000000,72.990,750.709,1,1.196,73.156,751.477,65.435,791.465,8.838,779.417,79.346,716.424,134.955,722.981,-2.854203,0.620738,1.804560,3.433399,-0.003504,0.002484,1,4.260000,0.000000,1773.425,886.460,1,1.410,1772.420,886.537,1843.229,934.384,1760.950,935.403,1705.510,839.833,1784.338,843.650,1.893580,0.837167,1.463633,2.535491,4.261672,0.000612,0.0112659198,0.0112735852,-9.2974867343,0.0008864687,-0.0111614919,8.3231002647,0.0001338323,0.0040754092,1.0000000000,0.0112838714,0.0113034327,-9.3234733676,0.0008868924,-0.0111619359,8.3247484681,0.0001372684,0.0040787103,1.0000000000
246,30.5279,1785358782.672,2,2.3242,1.2211,2.2251,1.0587,2.2747,1.1399,58.60,-0.0091,-0.0014,-0.0059,0.0070,10.39,1.0000,0.0025,0.5076,0.1903,0,frozen,2-tag corner homography,2,1920,1200,0.200000,101;102,1,1,,2-tag corner homography,0.011659,0.501202,101,102,4.761202,4.260000,30,0.050000,0.600000,5.000000,raw-zero-distortion,590.9628888758,0.0000000000,1007.8592059077,0.0000000000,592.3761043005,547.7101609771,0.0000000000,0.0000000000,1.0000000000,-0.0359937509,0.0291287486,0.0062609452,0.0003552766,-0.0208418310,0.0000000000,0.0000000000,0.0000000000,0.0000000000,0.0000000000,1,0.000000,0.000000,72.937,751.068,1,0.911,73.036,751.680,65.394,791.401,8.833,780.058,79.417,716.412,134.496,723.227,-2.849994,0.620358,1.801668,3.428312,-0.002657,0.001490,1,4.260000,0.000000,1773.450,886.509,1,1.420,1772.428,886.559,1843.224,934.354,1760.967,935.444,1705.486,839.905,1784.385,843.644,1.894261,0.837513,1.464142,2.536409,4.261665,0.000504,0.0113974226,0.0113222149,-9.3447494582,0.0008930980,-0.0112623875,8.4008755539,0.0001429013,0.0041178604,1.0000000000,0.0112838714,0.0113034327,-9.3234733676,0.0008868924,-0.0111619359,8.3247484681,0.0001372684,0.0040787103,1.0000000000
247,30.6570,1785358782.788,2,2.3210,1.2200,2.2256,1.0569,2.2733,1.1385,59.68,-0.0107,-0.0052,-0.0099,0.0066,9.83,1.0000,0.0028,0.5076,0.1890,0,frozen,2-tag corner homography,2,1920,1200,0.200000,101;102,1,1,,2-tag corner homography,0.011437,0.496907,101,102,4.756907,4.260000,30,0.050000,0.600000,5.000000,raw-zero-distortion,590.9628888758,0.0000000000,1007.8592059077,0.0000000000,592.3761043005,547.7101609771,0.0000000000,0.0000000000,1.0000000000,-0.0359937509,0.0291287486,0.0062609452,0.0003552766,-0.0208418310,0.0000000000,0.0000000000,0.0000000000,0.0000000000,0.0000000000,1,0.000000,0.000000,73.085,750.848,1,1.072,73.152,751.627,65.663,791.563,8.871,779.977,79.350,716.471,134.713,722.892,-2.844102,0.618993,1.798166,3.421326,-0.002857,0.002123,1,4.260000,0.000000,1773.371,886.373,1,1.224,1772.505,886.475,1843.375,934.174,1760.880,935.375,1705.714,840.176,1784.369,843.230,1.896094,0.838031,1.465411,2.538680,4.261660,0.000802,0.0111428195,0.0111042578,-9.1629497201,0.0008727331,-0.0110066175,8.2093741468,0.0001400074,0.0040015291,1.0000000000,0.0112838714,0.0113034327,-9.3234733676,0.0008868924,-0.0111619359,8.3247484681,0.0001372684,0.0040787103,1.0000000000
248,30.7752,1785358782.956,2,2.3200,1.2203,2.2261,1.0561,2.2731,1.1382,60.24,-0.0079,-0.0065,-0.0095,0.0036,7.70,1.0000,0.0022,0.5076,0.1891,0,frozen,2-tag corner homography,2,1920,1200,0.200000,101;102,1,1,,2-tag corner homography,0.011350,0.502489,101,102,4.762489,4.260000,30,0.050000,0.600000,5.000000,raw-zero-distortion,590.9628888758,0.0000000000,1007.8592059077,0.0000000000,592.3761043005,547.7101609771,0.0000000000,0.0000000000,1.0000000000,-0.0359937509,0.0291287486,0.0062609452,0.0003552766,-0.0208418310,0.0000000000,0.0000000000,0.0000000000,0.0000000000,0.0000000000,1,0.000000,0.000000,72.834,751.200,1,1.012,73.128,751.673,65.401,791.387,8.839,780.044,79.261,716.456,134.967,723.195,-2.848597,0.620093,1.800962,3.426731,-0.002572,0.001104,1,4.260000,0.000000,1773.182,886.434,1,1.137,1772.391,886.556,1843.337,934.253,1760.941,935.396,1705.637,840.394,1783.978,843.253,1.897089,0.838798,1.466401,2.540248,4.261169,0.000628,0.0112647952,0.0112936954,-9.3144950677,0.0008849247,-0.0111567912,8.3218869095,0.0001375896,0.0040674861,1.0000000000,0.0112838714,0.0113034327,-9.3234733676,0.0008868924,-0.0111619359,8.3247484681,0.0001372684,0.0040787103,1.0000000000
249,30.9469,1785358783.143,2,2.3169,1.2204,2.2267,1.0549,2.2718,1.1377,61.41,-0.0056,-0.0035,-0.0057,0.0033,6.36,1.0000,0.0025,0.5076,0.1885,0,frozen,2-tag corner homography,2,1920,1200,0.200000,101;102,1,1,,2-tag corner homography,0.011790,0.493234,101,102,4.753234,4.260000,30,0.050000,0.600000,5.000000,raw-zero-distortion,590.9628888758,0.0000000000,1007.8592059077,0.0000000000,592.3761043005,547.7101609771,0.0000000000,0.0000000000,1.0000000000,-0.0359937509,0.0291287486,0.0062609452,0.0003552766,-0.0208418310,0.0000000000,0.0000000000,0.0000000000,0.0000000000,0.0000000000,1,0.000000,0.000000,72.756,751.144,1,1.133,73.126,751.619,65.309,791.442,9.339,780.094,79.164,716.470,134.719,722.859,-2.844137,0.618959,1.798138,3.421334,-0.002945,0.001240,1,4.260000,0.000000,1773.422,886.607,1,1.355,1772.440,886.626,1843.350,934.599,1760.987,935.444,1705.432,839.943,1784.358,843.660,1.892230,0.836769,1.462551,2.533727,4.261482,0.000275,0.0113361874,0.0112968309,-9.3216206073,0.0008876446,-0.0111796888,8.3382199329,0.0001463001,0.0040824002,1.0000000000,0.0112838714,0.0113034327,-9.3234733676,0.0008868924,-0.0111619359,8.3247484681,0.0001372684,0.0040787103,1.0000000000
250,31.1235,1785358783.269,2,2.3157,1.2200,2.2256,1.0545,2.2707,1.1373,61.44,-0.0067,-0.0027,-0.0056,0.0046,3.97,1.0000,0.0020,0.5076,0.1885,0,frozen,2-tag corner homography,2,1920,1200,0.200000,101;102,1,0,world_rms>0.050,2-tag corner homography,0.140677,0.498694,101,102,4.758694,4.260000,30,0.050000,0.600000,5.000000,raw-zero-distortion,590.9628888758,0.0000000000,1007.8592059077,0.0000000000,592.3761043005,547.7101609771,0.0000000000,0.0000000000,1.0000000000,-0.0359937509,0.0291287486,0.0062609452,0.0003552766,-0.0208418310,0.0000000000,0.0000000000,0.0000000000,0.0000000000,0.0000000000,1,0.000000,0.000000,73.036,751.156,1,0.834,73.104,751.741,65.489,791.479,8.832,780.236,79.551,716.343,134.542,723.297,-2.845125,0.619531,1.798720,3.422564,-0.002138,0.001270,1,4.260000,0.000000,1773.366,886.611,1,1.317,1772.419,886.666,1843.264,934.471,1760.836,935.412,1705.542,840.171,1784.384,843.699,1.896862,0.838938,1.466171,2.539992,4.261352,0.000255,0.0137145209,0.0004606607,-1.3296040966,-0.0001240716,0.0012613338,-0.9210542222,0.0002893550,0.0044911648,1.0000000000,0.0112838714,0.0113034327,-9.3234733676,0.0008868924,-0.0111619359,8.3247484681,0.0001372684,0.0040787103,1.0000000000
251,31.2513,1785358783.399,2,2.3153,1.2200,2.2246,1.0557,2.2699,1.1379,61.10,-0.0064,-0.0005,-0.0035,0.0054,0.52,1.0000,0.0025,0.5076,0.1877,0,frozen,2-tag corner homography,2,1920,1200,0.200000,101;102,1,1,,2-tag corner homography,0.011640,0.495316,101,102,4.755316,4.260000,30,0.050000,0.600000,5.000000,raw-zero-distortion,590.9628888758,0.0000000000,1007.8592059077,0.0000000000,592.3761043005,547.7101609771,0.0000000000,0.0000000000,1.0000000000,-0.0359937509,0.0291287486,0.0062609452,0.0003552766,-0.0208418310,0.0000000000,0.0000000000,0.0000000000,0.0000000000,0.0000000000,1,0.000000,0.000000,73.072,750.966,1,0.902,73.085,751.665,65.569,791.417,8.823,780.172,79.482,716.408,134.468,723.057,-2.844984,0.619257,1.798595,3.422332,-0.002563,0.001797,1,4.260000,0.000000,1773.348,886.459,1,1.243,1772.464,886.538,1843.282,934.403,1760.849,935.405,1705.682,840.068,1784.355,843.357,1.893505,0.837088,1.463489,2.535326,4.261504,0.000602,0.0112299572,0.0111822640,-9.2277275753,0.0008787366,-0.0110807771,8.2651761674,0.0001440279,0.0040352924,1.0000000000,0.0112838714,0.0113034327,-9.3234733676,0.0008868924,-0.0111619359,8.3247484681,0.0001372684,0.0040787103,1.0000000000
252,31.3847,1785358783.540,2,2.3158,1.2202,2.2221,1.0548,2.2690,1.1375,60.47,-0.0065,0.0004,-0.0028,0.0059,-2.52,1.0000,0.0031,0.5076,0.1900,0,frozen,2-tag corner homography,2,1920,1200,0.200000,101;102,1,1,,2-tag corner homography,0.011426,0.499802,101,102,4.759802,4.260000,30,0.050000,0.600000,5.000000,raw-zero-distortion,590.9628888758,0.0000000000,1007.8592059077,0.0000000000,592.3761043005,547.7101609771,0.0000000000,0.0000000000,1.0000000000,-0.0359937509,0.0291287486,0.0062609452,0.0003552766,-0.0208418310,0.0000000000,0.0000000000,0.0000000000,0.0000000000,0.0000000000,1,0.000000,0.000000,72.781,750.859,1,1.286,73.143,751.475,65.290,791.367,8.872,779.537,79.128,716.541,135.205,722.848,-2.852077,0.620259,1.803191,3.430826,-0.003666,0.002026,1,4.260000,0.000000,1773.231,886.403,1,1.202,1772.384,886.500,1843.375,934.492,1760.877,935.382,1705.516,839.979,1784.109,843.275,1.890539,0.835770,1.461350,2.531441,4.261315,0.000709,0.0113652914,0.0114300208,-9.4221689031,0.0008929171,-0.0112460259,8.3861624057,0.0001381919,0.0041169829,1.0000000000,0.0112838714,0.0113034327,-9.3234733676,0.0008868924,-0.0111619359,8.3247484681,0.0001372684,0.0040787103,1.0000000000
253,31.5205,1785358783.652,2,2.3177,1.2209,2.2215,1.0544,2.2696,1.1377,59.99,-0.0026,-0.0004,-0.0016,0.0020,-3.66,1.0000,0.0023,0.5076,0.1922,0,frozen,2-tag corner homography,2,1920,1200,0.200000,101;102,1,1,,2-tag corner homography,0.011541,0.487268,101,102,4.747268,4.260000,30,0.050000,0.600000,5.000000,raw-zero-distortion,590.9628888758,0.0000000000,1007.8592059077,0.0000000000,592.3761043005,547.7101609771,0.0000000000,0.0000000000,1.0000000000,-0.0359937509,0.0291287486,0.0062609452,0.0003552766,-0.0208418310,0.0000000000,0.0000000000,0.0000000000,0.0000000000,0.0000000000,1,0.000000,0.000000,73.019,751.068,1,1.209,73.466,751.514,65.580,791.435,9.327,780.013,79.417,716.355,135.497,722.675,-2.835655,0.617019,1.793427,3.411456,-0.002426,0.001506,1,4.260000,0.000000,1773.486,886.647,1,1.373,1772.482,886.639,1843.298,934.483,1761.124,935.442,1705.499,840.061,1784.369,843.689,1.895056,0.838003,1.464654,2.537459,4.261572,0.000195,0.0113001752,0.0113085596,-9.3303884898,0.0008872716,-0.0111640277,8.3250365875,0.0001356049,0.0040874415,1.0000000000,0.0112838714,0.0113034327,-9.3234733676,0.0008868924,-0.0111619359,8.3247484681,0.0001372684,0.0040787103,1.0000000000
254,31.6516,1785358783.780,2,2.3150,1.2177,2.2201,1.0528,2.2675,1.1353,60.09,-0.0045,-0.0060,-0.0074,0.0009,-2.07,1.0000,0.0018,0.5076,0.1902,0,frozen,2-tag corner homography,2,1920,1200,0.200000,101;102,1,1,,2-tag corner homography,0.011503,0.493357,101,102,4.753357,4.260000,30,0.050000,0.600000,5.000000,raw-zero-distortion,590.9628888758,0.0000000000,1007.8592059077,0.0000000000,592.3761043005,547.7101609771,0.0000000000,0.0000000000,1.0000000000,-0.0359937509,0.0291287486,0.0062609452,0.0003552766,-0.0208418310,0.0000000000,0.0000000000,0.0000000000,0.0000000000,0.0000000000,1,0.000000,0.000000,73.286,751.125,1,0.838,73.323,751.751,65.891,791.573,9.114,780.262,79.654,716.293,134.664,723.257,-2.842756,0.619189,1.797644,3.419968,-0.001530,0.001409,1,4.260000,0.000000,1773.248,886.424,1,1.156,1772.469,886.623,1843.323,934.430,1760.829,935.546,1705.864,840.261,1784.146,843.322,1.893833,0.837438,1.463734,2.535828,4.261326,0.000663,0.0110456644,0.0109558830,-9.0476034505,0.0008643742,-0.0108974297,8.1290863794,0.0001384631,0.0039543770,1.0000000000,0.0112838714,0.0113034327,-9.3234733676,0.0008868924,-0.0111619359,8.3247484681,0.0001372684,0.0040787103,1.0000000000
255,31.7632,1785358783.917,2,2.3147,1.2157,2.2184,1.0524,2.2666,1.1341,59.47,-0.0098,-0.0118,-0.0151,0.0025,-2.06,1.0000,0.0022,0.5076,0.1896,0,frozen,2-tag corner homography,2,1920,1200,0.200000,101;102,1,1,,2-tag corner homography,0.012272,0.505920,101,102,4.765920,4.260000,30,0.050000,0.600000,5.000000,raw-zero-distortion,590.9628888758,0.0000000000,1007.8592059077,0.0000000000,592.3761043005,547.7101609771,0.0000000000,0.0000000000,1.0000000000,-0.0359937509,0.0291287486,0.0062609452,0.0003552766,-0.0208418310,0.0000000000,0.0000000000,0.0000000000,0.0000000000,0.0000000000,1,0.000000,0.000000,73.013,751.188,1,0.862,73.079,751.798,65.500,791.529,8.876,780.220,79.481,716.452,134.467,723.369,-2.848768,0.620479,1.800975,3.426950,-0.002114,0.001177,1,4.260000,0.000000,1773.390,886.379,1,1.333,1772.448,886.499,1843.234,933.959,1760.824,935.401,1705.658,840.238,1784.400,843.425,1.900495,0.840099,1.468923,2.544677,4.261695,0.000793,0.0115295488,0.0121820040,-10.0026212714,0.0009077644,-0.0114481057,8.5396928867,0.0001423870,0.0042087080,1.0000000000,0.0112838714,0.0113034327,-9.3234733676,0.0008868924,-0.0111619359,8.3247484681,0.0001372684,0.0040787103,1.0000000000
256,31.8963,1785358784.077,2,2.3132,1.2179,2.2175,1.0541,2.2653,1.1360,59.71,-0.0092,-0.0011,-0.0056,0.0074,-1.63,1.0000,0.0022,0.5076,0.1897,0,frozen,2-tag corner homography,2,1920,1200,0.200000,101;102,1,1,,2-tag corner homography,0.011513,0.483515,101,102,4.743515,4.260000,30,0.050000,0.600000,5.000000,raw-zero-distortion,590.9628888758,0.0000000000,1007.8592059077,0.0000000000,592.3761043005,547.7101609771,0.0000000000,0.0000000000,1.0000000000,-0.0359937509,0.0291287486,0.0062609452,0.0003552766,-0.0208418310,0.0000000000,0.0000000000,0.0000000000,0.0000000000,0.0000000000,1,0.000000,0.000000,73.151,751.035,1,1.183,73.547,751.518,65.650,791.398,9.398,780.055,79.587,716.398,135.509,722.649,-2.835377,0.617025,1.793407,3.411215,-0.002156,0.001626,1,4.260000,0.000000,1773.406,886.551,1,1.285,1772.470,886.560,1843.338,934.501,1760.906,935.456,1705.526,840.008,1784.441,843.378,1.891460,0.836231,1.461897,2.532597,4.261515,0.000400,0.0113222000,0.0113433772,-9.3591494273,0.0008863081,-0.0111591915,8.3214969740,0.0001429448,0.0040837516,1.0000000000,0.0112838714,0.0113034327,-9.3234733676,0.0008868924,-0.0111619359,8.3247484681,0.0001372684,0.0040787103,1.0000000000
257,32.0581,1785358784.212,2,2.3110,1.2156,2.2143,1.0531,2.2627,1.1344,59.26,-0.0124,0.0003,-0.0061,0.0108,-0.99,1.0000,0.0036,0.5076,0.1891,0,frozen,2-tag corner homography,2,1920,1200,0.200000,101;102,1,1,,2-tag corner homography,0.011509,0.500609,101,102,4.760609,4.260000,30,0.050000,0.600000,5.000000,raw-zero-distortion,590.9628888758,0.0000000000,1007.8592059077,0.0000000000,592.3761043005,547.7101609771,0.0000000000,0.0000000000,1.0000000000,-0.0359937509,0.0291287486,0.0062609452,0.0003552766,-0.0208418310,0.0000000000,0.0000000000,0.0000000000,0.0000000000,0.0000000000,1,0.000000,0.000000,73.207,750.443,1,1.172,73.121,751.465,65.895,791.490,8.609,779.620,79.260,716.468,134.688,722.673,-2.848207,0.619374,1.800702,3.426140,-0.003644,0.003263,1,4.260000,0.000000,1773.433,886.686,1,1.343,1772.465,886.725,1843.236,934.487,1761.017,935.599,1705.587,840.224,1784.350,843.679,1.895499,0.838430,1.465030,2.538147,4.261407,0.000096,0.0111299893,0.0110965418,-9.1539973141,0.0008761580,-0.0110157302,8.2142082882,0.0001320134,0.0040115352,1.0000000000,0.0112838714,0.0113034327,-9.3234733676,0.0008868924,-0.0111619359,8.3247484681,0.0001372684,0.0040787103,1.0000000000
258,32.1985,1785358784.379,2,2.3112,1.2157,2.2129,1.0508,2.2621,1.1333,59.21,-0.0113,-0.0065,-0.0114,0.0064,-1.48,1.0000,0.0018,0.5076,0.1920,0,frozen,2-tag corner homography,2,1920,1200,0.200000,101;102,1,1,,2-tag corner homography,0.011339,0.494094,101,102,4.754094,4.260000,30,0.050000,0.600000,5.000000,raw-zero-distortion,590.9628888758,0.0000000000,1007.8592059077,0.0000000000,592.3761043005,547.7101609771,0.0000000000,0.0000000000,1.0000000000,-0.0359937509,0.0291287486,0.0062609452,0.0003552766,-0.0208418310,0.0000000000,0.0000000000,0.0000000000,0.0000000000,0.0000000000,1,0.000000,0.000000,73.125,751.241,1,1.016,73.467,751.660,65.675,791.473,9.145,780.114,79.592,716.325,135.408,723.134,-2.840612,0.618540,1.796564,3.417501,-0.001652,0.001055,1,4.260000,0.000000,1773.480,886.657,1,1.309,1772.535,886.692,1843.362,934.504,1761.074,935.448,1705.651,840.215,1784.404,843.699,1.896850,0.838870,1.465939,2.539827,4.261547,0.000170,0.0112363740,0.0112466510,-9.2807354980,0.0008831444,-0.0111202017,8.2940382598,0.0001329926,0.0040614222,1.0000000000,0.0112838714,0.0113034327,-9.3234733676,0.0008868924,-0.0111619359,8.3247484681,0.0001372684,0.0040787103,1.0000000000
259,32.3656,1785358784.503,2,2.3085,1.2145,2.2129,1.0503,2.2607,1.1324,59.80,-0.0075,-0.0064,-0.0093,0.0032,1.14,1.0000,0.0023,0.5076,0.1900,0,frozen,2-tag corner homography,2,1920,1200,0.200000,101;102,1,1,,2-tag corner homography,0.011380,0.503702,101,102,4.763702,4.260000,30,0.050000,0.600000,5.000000,raw-zero-distortion,590.9628888758,0.0000000000,1007.8592059077,0.0000000000,592.3761043005,547.7101609771,0.0000000000,0.0000000000,1.0000000000,-0.0359937509,0.0291287486,0.0062609452,0.0003552766,-0.0208418310,0.0000000000,0.0000000000,0.0000000000,0.0000000000,0.0000000000,1,0.000000,0.000000,73.015,751.095,1,0.887,73.044,751.768,65.551,791.498,8.681,780.132,79.409,716.486,134.521,723.336,-2.850366,0.620713,1.801919,3.428817,-0.002362,0.001430,1,4.260000,0.000000,1773.465,886.492,1,1.344,1772.491,886.529,1843.278,934.204,1760.893,935.430,1705.594,840.107,1784.526,843.434,1.896471,0.838347,1.465730,2.539250,4.261719,0.000546,0.0112170533,0.0112243632,-9.2590010698,0.0008792477,-0.0110960838,8.2777727531,0.0001416980,0.0040356221,1.0000000000,0.0112838714,0.0113034327,-9.3234733676,0.0008868924,-0.0111619359,8.3247484681,0.0001372684,0.0040787103,1.0000000000
260,32.4878,1785358784.649,2,2.3094,1.2120,2.2112,1.0494,2.2603,1.1307,58.87,-0.0066,-0.0079,-0.0102,0.0016,-0.26,1.0000,0.0024,0.5076,0.1900,0,frozen,2-tag corner homography,2,1920,1200,0.200000,101;102,1,1,,2-tag corner homography,0.011624,0.485084,101,102,4.745084,4.260000,30,0.050000,0.600000,5.000000,raw-zero-distortion,590.9628888758,0.0000000000,1007.8592059077,0.0000000000,592.3761043005,547.7101609771,0.0000000000,0.0000000000,1.0000000000,-0.0359937509,0.0291287486,0.0062609452,0.0003552766,-0.0208418310,0.0000000000,0.0000000000,0.0000000000,0.0000000000,0.0000000000,1,0.000000,0.000000,72.895,751.088,1,1.180,73.311,751.544,65.411,791.427,9.198,780.175,79.330,716.400,135.268,722.606,-2.833127,0.616456,1.791532,3.408256,-0.002716,0.001424,1,4.260000,0.000000,1773.228,886.470,1,1.191,1772.398,886.600,1843.393,934.395,1760.851,935.427,1705.580,840.264,1784.115,843.407,1.895524,0.838207,1.465177,2.538178,4.261225,0.000554,0.0113746392,0.0115690471,-9.5302749310,0.0008926611,-0.0112349118,8.3781540583,0.0001411810,0.0041192834,1.0000000000,0.0112838714,0.0113034327,-9.3234733676,0.0008868924,-0.0111619359,8.3247484681,0.0001372684,0.0040787103,1.0000000000
261,32.6401,1785358784.765,2,2.3080,1.2136,2.2104,1.0485,2.2592,1.1310,59.43,-0.0057,-0.0055,-0.0076,0.0021,-0.94,1.0000,0.0027,0.5076,0.1918,0,frozen,2-tag corner homography,2,1920,1200,0.200000,101;102,1,1,,2-tag corner homography,0.011447,0.508845,101,102,4.768845,4.260000,30,0.050000,0.600000,5.000000,raw-zero-distortion,590.9628888758,0.0000000000,1007.8592059077,0.0000000000,592.3761043005,547.7101609771,0.0000000000,0.0000000000,1.0000000000,-0.0359937509,0.0291287486,0.0062609452,0.0003552766,-0.0208418310,0.0000000000,0.0000000000,0.0000000000,0.0000000000,0.0000000000,1,0.000000,0.000000,72.803,751.057,1,1.253,73.203,751.607,65.529,791.478,9.106,779.642,79.006,716.587,135.135,723.084,-2.856144,0.621585,1.805877,3.435858,-0.003057,0.001491,1,4.260000,0.000000,1773.425,886.516,1,1.362,1772.457,886.607,1843.308,934.368,1760.963,935.468,1705.569,840.052,1784.339,843.643,1.895576,0.838182,1.465103,2.538165,4.261600,0.000484,0.0112408358,0.0110561461,-9.1341709337,0.0008831389,-0.0111282801,8.3000244461,0.0001346637,0.0040541879,1.0000000000,0.0112838714,0.0113034327,-9.3234733676,0.0008868924,-0.0111619359,8.3247484681,0.0001372684,0.0040787103,1.0000000000
262,32.7404,1785358784.883,2,2.3054,1.2123,2.2090,1.0478,2.2572,1.1300,59.63,-0.0095,-0.0035,-0.0079,0.0064,1.51,1.0000,0.0025,0.5076,0.1906,0,frozen,2-tag corner homography,2,1920,1200,0.200000,101;102,1,1,,2-tag corner homography,0.011975,0.500267,101,102,4.760267,4.260000,30,0.050000,0.600000,5.000000,raw-zero-distortion,590.9628888758,0.0000000000,1007.8592059077,0.0000000000,592.3761043005,547.7101609771,0.0000000000,0.0000000000,1.0000000000,-0.0359937509,0.0291287486,0.0062609452,0.0003552766,-0.0208418310,0.0000000000,0.0000000000,0.0000000000,0.0000000000,0.0000000000,1,0.000000,0.000000,73.095,751.008,1,0.973,73.184,751.682,65.557,791.571,9.364,779.980,79.533,716.371,134.351,723.162,-2.849520,0.620359,1.801653,3.427910,-0.002382,0.001687,1,4.260000,0.000000,1773.496,886.467,1,1.234,1772.635,886.578,1843.315,934.417,1761.305,935.484,1705.994,840.108,1784.208,843.396,1.893761,0.837113,1.463361,2.535452,4.261818,0.000610,0.0110616530,0.0109366624,-9.0321210752,0.0008660558,-0.0109179870,8.1437686015,0.0001410792,0.0039567195,1.0000000000,0.0112838714,0.0113034327,-9.3234733676,0.0008868924,-0.0111619359,8.3247484681,0.0001372684,0.0040787103,1.0000000000
263,32.8662,1785358785.008,2,2.3057,1.2129,2.2077,1.0487,2.2567,1.1308,59.16,-0.0105,-0.0017,-0.0068,0.0081,-0.45,1.0000,0.0019,0.5076,0.1913,0,frozen,2-tag corner homography,2,1920,1200,0.200000,101;102,1,1,,2-tag corner homography,0.011358,0.498734,101,102,4.758734,4.260000,30,0.050000,0.600000,5.000000,raw-zero-distortion,590.9628888758,0.0000000000,1007.8592059077,0.0000000000,592.3761043005,547.7101609771,0.0000000000,0.0000000000,1.0000000000,-0.0359937509,0.0291287486,0.0062609452,0.0003552766,-0.0208418310,0.0000000000,0.0000000000,0.0000000000,0.0000000000,0.0000000000,1,0.000000,0.000000,72.937,751.301,1,0.940,73.148,751.813,65.501,791.615,8.841,780.275,79.366,716.449,134.862,723.308,-2.843483,0.619419,1.797767,3.420678,-0.002008,0.000851,1,4.260000,0.000000,1773.233,886.390,1,1.110,1772.485,886.589,1843.433,934.363,1760.761,935.284,1705.871,840.356,1784.196,843.410,1.898669,0.839475,1.467442,2.542253,4.261336,0.000738,0.0111548461,0.0112173265,-9.2508626042,0.0008754693,-0.0110446683,8.2396939862,0.0001354263,0.0040193565,1.0000000000,0.0112838714,0.0113034327,-9.3234733676,0.0008868924,-0.0111619359,8.3247484681,0.0001372684,0.0040787103,1.0000000000
264,33.0103,1785358785.203,2,2.3026,1.2108,2.2063,1.0468,2.2544,1.1288,59.58,-0.0104,-0.0040,-0.0087,0.0069,-0.21,1.0000,0.0032,0.5076,0.1902,0,frozen,2-tag corner homography,2,1920,1200,0.200000,101;102,1,1,,2-tag corner homography,0.011309,0.509450,101,102,4.769450,4.260000,30,0.050000,0.600000,5.000000,raw-zero-distortion,590.9628888758,0.0000000000,1007.8592059077,0.0000000000,592.3761043005,547.7101609771,0.0000000000,0.0000000000,1.0000000000,-0.0359937509,0.0291287486,0.0062609452,0.0003552766,-0.0208418310,0.0000000000,0.0000000000,0.0000000000,0.0000000000,0.0000000000,1,0.000000,0.000000,72.976,750.753,1,1.078,73.041,751.535,65.366,791.439,8.797,779.493,79.400,716.406,134.580,723.166,-2.857853,0.621632,1.806646,3.437691,-0.003422,0.002361,1,4.260000,0.000000,1773.382,886.421,1,1.248,1772.490,886.499,1843.445,934.254,1760.834,935.432,1705.582,840.134,1784.435,843.248,1.894388,0.837353,1.464122,2.536439,4.261624,0.000694,0.0112327995,0.0112231270,-9.2564810376,0.0008820396,-0.0111154392,8.2895932876,0.0001431242,0.0040405908,1.0000000000,0.0112838714,0.0113034327,-9.3234733676,0.0008868924,-0.0111619359,8.3247484681,0.0001372684,0.0040787103,1.0000000000
265,33.2109,1785358785.426,2,2.3031,1.2121,2.2057,1.0470,2.2544,1.1296,59.46,-0.0070,-0.0032,-0.0063,0.0044,0.63,1.0000,0.0025,0.5076,0.1916,0,frozen,2-tag corner homography,2,1920,1200,0.200000,101;102,1,1,,2-tag corner homography,0.011896,0.499779,101,102,4.759779,4.260000,30,0.050000,0.600000,5.000000,raw-zero-distortion,590.9628888758,0.0000000000,1007.8592059077,0.0000000000,592.3761043005,547.7101609771,0.0000000000,0.0000000000,1.0000000000,-0.0359937509,0.0291287486,0.0062609452,0.0003552766,-0.0208418310,0.0000000000,0.0000000000,0.0000000000,0.0000000000,0.0000000000,1,0.000000,0.000000,73.023,751.005,1,1.084,73.272,751.586,65.571,791.386,9.305,780.023,79.398,716.464,134.823,722.861,-2.845416,0.619234,1.799227,3.423019,-0.002592,0.001680,1,4.260000,0.000000,1773.539,886.695,1,1.281,1772.613,886.717,1843.186,934.494,1761.232,935.484,1705.931,840.295,1784.393,843.663,1.897614,0.839185,1.466380,2.540756,4.261627,0.000094,0.0112274675,0.0112040474,-9.2451933785,0.0008822280,-0.0111025222,8.2801682520,0.0001392961,0.0040441826,1.0000000000,0.0112838714,0.0113034327,-9.3234733676,0.0008868924,-0.0111619359,8.3247484681,0.0001372684,0.0040787103,1.0000000000
266,33.4075,1785358785.534,2,2.3050,1.2114,2.2037,1.0448,2.2544,1.1281,58.70,,,,,,1.0000,0.0022,0.5076,0.1949,0,frozen,2-tag corner homography,2,1920,1200,0.200000,101;102,1,0,world_rms>0.050,2-tag corner homography,0.102545,0.485636,101,102,4.745636,4.260000,30,0.050000,0.600000,5.000000,raw-zero-distortion,590.9628888758,0.0000000000,1007.8592059077,0.0000000000,592.3761043005,547.7101609771,0.0000000000,0.0000000000,1.0000000000,-0.0359937509,0.0291287486,0.0062609452,0.0003552766,-0.0208418310,0.0000000000,0.0000000000,0.0000000000,0.0000000000,0.0000000000,1,0.000000,0.000000,73.120,751.058,1,1.266,73.630,751.476,65.717,791.404,8.850,779.957,79.486,716.366,136.305,722.647,-2.830598,0.615914,1.790545,3.405538,-0.002176,0.001555,1,4.260000,0.000000,1773.387,886.573,1,1.188,1772.554,886.690,1843.336,934.470,1760.958,935.389,1705.908,840.367,1784.329,843.594,1.898730,0.839674,1.467354,2.542313,4.261445,0.000347,10.2653742450,3.8814525746,-3661.2658873074,0.2898653920,-3.8564181846,2887.7431443481,0.3775418270,4.0057861112,1.0000000000,0.0112838714,0.0113034327,-9.3234733676,0.0008868924,-0.0111619359,8.3247484681,0.0001372684,0.0040787103,1.0000000000
267,33.5082,1785358785.653,2,2.3027,1.2072,2.2030,1.0445,2.2529,1.1258,58.50,-0.0045,-0.0114,-0.0121,-0.0021,-3.08,1.0000,0.0021,0.5076,0.1908,0,frozen,2-tag corner homography,2,1920,1200,0.200000,101;102,1,1,,2-tag corner homography,0.011728,0.491242,101,102,4.751242,4.260000,30,0.050000,0.600000,5.000000,raw-zero-distortion,590.9628888758,0.0000000000,1007.8592059077,0.0000000000,592.3761043005,547.7101609771,0.0000000000,0.0000000000,1.0000000000,-0.0359937509,0.0291287486,0.0062609452,0.0003552766,-0.0208418310,0.0000000000,0.0000000000,0.0000000000,0.0000000000,0.0000000000,1,0.000000,0.000000,73.070,751.063,1,1.026,73.327,751.583,65.418,791.511,9.411,779.983,79.659,716.231,134.844,722.998,-2.841259,0.618356,1.796704,3.418079,-0.002303,0.001532,1,4.260000,0.000000,1772.998,886.365,1,1.041,1772.287,886.510,1843.168,934.361,1760.853,935.385,1705.685,840.324,1783.730,843.049,1.893243,0.837098,1.463626,2.535212,4.260849,0.000752,0.0111573182,0.0111861698,-9.2271752494,0.0008739770,-0.0110108363,8.2116574305,0.0001414109,0.0040070302,1.0000000000,0.0112838714,0.0113034327,-9.3234733676,0.0008868924,-0.0111619359,8.3247484681,0.0001372684,0.0040787103,1.0000000000
268,33.6292,1785358785.795,2,2.3013,1.2077,2.2023,1.0426,2.2518,1.1252,59.07,-0.0093,-0.0125,-0.0155,0.0015,0.22,1.0000,0.0034,0.5076,0.1925,0,frozen,2-tag corner homography,2,1920,1200,0.200000,101;102,1,1,,2-tag corner homography,0.011402,0.492207,101,102,4.752207,4.260000,30,0.050000,0.600000,5.000000,raw-zero-distortion,590.9628888758,0.0000000000,1007.8592059077,0.0000000000,592.3761043005,547.7101609771,0.0000000000,0.0000000000,1.0000000000,-0.0359937509,0.0291287486,0.0062609452,0.0003552766,-0.0208418310,0.0000000000,0.0000000000,0.0000000000,0.0000000000,0.0000000000,1,0.000000,0.000000,72.951,750.670,1,1.332,73.253,751.392,65.434,791.504,8.816,779.550,79.260,716.395,135.414,722.543,-2.840365,0.617532,1.795998,3.416815,-0.003722,0.002583,1,4.260000,0.000000,1773.301,886.459,1,1.244,1772.433,886.587,1843.238,934.416,1760.822,935.403,1705.725,840.120,1784.257,843.490,1.895160,0.837977,1.464829,2.537630,4.261400,0.000593,0.0111909070,0.0112325429,-9.2613335136,0.0008804732,-0.0110749574,8.2575029905,0.0001298306,0.0040481154,1.0000000000,0.0112838714,0.0113034327,-9.3234733676,0.0008868924,-0.0111619359,8.3247484681,0.0001372684,0.0040787103,1.0000000000
269,33.7785,1785358785.923,2,2.2993,1.2057,2.2027,1.0436,2.2510,1.1246,59.20,-0.0074,-0.0063,-0.0092,0.0031,1.97,1.0000,0.0036,0.5076,0.1887,0,frozen,2-tag corner homography,2,1920,1200,0.200000,101;102,1,1,,2-tag corner homography,0.011460,0.495700,101,102,4.755700,4.260000,30,0.050000,0.600000,5.000000,raw-zero-distortion,590.9628888758,0.0000000000,1007.8592059077,0.0000000000,592.3761043005,547.7101609771,0.0000000000,0.0000000000,1.0000000000,-0.0359937509,0.0291287486,0.0062609452,0.0003552766,-0.0208418310,0.0000000000,0.0000000000,0.0000000000,0.0000000000,0.0000000000,1,0.000000,0.000000,73.032,750.526,1,1.314,73.203,751.384,65.546,791.467,8.692,779.468,79.259,716.467,135.227,722.548,-2.844896,0.618460,1.798766,3.422204,-0.003900,0.002997,1,4.260000,0.000000,1773.410,886.573,1,1.298,1772.475,886.605,1843.341,934.432,1761.158,935.487,1705.545,840.126,1784.202,843.491,1.893937,0.837432,1.463803,2.535944,4.261498,0.000351,0.0112733049,0.0113136337,-9.3276264801,0.0008875249,-0.0111617793,8.3221642138,0.0001307632,0.0040864823,1.0000000000,0.0112838714,0.0113034327,-9.3234733676,0.0008868924,-0.0111619359,8.3247484681,0.0001372684,0.0040787103,1.0000000000
270,33.9029,1785358786.072,2,2.2983,1.2069,2.2009,1.0415,2.2496,1.1242,59.51,-0.0078,-0.0043,-0.0077,0.0045,1.70,1.0000,0.0032,0.5076,0.1920,0,frozen,2-tag corner homography,2,1920,1200,0.200000,101;102,1,1,,2-tag corner homography,0.011647,0.512581,101,102,4.772581,4.260000,30,0.050000,0.600000,5.000000,raw-zero-distortion,590.9628888758,0.0000000000,1007.8592059077,0.0000000000,592.3761043005,547.7101609771,0.0000000000,0.0000000000,1.0000000000,-0.0359937509,0.0291287486,0.0062609452,0.0003552766,-0.0208418310,0.0000000000,0.0000000000,0.0000000000,0.0000000000,0.0000000000,1,0.000000,0.000000,73.073,750.659,1,1.021,72.994,751.545,65.436,791.429,8.590,779.592,79.489,716.404,134.431,723.128,-2.855520,0.621122,1.805079,3.434836,-0.003416,0.002640,1,4.260000,0.000000,1773.355,886.542,1,1.199,1772.520,886.677,1843.083,934.355,1760.860,935.403,1706.055,840.394,1784.344,843.572,1.900129,0.840298,1.468501,2.544226,4.261415,0.000411,0.0111190824,0.0111188409,-9.1694637797,0.0008764078,-0.0110314720,8.2270529068,0.0001339194,0.0040039668,1.0000000000,0.0112838714,0.0113034327,-9.3234733676,0.0008868924,-0.0111619359,8.3247484681,0.0001372684,0.0040787103,1.0000000000
271,34.0675,1785358786.235,2,2.3010,1.2072,2.2010,1.0416,2.2510,1.1244,58.89,-0.0013,-0.0015,-0.0019,0.0004,-0.61,1.0000,0.0021,0.5076,0.1935,0,frozen,2-tag corner homography,2,1920,1200,0.200000,101;102,1,1,,2-tag corner homography,0.011487,0.485754,101,102,4.745754,4.260000,30,0.050000,0.600000,5.000000,raw-zero-distortion,590.9628888758,0.0000000000,1007.8592059077,0.0000000000,592.3761043005,547.7101609771,0.0000000000,0.0000000000,1.0000000000,-0.0359937509,0.0291287486,0.0062609452,0.0003552766,-0.0208418310,0.0000000000,0.0000000000,0.0000000000,0.0000000000,0.0000000000,1,0.000000,0.000000,72.933,751.199,1,1.292,73.481,751.585,65.534,791.490,9.415,780.175,79.304,716.508,135.622,722.601,-2.832985,0.616662,1.791768,3.408300,-0.002303,0.001129,1,4.260000,0.000000,1773.381,886.540,1,1.253,1772.470,886.555,1843.271,934.284,1760.983,935.407,1705.611,840.244,1784.339,843.351,1.896358,0.838385,1.465683,2.539151,4.261474,0.000420,0.0112646728,0.0112911647,-9.3156946073,0.0008826699,-0.0111195386,8.2927559629,0.0001393386,0.0040632395,1.0000000000,0.0112838714,0.0113034327,-9.3234733676,0.0008868924,-0.0111619359,8.3247484681,0.0001372684,0.0040787103,1.0000000000
272,34.2142,1785358786.339,2,2.2968,1.2029,2.2011,1.0411,2.2489,1.1220,59.40,-0.0017,-0.0056,-0.0057,-0.0014,-0.46,1.0000,0.0033,0.5076,0.1880,0,frozen,2-tag corner homography,2,1920,1200,0.200000,101;102,1,1,,2-tag corner homography,0.011750,0.501481,101,102,4.761481,4.260000,30,0.050000,0.600000,5.000000,raw-zero-distortion,590.9628888758,0.0000000000,1007.8592059077,0.0000000000,592.3761043005,547.7101609771,0.0000000000,0.0000000000,1.0000000000,-0.0359937509,0.0291287486,0.0062609452,0.0003552766,-0.0208418310,0.0000000000,0.0000000000,0.0000000000,0.0000000000,0.0000000000,1,0.000000,0.000000,73.069,750.609,1,1.135,73.109,751.466,65.575,791.443,8.843,779.639,79.348,716.395,134.653,722.773,-2.848533,0.619439,1.800884,3.426519,-0.003564,0.002776,1,4.260000,0.000000,1773.294,886.551,1,1.132,1772.495,886.631,1843.097,934.437,1761.060,935.436,1705.971,840.366,1784.108,843.336,1.896064,0.838416,1.465409,2.538783,4.261268,0.000380,0.0110892001,0.0110615522,-9.1246907481,0.0008722252,-0.0109748074,8.1837809106,0.0001333206,0.0039895237,1.0000000000,0.0112838714,0.0113034327,-9.3234733676,0.0008868924,-0.0111619359,8.3247484681,0.0001372684,0.0040787103,1.0000000000
273,34.3160,1785358786.442,2,2.2988,1.2021,2.2010,1.0412,2.2499,1.1217,58.68,-0.0039,-0.0092,-0.0099,-0.0015,-0.49,1.0000,0.0034,0.5076,0.1882,0,frozen,2-tag corner homography,2,1920,1200,0.200000,101;102,1,1,,2-tag corner homography,0.011398,0.506575,101,102,4.766575,4.260000,30,0.050000,0.600000,5.000000,raw-zero-distortion,590.9628888758,0.0000000000,1007.8592059077,0.0000000000,592.3761043005,547.7101609771,0.0000000000,0.0000000000,1.0000000000,-0.0359937509,0.0291287486,0.0062609452,0.0003552766,-0.0208418310,0.0000000000,0.0000000000,0.0000000000,0.0000000000,0.0000000000,1,0.000000,0.000000,73.114,750.547,1,1.201,73.147,751.464,65.596,791.531,8.824,779.439,79.373,716.423,134.768,722.840,-2.851801,0.620168,1.803025,3.430492,-0.003612,0.002955,1,4.260000,0.000000,1773.307,886.533,1,1.250,1772.427,886.652,1843.361,934.468,1760.692,935.338,1705.622,840.218,1784.389,843.663,1.897856,0.839334,1.466923,2.541299,4.261321,0.000424,0.0111785957,0.0111545295,-9.2013815963,0.0008804408,-0.0110749059,8.2583240623,0.0001349748,0.0040295176,1.0000000000,0.0112838714,0.0113034327,-9.3234733676,0.0008868924,-0.0111619359,8.3247484681,0.0001372684,0.0040787103,1.0000000000
274,34.4311,1785358786.580,2,2.2988,1.2018,2.1995,1.0392,2.2491,1.1205,58.58,-0.0008,-0.0077,-0.0070,-0.0033,-2.64,1.0000,0.0030,0.5076,0.1905,0,frozen,2-tag corner homography,2,1920,1200,0.200000,101;102,1,1,,2-tag corner homography,0.011429,0.508451,101,102,4.768451,4.260000,30,0.050000,0.600000,5.000000,raw-zero-distortion,590.9628888758,0.0000000000,1007.8592059077,0.0000000000,592.3761043005,547.7101609771,0.0000000000,0.0000000000,1.0000000000,-0.0359937509,0.0291287486,0.0062609452,0.0003552766,-0.0208418310,0.0000000000,0.0000000000,0.0000000000,0.0000000000,0.0000000000,1,0.000000,0.000000,73.165,750.730,1,1.039,73.152,751.570,65.801,791.450,8.842,779.574,79.369,716.421,134.593,723.183,-2.858529,0.621957,1.807288,3.438649,-0.002964,0.002466,1,4.260000,0.000000,1773.399,886.468,1,1.340,1772.443,886.540,1843.313,934.404,1760.964,935.449,1705.527,839.933,1784.309,843.493,1.892614,0.836724,1.462842,2.534166,4.261603,0.000589,0.0111717617,0.0111237218,-9.1789236139,0.0008778680,-0.0110601455,8.2485667152,0.0001363385,0.0040224924,1.0000000000,0.0112838714,0.0113034327,-9.3234733676,0.0008868924,-0.0111619359,8.3247484681,0.0001372684,0.0040787103,1.0000000000
275,34.5589,1785358786.716,2,2.3006,1.2032,2.1995,1.0381,2.2501,1.1207,58.50,0.0013,-0.0054,-0.0039,-0.0040,-2.45,1.0000,0.0016,0.5076,0.1936,0,frozen,2-tag corner homography,2,1920,1200,0.200000,101;102,1,1,,2-tag corner homography,0.011598,0.497939,101,102,4.757939,4.260000,30,0.050000,0.600000,5.000000,raw-zero-distortion,590.9628888758,0.0000000000,1007.8592059077,0.0000000000,592.3761043005,547.7101609771,0.0000000000,0.0000000000,1.0000000000,-0.0359937509,0.0291287486,0.0062609452,0.0003552766,-0.0208418310,0.0000000000,0.0000000000,0.0000000000,0.0000000000,0.0000000000,1,0.000000,0.000000,72.905,751.467,1,1.111,73.395,751.780,65.518,791.548,9.180,780.126,79.347,716.518,135.482,723.325,-2.846172,0.620070,1.799943,3.424175,-0.001635,0.000387,1,4.260000,0.000000,1773.473,886.642,1,1.275,1772.533,886.602,1843.348,934.479,1761.273,935.385,1705.589,840.170,1784.273,843.491,1.894929,0.837799,1.464457,2.537183,4.261547,0.000202,0.0112852065,0.0116204860,-9.5658843181,0.0008882760,-0.0111959096,8.3515457508,0.0001327904,0.0040971210,1.0000000000,0.0112838714,0.0113034327,-9.3234733676,0.0008868924,-0.0111619359,8.3247484681,0.0001372684,0.0040787103,1.0000000000
276,34.6935,1785358786.843,2,2.2984,1.2036,2.1996,1.0386,2.2490,1.1211,59.09,0.0000,0.0001,0.0001,0.0000,0.72,1.0000,0.0034,0.5076,0.1923,0,frozen,2-tag corner homography,2,1920,1200,0.200000,101;102,1,1,,2-tag corner homography,0.011490,0.508522,101,102,4.768522,4.260000,30,0.050000,0.600000,5.000000,raw-zero-distortion,590.9628888758,0.0000000000,1007.8592059077,0.0000000000,592.3761043005,547.7101609771,0.0000000000,0.0000000000,1.0000000000,-0.0359937509,0.0291287486,0.0062609452,0.0003552766,-0.0208418310,0.0000000000,0.0000000000,0.0000000000,0.0000000000,0.0000000000,1,0.000000,0.000000,73.046,750.637,1,1.126,73.102,751.465,65.384,791.417,8.820,779.375,79.480,716.384,134.688,723.054,-2.857053,0.621285,1.806257,3.436759,-0.003553,0.002696,1,4.260000,0.000000,1773.345,886.451,1,1.223,1772.477,886.535,1843.226,934.299,1760.908,935.468,1705.757,840.174,1784.304,843.256,1.894261,0.837399,1.464049,2.536317,4.261505,0.000618,0.0111860097,0.0111935095,-9.2307223241,0.0008795750,-0.0110755383,8.2589665316,0.0001388152,0.0040269994,1.0000000000,0.0112838714,0.0113034327,-9.3234733676,0.0008868924,-0.0111619359,8.3247484681,0.0001372684,0.0040787103,1.0000000000
277,34.8269,1785358786.972,2,2.2975,1.2004,2.1993,1.0376,2.2484,1.1190,58.89,-0.0045,-0.0044,-0.0061,0.0016,1.25,1.0000,0.0034,0.5076,0.1901,0,frozen,2-tag corner homography,2,1920,1200,0.200000,101;102,1,1,,2-tag corner homography,0.011417,0.503400,101,102,4.763400,4.260000,30,0.050000,0.600000,5.000000,raw-zero-distortion,590.9628888758,0.0000000000,1007.8592059077,0.0000000000,592.3761043005,547.7101609771,0.0000000000,0.0000000000,1.0000000000,-0.0359937509,0.0291287486,0.0062609452,0.0003552766,-0.0208418310,0.0000000000,0.0000000000,0.0000000000,0.0000000000,0.0000000000,1,0.000000,0.000000,73.113,750.578,1,1.262,73.309,751.364,65.510,791.419,8.829,779.367,79.484,716.359,135.326,722.717,-2.847319,0.618997,1.800503,3.425229,-0.003528,0.002870,1,4.260000,0.000000,1773.302,886.504,1,1.175,1772.487,886.647,1843.170,934.376,1760.813,935.357,1705.960,840.362,1784.289,843.525,1.899320,0.839903,1.467939,2.543167,4.261345,0.000489,0.0111539803,0.0112006274,-9.2349197568,0.0008803220,-0.0110664568,8.2508016487,0.0001284055,0.0040332067,1.0000000000,0.0112838714,0.0113034327,-9.3234733676,0.0008868924,-0.0111619359,8.3247484681,0.0001372684,0.0040787103,1.0000000000
278,34.9575,1785358787.090,2,2.2951,1.2000,2.1989,1.0367,2.2470,1.1183,59.48,-0.0067,-0.0086,-0.0108,0.0013,1.41,1.0000,0.0021,0.5076,0.1895,0,frozen,2-tag corner homography,2,1920,1200,0.200000,101;102,1,1,,2-tag corner homography,0.011617,0.499190,101,102,4.759190,4.260000,30,0.050000,0.600000,5.000000,raw-zero-distortion,590.9628888758,0.0000000000,1007.8592059077,0.0000000000,592.3761043005,547.7101609771,0.0000000000,0.0000000000,1.0000000000,-0.0359937509,0.0291287486,0.0062609452,0.0003552766,-0.0208418310,0.0000000000,0.0000000000,0.0000000000,0.0000000000,0.0000000000,1,0.000000,0.000000,72.884,751.316,1,0.959,73.140,751.788,65.324,791.566,9.070,780.203,79.434,716.449,134.733,723.320,-2.846273,0.619946,1.799516,3.424013,-0.002111,0.000796,1,4.260000,0.000000,1773.500,886.510,1,1.343,1772.551,886.619,1843.281,934.409,1760.914,935.437,1705.803,840.042,1784.521,843.665,1.896145,0.838360,1.465363,2.538799,4.261773,0.000512,0.0112189527,0.0111812130,-9.2281040082,0.0008790086,-0.0110874058,8.2714253501,0.0001408059,0.0040363419,1.0000000000,0.0112838714,0.0113034327,-9.3234733676,0.0008868924,-0.0111619359,8.3247484681,0.0001372684,0.0040787103,1.0000000000
279,35.0687,1785358787.204,2,2.2970,1.1990,2.1974,1.0359,2.2472,1.1175,58.61,-0.0056,-0.0071,-0.0090,0.0011,-0.14,1.0000,0.0022,0.5076,0.1911,0,frozen,2-tag corner homography,2,1920,1200,0.200000,101;102,1,1,,2-tag corner homography,0.011580,0.508315,101,102,4.768315,4.260000,30,0.050000,0.600000,5.000000,raw-zero-distortion,590.9628888758,0.0000000000,1007.8592059077,0.0000000000,592.3761043005,547.7101609771,0.0000000000,0.0000000000,1.0000000000,-0.0359937509,0.0291287486,0.0062609452,0.0003552766,-0.0208418310,0.0000000000,0.0000000000,0.0000000000,0.0000000000,0.0000000000,1,0.000000,0.000000,73.115,751.046,1,0.890,73.141,751.730,65.927,791.396,9.099,780.149,79.269,716.503,134.322,723.221,-2.854199,0.621497,1.804528,3.433516,-0.002222,0.001587,1,4.260000,0.000000,1773.293,886.475,1,1.180,1772.468,886.593,1843.380,934.331,1760.956,935.401,1705.708,840.328,1784.159,843.386,1.897138,0.838825,1.466289,2.540229,4.261362,0.000553,0.0111420611,0.0110594346,-9.1302406998,0.0008740052,-0.0110199294,8.2203663128,0.0001424582,0.0039941026,1.0000000000,0.0112838714,0.0113034327,-9.3234733676,0.0008868924,-0.0111619359,8.3247484681,0.0001372684,0.0040787103,1.0000000000
280,35.1810,1785358787.311,2,2.2954,1.1975,2.1976,1.0354,2.2465,1.1165,58.88,-0.0036,-0.0080,-0.0087,-0.0011,-1.79,1.0000,0.0022,0.5076,0.1893,0,frozen,2-tag corner homography,2,1920,1200,0.200000,101;102,1,1,,2-tag corner homography,0.011245,0.492485,101,102,4.752485,4.260000,30,0.050000,0.600000,5.000000,raw-zero-distortion,590.9628888758,0.0000000000,1007.8592059077,0.0000000000,592.3761043005,547.7101609771,0.0000000000,0.0000000000,1.0000000000,-0.0359937509,0.0291287486,0.0062609452,0.0003552766,-0.0208418310,0.0000000000,0.0000000000,0.0000000000,0.0000000000,0.0000000000,1,0.000000,0.000000,73.007,751.148,1,0.932,73.202,751.673,65.553,791.456,8.732,780.145,79.446,716.328,135.025,723.170,-2.842131,0.618735,1.797016,3.419036,-0.002238,0.001283,1,4.260000,0.000000,1773.327,886.397,1,1.207,1772.485,886.529,1843.379,934.361,1760.784,935.429,1705.728,840.113,1784.357,843.283,1.893607,0.837087,1.463529,2.535425,4.261534,0.000739,0.0112617869,0.0113174473,-9.3329468143,0.0008825861,-0.0111297612,8.3016314376,0.0001373664,0.0040675229,1.0000000000,0.0112838714,0.0113034327,-9.3234733676,0.0008868924,-0.0111619359,8.3247484681,0.0001372684,0.0040787103,1.0000000000
281,35.2885,1785358787.459,2,2.2974,1.1987,2.1973,1.0352,2.2473,1.1169,58.52,-0.0012,-0.0059,-0.0056,-0.0021,-2.15,1.0000,0.0021,0.5076,0.1918,0,frozen,2-tag corner homography,2,1920,1200,0.200000,101;102,1,1,,2-tag corner homography,0.011301,0.478321,101,102,4.738321,4.260000,30,0.050000,0.600000,5.000000,raw-zero-distortion,590.9628888758,0.0000000000,1007.8592059077,0.0000000000,592.3761043005,547.7101609771,0.0000000000,0.0000000000,1.0000000000,-0.0359937509,0.0291287486,0.0062609452,0.0003552766,-0.0208418310,0.0000000000,0.0000000000,0.0000000000,0.0000000000,0.0000000000,1,0.000000,0.000000,73.177,751.059,1,1.372,73.788,751.440,65.907,791.416,9.350,779.975,79.422,716.389,136.357,722.437,-2.828891,0.615536,1.789766,3.403641,-0.002014,0.001564,1,4.260000,0.000000,1772.992,886.255,1,1.127,1772.250,886.486,1843.246,934.321,1760.840,935.383,1705.596,840.145,1783.640,843.207,1.892995,0.836970,1.463506,2.534916,4.260973,0.001004,0.0112412807,0.0113107708,-9.3304220179,0.0008828095,-0.0111116682,8.2849590298,0.0001262603,0.0040785927,1.0000000000,0.0112838714,0.0113034327,-9.3234733676,0.0008868924,-0.0111619359,8.3247484681,0.0001372684,0.0040787103,1.0000000000
282,35.4588,1785358787.602,2,2.2944,1.1966,2.1974,1.0344,2.2459,1.1155,59.12,-0.0024,-0.0043,-0.0049,-0.0002,0.45,1.0000,0.0020,0.5076,0.1890,0,frozen,2-tag corner homography,2,1920,1200,0.200000,101;102,1,1,,2-tag corner homography,0.011517,0.492336,101,102,4.752336,4.260000,30,0.050000,0.600000,5.000000,raw-zero-distortion,590.9628888758,0.0000000000,1007.8592059077,0.0000000000,592.3761043005,547.7101609771,0.0000000000,0.0000000000,1.0000000000,-0.0359937509,0.0291287486,0.0062609452,0.0003552766,-0.0208418310,0.0000000000,0.0000000000,0.0000000000,0.0000000000,0.0000000000,1,0.000000,0.000000,72.920,751.282,1,1.147,73.380,751.665,65.576,791.494,9.204,780.072,79.283,716.449,135.413,723.045,-2.842672,0.618946,1.797699,3.419883,-0.002106,0.000898,1,4.260000,0.000000,1773.026,886.213,1,1.117,1772.323,886.525,1843.240,934.350,1760.829,935.456,1705.842,840.153,1783.672,843.237,1.892867,0.836928,1.463266,2.534668,4.261102,0.001107,0.0111692462,0.0111777499,-9.2231001133,0.0008760067,-0.0110440606,8.2374784074,0.0001320996,0.0040304341,1.0000000000,0.0112838714,0.0113034327,-9.3234733676,0.0008868924,-0.0111619359,8.3247484681,0.0001372684,0.0040787103,1.0000000000
283,35.5793,1785358787.733,2,2.2950,1.1975,2.1964,1.0329,2.2457,1.1152,59.06,-0.0047,-0.0055,-0.0072,0.0012,1.47,1.0000,0.0025,0.5076,0.1919,0,frozen,2-tag corner homography,2,1920,1200,0.200000,101;102,1,1,,2-tag corner homography,0.011535,0.510514,101,102,4.770514,4.260000,30,0.050000,0.600000,5.000000,raw-zero-distortion,590.9628888758,0.0000000000,1007.8592059077,0.0000000000,592.3761043005,547.7101609771,0.0000000000,0.0000000000,1.0000000000,-0.0359937509,0.0291287486,0.0062609452,0.0003552766,-0.0208418310,0.0000000000,0.0000000000,0.0000000000,0.0000000000,0.0000000000,1,0.000000,0.000000,73.021,750.945,1,1.127,73.246,751.591,65.461,791.491,9.200,779.498,79.454,716.449,134.863,723.279,-2.859462,0.622290,1.808059,3.439890,-0.002763,0.001843,1,4.260000,0.000000,1773.201,886.465,1,1.156,1772.398,886.585,1843.233,934.419,1760.985,935.468,1705.711,840.251,1783.964,843.292,1.893751,0.837386,1.463807,2.535792,4.261173,0.000560,0.0111923484,0.0111852170,-9.2279969986,0.0008802935,-0.0110881662,8.2696108863,0.0001371712,0.0040317145,1.0000000000,0.0112838714,0.0113034327,-9.3234733676,0.0008868924,-0.0111619359,8.3247484681,0.0001372684,0.0040787103,1.0000000000
284,35.7271,1785358787.859,2,2.2948,1.1972,2.1962,1.0318,2.2455,1.1145,59.22,-0.0022,-0.0043,-0.0048,-0.0003,0.65,1.0000,0.0025,0.5076,0.1926,0,frozen,2-tag corner homography,2,1920,1200,0.200000,101;102,1,1,,2-tag corner homography,0.011857,0.511820,101,102,4.771820,4.260000,30,0.050000,0.600000,5.000000,raw-zero-distortion,590.9628888758,0.0000000000,1007.8592059077,0.0000000000,592.3761043005,547.7101609771,0.0000000000,0.0000000000,1.0000000000,-0.0359937509,0.0291287486,0.0062609452,0.0003552766,-0.0208418310,0.0000000000,0.0000000000,0.0000000000,0.0000000000,0.0000000000,1,0.000000,0.000000,72.856,751.095,1,1.068,73.092,751.678,65.354,791.496,9.494,779.849,79.280,716.501,134.315,723.205,-2.857100,0.621937,1.806268,3.436922,-0.002804,0.001397,1,4.260000,0.000000,1773.272,886.361,1,1.180,1772.492,886.610,1843.314,934.307,1760.803,935.443,1705.967,840.289,1784.173,843.450,1.897664,0.839075,1.466651,2.540914,4.261458,0.000812,0.0111247108,0.0109757756,-9.0650305971,0.0008721945,-0.0109936385,8.2003091842,0.0001464992,0.0039755292,1.0000000000,0.0112838714,0.0113034327,-9.3234733676,0.0008868924,-0.0111619359,8.3247484681,0.0001372684,0.0040787103,1.0000000000
285,35.8369,1785358787.967,2,2.2977,1.1972,2.1956,1.0315,2.2466,1.1144,58.34,0.0014,-0.0037,-0.0025,-0.0031,-1.42,1.0000,0.0035,0.5076,0.1946,0,frozen,2-tag corner homography,2,1920,1200,0.200000,101;102,1,1,,2-tag corner homography,0.011538,0.512448,101,102,4.772448,4.260000,30,0.050000,0.600000,5.000000,raw-zero-distortion,590.9628888758,0.0000000000,1007.8592059077,0.0000000000,592.3761043005,547.7101609771,0.0000000000,0.0000000000,1.0000000000,-0.0359937509,0.0291287486,0.0062609452,0.0003552766,-0.0208418310,0.0000000000,0.0000000000,0.0000000000,0.0000000000,0.0000000000,1,0.000000,0.000000,72.864,750.671,1,1.197,73.008,751.458,65.115,791.420,8.718,779.279,79.372,716.445,134.769,723.062,-2.858685,0.621557,1.807109,3.438613,-0.003960,0.002561,1,4.260000,0.000000,1773.352,886.488,1,1.203,1772.527,886.660,1843.340,934.449,1760.888,935.461,1705.899,840.265,1784.284,843.531,1.896584,0.838681,1.465748,2.539456,4.261475,0.000535,0.0112660485,0.0113121200,-9.3245862840,0.0008883767,-0.0111764030,8.3341318410,0.0001361751,0.0040727667,1.0000000000,0.0112838714,0.0113034327,-9.3234733676,0.0008868924,-0.0111619359,8.3247484681,0.0001372684,0.0040787103,1.0000000000
286,35.9550,1785358788.082,2,2.2934,1.1972,2.1958,1.0308,2.2446,1.1140,59.61,-0.0023,-0.0027,-0.0035,0.0006,0.76,1.0000,0.0018,0.5076,0.1929,0,frozen,2-tag corner homography,2,1920,1200,0.200000,101;102,1,1,,2-tag corner homography,0.011307,0.489011,101,102,4.749011,4.260000,30,0.050000,0.600000,5.000000,raw-zero-distortion,590.9628888758,0.0000000000,1007.8592059077,0.0000000000,592.3761043005,547.7101609771,0.0000000000,0.0000000000,1.0000000000,-0.0359937509,0.0291287486,0.0062609452,0.0003552766,-0.0208418310,0.0000000000,0.0000000000,0.0000000000,0.0000000000,0.0000000000,1,0.000000,0.000000,73.030,751.260,1,1.018,73.383,751.663,65.553,791.459,9.049,780.240,79.523,716.346,135.353,723.030,-2.836927,0.617692,1.794073,3.412975,-0.001867,0.000983,1,4.260000,0.000000,1773.188,886.448,1,1.217,1772.336,886.570,1843.270,934.338,1760.740,935.412,1705.535,840.217,1784.135,843.392,1.895556,0.838214,1.465320,2.538287,4.261165,0.000597,0.0112524056,0.0112766930,-9.3036223154,0.0008821281,-0.0111175572,8.2922604922,0.0001372509,0.0040610630,1.0000000000,0.0112838714,0.0113034327,-9.3234733676,0.0008868924,-0.0111619359,8.3247484681,0.0001372684,0.0040787103,1.0000000000
287,36.0587,1785358788.178,2,2.2921,1.1953,2.1963,1.0307,2.2442,1.1130,59.80,-0.0042,-0.0038,-0.0054,0.0017,2.00,1.0000,0.0023,0.5076,0.1904,0,frozen,2-tag corner homography,2,1920,1200,0.200000,101;102,1,1,,2-tag corner homography,0.011288,0.489726,101,102,4.749726,4.260000,30,0.050000,0.600000,5.000000,raw-zero-distortion,590.9628888758,0.0000000000,1007.8592059077,0.0000000000,592.3761043005,547.7101609771,0.0000000000,0.0000000000,1.0000000000,-0.0359937509,0.0291287486,0.0062609452,0.0003552766,-0.0208418310,0.0000000000,0.0000000000,0.0000000000,0.0000000000,0.0000000000,1,0.000000,0.000000,72.931,751.120,1,1.189,73.329,751.607,65.367,791.516,8.744,780.067,79.418,716.471,135.667,722.826,-2.834579,0.616976,1.792485,3.410059,-0.002530,0.001346,1,4.260000,0.000000,1773.309,886.472,1,1.119,1772.557,886.681,1843.418,934.440,1760.801,935.405,1706.015,840.431,1784.295,843.492,1.898773,0.839669,1.467382,2.542359,4.261400,0.000564,0.0112551195,0.0113555229,-9.3618114100,0.0008851967,-0.0111454154,8.3124622391,0.0001304218,0.0040795435,1.0000000000,0.0112838714,0.0113034327,-9.3234733676,0.0008868924,-0.0111619359,8.3247484681,0.0001372684,0.0040787103,1.0000000000
288,36.1563,1785358788.293,2,2.2954,1.1972,2.1958,1.0304,2.2456,1.1138,59.17,-0.0038,-0.0031,-0.0046,0.0017,2.41,1.0000,0.0022,0.5076,0.1942,0,frozen,2-tag corner homography,2,1920,1200,0.200000,101;102,1,1,,2-tag corner homography,0.011226,0.500323,101,102,4.760323,4.260000,30,0.050000,0.600000,5.000000,raw-zero-distortion,590.9628888758,0.0000000000,1007.8592059077,0.0000000000,592.3761043005,547.7101609771,0.0000000000,0.0000000000,1.0000000000,-0.0359937509,0.0291287486,0.0062609452,0.0003552766,-0.0208418310,0.0000000000,0.0000000000,0.0000000000,0.0000000000,0.0000000000,1,0.000000,0.000000,73.115,751.022,1,0.977,73.246,751.659,65.775,791.413,8.730,779.929,79.398,716.453,135.025,723.226,-2.850821,0.620615,1.802595,3.429532,-0.002289,0.001654,1,4.260000,0.000000,1773.200,886.418,1,1.206,1772.367,886.569,1843.356,934.444,1760.766,935.476,1705.561,840.114,1784.117,843.346,1.892438,0.836800,1.462850,2.534066,4.261229,0.000668,0.0112269093,0.0112628688,-9.2896116605,0.0008815860,-0.0111112711,8.2876439435,0.0001356487,0.0040528559,1.0000000000,0.0112838714,0.0113034327,-9.3234733676,0.0008868924,-0.0111619359,8.3247484681,0.0001372684,0.0040787103,1.0000000000
289,36.2730,1785358788.408,2,2.2940,1.1944,2.1954,1.0297,2.2447,1.1121,59.10,-0.0003,-0.0042,-0.0037,-0.0019,-0.54,1.0000,0.0019,0.5076,0.1920,0,frozen,2-tag corner homography,2,1920,1200,0.200000,101;102,1,1,,2-tag corner homography,0.011547,0.493814,101,102,4.753814,4.260000,30,0.050000,0.600000,5.000000,raw-zero-distortion,590.9628888758,0.0000000000,1007.8592059077,0.0000000000,592.3761043005,547.7101609771,0.0000000000,0.0000000000,1.0000000000,-0.0359937509,0.0291287486,0.0062609452,0.0003552766,-0.0208418310,0.0000000000,0.0000000000,0.0000000000,0.0000000000,0.0000000000,1,0.000000,0.000000,72.952,751.294,1,0.898,73.182,751.747,65.473,791.494,9.232,780.391,79.452,716.351,134.605,723.142,-2.840755,0.618646,1.796107,3.417398,-0.001986,0.000871,1,4.260000,0.000000,1773.405,886.530,1,1.207,1772.534,886.568,1843.448,934.306,1760.981,935.417,1705.650,840.313,1784.391,843.303,1.896465,0.838396,1.465644,2.539212,4.261540,0.000449,0.0111996517,0.0111377038,-9.1940486884,0.0008756286,-0.0110443984,8.2388051443,0.0001469260,0.0040138975,1.0000000000,0.0112838714,0.0113034327,-9.3234733676,0.0008868924,-0.0111619359,8.3247484681,0.0001372684,0.0040787103,1.0000000000
290,36.3957,1785358788.522,2,2.2941,1.1927,2.1961,1.0286,2.2451,1.1106,59.15,0.0010,-0.0068,-0.0053,-0.0043,-1.33,1.0000,0.0019,0.5076,0.1912,0,frozen,2-tag corner homography,2,1920,1200,0.200000,101;102,1,1,,2-tag corner homography,0.011527,0.495656,101,102,4.755656,4.260000,30,0.050000,0.600000,5.000000,raw-zero-distortion,590.9628888758,0.0000000000,1007.8592059077,0.0000000000,592.3761043005,547.7101609771,0.0000000000,0.0000000000,1.0000000000,-0.0359937509,0.0291287486,0.0062609452,0.0003552766,-0.0208418310,0.0000000000,0.0000000000,0.0000000000,0.0000000000,0.0000000000,1,0.000000,0.000000,72.899,751.363,1,1.086,73.367,751.682,65.487,791.398,9.206,780.094,79.364,716.447,135.363,723.186,-2.845858,0.619685,1.799690,3.423712,-0.001941,0.000672,1,4.260000,0.000000,1773.282,886.392,1,1.194,1772.460,886.538,1843.319,934.427,1761.067,935.414,1705.758,840.081,1784.008,843.342,1.892894,0.836823,1.463025,2.534514,4.261441,0.000743,0.0112791932,0.0113019427,-9.3245874354,0.0008848681,-0.0111572781,8.3221473238,0.0001355063,0.0040778569,1.0000000000,0.0112838714,0.0113034327,-9.3234733676,0.0008868924,-0.0111619359,8.3247484681,0.0001372684,0.0040787103,1.0000000000
291,36.5086,1785358788.647,2,2.2938,1.1933,2.1975,1.0286,2.2456,1.1109,59.68,0.0029,-0.0056,-0.0034,-0.0053,1.13,1.0000,0.0025,0.5076,0.1908,0,frozen,2-tag corner homography,2,1920,1200,0.200000,101;102,1,1,,2-tag corner homography,0.011842,0.499201,101,102,4.759201,4.260000,30,0.050000,0.600000,5.000000,raw-zero-distortion,590.9628888758,0.0000000000,1007.8592059077,0.0000000000,592.3761043005,547.7101609771,0.0000000000,0.0000000000,1.0000000000,-0.0359937509,0.0291287486,0.0062609452,0.0003552766,-0.0208418310,0.0000000000,0.0000000000,0.0000000000,0.0000000000,0.0000000000,1,0.000000,0.000000,72.956,751.006,1,1.140,73.259,751.567,65.408,791.500,9.451,779.970,79.409,716.384,134.796,722.802,-2.842196,0.618465,1.797166,3.419120,-0.002773,0.001661,1,4.260000,0.000000,1773.373,886.497,1,1.174,1772.568,886.668,1843.236,934.364,1760.848,935.364,1706.091,840.397,1784.376,843.569,1.900466,0.840372,1.468669,2.544599,4.261511,0.000519,0.0112084378,0.0112453773,-9.2745147161,0.0008806583,-0.0110837062,8.2658159058,0.0001407736,0.0040342141,1.0000000000,0.0112838714,0.0113034327,-9.3234733676,0.0008868924,-0.0111619359,8.3247484681,0.0001372684,0.0040787103,1.0000000000
292,36.6299,1785358788.788,2,2.2944,1.1923,2.1963,1.0274,2.2454,1.1099,59.26,0.0016,-0.0040,-0.0026,-0.0034,0.62,1.0000,0.0027,0.5076,0.1919,0,frozen,2-tag corner homography,2,1920,1200,0.200000,101;102,1,1,,2-tag corner homography,0.011234,0.508296,101,102,4.768296,4.260000,30,0.050000,0.600000,5.000000,raw-zero-distortion,590.9628888758,0.0000000000,1007.8592059077,0.0000000000,592.3761043005,547.7101609771,0.0000000000,0.0000000000,1.0000000000,-0.0359937509,0.0291287486,0.0062609452,0.0003552766,-0.0208418310,0.0000000000,0.0000000000,0.0000000000,0.0000000000,0.0000000000,1,0.000000,0.000000,73.114,750.821,1,1.150,73.308,751.522,65.553,791.479,8.831,779.442,79.516,716.396,135.255,723.154,-2.854038,0.620940,1.804750,3.433398,-0.002851,0.002205,1,4.260000,0.000000,1773.349,886.654,1,1.172,1772.504,886.687,1843.293,934.473,1761.051,935.452,1705.751,840.439,1784.238,843.453,1.897226,0.839058,1.466288,2.540371,4.261261,0.000152,0.0111832266,0.0112205298,-9.2537025933,0.0008823603,-0.0111012992,8.2785664413,0.0001293194,0.0040447905,1.0000000000,0.0112838714,0.0113034327,-9.3234733676,0.0008868924,-0.0111619359,8.3247484681,0.0001372684,0.0040787103,1.0000000000
293,36.7706,1785358788.899,2,2.2936,1.1916,2.1970,1.0273,2.2453,1.1094,59.55,-0.0005,-0.0053,-0.0048,-0.0023,-0.15,1.0000,0.0021,0.5076,0.1906,0,frozen,2-tag corner homography,2,1920,1200,0.200000,101;102,1,1,,2-tag corner homography,0.012492,0.501418,101,102,4.761418,4.260000,30,0.050000,0.600000,5.000000,raw-zero-distortion,590.9628888758,0.0000000000,1007.8592059077,0.0000000000,592.3761043005,547.7101609771,0.0000000000,0.0000000000,1.0000000000,-0.0359937509,0.0291287486,0.0062609452,0.0003552766,-0.0208418310,0.0000000000,0.0000000000,0.0000000000,0.0000000000,0.0000000000,1,0.000000,0.000000,73.091,751.153,1,0.901,73.223,751.726,65.768,791.461,9.335,780.153,79.405,716.397,134.447,723.245,-2.850622,0.620759,1.802425,3.429304,-0.001993,0.001289,1,4.260000,0.000000,1773.349,886.341,1,1.240,1772.502,886.517,1843.464,934.336,1761.058,935.418,1705.717,840.046,1784.107,843.382,1.893796,0.837124,1.463643,2.535644,4.261651,0.000872,0.0115347621,0.0121121731,-9.9513377945,0.0009070455,-0.0114295245,8.5247484345,0.0001427374,0.0042077129,1.0000000000,0.0112838714,0.0113034327,-9.3234733676,0.0008868924,-0.0111619359,8.3247484681,0.0001372684,0.0040787103,1.0000000000
294,36.8771,1785358788.995,2,2.2937,1.1910,2.1976,1.0269,2.2457,1.1090,59.64,0.0006,-0.0043,-0.0034,-0.0027,0.95,1.0000,0.0030,0.5076,0.1901,0,frozen,2-tag corner homography,2,1920,1200,0.200000,101;102,1,1,,2-tag corner homography,0.011481,0.506873,101,102,4.766873,4.260000,30,0.050000,0.600000,5.000000,raw-zero-distortion,590.9628888758,0.0000000000,1007.8592059077,0.0000000000,592.3761043005,547.7101609771,0.0000000000,0.0000000000,1.0000000000,-0.0359937509,0.0291287486,0.0062609452,0.0003552766,-0.0208418310,0.0000000000,0.0000000000,0.0000000000,0.0000000000,0.0000000000,1,0.000000,0.000000,73.011,750.771,1,1.110,73.153,751.493,65.375,791.378,8.840,779.552,79.473,716.402,134.875,723.025,-2.853152,0.620555,1.803890,3.432140,-0.003276,0.002319,1,4.260000,0.000000,1773.377,886.567,1,1.223,1772.496,886.613,1843.181,934.374,1760.901,935.425,1705.797,840.284,1784.395,843.417,1.896720,0.838661,1.465912,2.539645,4.261430,0.000357,0.0112178948,0.0112415326,-9.2700772261,0.0008829236,-0.0111135523,8.2875676539,0.0001374728,0.0040454294,1.0000000000,0.0112838714,0.0113034327,-9.3234733676,0.0008868924,-0.0111619359,8.3247484681,0.0001372684,0.0040787103,1.0000000000
295,36.9702,1785358789.091,2,2.2911,1.1878,2.1968,1.0246,2.2440,1.1062,59.99,-0.0016,-0.0074,-0.0072,-0.0024,1.57,1.0000,0.0033,0.5076,0.1885,0,frozen,2-tag corner homography,2,1920,1200,0.200000,101;102,1,1,,2-tag corner homography,0.011202,0.500044,101,102,4.760044,4.260000,30,0.050000,0.600000,5.000000,raw-zero-distortion,590.9628888758,0.0000000000,1007.8592059077,0.0000000000,592.3761043005,547.7101609771,0.0000000000,0.0000000000,1.0000000000,-0.0359937509,0.0291287486,0.0062609452,0.0003552766,-0.0208418310,0.0000000000,0.0000000000,0.0000000000,0.0000000000,0.0000000000,1,0.000000,0.000000,73.187,750.590,1,1.219,73.324,751.412,65.740,791.492,8.752,779.472,79.422,716.342,135.304,722.747,-2.845592,0.618778,1.799440,3.423196,-0.003291,0.002854,1,4.260000,0.000000,1773.333,886.515,1,1.218,1772.486,886.658,1843.426,934.434,1760.844,935.405,1705.720,840.291,1784.300,843.582,1.897687,0.839210,1.466679,2.540991,4.261400,0.000470,0.0111539782,0.0111719724,-9.2140394340,0.0008794708,-0.0110576164,8.2446947205,0.0001279167,0.0040329847,1.0000000000,0.0112838714,0.0113034327,-9.3234733676,0.0008868924,-0.0111619359,8.3247484681,0.0001372684,0.0040787103,1.0000000000
296,37.0754,1785358789.202,2,2.2932,1.1911,2.1977,1.0241,2.2455,1.1076,60.24,-0.0013,-0.0077,-0.0073,-0.0027,2.07,1.0000,0.0021,0.5076,0.1923,0,frozen,2-tag corner homography,2,1920,1200,0.200000,101;102,1,1,,2-tag corner homography,0.011244,0.494610,101,102,4.754610,4.260000,30,0.050000,0.600000,5.000000,raw-zero-distortion,590.9628888758,0.0000000000,1007.8592059077,0.0000000000,592.3761043005,547.7101609771,0.0000000000,0.0000000000,1.0000000000,-0.0359937509,0.0291287486,0.0062609452,0.0003552766,-0.0208418310,0.0000000000,0.0000000000,0.0000000000,0.0000000000,0.0000000000,1,0.000000,0.000000,72.876,751.238,1,1.126,73.299,751.646,65.351,791.499,8.836,780.014,79.385,716.410,135.527,723.086,-2.840636,0.618394,1.796256,3.417332,-0.002352,0.001008,1,4.260000,0.000000,1773.308,886.446,1,1.256,1772.439,886.602,1843.256,934.311,1760.817,935.423,1705.743,840.212,1784.255,843.525,1.897395,0.838994,1.466545,2.540625,4.261431,0.000622,0.0112405752,0.0113091940,-9.3259689402,0.0008836548,-0.0111346404,8.3049149764,0.0001310753,0.0040698175,1.0000000000,0.0112838714,0.0113034327,-9.3234733676,0.0008868924,-0.0111619359,8.3247484681,0.0001372684,0.0040787103,1.0000000000
297,37.1755,1785358789.332,2,2.2917,1.1886,2.1973,1.0226,2.2445,1.1056,60.37,-0.0018,-0.0082,-0.0080,-0.0025,2.30,1.0000,0.0018,0.5076,0.1910,0,frozen,2-tag corner homography,2,1920,1200,0.200000,101;102,1,1,,2-tag corner homography,0.011614,0.502460,101,102,4.762460,4.260000,30,0.050000,0.600000,5.000000,raw-zero-distortion,590.9628888758,0.0000000000,1007.8592059077,0.0000000000,592.3761043005,547.7101609771,0.0000000000,0.0000000000,1.0000000000,-0.0359937509,0.0291287486,0.0062609452,0.0003552766,-0.0208418310,0.0000000000,0.0000000000,0.0000000000,0.0000000000,0.0000000000,1,0.000000,0.000000,72.973,751.336,1,0.963,73.282,751.750,65.573,791.446,9.291,780.273,79.410,716.450,134.867,723.213,-2.845764,0.619813,1.799467,3.423539,-0.001809,0.000760,1,4.260000,0.000000,1773.424,886.503,1,1.159,1772.623,886.648,1843.389,934.330,1761.032,935.385,1706.036,840.439,1784.332,843.478,1.900056,0.840083,1.468248,2.543955,4.261615,0.000512,0.0111636258,0.0111323820,-9.1885254057,0.0008761864,-0.0110454677,8.2395344788,0.0001397714,0.0040116262,1.0000000000,0.0112838714,0.0113034327,-9.3234733676,0.0008868924,-0.0111619359,8.3247484681,0.0001372684,0.0040787103,1.0000000000
298,37.3526,1785358789.515,2,2.2951,1.1923,2.1972,1.0224,2.2461,1.1073,60.06,0.0023,-0.0014,-0.0000,-0.0027,-0.20,1.0000,0.0024,0.5076,0.1962,0,frozen,2-tag corner homography,2,1920,1200,0.200000,101;102,1,1,,2-tag corner homography,0.011811,0.493723,101,102,4.753723,4.260000,30,0.050000,0.600000,5.000000,raw-zero-distortion,590.9628888758,0.0000000000,1007.8592059077,0.0000000000,592.3761043005,547.7101609771,0.0000000000,0.0000000000,1.0000000000,-0.0359937509,0.0291287486,0.0062609452,0.0003552766,-0.0208418310,0.0000000000,0.0000000000,0.0000000000,0.0000000000,0.0000000000,1,0.000000,0.000000,72.916,751.052,1,0.930,72.977,751.718,65.232,791.526,8.764,780.243,79.487,716.443,134.418,723.067,-2.841784,0.618648,1.796363,3.418389,-0.002757,0.001527,1,4.260000,0.000000,1772.943,886.239,1,1.029,1772.285,886.508,1843.264,934.326,1760.730,935.306,1705.785,840.315,1783.665,843.161,1.895316,0.838009,1.465232,2.537989,4.260885,0.001032,0.0112690062,0.0112551153,-9.2848022271,0.0008819432,-0.0111271588,8.3004577405,0.0001422828,0.0040586197,1.0000000000,0.0112838714,0.0113034327,-9.3234733676,0.0008868924,-0.0111619359,8.3247484681,0.0001372684,0.0040787103,1.0000000000
299,37.5025,1785358789.671,2,2.2963,1.1910,2.1959,1.0198,2.2461,1.1054,59.59,0.0045,-0.0006,0.0017,-0.0042,-1.85,1.0000,0.0034,0.5076,0.1985,0,frozen,2-tag corner homography,2,1920,1200,0.200000,101;102,1,1,,2-tag corner homography,0.011626,0.503163,101,102,4.763163,4.260000,30,0.050000,0.600000,5.000000,raw-zero-distortion,590.9628888758,0.0000000000,1007.8592059077,0.0000000000,592.3761043005,547.7101609771,0.0000000000,0.0000000000,1.0000000000,-0.0359937509,0.0291287486,0.0062609452,0.0003552766,-0.0208418310,0.0000000000,0.0000000000,0.0000000000,0.0000000000,0.0000000000,1,0.000000,0.000000,72.936,750.682,1,1.160,73.033,751.494,65.309,791.502,8.815,779.604,79.340,716.410,134.645,722.847,-2.848958,0.619566,1.801007,3.426960,-0.003730,0.002547,1,4.260000,0.000000,1773.360,886.470,1,1.224,1772.507,886.599,1843.327,934.294,1761.024,935.444,1705.794,840.287,1784.199,843.439,1.897372,0.838901,1.466396,2.540490,4.261515,0.000577,0.0112001059,0.0111893187,-9.2282689417,0.0008807102,-0.0110867230,8.2676247951,0.0001370233,0.0040368397,1.0000000000,0.0112838714,0.0113034327,-9.3234733676,0.0008868924,-0.0111619359,8.3247484681,0.0001372684,0.0040787103,1.0000000000
300,37.6497,1785358789.798,2,2.2923,1.1858,2.1986,1.0191,2.2455,1.1024,60.66,-0.0006,-0.0126,-0.0112,-0.0057,1.05,1.0000,0.0034,0.5076,0.1912,0,frozen,2-tag corner homography,2,1920,1200,0.200000,101;102,1,1,,2-tag corner homography,0.011421,0.505048,101,102,4.765048,4.260000,30,0.050000,0.600000,5.000000,raw-zero-distortion,590.9628888758,0.0000000000,1007.8592059077,0.0000000000,592.3761043005,547.7101609771,0.0000000000,0.0000000000,1.0000000000,-0.0359937509,0.0291287486,0.0062609452,0.0003552766,-0.0208418310,0.0000000000,0.0000000000,0.0000000000,0.0000000000,0.0000000000,1,0.000000,0.000000,73.162,750.526,1,1.185,73.155,751.470,65.580,791.530,8.846,779.469,79.468,716.430,134.704,722.831,-2.851213,0.620064,1.802669,3.429798,-0.003538,0.003025,1,4.260000,0.000000,1773.341,886.543,1,1.310,1772.408,886.639,1843.381,934.419,1760.708,935.407,1705.484,840.161,1784.428,843.657,1.896901,0.838900,1.466222,2.540038,4.261381,0.000406,0.0112337234,0.0112123853,-9.2490739614,0.0008838296,-0.0111189478,8.2912322819,0.0001387712,0.0040487168,1.0000000000,0.0112838714,0.0113034327,-9.3234733676,0.0008868924,-0.0111619359,8.3247484681,0.0001372684,0.0040787103,1.0000000000
301,37.7813,1785358789.904,1,2.2880,1.1854,2.2024,1.0154,2.2452,1.1004,63.28,-0.0025,-0.0163,-0.0157,-0.0051,9.63,1.0000,0.0019,0.5076,0.1903,0,frozen,2-tag corner homography,2,1920,1200,0.200000,101,0,0,insufficient,insufficient,,,,,,,30,0.050000,0.600000,5.000000,raw-zero-distortion,590.9628888758,0.0000000000,1007.8592059077,0.0000000000,592.3761043005,547.7101609771,0.0000000000,0.0000000000,1.0000000000,-0.0359937509,0.0291287486,0.0062609452,0.0003552766,-0.0208418310,0.0000000000,0.0000000000,0.0000000000,0.0000000000,0.0000000000,1,0.000000,0.000000,73.003,751.340,1,0.882,73.201,751.816,65.467,791.541,9.289,780.412,79.547,716.435,134.544,723.261,-2.843333,0.619432,1.797775,3.420560,-0.001715,0.000756,0,4.260000,0.000000,,,,,,,,,,,,,,,,,,,,,,,,,,,,,,0.0112838714,0.0113034327,-9.3234733676,0.0008868924,-0.0111619359,8.3247484681,0.0001372684,0.0040787103,1.0000000000
302,37.8772,1785358790.012,2,2.2842,1.1885,2.2072,1.0128,2.2457,1.1007,66.34,-0.0005,-0.0114,-0.0107,-0.0041,18.57,1.0000,0.0026,0.5076,0.1918,0,frozen,2-tag corner homography,2,1920,1200,0.200000,101;102,1,1,,2-tag corner homography,0.011577,0.492803,101,102,4.752803,4.260000,30,0.050000,0.600000,5.000000,raw-zero-distortion,590.9628888758,0.0000000000,1007.8592059077,0.0000000000,592.3761043005,547.7101609771,0.0000000000,0.0000000000,1.0000000000,-0.0359937509,0.0291287486,0.0062609452,0.0003552766,-0.0208418310,0.0000000000,0.0000000000,0.0000000000,0.0000000000,0.0000000000,1,0.000000,0.000000,73.181,750.869,1,0.977,73.170,751.650,65.595,791.468,8.734,780.142,79.606,716.485,134.710,722.922,-2.841507,0.618510,1.796561,3.418238,-0.002532,0.002088,1,4.260000,0.000000,1773.319,886.486,1,1.210,1772.453,886.549,1843.302,934.378,1760.839,935.393,1705.651,840.179,1784.334,843.318,1.894607,0.837615,1.464363,2.536827,4.261404,0.000533,0.0112891107,0.0112978487,-9.3197205506,0.0008839848,-0.0111443943,8.3123757930,0.0001430231,0.0040677956,1.0000000000,0.0112838714,0.0113034327,-9.3234733676,0.0008868924,-0.0111619359,8.3247484681,0.0001372684,0.0040787103,1.0000000000
303,37.9846,1785358790.111,2,2.2792,1.1884,2.2105,1.0116,2.2449,1.1000,68.76,-0.0010,-0.0083,-0.0081,-0.0021,22.48,1.0000,0.0023,0.5076,0.1897,0,frozen,2-tag corner homography,2,1920,1200,0.200000,101;102,1,1,,2-tag corner homography,0.011594,0.485430,101,102,4.745430,4.260000,30,0.050000,0.600000,5.000000,raw-zero-distortion,590.9628888758,0.0000000000,1007.8592059077,0.0000000000,592.3761043005,547.7101609771,0.0000000000,0.0000000000,1.0000000000,-0.0359937509,0.0291287486,0.0062609452,0.0003552766,-0.0208418310,0.0000000000,0.0000000000,0.0000000000,0.0000000000,0.0000000000,1,0.000000,0.000000,73.077,751.007,1,1.120,73.383,751.544,65.460,791.419,9.187,780.105,79.602,716.391,135.241,722.694,-2.835085,0.616931,1.792909,3.410694,-0.002438,0.001687,1,4.260000,0.000000,1773.332,886.528,1,1.260,1772.425,886.574,1843.306,934.418,1760.830,935.442,1705.537,840.128,1784.357,843.392,1.893783,0.837342,1.463780,2.535786,4.261382,0.000440,0.0116305299,0.0118257173,-9.7427993567,0.0009117769,-0.0114801251,8.5610292258,0.0001449669,0.0042358823,1.0000000000,0.0112838714,0.0113034327,-9.3234733676,0.0008868924,-0.0111619359,8.3247484681,0.0001372684,0.0040787103,1.0000000000
304,38.0876,1785358790.209,2,2.2775,1.1889,2.2135,1.0081,2.2455,1.0985,70.51,-0.0003,-0.0071,-0.0068,-0.0020,23.07,1.0000,0.0032,0.5076,0.1917,0,frozen,2-tag corner homography,2,1920,1200,0.200000,101;102,1,1,,2-tag corner homography,0.011406,0.498032,101,102,4.758032,4.260000,30,0.050000,0.600000,5.000000,raw-zero-distortion,590.9628888758,0.0000000000,1007.8592059077,0.0000000000,592.3761043005,547.7101609771,0.0000000000,0.0000000000,1.0000000000,-0.0359937509,0.0291287486,0.0062609452,0.0003552766,-0.0208418310,0.0000000000,0.0000000000,0.0000000000,0.0000000000,0.0000000000,1,0.000000,0.000000,73.155,750.648,1,1.234,73.325,751.439,65.537,791.452,8.832,779.540,79.541,716.445,135.302,722.733,-2.845469,0.618833,1.799364,3.423063,-0.003218,0.002689,1,4.260000,0.000000,1773.316,886.455,1,1.235,1772.454,886.585,1843.369,934.381,1760.877,935.405,1705.667,840.173,1784.239,843.469,1.895744,0.838206,1.465239,2.538377,4.261438,0.000605,0.0113000772,0.0113574915,-9.3645645097,0.0008893254,-0.0111901437,8.3438774844,0.0001341331,0.0040928069,1.0000000000,0.0112838714,0.0113034327,-9.3234733676,0.0008868924,-0.0111619359,8.3247484681,0.0001372684,0.0040787103,1.0000000000
305,38.1867,1785358790.351,2,2.2745,1.1925,2.2169,1.0054,2.2457,1.0990,72.88,0.0001,-0.0067,-0.0064,-0.0021,21.66,1.0000,0.0025,0.5076,0.1958,0,frozen,2-tag corner homography,2,1920,1200,0.200000,101;102,1,1,,2-tag corner homography,0.011915,0.489081,101,102,4.749081,4.260000,30,0.050000,0.600000,5.000000,raw-zero-distortion,590.9628888758,0.0000000000,1007.8592059077,0.0000000000,592.3761043005,547.7101609771,0.0000000000,0.0000000000,1.0000000000,-0.0359937509,0.0291287486,0.0062609452,0.0003552766,-0.0208418310,0.0000000000,0.0000000000,0.0000000000,0.0000000000,0.0000000000,1,0.000000,0.000000,73.048,750.950,1,0.995,73.163,751.609,65.392,791.472,9.052,780.167,79.581,716.371,134.628,722.837,-2.838440,0.617711,1.794607,3.414517,-0.002674,0.001835,1,4.260000,0.000000,1773.258,886.415,1,1.091,1772.518,886.579,1843.381,934.426,1761.130,935.452,1705.915,840.307,1783.941,843.220,1.894009,0.837353,1.463776,2.535956,4.261359,0.000686,0.0112497312,0.0112308853,-9.2660827341,0.0008806443,-0.0110958864,8.2756429828,0.0001423042,0.0040493283,1.0000000000,0.0112838714,0.0113034327,-9.3234733676,0.0008868924,-0.0111619359,8.3247484681,0.0001372684,0.0040787103,1.0000000000
306,38.3356,1785358790.467,2,2.2690,1.1875,2.2214,1.0029,2.2452,1.0952,75.55,-0.0010,-0.0124,-0.0123,-0.0022,20.50,1.0000,0.0017,0.5076,0.1906,0,frozen,2-tag corner homography,2,1920,1200,0.200000,101;102,1,1,,2-tag corner homography,0.011684,0.489483,101,102,4.749483,4.260000,30,0.050000,0.600000,5.000000,raw-zero-distortion,590.9628888758,0.0000000000,1007.8592059077,0.0000000000,592.3761043005,547.7101609771,0.0000000000,0.0000000000,1.0000000000,-0.0359937509,0.0291287486,0.0062609452,0.0003552766,-0.0208418310,0.0000000000,0.0000000000,0.0000000000,0.0000000000,0.0000000000,1,0.000000,0.000000,72.750,751.543,1,1.074,73.274,751.769,65.101,791.461,9.336,780.382,79.468,716.490,135.165,723.160,-2.839766,0.618560,1.795659,3.416326,-0.001852,0.000145,1,4.260000,0.000000,1773.198,886.385,1,1.112,1772.428,886.517,1843.423,934.497,1760.850,935.287,1705.685,840.131,1784.087,843.260,1.893034,0.836867,1.463193,2.534730,4.261265,0.000743,0.0114107297,0.0114419879,-9.4396114466,0.0008920600,-0.0112573992,8.3979350121,0.0001464888,0.0041199800,1.0000000000,0.0112838714,0.0113034327,-9.3234733676,0.0008868924,-0.0111619359,8.3247484681,0.0001372684,0.0040787103,1.0000000000
307,38.4423,1785358790.587,2,2.2657,1.1868,2.2247,1.0013,2.2452,1.0940,77.54,-0.0017,-0.0170,-0.0169,-0.0020,19.03,1.0000,0.0021,0.5076,0.1899,0,frozen,2-tag corner homography,2,1920,1200,0.200000,101;102,1,1,,2-tag corner homography,0.011363,0.504496,101,102,4.764496,4.260000,30,0.050000,0.600000,5.000000,raw-zero-distortion,590.9628888758,0.0000000000,1007.8592059077,0.0000000000,592.3761043005,547.7101609771,0.0000000000,0.0000000000,1.0000000000,-0.0359937509,0.0291287486,0.0062609452,0.0003552766,-0.0208418310,0.0000000000,0.0000000000,0.0000000000,0.0000000000,0.0000000000,1,0.000000,0.000000,73.064,751.147,1,1.163,73.418,751.676,65.794,791.498,9.273,779.905,79.292,716.582,135.286,723.098,-2.850564,0.620726,1.802765,3.429428,-0.002082,0.001298,1,4.260000,0.000000,1773.410,886.459,1,1.313,1772.478,886.555,1843.217,934.240,1760.848,935.421,1705.722,840.127,1784.436,843.488,1.897029,0.838673,1.466186,2.540038,4.261640,0.000613,0.0111644406,0.0112410766,-9.2708191718,0.0008774976,-0.0110604841,8.2497112655,0.0001363131,0.0040224148,1.0000000000,0.0112838714,0.0113034327,-9.3234733676,0.0008868924,-0.0111619359,8.3247484681,0.0001372684,0.0040787103,1.0000000000
308,38.5760,1785358790.726,2,2.2647,1.1904,2.2265,0.9992,2.2456,1.0948,78.71,0.0008,-0.0057,-0.0054,-0.0019,14.69,1.0000,0.0028,0.5076,0.1950,0,frozen,2-tag corner homography,2,1920,1200,0.200000,101;102,1,1,,2-tag corner homography,0.011082,0.506030,101,102,4.766030,4.260000,30,0.050000,0.600000,5.000000,raw-zero-distortion,590.9628888758,0.0000000000,1007.8592059077,0.0000000000,592.3761043005,547.7101609771,0.0000000000,0.0000000000,1.0000000000,-0.0359937509,0.0291287486,0.0062609452,0.0003552766,-0.0208418310,0.0000000000,0.0000000000,0.0000000000,0.0000000000,0.0000000000,1,0.000000,0.000000,73.261,750.769,1,1.096,73.352,751.541,65.730,791.530,8.802,779.506,79.619,716.352,135.190,723.159,-2.851903,0.620562,1.803484,3.430889,-0.002589,0.002379,1,4.260000,0.000000,1773.306,886.361,1,1.234,1772.432,886.468,1843.350,934.253,1760.688,935.209,1705.627,840.087,1784.406,843.389,1.897191,0.838578,1.466399,2.540250,4.261531,0.000818,0.0111613153,0.0111658359,-9.2116606452,0.0008781937,-0.0110676113,8.2537289423,0.0001315519,0.0040285100,1.0000000000,0.0112838714,0.0113034327,-9.3234733676,0.0008868924,-0.0111619359,8.3247484681,0.0001372684,0.0040787103,1.0000000000
309,38.7076,1785358790.864,2,2.2571,1.1848,2.2304,0.9976,2.2437,1.0912,81.89,-0.0036,-0.0093,-0.0097,0.0023,15.90,1.0000,0.0020,0.5076,0.1891,0,frozen,2-tag corner homography,2,1920,1200,0.200000,101;102,1,1,,2-tag corner homography,0.011668,0.493533,101,102,4.753533,4.260000,30,0.050000,0.600000,5.000000,raw-zero-distortion,590.9628888758,0.0000000000,1007.8592059077,0.0000000000,592.3761043005,547.7101609771,0.0000000000,0.0000000000,1.0000000000,-0.0359937509,0.0291287486,0.0062609452,0.0003552766,-0.0208418310,0.0000000000,0.0000000000,0.0000000000,0.0000000000,0.0000000000,1,0.000000,0.000000,73.108,751.116,1,0.871,73.147,751.762,65.576,791.549,8.819,780.335,79.573,716.407,134.615,723.161,-2.840709,0.618660,1.796012,3.417313,-0.002049,0.001394,1,4.260000,0.000000,1773.121,886.328,1,1.076,1772.415,886.562,1843.300,934.333,1760.884,935.382,1705.903,840.349,1783.867,843.253,1.896239,0.838410,1.465696,2.539079,4.261167,0.000861,0.0111841038,0.0111710156,-9.2177276610,0.0008760011,-0.0110506542,8.2436881168,0.0001377091,0.0040262338,1.0000000000,0.0112838714,0.0113034327,-9.3234733676,0.0008868924,-0.0111619359,8.3247484681,0.0001372684,0.0040787103,1.0000000000
310,38.8368,1785358791.015,2,2.2580,1.1851,2.2312,0.9953,2.2446,1.0902,81.96,-0.0038,-0.0152,-0.0156,0.0017,13.49,1.0000,0.0015,0.5076,0.1917,0,frozen,2-tag corner homography,2,1920,1200,0.200000,101;102,1,1,,2-tag corner homography,0.011291,0.494780,101,102,4.754780,4.260000,30,0.050000,0.600000,5.000000,raw-zero-distortion,590.9628888758,0.0000000000,1007.8592059077,0.0000000000,592.3761043005,547.7101609771,0.0000000000,0.0000000000,1.0000000000,-0.0359937509,0.0291287486,0.0062609452,0.0003552766,-0.0208418310,0.0000000000,0.0000000000,0.0000000000,0.0000000000,0.0000000000,1,0.000000,0.000000,73.043,751.512,1,0.906,73.391,751.830,65.612,791.522,9.197,780.314,79.566,716.389,135.169,723.485,-2.845177,0.620003,1.799306,3.423001,-0.001129,0.000295,1,4.260000,0.000000,1773.179,886.254,1,1.191,1772.386,886.486,1843.492,934.308,1760.806,935.426,1705.593,840.064,1783.998,843.255,1.892746,0.836709,1.463052,2.534381,4.261387,0.001041,0.0112465444,0.0112263513,-9.2672687987,0.0008798482,-0.0111094702,8.2881907624,0.0001398290,0.0040512323,1.0000000000,0.0112838714,0.0113034327,-9.3234733676,0.0008868924,-0.0111619359,8.3247484681,0.0001372684,0.0040787103,1.0000000000
311,39.0066,1785358791.164,2,2.2548,1.1838,2.2344,0.9929,2.2446,1.0883,83.89,0.0015,-0.0108,-0.0105,-0.0026,8.25,1.0000,0.0022,0.5076,0.1920,0,frozen,2-tag corner homography,2,1920,1200,0.200000,101;102,1,1,,2-tag corner homography,0.011661,0.497654,101,102,4.757654,4.260000,30,0.050000,0.600000,5.000000,raw-zero-distortion,590.9628888758,0.0000000000,1007.8592059077,0.0000000000,592.3761043005,547.7101609771,0.0000000000,0.0000000000,1.0000000000,-0.0359937509,0.0291287486,0.0062609452,0.0003552766,-0.0208418310,0.0000000000,0.0000000000,0.0000000000,0.0000000000,0.0000000000,1,0.000000,0.000000,72.804,751.295,1,1.035,73.157,751.705,65.069,791.489,9.267,780.090,79.514,716.426,134.780,723.208,-2.846129,0.619675,1.799458,3.423813,-0.002393,0.000836,1,4.260000,0.000000,1773.225,886.300,1,1.221,1772.397,886.500,1843.371,934.272,1760.738,935.389,1705.653,840.089,1784.154,843.335,1.894717,0.837604,1.464555,2.537017,4.261431,0.000944,0.0113406283,0.0113453507,-9.3597181532,0.0008874267,-0.0111952921,8.3509636545,0.0001482286,0.0040820312,1.0000000000,0.0112838714,0.0113034327,-9.3234733676,0.0008868924,-0.0111619359,8.3247484681,0.0001372684,0.0040787103,1.0000000000
312,39.1412,1785358791.281,2,2.2544,1.1823,2.2370,0.9915,2.2457,1.0869,84.78,0.0029,-0.0108,-0.0105,-0.0039,9.06,1.0000,0.0036,0.5076,0.1916,0,frozen,2-tag corner homography,2,1920,1200,0.200000,101;102,1,1,,2-tag corner homography,0.011735,0.504232,101,102,4.764232,4.260000,30,0.050000,0.600000,5.000000,raw-zero-distortion,590.9628888758,0.0000000000,1007.8592059077,0.0000000000,592.3761043005,547.7101609771,0.0000000000,0.0000000000,1.0000000000,-0.0359937509,0.0291287486,0.0062609452,0.0003552766,-0.0208418310,0.0000000000,0.0000000000,0.0000000000,0.0000000000,0.0000000000,1,0.000000,0.000000,73.129,750.459,1,1.163,73.102,751.401,65.391,791.504,8.888,779.372,79.569,716.293,134.549,722.815,-2.850643,0.619696,1.802205,3.429013,-0.003816,0.003201,1,4.260000,0.000000,1773.196,886.482,1,1.142,1772.408,886.624,1843.160,934.408,1760.895,935.407,1705.839,840.342,1784.029,843.399,1.896663,0.838757,1.466037,2.539706,4.261139,0.000519,0.0111304094,0.0110984653,-9.1546322074,0.0008761189,-0.0110182596,8.2154288212,0.0001351697,0.0040056832,1.0000000000,0.0112838714,0.0113034327,-9.3234733676,0.0008868924,-0.0111619359,8.3247484681,0.0001372684,0.0040787103,1.0000000000
313,39.2826,1785358791.460,2,2.2611,1.1810,2.2452,0.9883,2.2532,1.0846,85.30,0.0237,-0.0127,-0.0107,-0.0247,6.16,1.0000,0.0024,0.5076,0.1934,0,frozen,2-tag corner homography,2,1920,1200,0.200000,101;102,1,1,,2-tag corner homography,0.011447,0.500153,101,102,4.760153,4.260000,30,0.050000,0.600000,5.000000,raw-zero-distortion,590.9628888758,0.0000000000,1007.8592059077,0.0000000000,592.3761043005,547.7101609771,0.0000000000,0.0000000000,1.0000000000,-0.0359937509,0.0291287486,0.0062609452,0.0003552766,-0.0208418310,0.0000000000,0.0000000000,0.0000000000,0.0000000000,0.0000000000,1,0.000000,0.000000,72.900,751.145,1,1.050,73.124,751.732,65.494,791.530,8.822,780.024,79.243,716.558,134.900,723.202,-2.849449,0.620456,1.801493,3.427784,-0.002544,0.001270,1,4.260000,0.000000,1773.259,886.305,1,1.174,1772.474,886.522,1843.522,934.376,1760.928,935.390,1705.730,840.105,1784.056,843.328,1.893754,0.837148,1.463663,2.535632,4.261499,0.000938,0.0114812912,0.0114649265,-9.4596756371,0.0009000156,-0.0113572774,8.4721793689,0.0001380163,0.0041702571,1.0000000000,0.0112838714,0.0113034327,-9.3234733676,0.0008868924,-0.0111619359,8.3247484681,0.0001372684,0.0040787103,1.0000000000
314,39.4721,1785358791.616,2,2.2773,1.1747,2.2587,0.9857,2.2680,1.0802,84.39,0.0606,-0.0192,-0.0132,-0.0622,-0.13,1.0000,0.0020,0.5076,0.1899,0,frozen,2-tag corner homography,2,1920,1200,0.200000,101;102,1,1,,2-tag corner homography,0.011878,0.504215,101,102,4.764215,4.260000,30,0.050000,0.600000,5.000000,raw-zero-distortion,590.9628888758,0.0000000000,1007.8592059077,0.0000000000,592.3761043005,547.7101609771,0.0000000000,0.0000000000,1.0000000000,-0.0359937509,0.0291287486,0.0062609452,0.0003552766,-0.0208418310,0.0000000000,0.0000000000,0.0000000000,0.0000000000,0.0000000000,1,0.000000,0.000000,73.001,751.232,1,0.916,73.112,751.836,65.500,791.563,9.358,780.208,79.450,716.559,134.212,723.364,-2.853372,0.621619,1.803949,3.432546,-0.002022,0.001052,1,4.260000,0.000000,1773.230,886.293,1,1.161,1772.467,886.542,1843.435,934.337,1760.903,935.474,1705.830,840.169,1784.012,843.280,1.893785,0.837219,1.463699,2.535700,4.261451,0.000960,0.0112007052,0.0110439245,-9.1238163477,0.0008749137,-0.0110460463,8.2412271168,0.0001494295,0.0040057872,1.0000000000,0.0112838714,0.0113034327,-9.3234733676,0.0008868924,-0.0111619359,8.3247484681,0.0001372684,0.0040787103,1.0000000000
315,39.5882,1785358791.725,2,2.3057,1.1720,2.2876,0.9789,2.2967,1.0755,84.65,0.1108,-0.0260,-0.0155,-0.1127,-1.64,1.0000,0.0021,0.5076,0.1940,0,frozen,2-tag corner homography,2,1920,1200,0.200000,101;102,1,1,,2-tag corner homography,0.011805,0.482316,101,102,4.742316,4.260000,30,0.050000,0.600000,5.000000,raw-zero-distortion,590.9628888758,0.0000000000,1007.8592059077,0.0000000000,592.3761043005,547.7101609771,0.0000000000,0.0000000000,1.0000000000,-0.0359937509,0.0291287486,0.0062609452,0.0003552766,-0.0208418310,0.0000000000,0.0000000000,0.0000000000,0.0000000000,0.0000000000,1,0.000000,0.000000,73.042,751.124,1,1.156,73.413,751.615,65.562,791.521,9.399,780.246,79.464,716.445,135.218,722.674,-2.833296,0.616777,1.791835,3.408614,-0.002208,0.001357,1,4.260000,0.000000,1773.451,886.661,1,1.261,1772.518,886.601,1843.302,934.567,1761.303,935.423,1705.582,840.114,1784.220,843.428,1.892460,0.836723,1.462579,2.533900,4.261476,0.000156,0.0112973843,0.0112830503,-9.3116746350,0.0008841522,-0.0111365627,8.3057774561,0.0001400225,0.0040763928,1.0000000000,0.0112838714,0.0113034327,-9.3234733676,0.0008868924,-0.0111619359,8.3247484681,0.0001372684,0.0040787103,1.0000000000
316,39.6983,1785358791.830,2,2.3314,1.1665,2.3102,0.9750,2.3208,1.0708,83.68,0.1900,-0.0361,-0.0150,-0.1928,-2.56,1.0000,0.0020,0.5076,0.1927,0,frozen,2-tag corner homography,2,1920,1200,0.200000,101;102,1,0,world_rms>0.050,2-tag corner homography,3.113680,0.492669,101,102,4.752669,4.260000,30,0.050000,0.600000,5.000000,raw-zero-distortion,590.9628888758,0.0000000000,1007.8592059077,0.0000000000,592.3761043005,547.7101609771,0.0000000000,0.0000000000,1.0000000000,-0.0359937509,0.0291287486,0.0062609452,0.0003552766,-0.0208418310,0.0000000000,0.0000000000,0.0000000000,0.0000000000,0.0000000000,1,0.000000,0.000000,73.238,751.120,1,0.928,73.383,751.700,65.848,791.503,8.754,780.240,79.597,716.367,135.265,723.109,-2.838312,0.618104,1.794948,3.414660,-0.001678,0.001411,1,4.260000,0.000000,1773.377,886.449,1,1.280,1772.492,886.613,1843.346,934.253,1760.874,935.490,1705.752,840.246,1784.321,843.526,1.897859,0.839169,1.466801,2.541176,4.261580,0.000630,-0.0001007359,0.0008223288,-0.5506399155,0.0002064211,-0.0020864648,1.5692466005,0.0008090824,-0.0026584525,1.0000000000,0.0112838714,0.0113034327,-9.3234733676,0.0008868924,-0.0111619359,8.3247484681,0.0001372684,0.0040787103,1.0000000000
317,39.8125,1785358792.009,2,2.3485,1.1606,2.3294,0.9719,2.3390,1.0662,84.22,0.2028,-0.0394,-0.0188,-0.2058,-1.71,1.0000,0.0016,0.5076,0.1897,0,frozen,2-tag corner homography,2,1920,1200,0.200000,101;102,1,1,,2-tag corner homography,0.011480,0.498660,101,102,4.758660,4.260000,30,0.050000,0.600000,5.000000,raw-zero-distortion,590.9628888758,0.0000000000,1007.8592059077,0.0000000000,592.3761043005,547.7101609771,0.0000000000,0.0000000000,1.0000000000,-0.0359937509,0.0291287486,0.0062609452,0.0003552766,-0.0208418310,0.0000000000,0.0000000000,0.0000000000,0.0000000000,0.0000000000,1,0.000000,0.000000,73.162,751.337,1,0.840,73.338,751.808,65.767,791.524,9.200,780.316,79.597,716.363,134.808,723.407,-2.845735,0.620022,1.799557,3.423600,-0.001287,0.000800,1,4.260000,0.000000,1773.381,886.486,1,1.178,1772.575,886.656,1843.455,934.474,1760.940,935.458,1705.912,840.282,1784.304,843.486,1.896146,0.838427,1.465319,2.538797,4.261541,0.000545,0.0111290956,0.0110718117,-9.1416782474,0.0008721856,-0.0109981317,8.2048244994,0.0001388363,0.0039953304,1.0000000000,0.0112838714,0.0113034327,-9.3234733676,0.0008868924,-0.0111619359,8.3247484681,0.0001372684,0.0040787103,1.0000000000
318,39.9923,1785358792.166,2,2.3696,1.1623,2.3498,0.9669,2.3597,1.0646,84.22,0.1442,-0.0235,-0.0089,-0.1458,1.04,1.0000,0.0017,0.5076,0.1965,0,frozen,2-tag corner homography,2,1920,1200,0.200000,101;102,1,1,,2-tag corner homography,0.011332,0.497439,101,102,4.757439,4.260000,30,0.050000,0.600000,5.000000,raw-zero-distortion,590.9628888758,0.0000000000,1007.8592059077,0.0000000000,592.3761043005,547.7101609771,0.0000000000,0.0000000000,1.0000000000,-0.0359937509,0.0291287486,0.0062609452,0.0003552766,-0.0208418310,0.0000000000,0.0000000000,0.0000000000,0.0000000000,0.0000000000,1,0.000000,0.000000,73.178,751.255,1,0.773,73.288,751.744,65.533,791.523,8.981,780.203,79.838,716.174,134.795,723.469,-2.843140,0.619230,1.797819,3.420386,-0.001469,0.001029,1,4.260000,0.000000,1773.401,886.533,1,1.278,1772.474,886.561,1843.251,934.233,1760.946,935.401,1705.630,840.253,1784.392,843.410,1.897671,0.838975,1.466690,2.540908,4.261527,0.000439,0.0111523286,0.0111119126,-9.1722440167,0.0008741129,-0.0110252622,8.2244494628,0.0001385813,0.0040079557,1.0000000000,0.0112838714,0.0113034327,-9.3234733676,0.0008868924,-0.0111619359,8.3247484681,0.0001372684,0.0040787103,1.0000000000
319,40.1502,1785358792.299,2,2.4137,1.1559,2.3927,0.9610,2.4032,1.0584,83.86,0.1786,-0.0230,-0.0037,-0.1800,-0.58,1.0000,0.0027,0.5076,0.1960,0,frozen,2-tag corner homography,2,1920,1200,0.200000,101;102,1,1,,2-tag corner homography,0.011570,0.503615,101,102,4.763615,4.260000,30,0.050000,0.600000,5.000000,raw-zero-distortion,590.9628888758,0.0000000000,1007.8592059077,0.0000000000,592.3761043005,547.7101609771,0.0000000000,0.0000000000,1.0000000000,-0.0359937509,0.0291287486,0.0062609452,0.0003552766,-0.0208418310,0.0000000000,0.0000000000,0.0000000000,0.0000000000,0.0000000000,1,0.000000,0.000000,73.202,750.819,1,1.015,73.273,751.543,65.464,791.501,9.140,779.546,79.778,716.251,134.711,723.238,-2.853540,0.620870,1.804366,3.432770,-0.002611,0.002228,1,4.260000,0.000000,1773.217,886.336,1,1.140,1772.434,886.484,1843.337,934.342,1760.976,935.384,1705.740,840.138,1783.991,843.166,1.892929,0.836732,1.463101,2.534554,4.261370,0.000861,0.0111780159,0.0111421292,-9.1943738507,0.0008772672,-0.0110545122,8.2439854321,0.0001390084,0.0040203651,1.0000000000,0.0112838714,0.0113034327,-9.3234733676,0.0008868924,-0.0111619359,8.3247484681,0.0001372684,0.0040787103,1.0000000000
320,40.3074,1785358792.480,2,2.4447,1.1469,2.4259,0.9574,2.4353,1.0521,84.35,0.2260,-0.0358,-0.0133,-0.2284,0.18,1.0000,0.0021,0.5076,0.1904,0,frozen,2-tag corner homography,2,1920,1200,0.200000,101;102,1,1,,2-tag corner homography,0.011481,0.491140,101,102,4.751140,4.260000,30,0.050000,0.600000,5.000000,raw-zero-distortion,590.9628888758,0.0000000000,1007.8592059077,0.0000000000,592.3761043005,547.7101609771,0.0000000000,0.0000000000,1.0000000000,-0.0359937509,0.0291287486,0.0062609452,0.0003552766,-0.0208418310,0.0000000000,0.0000000000,0.0000000000,0.0000000000,0.0000000000,1,0.000000,0.000000,73.036,751.227,1,1.112,73.424,751.665,65.522,791.498,9.158,780.074,79.523,716.453,135.433,723.049,-2.841258,0.618668,1.796890,3.418232,-0.001940,0.001074,1,4.260000,0.000000,1773.411,886.391,1,1.237,1772.558,886.538,1843.495,934.357,1761.185,935.486,1705.752,840.083,1784.132,843.343,1.893112,0.836813,1.463007,2.534664,4.261727,0.000769,0.0113022772,0.0113508125,-9.3634767561,0.0008861806,-0.0111722180,8.3330142679,0.0001363263,0.0040885129,1.0000000000,0.0112838714,0.0113034327,-9.3234733676,0.0008868924,-0.0111619359,8.3247484681,0.0001372684,0.0040787103,1.0000000000
321,40.4536,1785358792.597,2,2.4835,1.1412,2.4703,0.9499,2.4769,1.0455,86.06,0.2382,-0.0408,-0.0243,-0.2405,5.44,1.0000,0.0027,0.5076,0.1917,0,frozen,2-tag corner homography,2,1920,1200,0.200000,101;102,1,1,,2-tag corner homography,0.011561,0.503123,101,102,4.763123,4.260000,30,0.050000,0.600000,5.000000,raw-zero-distortion,590.9628888758,0.0000000000,1007.8592059077,0.0000000000,592.3761043005,547.7101609771,0.0000000000,0.0000000000,1.0000000000,-0.0359937509,0.0291287486,0.0062609452,0.0003552766,-0.0208418310,0.0000000000,0.0000000000,0.0000000000,0.0000000000,0.0000000000,1,0.000000,0.000000,72.900,750.960,1,1.058,73.055,751.621,65.060,791.517,8.867,779.761,79.576,716.426,134.682,723.171,-2.850007,0.620195,1.801712,3.428316,-0.003057,0.001777,1,4.260000,0.000000,1773.380,886.517,1,1.289,1772.461,886.604,1843.335,934.349,1760.760,935.452,1705.610,840.178,1784.474,843.503,1.896226,0.838458,1.465598,2.539028,4.261501,0.000474,0.0113005438,0.0114806185,-9.4562313136,0.0008880015,-0.0111851008,8.3422390732,0.0001450281,0.0040758614,1.0000000000,0.0112838714,0.0113034327,-9.3234733676,0.0008868924,-0.0111619359,8.3247484681,0.0001372684,0.0040787103,1.0000000000
322,40.5780,1785358792.720,2,2.5243,1.1363,2.5134,0.9438,2.5189,1.0400,86.75,0.2864,-0.0435,-0.0272,-0.2884,7.86,1.0000,0.0027,0.5076,0.1928,0,frozen,2-tag corner homography,2,1920,1200,0.200000,101;102,1,1,,2-tag corner homography,0.011659,0.498724,101,102,4.758724,4.260000,30,0.050000,0.600000,5.000000,raw-zero-distortion,590.9628888758,0.0000000000,1007.8592059077,0.0000000000,592.3761043005,547.7101609771,0.0000000000,0.0000000000,1.0000000000,-0.0359937509,0.0291287486,0.0062609452,0.0003552766,-0.0208418310,0.0000000000,0.0000000000,0.0000000000,0.0000000000,0.0000000000,1,0.000000,0.000000,73.006,750.899,1,0.971,73.013,751.661,65.516,791.462,8.707,780.060,79.362,716.480,134.456,723.031,-2.847160,0.619668,1.799831,3.424865,-0.002932,0.001966,1,4.260000,0.000000,1773.403,886.590,1,1.296,1772.468,886.623,1843.300,934.408,1761.120,935.509,1705.568,840.183,1784.223,843.496,1.894713,0.837829,1.464415,2.537008,4.261460,0.000309,0.0112726286,0.0112571564,-9.2862494971,0.0008842235,-0.0111420576,8.3107971979,0.0001405587,0.0040642113,1.0000000000,0.0112838714,0.0113034327,-9.3234733676,0.0008868924,-0.0111619359,8.3247484681,0.0001372684,0.0040787103,1.0000000000
323,40.6982,1785358792.823,2,2.5511,1.1307,2.5384,0.9412,2.5448,1.0359,86.18,0.2806,-0.0407,-0.0219,-0.2827,2.87,1.0000,0.0026,0.5076,0.1900,0,frozen,2-tag corner homography,2,1920,1200,0.200000,101;102,1,1,,2-tag corner homography,0.011694,0.487754,101,102,4.747754,4.260000,30,0.050000,0.600000,5.000000,raw-zero-distortion,590.9628888758,0.0000000000,1007.8592059077,0.0000000000,592.3761043005,547.7101609771,0.0000000000,0.0000000000,1.0000000000,-0.0359937509,0.0291287486,0.0062609452,0.0003552766,-0.0208418310,0.0000000000,0.0000000000,0.0000000000,0.0000000000,0.0000000000,1,0.000000,0.000000,73.085,750.892,1,0.934,73.117,751.592,65.410,791.511,8.694,780.223,79.631,716.245,134.705,722.822,-2.832694,0.616380,1.790887,3.407544,-0.002735,0.002004,1,4.260000,0.000000,1773.341,886.500,1,1.175,1772.557,886.732,1843.357,934.538,1760.759,935.411,1706.057,840.337,1784.353,843.694,1.898753,0.839786,1.467367,2.542375,4.261436,0.000505,0.0111701982,0.0111847155,-9.2248195748,0.0008768337,-0.0110343818,8.2295420995,0.0001358478,0.0040249094,1.0000000000,0.0112838714,0.0113034327,-9.3234733676,0.0008868924,-0.0111619359,8.3247484681,0.0001372684,0.0040787103,1.0000000000
324,40.8012,1785358792.963,2,2.5846,1.1290,2.5735,0.9356,2.5790,1.0323,86.72,0.2837,-0.0389,-0.0226,-0.2855,1.83,1.0000,0.0024,0.5076,0.1937,0,frozen,2-tag corner homography,2,1920,1200,0.200000,101;102,1,1,,2-tag corner homography,0.011678,0.500242,101,102,4.760242,4.260000,30,0.050000,0.600000,5.000000,raw-zero-distortion,590.9628888758,0.0000000000,1007.8592059077,0.0000000000,592.3761043005,547.7101609771,0.0000000000,0.0000000000,1.0000000000,-0.0359937509,0.0291287486,0.0062609452,0.0003552766,-0.0208418310,0.0000000000,0.0000000000,0.0000000000,0.0000000000,0.0000000000,1,0.000000,0.000000,72.846,751.153,1,0.918,72.984,751.730,65.378,791.462,8.817,780.143,79.277,716.441,134.466,723.254,-2.849200,0.620305,1.801066,3.427325,-0.002670,0.001235,1,4.260000,0.000000,1773.414,886.550,1,1.266,1772.520,886.643,1843.269,934.489,1761.041,935.512,1705.786,840.140,1784.288,843.522,1.894110,0.837554,1.463851,2.536141,4.261534,0.000403,0.0112018555,0.0111152758,-9.1748777035,0.0008778450,-0.0110677762,8.2563128658,0.0001399030,0.0040285993,1.0000000000,0.0112838714,0.0113034327,-9.3234733676,0.0008868924,-0.0111619359,8.3247484681,0.0001372684,0.0040787103,1.0000000000
325,40.9445,1785358793.063,2,2.6092,1.1235,2.6003,0.9329,2.6047,1.0282,87.30,0.2509,-0.0332,-0.0213,-0.2522,3.83,1.0000,0.0020,0.5076,0.1909,0,frozen,2-tag corner homography,2,1920,1200,0.200000,101;102,1,1,,2-tag corner homography,0.011527,0.500719,101,102,4.760719,4.260000,30,0.050000,0.600000,5.000000,raw-zero-distortion,590.9628888758,0.0000000000,1007.8592059077,0.0000000000,592.3761043005,547.7101609771,0.0000000000,0.0000000000,1.0000000000,-0.0359937509,0.0291287486,0.0062609452,0.0003552766,-0.0208418310,0.0000000000,0.0000000000,0.0000000000,0.0000000000,0.0000000000,1,0.000000,0.000000,73.042,751.189,1,1.001,73.220,751.794,65.882,791.536,9.193,780.279,79.178,716.613,134.660,723.116,-2.848322,0.620463,1.800965,3.426571,-0.002027,0.001178,1,4.260000,0.000000,1773.369,886.485,1,1.311,1772.446,886.604,1843.422,934.427,1760.851,935.402,1705.541,840.067,1784.337,843.628,1.895542,0.838171,1.465099,2.538134,4.261516,0.000544,0.0112230071,0.0111492439,-9.2052895105,0.0008790762,-0.0110874716,8.2713970956,0.0001421059,0.0040339251,1.0000000000,0.0112838714,0.0113034327,-9.3234733676,0.0008868924,-0.0111619359,8.3247484681,0.0001372684,0.0040787103,1.0000000000
326,41.0408,1785358793.183,2,2.6486,1.1174,2.6368,0.9262,2.6427,1.0218,86.48,0.2622,-0.0368,-0.0206,-0.2640,2.38,1.0000,0.0019,0.5076,0.1915,0,frozen,2-tag corner homography,2,1920,1200,0.200000,101;102,1,1,,2-tag corner homography,0.011733,0.495521,101,102,4.755521,4.260000,30,0.050000,0.600000,5.000000,raw-zero-distortion,590.9628888758,0.0000000000,1007.8592059077,0.0000000000,592.3761043005,547.7101609771,0.0000000000,0.0000000000,1.0000000000,-0.0359937509,0.0291287486,0.0062609452,0.0003552766,-0.0208418310,0.0000000000,0.0000000000,0.0000000000,0.0000000000,0.0000000000,1,0.000000,0.000000,73.163,751.219,1,0.873,73.329,751.725,65.607,791.488,9.317,780.268,79.713,716.313,134.709,723.216,-2.842706,0.619102,1.797623,3.419900,-0.001610,0.001125,1,4.260000,0.000000,1773.432,886.415,1,1.193,1772.613,886.571,1843.506,934.314,1761.222,935.446,1705.895,840.249,1784.153,843.365,1.896123,0.838164,1.465227,2.538640,4.261743,0.000718,0.0112082886,0.0111543253,-9.2085972586,0.0008776358,-0.0110669814,8.2552481461,0.0001419863,0.0040280664,1.0000000000,0.0112838714,0.0113034327,-9.3234733676,0.0008868924,-0.0111619359,8.3247484681,0.0001372684,0.0040787103,1.0000000000
327,41.1559,1785358793.342,2,2.6754,1.1173,2.6658,0.9228,2.6706,1.0201,87.18,0.2934,-0.0375,-0.0230,-0.2949,0.58,1.0000,0.0016,0.5076,0.1947,0,frozen,2-tag corner homography,2,1920,1200,0.200000,101;102,1,1,,2-tag corner homography,0.011516,0.496418,101,102,4.756418,4.260000,30,0.050000,0.600000,5.000000,raw-zero-distortion,590.9628888758,0.0000000000,1007.8592059077,0.0000000000,592.3761043005,547.7101609771,0.0000000000,0.0000000000,1.0000000000,-0.0359937509,0.0291287486,0.0062609452,0.0003552766,-0.0208418310,0.0000000000,0.0000000000,0.0000000000,0.0000000000,0.0000000000,1,0.000000,0.000000,72.931,751.511,1,1.037,73.345,751.860,65.689,791.567,9.294,780.350,79.245,716.588,135.145,723.318,-2.846328,0.620312,1.799945,3.424350,-0.001441,0.000273,1,4.260000,0.000000,1773.252,886.306,1,1.208,1772.444,886.530,1843.323,934.388,1760.843,935.420,1705.814,840.031,1784.100,843.373,1.893213,0.836960,1.463302,2.534958,4.261483,0.000935,0.0113206522,0.0112793339,-9.3123990197,0.0008857419,-0.0111846635,8.3446680840,0.0001381476,0.0040899294,1.0000000000,0.0112838714,0.0113034327,-9.3234733676,0.0008868924,-0.0111619359,8.3247484681,0.0001372684,0.0040787103,1.0000000000
328,41.3392,1785358793.495,2,2.7144,1.1129,2.7045,0.9192,2.7094,1.0161,87.07,0.2351,-0.0227,-0.0107,-0.2360,1.53,1.0000,0.0020,0.5076,0.1939,0,frozen,2-tag corner homography,2,1920,1200,0.200000,101;102,1,1,,2-tag corner homography,0.011385,0.504743,101,102,4.764743,4.260000,30,0.050000,0.600000,5.000000,raw-zero-distortion,590.9628888758,0.0000000000,1007.8592059077,0.0000000000,592.3761043005,547.7101609771,0.0000000000,0.0000000000,1.0000000000,-0.0359937509,0.0291287486,0.0062609452,0.0003552766,-0.0208418310,0.0000000000,0.0000000000,0.0000000000,0.0000000000,0.0000000000,1,0.000000,0.000000,72.728,751.362,1,1.085,73.148,751.739,65.290,791.462,9.069,780.085,79.188,716.537,135.016,723.256,-2.849600,0.620527,1.801634,3.427996,-0.002419,0.000638,1,4.260000,0.000000,1773.280,886.580,1,1.254,1772.400,886.705,1843.261,934.450,1760.673,935.441,1705.648,840.316,1784.351,843.676,1.898346,0.839714,1.467355,2.542040,4.261202,0.000310,0.0112642244,0.0112777242,-9.3034303130,0.0008852578,-0.0111540664,8.3205400773,0.0001399462,0.0040614806,1.0000000000,0.0112838714,0.0113034327,-9.3234733676,0.0008868924,-0.0111619359,8.3247484681,0.0001372684,0.0040787103,1.0000000000
329,41.5079,1785358793.680,2,2.7554,1.1099,2.7466,0.9147,2.7510,1.0123,87.43,,,,,,1.0000,0.0017,0.5076,0.1954,0,frozen,2-tag corner homography,2,1920,1200,0.200000,101;102,1,1,,2-tag corner homography,0.011298,0.504103,101,102,4.764103,4.260000,30,0.050000,0.600000,5.000000,raw-zero-distortion,590.9628888758,0.0000000000,1007.8592059077,0.0000000000,592.3761043005,547.7101609771,0.0000000000,0.0000000000,1.0000000000,-0.0359937509,0.0291287486,0.0062609452,0.0003552766,-0.0208418310,0.0000000000,0.0000000000,0.0000000000,0.0000000000,0.0000000000,1,0.000000,0.000000,72.744,751.489,1,1.165,73.260,751.823,65.742,791.489,9.209,780.185,78.830,716.722,135.237,723.263,-2.852920,0.621581,1.803949,3.432164,-0.002020,0.000292,1,4.260000,0.000000,1773.273,886.545,1,1.248,1772.367,886.561,1843.201,934.442,1760.896,935.360,1705.496,840.122,1784.208,843.416,1.894140,0.837531,1.464167,2.536338,4.261229,0.000388,0.0112037704,0.0111524793,-9.2069559410,0.0008787434,-0.0110901803,8.2738459000,0.0001357813,0.0040377127,1.0000000000,0.0112838714,0.0113034327,-9.3234733676,0.0008868924,-0.0111619359,8.3247484681,0.0001372684,0.0040787103,1.0000000000
330,41.6634,1785358793.814,2,2.7905,1.1055,2.7789,0.9131,2.7847,1.0093,86.55,0.2326,-0.0208,-0.0068,-0.2335,-1.40,1.0000,0.0027,0.5076,0.1927,0,frozen,2-tag corner homography,2,1920,1200,0.200000,101;102,1,1,,2-tag corner homography,0.011506,0.498900,101,102,4.758900,4.260000,30,0.050000,0.600000,5.000000,raw-zero-distortion,590.9628888758,0.0000000000,1007.8592059077,0.0000000000,592.3761043005,547.7101609771,0.0000000000,0.0000000000,1.0000000000,-0.0359937509,0.0291287486,0.0062609452,0.0003552766,-0.0208418310,0.0000000000,0.0000000000,0.0000000000,0.0000000000,0.0000000000,1,0.000000,0.000000,73.259,750.775,1,1.088,73.354,751.535,65.733,791.544,9.126,779.599,79.621,716.312,134.928,723.057,-2.850062,0.620144,1.802324,3.428674,-0.002578,0.002363,1,4.260000,0.000000,1773.319,886.434,1,1.329,1772.367,886.488,1843.143,934.374,1760.937,935.406,1705.511,839.878,1784.198,843.408,1.891753,0.836296,1.462321,2.533081,4.261470,0.000653,0.0111463321,0.0111018335,-9.1625529787,0.0008746438,-0.0110192007,8.2174653425,0.0001350309,0.0040122266,1.0000000000,0.0112838714,0.0113034327,-9.3234733676,0.0008868924,-0.0111619359,8.3247484681,0.0001372684,0.0040787103,1.0000000000
331,41.7909,1785358793.933,2,2.8207,1.1063,2.8082,0.9131,2.8144,1.0097,86.32,0.2266,-0.0129,0.0017,-0.2269,-3.21,1.0000,0.0018,0.5076,0.1936,0,frozen,2-tag corner homography,2,1920,1200,0.200000,101;102,1,1,,2-tag corner homography,0.011624,0.502216,101,102,4.762216,4.260000,30,0.050000,0.600000,5.000000,raw-zero-distortion,590.9628888758,0.0000000000,1007.8592059077,0.0000000000,592.3761043005,547.7101609771,0.0000000000,0.0000000000,1.0000000000,-0.0359937509,0.0291287486,0.0062609452,0.0003552766,-0.0208418310,0.0000000000,0.0000000000,0.0000000000,0.0000000000,0.0000000000,1,0.000000,0.000000,72.813,751.412,1,0.936,73.138,751.779,65.301,791.407,9.199,780.328,79.374,716.480,134.690,723.285,-2.847157,0.620110,1.800071,3.425069,-0.002044,0.000519,1,4.260000,0.000000,1773.331,886.550,1,1.251,1772.429,886.597,1843.273,934.363,1760.839,935.302,1705.598,840.247,1784.349,843.549,1.898354,0.839417,1.467305,2.541919,4.261352,0.000389,0.0113201169,0.0113026408,-9.3267276654,0.0008872733,-0.0111914855,8.3489474380,0.0001461022,0.0040753123,1.0000000000,0.0112838714,0.0113034327,-9.3234733676,0.0008868924,-0.0111619359,8.3247484681,0.0001372684,0.0040787103,1.0000000000
332,41.9143,1785358794.055,2,2.8438,1.1026,2.8295,0.9090,2.8366,1.0058,85.78,0.2131,-0.0137,0.0021,-0.2135,-3.12,1.0000,0.0026,0.5076,0.1941,0,frozen,2-tag corner homography,2,1920,1200,0.200000,101;102,1,1,,2-tag corner homography,0.011669,0.490942,101,102,4.750942,4.260000,30,0.050000,0.600000,5.000000,raw-zero-distortion,590.9628888758,0.0000000000,1007.8592059077,0.0000000000,592.3761043005,547.7101609771,0.0000000000,0.0000000000,1.0000000000,-0.0359937509,0.0291287486,0.0062609452,0.0003552766,-0.0208418310,0.0000000000,0.0000000000,0.0000000000,0.0000000000,0.0000000000,1,0.000000,0.000000,72.949,750.966,1,1.052,73.160,751.561,65.300,791.361,8.842,780.124,79.490,716.425,134.953,722.766,-2.838025,0.617475,1.794339,3.413988,-0.002903,0.001770,1,4.260000,0.000000,1773.338,886.609,1,1.232,1772.459,886.683,1843.288,934.518,1760.864,935.437,1705.684,840.273,1784.329,843.584,1.896371,0.838720,1.465714,2.539289,4.261292,0.000254,0.0113795002,0.0114766466,-9.4596656522,0.0008935302,-0.0112450227,8.3862427513,0.0001419240,0.0041171177,1.0000000000,0.0112838714,0.0113034327,-9.3234733676,0.0008868924,-0.0111619359,8.3247484681,0.0001372684,0.0040787103,1.0000000000
333,42.0465,1785358794.211,2,2.8552,1.0984,2.8444,0.9069,2.8498,1.0026,86.79,0.1596,-0.0235,-0.0146,-0.1606,0.46,1.0000,0.0021,0.5076,0.1918,0,frozen,2-tag corner homography,2,1920,1200,0.200000,101;102,1,1,,2-tag corner homography,0.011641,0.485849,101,102,4.745849,4.260000,30,0.050000,0.600000,5.000000,raw-zero-distortion,590.9628888758,0.0000000000,1007.8592059077,0.0000000000,592.3761043005,547.7101609771,0.0000000000,0.0000000000,1.0000000000,-0.0359937509,0.0291287486,0.0062609452,0.0003552766,-0.0208418310,0.0000000000,0.0000000000,0.0000000000,0.0000000000,0.0000000000,1,0.000000,0.000000,73.117,751.062,1,1.069,73.351,751.651,65.735,791.575,9.215,780.284,79.432,716.407,135.024,722.753,-2.833944,0.616984,1.792125,3.409343,-0.002173,0.001543,1,4.260000,0.000000,1773.306,886.499,1,1.202,1772.465,886.615,1843.263,934.430,1760.912,935.438,1705.778,840.232,1784.211,843.436,1.895449,0.838138,1.464991,2.537991,4.261360,0.000502,0.0111342416,0.0110616746,-9.1329293614,0.0008714971,-0.0109798633,8.1894317749,0.0001375748,0.0039999526,1.0000000000,0.0112838714,0.0113034327,-9.3234733676,0.0008868924,-0.0111619359,8.3247484681,0.0001372684,0.0040787103,1.0000000000
334,42.1954,1785358794.323,2,2.8737,1.0987,2.8620,0.9041,2.8679,1.0014,86.56,0.1232,-0.0175,-0.0100,-0.1240,2.13,1.0000,0.0021,0.5076,0.1949,0,frozen,2-tag corner homography,2,1920,1200,0.200000,101;102,1,1,,2-tag corner homography,0.011625,0.480289,101,102,4.740289,4.260000,30,0.050000,0.600000,5.000000,raw-zero-distortion,590.9628888758,0.0000000000,1007.8592059077,0.0000000000,592.3761043005,547.7101609771,0.0000000000,0.0000000000,1.0000000000,-0.0359937509,0.0291287486,0.0062609452,0.0003552766,-0.0208418310,0.0000000000,0.0000000000,0.0000000000,0.0000000000,0.0000000000,1,0.000000,0.000000,73.050,751.106,1,1.199,73.475,751.568,65.593,791.469,9.200,780.163,79.455,716.437,135.588,722.647,-2.832300,0.616460,1.791324,3.407461,-0.002236,0.001408,1,4.260000,0.000000,1773.052,886.285,1,1.113,1772.325,886.528,1843.383,934.458,1760.893,935.425,1705.652,840.119,1783.702,843.241,1.891434,0.836301,1.462154,2.532749,4.261068,0.000947,0.0109134004,0.0108302572,-8.9431819511,0.0008540701,-0.0107586428,8.0235941551,0.0001344266,0.0038982771,1.0000000000,0.0112838714,0.0113034327,-9.3234733676,0.0008868924,-0.0111619359,8.3247484681,0.0001372684,0.0040787103,1.0000000000
335,42.3008,1785358794.452,2,2.8979,1.0937,2.8833,0.9030,2.8906,0.9983,85.65,0.1450,-0.0168,-0.0057,-0.1458,-1.93,1.0000,0.0022,0.5076,0.1913,0,frozen,2-tag corner homography,2,1920,1200,0.200000,101;102,1,1,,2-tag corner homography,0.011679,0.505406,101,102,4.765406,4.260000,30,0.050000,0.600000,5.000000,raw-zero-distortion,590.9628888758,0.0000000000,1007.8592059077,0.0000000000,592.3761043005,547.7101609771,0.0000000000,0.0000000000,1.0000000000,-0.0359937509,0.0291287486,0.0062609452,0.0003552766,-0.0208418310,0.0000000000,0.0000000000,0.0000000000,0.0000000000,0.0000000000,1,0.000000,0.000000,72.785,751.291,1,0.945,73.015,751.784,65.449,791.478,9.215,780.309,79.133,716.510,134.323,723.200,-2.849161,0.620479,1.801101,3.427342,-0.002458,0.000844,1,4.260000,0.000000,1773.296,886.416,1,1.244,1772.447,886.615,1843.297,934.245,1760.705,935.407,1705.794,840.294,1784.311,843.555,1.899532,0.839961,1.468180,2.543484,4.261442,0.000691,0.0111505842,0.0110721244,-9.1396868613,0.0008735800,-0.0110181308,8.2197558712,0.0001459873,0.0039914340,1.0000000000,0.0112838714,0.0113034327,-9.3234733676,0.0008868924,-0.0111619359,8.3247484681,0.0001372684,0.0040787103,1.0000000000
336,42.4320,1785358794.584,2,2.9103,1.0964,2.8955,0.9007,2.9029,0.9985,85.66,0.1457,-0.0131,-0.0020,-0.1462,-3.15,1.0000,0.0023,0.5076,0.1963,0,frozen,2-tag corner homography,2,1920,1200,0.200000,101;102,1,1,,2-tag corner homography,0.011758,0.488278,101,102,4.748278,4.260000,30,0.050000,0.600000,5.000000,raw-zero-distortion,590.9628888758,0.0000000000,1007.8592059077,0.0000000000,592.3761043005,547.7101609771,0.0000000000,0.0000000000,1.0000000000,-0.0359937509,0.0291287486,0.0062609452,0.0003552766,-0.0208418310,0.0000000000,0.0000000000,0.0000000000,0.0000000000,0.0000000000,1,0.000000,0.000000,72.889,751.114,1,0.996,73.100,751.667,65.379,791.508,8.844,780.317,79.345,716.386,134.812,722.879,-2.835477,0.617202,1.792614,3.410914,-0.002659,0.001350,1,4.260000,0.000000,1773.244,886.543,1,1.258,1772.345,886.607,1843.039,934.390,1760.805,935.392,1705.636,840.195,1784.201,843.517,1.896370,0.838657,1.465933,2.539394,4.261169,0.000388,0.0111924494,0.0113794361,-9.3734484407,0.0008782605,-0.0110633693,8.2518147955,0.0001377474,0.0040375019,1.0000000000,0.0112838714,0.0113034327,-9.3234733676,0.0008868924,-0.0111619359,8.3247484681,0.0001372684,0.0040787103,1.0000000000
337,42.5605,1785358794.699,2,2.9235,1.0930,2.9081,0.8999,2.9158,0.9965,85.44,0.1116,-0.0089,-0.0001,-0.1119,-1.49,1.0000,0.0026,0.5076,0.1937,0,frozen,2-tag corner homography,2,1920,1200,0.200000,101;102,1,1,,2-tag corner homography,0.011331,0.502231,101,102,4.762231,4.260000,30,0.050000,0.600000,5.000000,raw-zero-distortion,590.9628888758,0.0000000000,1007.8592059077,0.0000000000,592.3761043005,547.7101609771,0.0000000000,0.0000000000,1.0000000000,-0.0359937509,0.0291287486,0.0062609452,0.0003552766,-0.0208418310,0.0000000000,0.0000000000,0.0000000000,0.0000000000,0.0000000000,1,0.000000,0.000000,73.184,750.881,1,0.904,73.182,751.597,65.610,791.510,8.819,779.791,79.651,716.187,134.643,723.276,-2.848958,0.619979,1.801294,3.427184,-0.002491,0.002055,1,4.260000,0.000000,1773.346,886.415,1,1.258,1772.484,886.603,1843.371,934.394,1760.704,935.400,1705.780,840.120,1784.404,843.567,1.896404,0.838508,1.465692,2.539232,4.261554,0.000702,0.0110990411,0.0110563058,-9.1236410012,0.0008719128,-0.0109824829,8.1909134618,0.0001354720,0.0039889463,1.0000000000,0.0112838714,0.0113034327,-9.3234733676,0.0008868924,-0.0111619359,8.3247484681,0.0001372684,0.0040787103,1.0000000000
338,42.6753,1785358794.809,2,2.9363,1.0896,2.9215,0.8997,2.9289,0.9946,85.56,0.1083,-0.0137,-0.0053,-0.1090,-0.79,1.0000,0.0025,0.5076,0.1904,0,frozen,2-tag corner homography,2,1920,1200,0.200000,101;102,1,1,,2-tag corner homography,0.011849,0.493121,101,102,4.753121,4.260000,30,0.050000,0.600000,5.000000,raw-zero-distortion,590.9628888758,0.0000000000,1007.8592059077,0.0000000000,592.3761043005,547.7101609771,0.0000000000,0.0000000000,1.0000000000,-0.0359937509,0.0291287486,0.0062609452,0.0003552766,-0.0208418310,0.0000000000,0.0000000000,0.0000000000,0.0000000000,0.0000000000,1,0.000000,0.000000,73.099,750.941,1,1.059,73.284,751.572,65.545,791.435,9.222,780.078,79.541,716.400,134.829,722.782,-2.840167,0.618057,1.795931,3.416711,-0.002561,0.001873,1,4.260000,0.000000,1773.227,886.338,1,1.064,1772.537,886.591,1843.374,934.391,1760.925,935.396,1706.101,840.354,1784.024,843.281,1.896335,0.838391,1.465537,2.539051,4.261388,0.000857,0.0111944364,0.0111756286,-9.2214131182,0.0008775557,-0.0110526585,8.2428867690,0.0001406703,0.0040255526,1.0000000000,0.0112838714,0.0113034327,-9.3234733676,0.0008868924,-0.0111619359,8.3247484681,0.0001372684,0.0040787103,1.0000000000
339,42.7867,1785358794.926,2,2.9430,1.0873,2.9377,0.8955,2.9404,0.9914,88.44,0.1084,-0.0193,-0.0163,-0.1089,8.29,1.0000,0.0021,0.5076,0.1919,0,frozen,2-tag corner homography,2,1920,1200,0.200000,101;102,1,1,,2-tag corner homography,0.011772,0.503320,101,102,4.763320,4.260000,30,0.050000,0.600000,5.000000,raw-zero-distortion,590.9628888758,0.0000000000,1007.8592059077,0.0000000000,592.3761043005,547.7101609771,0.0000000000,0.0000000000,1.0000000000,-0.0359937509,0.0291287486,0.0062609452,0.0003552766,-0.0208418310,0.0000000000,0.0000000000,0.0000000000,0.0000000000,0.0000000000,1,0.000000,0.000000,72.923,751.206,1,1.064,73.251,751.679,65.423,791.470,9.331,779.895,79.397,716.452,134.861,723.264,-2.852899,0.621131,1.803918,3.432049,-0.002310,0.001106,1,4.260000,0.000000,1773.102,886.285,1,1.025,1772.463,886.589,1843.374,934.486,1760.885,935.448,1706.059,840.299,1783.808,843.205,1.893317,0.837133,1.463346,2.535118,4.261179,0.000956,0.0112053406,0.0110241273,-9.1090095094,0.0008778574,-0.0110686902,8.2563433338,0.0001392851,0.0040274321,1.0000000000,0.0112838714,0.0113034327,-9.3234733676,0.0008868924,-0.0111619359,8.3247484681,0.0001372684,0.0040787103,1.0000000000
340,42.9041,1785358795.061,2,2.9580,1.0836,2.9601,0.8912,2.9591,0.9874,90.63,0.1187,-0.0241,-0.0255,-0.1184,13.55,1.0000,0.0025,0.5076,0.1924,0,frozen,2-tag corner homography,2,1920,1200,0.200000,101;102,1,1,,2-tag corner homography,0.011679,0.485513,101,102,4.745513,4.260000,30,0.050000,0.600000,5.000000,raw-zero-distortion,590.9628888758,0.0000000000,1007.8592059077,0.0000000000,592.3761043005,547.7101609771,0.0000000000,0.0000000000,1.0000000000,-0.0359937509,0.0291287486,0.0062609452,0.0003552766,-0.0208418310,0.0000000000,0.0000000000,0.0000000000,0.0000000000,0.0000000000,1,0.000000,0.000000,72.880,751.107,1,1.304,73.414,751.520,65.487,791.490,9.245,780.119,79.230,716.422,135.636,722.495,-2.830180,0.615813,1.789867,3.404816,-0.002706,0.001370,1,4.260000,0.000000,1773.567,886.643,1,1.281,1772.657,886.720,1843.198,934.410,1761.225,935.506,1706.062,840.334,1784.419,843.677,1.899064,0.839784,1.467417,2.542635,4.261755,0.000218,0.0111506502,0.0111790367,-9.2216103879,0.0008766197,-0.0110262122,8.2223990649,0.0001295702,0.0040280953,1.0000000000,0.0112838714,0.0113034327,-9.3234733676,0.0008868924,-0.0111619359,8.3247484681,0.0001372684,0.0040787103,1.0000000000
341,43.0355,1785358795.165,2,2.9760,1.0812,2.9788,0.8897,2.9774,0.9855,90.84,0.1400,-0.0238,-0.0259,-0.1397,10.67,1.0000,0.0026,0.5076,0.1916,0,frozen,2-tag corner homography,2,1920,1200,0.200000,101;102,1,1,,2-tag corner homography,0.012651,0.475383,101,102,4.735383,4.260000,30,0.050000,0.600000,5.000000,raw-zero-distortion,590.9628888758,0.0000000000,1007.8592059077,0.0000000000,592.3761043005,547.7101609771,0.0000000000,0.0000000000,1.0000000000,-0.0359937509,0.0291287486,0.0062609452,0.0003552766,-0.0208418310,0.0000000000,0.0000000000,0.0000000000,0.0000000000,0.0000000000,1,0.000000,0.000000,72.949,750.955,1,1.434,73.542,751.405,65.423,791.438,8.772,779.847,79.365,716.444,136.417,722.382,-2.827086,0.614876,1.788154,3.401174,-0.002936,0.001801,1,4.260000,0.000000,1773.311,886.616,1,1.252,1772.399,886.604,1843.177,934.536,1761.213,935.479,1705.523,840.121,1784.009,843.407,1.891870,0.836599,1.462351,2.533286,4.261225,0.000234,0.0092431506,0.0086884733,-7.2095063723,0.0007221981,-0.0090827876,6.7730768327,0.0001178498,0.0031041143,1.0000000000,0.0112838714,0.0113034327,-9.3234733676,0.0008868924,-0.0111619359,8.3247484681,0.0001372684,0.0040787103,1.0000000000
342,43.1378,1785358795.295,2,3.0047,1.0791,3.0041,0.8875,3.0044,0.9833,89.82,0.1718,-0.0198,-0.0193,-0.1719,2.08,1.0000,0.0017,0.5076,0.1916,0,frozen,2-tag corner homography,2,1920,1200,0.200000,101;102,1,1,,2-tag corner homography,0.011660,0.507044,101,102,4.767044,4.260000,30,0.050000,0.600000,5.000000,raw-zero-distortion,590.9628888758,0.0000000000,1007.8592059077,0.0000000000,592.3761043005,547.7101609771,0.0000000000,0.0000000000,1.0000000000,-0.0359937509,0.0291287486,0.0062609452,0.0003552766,-0.0208418310,0.0000000000,0.0000000000,0.0000000000,0.0000000000,0.0000000000,1,0.000000,0.000000,72.749,751.467,1,1.037,73.174,751.794,65.275,791.488,9.523,780.253,79.275,716.526,134.669,723.276,-2.849348,0.620657,1.801525,3.427754,-0.002067,0.000354,1,4.260000,0.000000,1773.326,886.611,1,1.170,1772.502,886.724,1843.301,934.412,1760.739,935.394,1705.855,840.521,1784.425,843.595,1.900999,0.840821,1.469209,2.545458,4.261264,0.000247,0.0112014238,0.0111451204,-9.2001865259,0.0008787331,-0.0110749021,8.2620649928,0.0001472432,0.0040138783,1.0000000000,0.0112838714,0.0113034327,-9.3234733676,0.0008868924,-0.0111619359,8.3247484681,0.0001372684,0.0040787103,1.0000000000
343,43.2836,1785358795.421,2,3.0254,1.0777,3.0284,0.8837,3.0269,0.9807,90.89,0.1902,-0.0194,-0.0224,-0.1899,1.04,1.0000,0.0027,0.5076,0.1940,0,frozen,2-tag corner homography,2,1920,1200,0.200000,101;102,1,1,,2-tag corner homography,0.011388,0.492100,101,102,4.752100,4.260000,30,0.050000,0.600000,5.000000,raw-zero-distortion,590.9628888758,0.0000000000,1007.8592059077,0.0000000000,592.3761043005,547.7101609771,0.0000000000,0.0000000000,1.0000000000,-0.0359937509,0.0291287486,0.0062609452,0.0003552766,-0.0208418310,0.0000000000,0.0000000000,0.0000000000,0.0000000000,0.0000000000,1,0.000000,0.000000,73.042,750.867,1,1.202,73.308,751.524,65.506,791.528,8.773,779.840,79.426,716.423,135.434,722.740,-2.838104,0.617479,1.794674,3.414230,-0.002923,0.002063,1,4.260000,0.000000,1773.239,886.403,1,1.128,1772.496,886.647,1843.354,934.419,1760.792,935.417,1705.986,840.348,1784.145,843.460,1.897468,0.839076,1.466492,2.540675,4.261333,0.000709,0.0111651751,0.0112106693,-9.2451484544,0.0008782727,-0.0110536322,8.2430840610,0.0001293560,0.0040362245,1.0000000000,0.0112838714,0.0113034327,-9.3234733676,0.0008868924,-0.0111619359,8.3247484681,0.0001372684,0.0040787103,1.0000000000
344,43.3984,1785358795.535,2,3.0599,1.0727,3.0596,0.8795,3.0598,0.9761,89.93,0.2033,-0.0246,-0.0244,-0.2033,0.81,1.0000,0.0029,0.5076,0.1933,0,frozen,2-tag corner homography,2,1920,1200,0.200000,101;102,1,1,,2-tag corner homography,0.023952,0.483777,101,102,4.743777,4.260000,30,0.050000,0.600000,5.000000,raw-zero-distortion,590.9628888758,0.0000000000,1007.8592059077,0.0000000000,592.3761043005,547.7101609771,0.0000000000,0.0000000000,1.0000000000,-0.0359937509,0.0291287486,0.0062609452,0.0003552766,-0.0208418310,0.0000000000,0.0000000000,0.0000000000,0.0000000000,0.0000000000,1,0.000000,0.000000,72.964,750.844,1,1.528,73.582,751.342,65.417,791.430,8.901,779.687,79.353,716.484,136.467,722.254,-2.828513,0.615022,1.789133,3.402901,-0.003202,0.002107,1,4.260000,0.000000,1773.294,886.511,1,1.245,1772.409,886.603,1843.233,934.309,1760.746,935.334,1705.650,840.282,1784.337,843.541,1.899034,0.839754,1.467869,2.542864,4.261319,0.000472,0.0114684912,0.0089196071,-7.5465492481,0.0008610594,-0.0108863191,8.1202672725,0.0001262756,0.0040966858,1.0000000000,0.0112838714,0.0113034327,-9.3234733676,0.0008868924,-0.0111619359,8.3247484681,0.0001372684,0.0040787103,1.0000000000
345,43.5092,1785358795.636,2,3.0930,1.0683,3.0920,0.8761,3.0925,0.9722,89.70,0.2600,-0.0330,-0.0316,-0.2601,-3.16,1.0000,0.0024,0.5076,0.1922,0,frozen,2-tag corner homography,2,1920,1200,0.200000,101;102,1,1,,2-tag corner homography,0.013434,0.486179,101,102,4.746179,4.260000,30,0.050000,0.600000,5.000000,raw-zero-distortion,590.9628888758,0.0000000000,1007.8592059077,0.0000000000,592.3761043005,547.7101609771,0.0000000000,0.0000000000,1.0000000000,-0.0359937509,0.0291287486,0.0062609452,0.0003552766,-0.0208418310,0.0000000000,0.0000000000,0.0000000000,0.0000000000,0.0000000000,1,0.000000,0.000000,72.936,751.062,1,1.213,73.389,751.500,65.364,791.494,9.191,779.962,79.451,716.279,135.494,722.700,-2.833541,0.616467,1.791943,3.408819,-0.002674,0.001504,1,4.260000,0.000000,1773.186,886.426,1,1.093,1772.448,886.605,1843.225,934.398,1760.931,935.411,1705.940,840.366,1783.974,843.306,1.896199,0.838463,1.465603,2.539012,4.261188,0.000648,0.0112429811,0.0103990767,-8.6416255551,0.0008739166,-0.0110188485,8.2181005562,0.0001322511,0.0040361601,1.0000000000,0.0112838714,0.0113034327,-9.3234733676,0.0008868924,-0.0111619359,8.3247484681,0.0001372684,0.0040787103,1.0000000000
346,43.6135,1785358795.759,2,3.1181,1.0681,3.1173,0.8767,3.1177,0.9724,89.75,0.2709,-0.0288,-0.0276,-0.2711,-3.28,1.0000,0.0028,0.5076,0.1915,0,frozen,2-tag corner homography,2,1920,1200,0.200000,101;102,1,1,,2-tag corner homography,0.011801,0.495353,101,102,4.755353,4.260000,30,0.050000,0.600000,5.000000,raw-zero-distortion,590.9628888758,0.0000000000,1007.8592059077,0.0000000000,592.3761043005,547.7101609771,0.0000000000,0.0000000000,1.0000000000,-0.0359937509,0.0291287486,0.0062609452,0.0003552766,-0.0208418310,0.0000000000,0.0000000000,0.0000000000,0.0000000000,0.0000000000,1,0.000000,0.000000,72.877,750.947,1,1.110,73.077,751.608,65.449,791.445,8.856,780.102,79.189,716.539,134.786,722.755,-2.841778,0.618378,1.796552,3.418434,-0.003155,0.001806,1,4.260000,0.000000,1773.437,886.538,1,1.185,1772.605,886.633,1843.310,934.330,1761.321,935.515,1705.962,840.386,1784.115,843.370,1.896946,0.838691,1.465880,2.539805,4.261599,0.000436,0.0112199474,0.0112264650,-9.2595210121,0.0008807820,-0.0110945312,8.2747012426,0.0001366803,0.0040474712,1.0000000000,0.0112838714,0.0113034327,-9.3234733676,0.0008868924,-0.0111619359,8.3247484681,0.0001372684,0.0040787103,1.0000000000
347,43.7338,1785358795.872,2,3.1456,1.0615,3.1454,0.8749,3.1455,0.9682,89.93,0.2596,-0.0237,-0.0234,-0.2596,-1.01,1.0000,0.0019,0.5076,0.1866,0,frozen,2-tag corner homography,2,1920,1200,0.200000,101;102,1,1,,2-tag corner homography,0.011498,0.482372,101,102,4.742372,4.260000,30,0.050000,0.600000,5.000000,raw-zero-distortion,590.9628888758,0.0000000000,1007.8592059077,0.0000000000,592.3761043005,547.7101609771,0.0000000000,0.0000000000,1.0000000000,-0.0359937509,0.0291287486,0.0062609452,0.0003552766,-0.0208418310,0.0000000000,0.0000000000,0.0000000000,0.0000000000,0.0000000000,1,0.000000,0.000000,72.849,751.417,1,1.088,73.305,751.747,65.412,791.588,9.158,780.448,79.326,716.428,135.291,722.954,-2.832381,0.616905,1.791048,3.407464,-0.001932,0.000514,1,4.260000,0.000000,1773.297,886.346,1,1.250,1772.461,886.582,1843.454,934.393,1760.834,935.510,1705.722,840.067,1784.168,843.462,1.893535,0.837214,1.463518,2.535406,4.261532,0.000851,0.0112609182,0.0112725411,-9.3012792939,0.0008805638,-0.0111045085,8.2835258362,0.0001388716,0.0040617742,1.0000000000,0.0112838714,0.0113034327,-9.3234733676,0.0008868924,-0.0111619359,8.3247484681,0.0001372684,0.0040787103,1.0000000000
348,43.8514,1785358795.990,2,3.1786,1.0580,3.1782,0.8717,3.1784,0.9649,89.89,0.2526,-0.0233,-0.0228,-0.2526,0.10,1.0000,0.0026,0.5076,0.1863,0,frozen,2-tag corner homography,2,1920,1200,0.200000,101;102,1,1,,2-tag corner homography,0.011560,0.505854,101,102,4.765854,4.260000,30,0.050000,0.600000,5.000000,raw-zero-distortion,590.9628888758,0.0000000000,1007.8592059077,0.0000000000,592.3761043005,547.7101609771,0.0000000000,0.0000000000,1.0000000000,-0.0359937509,0.0291287486,0.0062609452,0.0003552766,-0.0208418310,0.0000000000,0.0000000000,0.0000000000,0.0000000000,0.0000000000,1,0.000000,0.000000,72.795,751.072,1,1.036,72.970,751.709,65.602,791.413,8.804,780.058,78.937,716.626,134.534,723.106,-2.853833,0.621239,1.803966,3.432870,-0.003038,0.001447,1,4.260000,0.000000,1773.330,886.565,1,1.221,1772.470,886.666,1843.322,934.543,1760.918,935.452,1705.713,840.214,1784.251,843.549,1.894977,0.838050,1.464616,2.537394,4.261330,0.000353,0.0112134895,0.0112071621,-9.2443283030,0.0008807575,-0.0110987209,8.2790274326,0.0001389195,0.0040390441,1.0000000000,0.0112838714,0.0113034327,-9.3234733676,0.0008868924,-0.0111619359,8.3247484681,0.0001372684,0.0040787103,1.0000000000
349,43.9708,1785358796.103,1,3.2063,1.0560,3.2062,0.8697,3.2062,0.9629,89.97,0.2548,-0.0227,-0.0226,-0.2549,0.14,1.0000,0.0015,0.5076,0.1863,0,frozen,2-tag corner homography,2,1920,1200,0.200000,102,0,0,insufficient,insufficient,,,,,,,30,0.050000,0.600000,5.000000,raw-zero-distortion,590.9628888758,0.0000000000,1007.8592059077,0.0000000000,592.3761043005,547.7101609771,0.0000000000,0.0000000000,1.0000000000,-0.0359937509,0.0291287486,0.0062609452,0.0003552766,-0.0208418310,0.0000000000,0.0000000000,0.0000000000,0.0000000000,0.0000000000,0,0.000000,0.000000,,,,,,,,,,,,,,,,,,,,,1,4.260000,0.000000,1773.380,886.562,1,1.207,1772.520,886.628,1843.298,934.405,1761.098,935.435,1705.781,840.305,1784.215,843.443,1.896552,0.838597,1.465738,2.539398,4.261444,0.000370,,,,,,,,,,0.0112838714,0.0113034327,-9.3234733676,0.0008868924,-0.0111619359,8.3247484681,0.0001372684,0.0040787103,1.0000000000
350,44.0825,1785358796.220,2,3.2240,1.0569,3.2262,0.8679,3.2251,0.9624,90.65,0.2379,-0.0189,-0.0216,-0.2377,1.30,1.0000,0.0027,0.5076,0.1890,0,frozen,2-tag corner homography,2,1920,1200,0.200000,101;102,1,1,,2-tag corner homography,0.011574,0.496017,101,102,4.756017,4.260000,30,0.050000,0.600000,5.000000,raw-zero-distortion,590.9628888758,0.0000000000,1007.8592059077,0.0000000000,592.3761043005,547.7101609771,0.0000000000,0.0000000000,1.0000000000,-0.0359937509,0.0291287486,0.0062609452,0.0003552766,-0.0208418310,0.0000000000,0.0000000000,0.0000000000,0.0000000000,0.0000000000,1,0.000000,0.000000,72.937,750.970,1,0.953,73.014,751.644,65.490,791.471,8.594,780.034,79.299,716.370,134.643,723.098,-2.845577,0.619275,1.798832,3.422953,-0.002926,0.001757,1,4.260000,0.000000,1773.352,886.478,1,1.327,1772.410,886.560,1843.223,934.378,1760.978,935.459,1705.561,840.003,1784.208,843.506,1.893607,0.837246,1.463672,2.535560,4.261489,0.000559,0.0106732296,0.0105548963,-8.7143163776,0.0008366046,-0.0105439015,7.8646455837,0.0001341460,0.0037823072,1.0000000000,0.0112838714,0.0113034327,-9.3234733676,0.0008868924,-0.0111619359,8.3247484681,0.0001372684,0.0040787103,1.0000000000
351,44.2095,1785358796.356,2,3.2427,1.0550,3.2417,0.8687,3.2422,0.9618,89.69,0.1767,-0.0086,-0.0077,-0.1768,-0.53,1.0000,0.0018,0.5076,0.1863,0,frozen,2-tag corner homography,2,1920,1200,0.200000,101;102,1,1,,2-tag corner homography,0.011633,0.494637,101,102,4.754637,4.260000,30,0.050000,0.600000,5.000000,raw-zero-distortion,590.9628888758,0.0000000000,1007.8592059077,0.0000000000,592.3761043005,547.7101609771,0.0000000000,0.0000000000,1.0000000000,-0.0359937509,0.0291287486,0.0062609452,0.0003552766,-0.0208418310,0.0000000000,0.0000000000,0.0000000000,0.0000000000,0.0000000000,1,0.000000,0.000000,73.093,751.274,1,0.850,73.239,751.785,65.594,791.613,9.322,780.369,79.597,716.284,134.504,723.255,-2.840867,0.618826,1.796287,3.417619,-0.001652,0.000958,1,4.260000,0.000000,1773.556,886.667,1,1.321,1772.598,886.694,1843.420,934.464,1761.081,935.487,1705.695,840.241,1784.542,843.671,1.897178,0.838952,1.466072,2.540176,4.261700,0.000160,0.0111394257,0.0110296519,-9.1094791813,0.0008718274,-0.0109886445,8.1975083649,0.0001431146,0.0039902560,1.0000000000,0.0112838714,0.0113034327,-9.3234733676,0.0008868924,-0.0111619359,8.3247484681,0.0001372684,0.0040787103,1.0000000000
352,44.3320,1785358796.458,2,3.2644,1.0544,3.2627,0.8685,3.2635,0.9614,89.47,0.1612,-0.0053,-0.0038,-0.1612,-3.42,1.0000,0.0024,0.5076,0.1858,0,frozen,2-tag corner homography,2,1920,1200,0.200000,101;102,1,1,,2-tag corner homography,0.011134,0.494678,101,102,4.754678,4.260000,30,0.050000,0.600000,5.000000,raw-zero-distortion,590.9628888758,0.0000000000,1007.8592059077,0.0000000000,592.3761043005,547.7101609771,0.0000000000,0.0000000000,1.0000000000,-0.0359937509,0.0291287486,0.0062609452,0.0003552766,-0.0208418310,0.0000000000,0.0000000000,0.0000000000,0.0000000000,0.0000000000,1,0.000000,0.000000,73.061,751.018,1,1.241,73.478,751.531,65.485,791.526,8.872,779.611,79.540,716.374,135.884,723.033,-2.843675,0.618822,1.798523,3.421128,-0.002452,0.001653,1,4.260000,0.000000,1773.257,886.377,1,1.286,1772.359,886.507,1843.172,934.270,1760.839,935.424,1705.598,840.029,1784.141,843.390,1.894195,0.837431,1.464225,2.536380,4.261405,0.000772,0.0112436314,0.0114112910,-9.4035095890,0.0008853014,-0.0111506307,8.3152729050,0.0001265271,0.0040837064,1.0000000000,0.0112838714,0.0113034327,-9.3234733676,0.0008868924,-0.0111619359,8.3247484681,0.0001372684,0.0040787103,1.0000000000
353,44.4456,1785358796.594,2,3.2857,1.0530,3.2821,0.8657,3.2839,0.9593,88.89,0.1714,-0.0087,-0.0054,-0.1715,-3.37,1.0000,0.0016,0.5076,0.1873,0,frozen,2-tag corner homography,2,1920,1200,0.200000,101;102,1,1,,2-tag corner homography,0.011280,0.493051,101,102,4.753051,4.260000,30,0.050000,0.600000,5.000000,raw-zero-distortion,590.9628888758,0.0000000000,1007.8592059077,0.0000000000,592.3761043005,547.7101609771,0.0000000000,0.0000000000,1.0000000000,-0.0359937509,0.0291287486,0.0062609452,0.0003552766,-0.0208418310,0.0000000000,0.0000000000,0.0000000000,0.0000000000,0.0000000000,1,0.000000,0.000000,73.096,751.351,1,1.075,73.499,751.749,65.941,791.516,9.202,780.231,79.303,716.506,135.506,723.141,-2.842849,0.619320,1.798041,3.420277,-0.001430,0.000748,1,4.260000,0.000000,1773.134,886.320,1,1.167,1772.345,886.511,1843.228,934.318,1760.817,935.429,1705.697,840.143,1783.938,843.239,1.893420,0.837114,1.463652,2.535365,4.261204,0.000881,0.0111258924,0.0111166194,-9.1761579073,0.0008720027,-0.0110010297,8.2062574964,0.0001319437,0.0040085918,1.0000000000,0.0112838714,0.0113034327,-9.3234733676,0.0008868924,-0.0111619359,8.3247484681,0.0001372684,0.0040787103,1.0000000000
354,44.5803,1785358796.726,2,3.2984,1.0507,3.2943,0.8653,3.2964,0.9580,88.72,0.1424,-0.0124,-0.0092,-0.1426,-3.08,1.0000,0.0025,0.5076,0.1855,0,frozen,2-tag corner homography,2,1920,1200,0.200000,101;102,1,1,,2-tag corner homography,0.011514,0.491619,101,102,4.751619,4.260000,30,0.050000,0.600000,5.000000,raw-zero-distortion,590.9628888758,0.0000000000,1007.8592059077,0.0000000000,592.3761043005,547.7101609771,0.0000000000,0.0000000000,1.0000000000,-0.0359937509,0.0291287486,0.0062609452,0.0003552766,-0.0208418310,0.0000000000,0.0000000000,0.0000000000,0.0000000000,0.0000000000,1,0.000000,0.000000,73.210,750.891,1,0.878,73.178,751.616,65.579,791.484,8.832,780.074,79.726,716.233,134.574,723.075,-2.841409,0.618392,1.796514,3.418110,-0.002389,0.002033,1,4.260000,0.000000,1773.312,886.374,1,1.283,1772.428,886.547,1843.432,934.355,1760.803,935.469,1705.574,840.023,1784.250,843.443,1.893479,0.837137,1.463539,2.535351,4.261529,0.000789,0.0112365830,0.0112064722,-9.2468861640,0.0008797249,-0.0110865820,8.2687830701,0.0001420582,0.0040428475,1.0000000000,0.0112838714,0.0113034327,-9.3234733676,0.0008868924,-0.0111619359,8.3247484681,0.0001372684,0.0040787103,1.0000000000
355,44.7101,1785358796.862,2,3.3150,1.0517,3.3082,0.8656,3.3116,0.9587,87.89,0.1157,-0.0055,-0.0012,-0.1159,-3.56,1.0000,0.0032,0.5076,0.1862,0,frozen,2-tag corner homography,2,1920,1200,0.200000,101;102,1,1,,2-tag corner homography,0.011558,0.498316,101,102,4.758316,4.260000,30,0.050000,0.600000,5.000000,raw-zero-distortion,590.9628888758,0.0000000000,1007.8592059077,0.0000000000,592.3761043005,547.7101609771,0.0000000000,0.0000000000,1.0000000000,-0.0359937509,0.0291287486,0.0062609452,0.0003552766,-0.0208418310,0.0000000000,0.0000000000,0.0000000000,0.0000000000,0.0000000000,1,0.000000,0.000000,72.949,750.738,1,1.375,73.335,751.394,65.383,791.453,9.130,779.472,79.320,716.456,135.438,722.604,-2.845015,0.618604,1.799096,3.422503,-0.003538,0.002395,1,4.260000,0.000000,1773.254,886.452,1,1.319,1772.325,886.567,1842.897,934.248,1760.703,935.445,1705.717,840.101,1784.252,843.516,1.896532,0.838651,1.466096,2.539608,4.261303,0.000599,0.0111840452,0.0112306657,-9.2603891849,0.0008802568,-0.0110732773,8.2562239789,0.0001330316,0.0040380252,1.0000000000,0.0112838714,0.0113034327,-9.3234733676,0.0008868924,-0.0111619359,8.3247484681,0.0001372684,0.0040787103,1.0000000000
356,44.8529,1785358796.984,2,3.3296,1.0503,3.3268,0.8640,3.3282,0.9571,89.14,0.1164,-0.0039,-0.0021,-0.1164,0.29,1.0000,0.0017,0.5076,0.1863,0,frozen,2-tag corner homography,2,1920,1200,0.200000,101;102,1,1,,2-tag corner homography,0.011362,0.494943,101,102,4.754943,4.260000,30,0.050000,0.600000,5.000000,raw-zero-distortion,590.9628888758,0.0000000000,1007.8592059077,0.0000000000,592.3761043005,547.7101609771,0.0000000000,0.0000000000,1.0000000000,-0.0359937509,0.0291287486,0.0062609452,0.0003552766,-0.0208418310,0.0000000000,0.0000000000,0.0000000000,0.0000000000,0.0000000000,1,0.000000,0.000000,72.921,751.516,1,0.974,73.343,751.794,65.364,791.612,9.225,780.315,79.558,716.301,135.207,723.355,-2.838987,0.618513,1.795299,3.415480,-0.001456,0.000257,1,4.260000,0.000000,1773.469,886.494,1,1.253,1772.609,886.674,1843.497,934.360,1760.936,935.435,1705.898,840.307,1784.439,843.657,1.899497,0.839915,1.467843,2.543248,4.261726,0.000543,0.0111700467,0.0111443855,-9.1991560446,0.0008762592,-0.0110474205,8.2414443479,0.0001359429,0.0040222390,1.0000000000,0.0112838714,0.0113034327,-9.3234733676,0.0008868924,-0.0111619359,8.3247484681,0.0001372684,0.0040787103,1.0000000000
357,44.9610,1785358797.121,2,3.3468,1.0483,3.3412,0.8624,3.3440,0.9553,88.28,0.1242,-0.0098,-0.0061,-0.1245,1.34,1.0000,0.0022,0.5076,0.1860,0,frozen,2-tag corner homography,2,1920,1200,0.200000,101;102,1,1,,2-tag corner homography,0.011526,0.498719,101,102,4.758719,4.260000,30,0.050000,0.600000,5.000000,raw-zero-distortion,590.9628888758,0.0000000000,1007.8592059077,0.0000000000,592.3761043005,547.7101609771,0.0000000000,0.0000000000,1.0000000000,-0.0359937509,0.0291287486,0.0062609452,0.0003552766,-0.0208418310,0.0000000000,0.0000000000,0.0000000000,0.0000000000,0.0000000000,1,0.000000,0.000000,72.842,751.203,1,1.002,73.119,751.684,65.387,791.386,9.116,780.222,79.284,716.482,134.694,723.038,-2.845348,0.619415,1.798890,3.422818,-0.002543,0.001098,1,4.260000,0.000000,1773.235,886.469,1,1.272,1772.349,886.622,1843.373,934.338,1760.643,935.465,1705.475,840.224,1784.267,843.543,1.896650,0.838813,1.466141,2.539775,4.261240,0.000557,0.0113261760,0.0113236569,-9.3416493785,0.0008875790,-0.0111847841,8.3428312531,0.0001479670,0.0040751599,1.0000000000,0.0112838714,0.0113034327,-9.3234733676,0.0008868924,-0.0111619359,8.3247484681,0.0001372684,0.0040787103,1.0000000000
358,45.1133,1785358797.240,2,3.3575,1.0477,3.3516,0.8623,3.3546,0.9550,88.18,0.1052,-0.0083,-0.0050,-0.1054,-2.33,1.0000,0.0035,0.5076,0.1855,0,frozen,2-tag corner homography,2,1920,1200,0.200000,101;102,1,1,,2-tag corner homography,0.011477,0.496976,101,102,4.756976,4.260000,30,0.050000,0.600000,5.000000,raw-zero-distortion,590.9628888758,0.0000000000,1007.8592059077,0.0000000000,592.3761043005,547.7101609771,0.0000000000,0.0000000000,1.0000000000,-0.0359937509,0.0291287486,0.0062609452,0.0003552766,-0.0208418310,0.0000000000,0.0000000000,0.0000000000,0.0000000000,0.0000000000,1,0.000000,0.000000,72.930,750.619,1,1.360,73.255,751.336,65.343,791.453,9.094,779.338,79.296,716.360,135.234,722.589,-2.846616,0.618722,1.799953,3.424306,-0.003921,0.002718,1,4.260000,0.000000,1773.387,886.557,1,1.335,1772.444,886.664,1843.407,934.523,1760.928,935.544,1705.507,840.058,1784.298,843.655,1.893403,0.837376,1.463448,2.535321,4.261465,0.000382,0.0112832682,0.0113001320,-9.3182771000,0.0008881827,-0.0111601548,8.3202859328,0.0001359502,0.0040799141,1.0000000000,0.0112838714,0.0113034327,-9.3234733676,0.0008868924,-0.0111619359,8.3247484681,0.0001372684,0.0040787103,1.0000000000
359,45.2169,1785358797.369,2,3.3729,1.0459,3.3657,0.8602,3.3693,0.9531,87.77,0.0999,-0.0083,-0.0044,-0.1001,-2.05,1.0000,0.0027,0.5076,0.1858,0,frozen,2-tag corner homography,2,1920,1200,0.200000,101;102,1,1,,2-tag corner homography,0.014127,0.488914,101,102,4.748914,4.260000,30,0.050000,0.600000,5.000000,raw-zero-distortion,590.9628888758,0.0000000000,1007.8592059077,0.0000000000,592.3761043005,547.7101609771,0.0000000000,0.0000000000,1.0000000000,-0.0359937509,0.0291287486,0.0062609452,0.0003552766,-0.0208418310,0.0000000000,0.0000000000,0.0000000000,0.0000000000,0.0000000000,1,0.000000,0.000000,72.860,751.000,1,1.150,73.184,751.544,65.327,791.502,9.326,779.955,79.307,716.341,134.796,722.774,-2.840968,0.618080,1.796245,3.417546,-0.003056,0.001658,1,4.260000,0.000000,1773.411,886.527,1,1.394,1772.423,886.627,1843.503,934.572,1760.882,935.533,1705.340,839.867,1784.362,843.695,1.891120,0.836299,1.461725,2.532266,4.261556,0.000456,0.0114736217,0.0104081816,-8.6635174635,0.0008870801,-0.0111893060,8.3460202151,0.0001471570,0.0041108140,1.0000000000,0.0112838714,0.0113034327,-9.3234733676,0.0008868924,-0.0111619359,8.3247484681,0.0001372684,0.0040787103,1.0000000000
360,45.3481,1785358797.468,2,3.3793,1.0469,3.3738,0.8598,3.3765,0.9533,88.32,0.0942,-0.0072,-0.0044,-0.0944,-0.07,1.0000,0.0021,0.5076,0.1872,0,frozen,2-tag corner homography,2,1920,1200,0.200000,101;102,1,1,,2-tag corner homography,0.011652,0.494127,101,102,4.754127,4.260000,30,0.050000,0.600000,5.000000,raw-zero-distortion,590.9628888758,0.0000000000,1007.8592059077,0.0000000000,592.3761043005,547.7101609771,0.0000000000,0.0000000000,1.0000000000,-0.0359937509,0.0291287486,0.0062609452,0.0003552766,-0.0208418310,0.0000000000,0.0000000000,0.0000000000,0.0000000000,0.0000000000,1,0.000000,0.000000,72.958,751.251,1,0.996,73.260,751.696,65.404,791.508,9.271,780.248,79.504,716.365,134.869,723.063,-2.840059,0.618392,1.795817,3.416622,-0.002088,0.000990,1,4.260000,0.000000,1773.386,886.418,1,1.344,1772.459,886.598,1843.326,934.288,1760.819,935.432,1705.686,840.081,1784.347,843.673,1.897521,0.839018,1.466603,2.540760,4.261638,0.000701,0.0112430149,0.0111619085,-9.2157351358,0.0008804314,-0.0110983812,8.2784723860,0.0001424019,0.0040429675,1.0000000000,0.0112838714,0.0113034327,-9.3234733676,0.0008868924,-0.0111619359,8.3247484681,0.0001372684,0.0040787103,1.0000000000
361,45.4477,1785358797.566,2,3.3906,1.0442,3.3853,0.8592,3.3880,0.9517,88.35,0.0940,-0.0078,-0.0051,-0.0942,0.58,1.0000,0.0019,0.5076,0.1850,0,frozen,2-tag corner homography,2,1920,1200,0.200000,101;102,1,1,,2-tag corner homography,0.011368,0.490176,101,102,4.750176,4.260000,30,0.050000,0.600000,5.000000,raw-zero-distortion,590.9628888758,0.0000000000,1007.8592059077,0.0000000000,592.3761043005,547.7101609771,0.0000000000,0.0000000000,1.0000000000,-0.0359937509,0.0291287486,0.0062609452,0.0003552766,-0.0208418310,0.0000000000,0.0000000000,0.0000000000,0.0000000000,0.0000000000,1,0.000000,0.000000,73.118,751.210,1,0.918,73.316,751.716,65.459,791.597,8.857,780.159,79.747,716.258,135.147,723.266,-2.838347,0.618117,1.794842,3.414636,-0.001759,0.001139,1,4.260000,0.000000,1773.511,886.561,1,1.375,1772.520,886.603,1843.311,934.348,1761.124,935.504,1705.600,840.067,1784.386,843.592,1.895242,0.837955,1.464726,2.537623,4.261734,0.000397,0.0112111014,0.0112089691,-9.2495011544,0.0008791122,-0.0110826000,8.2668496094,0.0001337041,0.0040476608,1.0000000000,0.0112838714,0.0113034327,-9.3234733676,0.0008868924,-0.0111619359,8.3247484681,0.0001372684,0.0040787103,1.0000000000
362,45.5420,1785358797.682,2,3.3976,1.0450,3.3932,0.8606,3.3954,0.9528,88.65,0.0873,-0.0045,-0.0025,-0.0874,1.72,1.0000,0.0019,0.5076,0.1844,0,frozen,2-tag corner homography,2,1920,1200,0.200000,101;102,1,1,,2-tag corner homography,0.012014,0.497407,101,102,4.757407,4.260000,30,0.050000,0.600000,5.000000,raw-zero-distortion,590.9628888758,0.0000000000,1007.8592059077,0.0000000000,592.3761043005,547.7101609771,0.0000000000,0.0000000000,1.0000000000,-0.0359937509,0.0291287486,0.0062609452,0.0003552766,-0.0208418310,0.0000000000,0.0000000000,0.0000000000,0.0000000000,0.0000000000,1,0.000000,0.000000,72.934,751.233,1,0.966,73.114,751.799,65.473,791.538,9.181,780.303,79.350,716.566,134.484,723.167,-2.846839,0.620085,1.799823,3.424669,-0.002206,0.001035,1,4.260000,0.000000,1773.239,886.517,1,1.217,1772.392,886.643,1843.287,934.449,1761.001,935.558,1705.612,840.243,1783.992,843.425,1.893702,0.837514,1.463781,2.535782,4.261189,0.000447,0.0113202468,0.0109927308,-9.0937065005,0.0008834653,-0.0111473822,8.3166732795,0.0001458791,0.0040645612,1.0000000000,0.0112838714,0.0113034327,-9.3234733676,0.0008868924,-0.0111619359,8.3247484681,0.0001372684,0.0040787103,1.0000000000
363,45.6643,1785358797.795,2,3.4041,1.0433,3.3998,0.8579,3.4019,0.9506,88.68,0.0820,-0.0062,-0.0043,-0.0821,1.43,1.0000,0.0035,0.5076,0.1854,0,frozen,2-tag corner homography,2,1920,1200,0.200000,101;102,1,1,,2-tag corner homography,0.011272,0.494664,101,102,4.754664,4.260000,30,0.050000,0.600000,5.000000,raw-zero-distortion,590.9628888758,0.0000000000,1007.8592059077,0.0000000000,592.3761043005,547.7101609771,0.0000000000,0.0000000000,1.0000000000,-0.0359937509,0.0291287486,0.0062609452,0.0003552766,-0.0208418310,0.0000000000,0.0000000000,0.0000000000,0.0000000000,0.0000000000,1,0.000000,0.000000,73.156,750.537,1,1.266,73.318,751.370,65.739,791.479,8.733,779.481,79.350,716.346,135.363,722.589,-2.842749,0.618028,1.797629,3.419744,-0.003523,0.002992,1,4.260000,0.000000,1773.386,886.530,1,1.375,1772.396,886.582,1843.261,934.402,1760.882,935.391,1705.447,839.984,1784.356,843.661,1.895154,0.838000,1.464894,2.537670,4.261498,0.000445,0.0112031832,0.0112238508,-9.2561117584,0.0008822902,-0.0110951281,8.2722026298,0.0001279241,0.0040569529,1.0000000000,0.0112838714,0.0113034327,-9.3234733676,0.0008868924,-0.0111619359,8.3247484681,0.0001372684,0.0040787103,1.0000000000
364,45.7699,1785358797.912,2,3.4155,1.0426,3.4108,0.8582,3.4131,0.9504,88.52,0.0777,-0.0060,-0.0040,-0.0778,0.81,1.0000,0.0030,0.5076,0.1844,0,frozen,2-tag corner homography,2,1920,1200,0.200000,101;102,1,1,,2-tag corner homography,0.011538,0.490850,101,102,4.750850,4.260000,30,0.050000,0.600000,5.000000,raw-zero-distortion,590.9628888758,0.0000000000,1007.8592059077,0.0000000000,592.3761043005,547.7101609771,0.0000000000,0.0000000000,1.0000000000,-0.0359937509,0.0291287486,0.0062609452,0.0003552766,-0.0208418310,0.0000000000,0.0000000000,0.0000000000,0.0000000000,0.0000000000,1,0.000000,0.000000,73.068,750.757,1,1.071,73.105,751.566,65.620,791.515,8.572,779.997,79.342,716.420,134.836,722.753,-2.839308,0.617733,1.795045,3.415472,-0.003158,0.002371,1,4.260000,0.000000,1773.407,886.502,1,1.395,1772.422,886.613,1843.250,934.406,1760.894,935.471,1705.552,839.962,1784.338,843.721,1.894922,0.837946,1.464666,2.537347,4.261578,0.000513,0.0112374392,0.0112382208,-9.2693869693,0.0008820766,-0.0111073782,8.2837674082,0.0001337688,0.0040611953,1.0000000000,0.0112838714,0.0113034327,-9.3234733676,0.0008868924,-0.0111619359,8.3247484681,0.0001372684,0.0040787103,1.0000000000
365,45.8893,1785358798.009,2,3.4206,1.0439,3.4168,0.8582,3.4187,0.9511,88.82,0.0727,-0.0052,-0.0037,-0.0728,0.48,1.0000,0.0019,0.5076,0.1858,0,frozen,2-tag corner homography,2,1920,1200,0.200000,101;102,1,1,,2-tag corner homography,0.011772,0.490880,101,102,4.750880,4.260000,30,0.050000,0.600000,5.000000,raw-zero-distortion,590.9628888758,0.0000000000,1007.8592059077,0.0000000000,592.3761043005,547.7101609771,0.0000000000,0.0000000000,1.0000000000,-0.0359937509,0.0291287486,0.0062609452,0.0003552766,-0.0208418310,0.0000000000,0.0000000000,0.0000000000,0.0000000000,0.0000000000,1,0.000000,0.000000,72.937,751.289,1,0.998,73.209,751.776,65.521,791.565,9.305,780.283,79.346,716.486,134.696,723.149,-2.844411,0.619549,1.798471,3.421843,-0.002039,0.000882,1,4.260000,0.000000,1773.185,886.388,1,1.191,1772.374,886.550,1843.508,934.477,1761.234,935.553,1705.458,840.074,1783.666,843.269,1.889517,0.835452,1.460579,2.530128,4.261232,0.000734,0.0113075039,0.0112469254,-9.2846903123,0.0008837327,-0.0111482387,8.3165157769,0.0001432813,0.0040729608,1.0000000000,0.0112838714,0.0113034327,-9.3234733676,0.0008868924,-0.0111619359,8.3247484681,0.0001372684,0.0040787103,1.0000000000
366,45.9844,1785358798.108,2,3.4295,1.0415,3.4278,0.8583,3.4287,0.9499,89.45,0.0764,-0.0029,-0.0022,-0.0764,1.61,1.0000,0.0020,0.5076,0.1832,0,frozen,2-tag corner homography,2,1920,1200,0.200000,101;102,1,1,,2-tag corner homography,0.011701,0.498312,101,102,4.758312,4.260000,30,0.050000,0.600000,5.000000,raw-zero-distortion,590.9628888758,0.0000000000,1007.8592059077,0.0000000000,592.3761043005,547.7101609771,0.0000000000,0.0000000000,1.0000000000,-0.0359937509,0.0291287486,0.0062609452,0.0003552766,-0.0208418310,0.0000000000,0.0000000000,0.0000000000,0.0000000000,0.0000000000,1,0.000000,0.000000,73.068,751.212,1,0.855,73.176,751.772,65.626,791.486,9.207,780.309,79.500,716.404,134.420,723.259,-2.846650,0.620002,1.799823,3.424497,-0.001892,0.001122,1,4.260000,0.000000,1773.518,886.631,1,1.345,1772.536,886.625,1843.436,934.416,1761.258,935.503,1705.497,840.144,1784.322,843.560,1.894823,0.837807,1.464370,2.537056,4.261661,0.000236,0.0112648339,0.0111769775,-9.2285525207,0.0008817548,-0.0111184375,8.2942697099,0.0001453228,0.0040476672,1.0000000000,0.0112838714,0.0113034327,-9.3234733676,0.0008868924,-0.0111619359,8.3247484681,0.0001372684,0.0040787103,1.0000000000
367,46.0841,1785358798.222,2,3.4344,1.0393,3.4345,0.8574,3.4345,0.9484,90.02,0.0730,-0.0053,-0.0053,-0.0730,3.62,1.0000,0.0034,0.5076,0.1820,0,frozen,2-tag corner homography,2,1920,1200,0.200000,101;102,1,1,,2-tag corner homography,0.011611,0.490937,101,102,4.750937,4.260000,30,0.050000,0.600000,5.000000,raw-zero-distortion,590.9628888758,0.0000000000,1007.8592059077,0.0000000000,592.3761043005,547.7101609771,0.0000000000,0.0000000000,1.0000000000,-0.0359937509,0.0291287486,0.0062609452,0.0003552766,-0.0208418310,0.0000000000,0.0000000000,0.0000000000,0.0000000000,0.0000000000,1,0.000000,0.000000,72.739,750.787,1,1.214,72.949,751.512,65.037,791.486,8.517,779.783,79.226,716.501,134.930,722.708,-2.841898,0.618029,1.796383,3.418382,-0.003985,0.002216,1,4.260000,0.000000,1773.376,886.485,1,1.428,1772.353,886.550,1843.165,934.414,1760.829,935.463,1705.410,839.808,1784.352,843.637,1.892262,0.836690,1.462741,2.533835,4.261532,0.000546,0.0114024603,0.0114816200,-9.4620082628,0.0008946880,-0.0112681653,8.4032462767,0.0001386646,0.0041348666,1.0000000000,0.0112838714,0.0113034327,-9.3234733676,0.0008868924,-0.0111619359,8.3247484681,0.0001372684,0.0040787103,1.0000000000
368,46.2087,1785358798.367,2,3.4353,1.0396,3.4420,0.8546,3.4387,0.9471,92.09,0.0648,-0.0103,-0.0127,-0.0644,8.03,1.0000,0.0031,0.5076,0.1851,0,frozen,2-tag corner homography,2,1920,1200,0.200000,101;102,1,1,,2-tag corner homography,0.011404,0.492357,101,102,4.752357,4.260000,30,0.050000,0.600000,5.000000,raw-zero-distortion,590.9628888758,0.0000000000,1007.8592059077,0.0000000000,592.3761043005,547.7101609771,0.0000000000,0.0000000000,1.0000000000,-0.0359937509,0.0291287486,0.0062609452,0.0003552766,-0.0208418310,0.0000000000,0.0000000000,0.0000000000,0.0000000000,0.0000000000,1,0.000000,0.000000,73.091,750.729,1,1.277,73.378,751.430,65.768,791.490,9.110,779.683,79.261,716.389,135.331,722.564,-2.841023,0.617874,1.796653,3.417769,-0.003168,0.002450,1,4.260000,0.000000,1773.430,886.557,1,1.342,1772.472,886.630,1843.339,934.466,1760.942,935.471,1705.568,840.051,1784.387,843.640,1.894597,0.837790,1.464318,2.536852,4.261561,0.000391,0.0111717352,0.0111424017,-9.1940281649,0.0008781135,-0.0110435407,8.2343470314,0.0001324974,0.0040304920,1.0000000000,0.0112838714,0.0113034327,-9.3234733676,0.0008868924,-0.0111619359,8.3247484681,0.0001372684,0.0040787103,1.0000000000
369,46.3461,1785358798.478,2,3.4374,1.0395,3.4520,0.8543,3.4447,0.9469,94.53,0.0462,-0.0067,-0.0103,-0.0455,14.71,1.0000,0.0029,0.5076,0.1858,0,frozen,2-tag corner homography,2,1920,1200,0.200000,101;102,1,1,,2-tag corner homography,0.011666,0.495146,101,102,4.755146,4.260000,30,0.050000,0.600000,5.000000,raw-zero-distortion,590.9628888758,0.0000000000,1007.8592059077,0.0000000000,592.3761043005,547.7101609771,0.0000000000,0.0000000000,1.0000000000,-0.0359937509,0.0291287486,0.0062609452,0.0003552766,-0.0208418310,0.0000000000,0.0000000000,0.0000000000,0.0000000000,0.0000000000,1,0.000000,0.000000,72.638,751.074,1,1.161,72.987,751.605,65.326,791.486,8.809,779.971,78.901,716.465,134.886,722.893,-2.844806,0.618970,1.798294,3.421974,-0.003466,0.001407,1,4.260000,0.000000,1773.398,886.480,1,1.284,1772.490,886.572,1843.317,934.457,1761.027,935.421,1705.683,840.016,1784.262,843.504,1.893515,0.837148,1.463447,2.535330,4.261586,0.000561,0.0112525620,0.0110132225,-9.1004663330,0.0008810075,-0.0111070277,8.2844260135,0.0001346630,0.0040586646,1.0000000000,0.0112838714,0.0113034327,-9.3234733676,0.0008868924,-0.0111619359,8.3247484681,0.0001372684,0.0040787103,1.0000000000
370,46.4539,1785358798.595,2,3.4415,1.0365,3.4576,0.8518,3.4495,0.9442,94.98,0.0449,-0.0098,-0.0137,-0.0439,13.00,1.0000,0.0031,0.5076,0.1854,0,frozen,2-tag corner homography,2,1920,1200,0.200000,101;102,1,1,,2-tag corner homography,0.011714,0.493705,101,102,4.753705,4.260000,30,0.050000,0.600000,5.000000,raw-zero-distortion,590.9628888758,0.0000000000,1007.8592059077,0.0000000000,592.3761043005,547.7101609771,0.0000000000,0.0000000000,1.0000000000,-0.0359937509,0.0291287486,0.0062609452,0.0003552766,-0.0208418310,0.0000000000,0.0000000000,0.0000000000,0.0000000000,0.0000000000,1,0.000000,0.000000,72.941,750.793,1,1.106,73.042,751.558,65.401,791.478,8.755,779.949,79.302,716.467,134.680,722.747,-2.842306,0.618319,1.796819,3.419003,-0.003410,0.002245,1,4.260000,0.000000,1773.385,886.485,1,1.367,1772.404,886.541,1843.149,934.291,1760.984,935.448,1705.544,839.997,1784.266,843.522,1.894693,0.837686,1.464522,2.537007,4.261552,0.000548,0.0112691603,0.0112620735,-9.2888865665,0.0008835885,-0.0111323109,8.3023737261,0.0001391900,0.0040657270,1.0000000000,0.0112838714,0.0113034327,-9.3234733676,0.0008868924,-0.0111619359,8.3247484681,0.0001372684,0.0040787103,1.0000000000
371,46.5740,1785358798.715,2,3.4478,1.0377,3.4687,0.8530,3.4583,0.9454,96.45,0.0549,-0.0076,-0.0138,-0.0537,9.92,1.0000,0.0025,0.5076,0.1858,0,frozen,2-tag corner homography,2,1920,1200,0.200000,101;102,1,0,world_rms>0.050,2-tag corner homography,0.074690,0.491483,101,102,4.751483,4.260000,30,0.050000,0.600000,5.000000,raw-zero-distortion,590.9628888758,0.0000000000,1007.8592059077,0.0000000000,592.3761043005,547.7101609771,0.0000000000,0.0000000000,1.0000000000,-0.0359937509,0.0291287486,0.0062609452,0.0003552766,-0.0208418310,0.0000000000,0.0000000000,0.0000000000,0.0000000000,0.0000000000,1,0.000000,0.000000,72.772,751.172,1,1.138,73.151,751.641,65.264,791.500,8.852,780.132,79.233,716.469,135.189,722.891,-2.838408,0.617796,1.794564,3.414483,-0.002824,0.001169,1,4.260000,0.000000,1773.344,886.408,1,1.220,1772.517,886.608,1843.466,934.324,1760.924,935.482,1705.793,840.250,1784.214,843.457,1.896540,0.838546,1.465734,2.539370,4.261557,0.000717,0.0295718197,0.0116843591,-10.9376160858,0.0014412910,-0.0186430548,13.9331280300,0.0007436346,0.0111136970,1.0000000000,0.0112838714,0.0113034327,-9.3234733676,0.0008868924,-0.0111619359,8.3247484681,0.0001372684,0.0040787103,1.0000000000
372,46.6972,1785358798.828,2,3.4511,1.0366,3.4742,0.8522,3.4626,0.9444,97.15,0.0541,-0.0017,-0.0084,-0.0535,9.22,1.0000,0.0024,0.5076,0.1859,0,frozen,2-tag corner homography,2,1920,1200,0.200000,101;102,1,1,,2-tag corner homography,0.011582,0.483571,101,102,4.743571,4.260000,30,0.050000,0.600000,5.000000,raw-zero-distortion,590.9628888758,0.0000000000,1007.8592059077,0.0000000000,592.3761043005,547.7101609771,0.0000000000,0.0000000000,1.0000000000,-0.0359937509,0.0291287486,0.0062609452,0.0003552766,-0.0208418310,0.0000000000,0.0000000000,0.0000000000,0.0000000000,0.0000000000,1,0.000000,0.000000,72.816,751.163,1,1.256,73.333,751.558,65.439,791.547,9.320,780.192,79.173,716.365,135.381,722.561,-2.830069,0.615849,1.789641,3.404611,-0.002725,0.001201,1,4.260000,0.000000,1773.415,886.556,1,1.258,1772.529,886.661,1843.276,934.375,1761.001,935.504,1705.819,840.288,1784.325,843.541,1.897201,0.838956,1.466223,2.540282,4.261529,0.000389,0.0111312983,0.0111171698,-9.1732081327,0.0008728464,-0.0109855675,8.1925806879,0.0001350336,0.0040061305,1.0000000000,0.0112838714,0.0113034327,-9.3234733676,0.0008868924,-0.0111619359,8.3247484681,0.0001372684,0.0040787103,1.0000000000
373,46.8080,1785358798.945,2,3.4549,1.0347,3.4816,0.8489,3.4683,0.9418,98.17,0.0467,-0.0104,-0.0169,-0.0447,8.01,1.0000,0.0033,0.5076,0.1877,0,frozen,2-tag corner homography,2,1920,1200,0.200000,101;102,1,1,,2-tag corner homography,0.011392,0.493980,101,102,4.753980,4.260000,30,0.050000,0.600000,5.000000,raw-zero-distortion,590.9628888758,0.0000000000,1007.8592059077,0.0000000000,592.3761043005,547.7101609771,0.0000000000,0.0000000000,1.0000000000,-0.0359937509,0.0291287486,0.0062609452,0.0003552766,-0.0208418310,0.0000000000,0.0000000000,0.0000000000,0.0000000000,0.0000000000,1,0.000000,0.000000,73.082,750.634,1,1.292,73.309,751.412,65.612,791.492,8.768,779.577,79.337,716.426,135.427,722.578,-2.841288,0.617832,1.796689,3.418000,-0.003458,0.002710,1,4.260000,0.000000,1773.502,886.702,1,1.337,1772.533,886.717,1843.271,934.447,1761.189,935.606,1705.652,840.270,1784.347,843.634,1.895987,0.838554,1.465277,2.538696,4.261538,0.000070,0.0112122845,0.0112579495,-9.2828352519,0.0008835201,-0.0111043644,8.2795432588,0.0001283375,0.0040614799,1.0000000000,0.0112838714,0.0113034327,-9.3234733676,0.0008868924,-0.0111619359,8.3247484681,0.0001372684,0.0040787103,1.0000000000
374,46.9403,1785358799.143,2,3.4594,1.0348,3.4859,0.8476,3.4726,0.9412,98.08,0.0426,-0.0122,-0.0180,-0.0405,4.92,1.0000,0.0017,0.5076,0.1890,0,frozen,2-tag corner homography,2,1920,1200,0.200000,101;102,1,1,,2-tag corner homography,0.011562,0.495064,101,102,4.755064,4.260000,30,0.050000,0.600000,5.000000,raw-zero-distortion,590.9628888758,0.0000000000,1007.8592059077,0.0000000000,592.3761043005,547.7101609771,0.0000000000,0.0000000000,1.0000000000,-0.0359937509,0.0291287486,0.0062609452,0.0003552766,-0.0208418310,0.0000000000,0.0000000000,0.0000000000,0.0000000000,0.0000000000,1,0.000000,0.000000,73.068,751.351,1,1.028,73.445,751.734,65.617,791.542,9.345,780.158,79.550,716.389,135.254,723.238,-2.843254,0.619326,1.798194,3.420695,-0.001507,0.000742,1,4.260000,0.000000,1773.494,886.594,1,1.217,1772.621,886.628,1843.437,934.437,1761.463,935.493,1705.795,840.285,1784.119,843.409,1.895044,0.837819,1.464378,2.537230,4.261656,0.000318,0.0112245519,0.0111616548,-9.2166150790,0.0008804284,-0.0110987175,8.2789665083,0.0001342441,0.0040507106,1.0000000000,0.0112838714,0.0113034327,-9.3234733676,0.0008868924,-0.0111619359,8.3247484681,0.0001372684,0.0040787103,1.0000000000
375,47.1482,1785358799.320,2,3.4633,1.0322,3.4921,0.8482,3.4777,0.9402,98.89,0.0296,-0.0058,-0.0103,-0.0283,2.63,1.0000,0.0028,0.5076,0.1862,0,frozen,2-tag corner homography,2,1920,1200,0.200000,101;102,1,1,,2-tag corner homography,0.011581,0.492374,101,102,4.752374,4.260000,30,0.050000,0.600000,5.000000,raw-zero-distortion,590.9628888758,0.0000000000,1007.8592059077,0.0000000000,592.3761043005,547.7101609771,0.0000000000,0.0000000000,1.0000000000,-0.0359937509,0.0291287486,0.0062609452,0.0003552766,-0.0208418310,0.0000000000,0.0000000000,0.0000000000,0.0000000000,0.0000000000,1,0.000000,0.000000,72.857,750.969,1,1.047,73.003,751.633,65.151,791.538,8.757,780.008,79.418,716.426,134.657,722.972,-2.842459,0.618555,1.796842,3.419185,-0.003151,0.001742,1,4.260000,0.000000,1773.375,886.477,1,1.317,1772.447,886.590,1843.496,934.495,1760.847,935.432,1705.469,839.976,1784.352,843.587,1.893153,0.837080,1.463251,2.534923,4.261540,0.000564,0.0113859558,0.0113318112,-9.3502480219,0.0008913597,-0.0112339477,8.3791449032,0.0001440500,0.0041109911,1.0000000000,0.0112838714,0.0113034327,-9.3234733676,0.0008868924,-0.0111619359,8.3247484681,0.0001372684,0.0040787103,1.0000000000
376,47.3020,1785358799.456,2,3.4720,1.0290,3.5009,0.8457,3.4864,0.9373,98.97,,,,,,1.0000,0.0022,0.5076,0.1855,0,frozen,2-tag corner homography,2,1920,1200,0.200000,101;102,1,1,,2-tag corner homography,0.011218,0.466061,101,102,4.726061,4.260000,30,0.050000,0.600000,5.000000,raw-zero-distortion,590.9628888758,0.0000000000,1007.8592059077,0.0000000000,592.3761043005,547.7101609771,0.0000000000,0.0000000000,1.0000000000,-0.0359937509,0.0291287486,0.0062609452,0.0003552766,-0.0208418310,0.0000000000,0.0000000000,0.0000000000,0.0000000000,0.0000000000,1,0.000000,0.000000,72.874,751.208,1,1.406,73.596,751.461,65.312,791.430,8.858,780.236,79.420,716.388,136.596,722.313,-2.816661,0.612813,1.781663,3.388723,-0.002441,0.001091,1,4.260000,0.000000,1773.409,886.540,1,1.291,1772.503,886.660,1843.504,934.580,1760.939,935.493,1705.595,840.064,1784.339,843.632,1.893317,0.837265,1.463269,2.535117,4.261535,0.000426,0.0114784127,0.0116438525,-9.5963565095,0.0009011152,-0.0113335847,8.4508479770,0.0001285080,0.0041935988,1.0000000000,0.0112838714,0.0113034327,-9.3234733676,0.0008868924,-0.0111619359,8.3247484681,0.0001372684,0.0040787103,1.0000000000
377,47.4393,1785358799.573,2,3.4792,1.0284,3.5070,0.8430,3.4931,0.9357,98.51,0.0514,-0.0148,-0.0223,-0.0487,-1.02,1.0000,0.0036,0.5076,0.1875,0,frozen,2-tag corner homography,2,1920,1200,0.200000,101;102,1,1,,2-tag corner homography,0.011297,0.501489,101,102,4.761489,4.260000,30,0.050000,0.600000,5.000000,raw-zero-distortion,590.9628888758,0.0000000000,1007.8592059077,0.0000000000,592.3761043005,547.7101609771,0.0000000000,0.0000000000,1.0000000000,-0.0359937509,0.0291287486,0.0062609452,0.0003552766,-0.0208418310,0.0000000000,0.0000000000,0.0000000000,0.0000000000,0.0000000000,1,0.000000,0.000000,72.858,750.687,1,1.463,73.260,751.411,65.637,791.473,8.758,779.412,78.891,716.614,135.639,722.553,-2.847944,0.619242,1.800803,3.425950,-0.003932,0.002516,1,4.260000,0.000000,1773.442,886.422,1,1.248,1772.609,886.660,1843.425,934.379,1760.981,935.542,1706.016,840.217,1784.313,843.571,1.896666,0.838629,1.465655,2.539446,4.261756,0.000702,0.0111464681,0.0112050101,-9.2375432884,0.0008794837,-0.0110596823,8.2463331928,0.0001245327,0.0040380850,1.0000000000,0.0112838714,0.0113034327,-9.3234733676,0.0008868924,-0.0111619359,8.3247484681,0.0001372684,0.0040787103,1.0000000000
378,47.5499,1785358799.689,2,3.4846,1.0295,3.5151,0.8423,3.4999,0.9359,99.23,0.0531,-0.0092,-0.0176,-0.0509,0.23,1.0000,0.0023,0.5076,0.1897,0,frozen,2-tag corner homography,2,1920,1200,0.200000,101;102,1,1,,2-tag corner homography,0.023905,0.495458,101,102,4.755458,4.260000,30,0.050000,0.600000,5.000000,raw-zero-distortion,590.9628888758,0.0000000000,1007.8592059077,0.0000000000,592.3761043005,547.7101609771,0.0000000000,0.0000000000,1.0000000000,-0.0359937509,0.0291287486,0.0062609452,0.0003552766,-0.0208418310,0.0000000000,0.0000000000,0.0000000000,0.0000000000,0.0000000000,1,0.000000,0.000000,72.846,751.166,1,0.947,73.045,751.695,65.339,791.443,8.885,780.206,79.325,716.411,134.625,723.117,-2.844329,0.619178,1.798104,3.421515,-0.002634,0.001200,1,4.260000,0.000000,1773.300,886.488,1,1.335,1772.352,886.582,1843.235,934.424,1760.759,935.411,1705.470,839.996,1784.292,843.603,1.894368,0.837702,1.464371,2.536682,4.261360,0.000525,0.0114562115,0.0087783106,-7.4366046090,0.0008555099,-0.0108460389,8.0944759577,0.0001435686,0.0040521062,1.0000000000,0.0112838714,0.0113034327,-9.3234733676,0.0008868924,-0.0111619359,8.3247484681,0.0001372684,0.0040787103,1.0000000000
379,47.6617,1785358799.816,2,3.4999,1.0263,3.5274,0.8431,3.5136,0.9347,98.54,0.0788,-0.0060,-0.0176,-0.0770,0.16,1.0000,0.0020,0.5076,0.1852,0,frozen,2-tag corner homography,2,1920,1200,0.200000,101;102,1,1,,2-tag corner homography,0.011523,0.487769,101,102,4.747769,4.260000,30,0.050000,0.600000,5.000000,raw-zero-distortion,590.9628888758,0.0000000000,1007.8592059077,0.0000000000,592.3761043005,547.7101609771,0.0000000000,0.0000000000,1.0000000000,-0.0359937509,0.0291287486,0.0062609452,0.0003552766,-0.0208418310,0.0000000000,0.0000000000,0.0000000000,0.0000000000,0.0000000000,1,0.000000,0.000000,72.839,751.284,1,1.150,73.270,751.701,65.489,791.526,9.129,780.360,79.185,716.539,135.241,722.806,-2.835121,0.617341,1.792713,3.410695,-0.002325,0.000874,1,4.260000,0.000000,1773.391,886.678,1,1.343,1772.412,886.686,1843.225,934.462,1760.949,935.497,1705.474,840.206,1784.352,843.674,1.896195,0.838701,1.465668,2.539125,4.261324,0.000105,0.0112933377,0.0113006375,-9.3238620061,0.0008852604,-0.0111513620,8.3179407294,0.0001387517,0.0040775455,1.0000000000,0.0112838714,0.0113034327,-9.3234733676,0.0008868924,-0.0111619359,8.3247484681,0.0001372684,0.0040787103,1.0000000000
380,47.7974,1785358799.927,2,3.5161,1.0237,3.5399,0.8412,3.5280,0.9325,97.43,0.1038,-0.0117,-0.0250,-0.1014,-5.24,1.0000,0.0034,0.5076,0.1840,0,frozen,2-tag corner homography,2,1920,1200,0.200000,101;102,1,1,,2-tag corner homography,0.011367,0.498763,101,102,4.758763,4.260000,30,0.050000,0.600000,5.000000,raw-zero-distortion,590.9628888758,0.0000000000,1007.8592059077,0.0000000000,592.3761043005,547.7101609771,0.0000000000,0.0000000000,1.0000000000,-0.0359937509,0.0291287486,0.0062609452,0.0003552766,-0.0208418310,0.0000000000,0.0000000000,0.0000000000,0.0000000000,0.0000000000,1,0.000000,0.000000,72.965,750.685,1,1.347,73.291,751.394,65.520,791.475,9.020,779.441,79.218,716.427,135.343,722.633,-2.846450,0.618887,1.799918,3.424179,-0.003643,0.002546,1,4.260000,0.000000,1773.593,886.702,1,1.447,1772.520,886.642,1843.324,934.367,1761.232,935.549,1705.410,840.095,1784.483,843.670,1.895438,0.838139,1.464877,2.537918,4.261738,0.000087,0.0112553200,0.0112722240,-9.2962826248,0.0008864640,-0.0111453954,8.3099414484,0.0001327106,0.0040728120,1.0000000000,0.0112838714,0.0113034327,-9.3234733676,0.0008868924,-0.0111619359,8.3247484681,0.0001372684,0.0040787103,1.0000000000
381,47.9137,1785358800.071,2,3.5375,1.0213,3.5584,0.8396,3.5480,0.9304,96.56,0.1249,-0.0153,-0.0294,-0.1223,-6.98,1.0000,0.0022,0.5076,0.1829,0,frozen,2-tag corner homography,2,1920,1200,0.200000,101;102,1,1,,2-tag corner homography,0.011795,0.478456,101,102,4.738456,4.260000,30,0.050000,0.600000,5.000000,raw-zero-distortion,590.9628888758,0.0000000000,1007.8592059077,0.0000000000,592.3761043005,547.7101609771,0.0000000000,0.0000000000,1.0000000000,-0.0359937509,0.0291287486,0.0062609452,0.0003552766,-0.0208418310,0.0000000000,0.0000000000,0.0000000000,0.0000000000,0.0000000000,1,0.000000,0.000000,72.832,751.221,1,1.085,73.201,751.656,65.369,791.506,9.165,780.355,79.281,716.406,134.983,722.779,-2.833598,0.616826,1.791620,3.408762,-0.002523,0.001047,1,4.260000,0.000000,1773.095,886.348,1,1.181,1772.292,886.514,1843.317,934.536,1760.970,935.482,1705.484,839.952,1783.731,843.244,1.888187,0.834866,1.459708,2.528438,4.261084,0.000810,0.0113821045,0.0113831148,-9.3911654131,0.0008887983,-0.0112056333,8.3579629958,0.0001418252,0.0041144693,1.0000000000,0.0112838714,0.0113034327,-9.3234733676,0.0008868924,-0.0111619359,8.3247484681,0.0001372684,0.0040787103,1.0000000000
382,48.0478,1785358800.210,2,3.5567,1.0213,3.5748,0.8380,3.5658,0.9296,95.64,0.1431,-0.0123,-0.0263,-0.1412,-7.10,1.0000,0.0025,0.5076,0.1842,0,frozen,2-tag corner homography,2,1920,1200,0.200000,101;102,1,1,,2-tag corner homography,0.011813,0.486555,101,102,4.746555,4.260000,30,0.050000,0.600000,5.000000,raw-zero-distortion,590.9628888758,0.0000000000,1007.8592059077,0.0000000000,592.3761043005,547.7101609771,0.0000000000,0.0000000000,1.0000000000,-0.0359937509,0.0291287486,0.0062609452,0.0003552766,-0.0208418310,0.0000000000,0.0000000000,0.0000000000,0.0000000000,0.0000000000,1,0.000000,0.000000,72.736,751.213,1,1.134,73.201,751.562,65.091,791.438,9.294,780.266,79.371,716.299,135.039,722.681,-2.831322,0.616048,1.790180,3.405972,-0.002811,0.001048,1,4.260000,0.000000,1773.407,886.412,1,1.265,1772.542,886.604,1843.272,934.228,1760.885,935.444,1705.950,840.244,1784.356,843.540,1.898978,0.839585,1.467570,2.542593,4.261691,0.000719,0.0112336730,0.0112292598,-9.2636382122,0.0008799992,-0.0110823088,8.2649622414,0.0001423044,0.0040421180,1.0000000000,0.0112838714,0.0113034327,-9.3234733676,0.0008868924,-0.0111619359,8.3247484681,0.0001372684,0.0040787103,1.0000000000
383,48.2182,1785358800.383,2,3.5753,1.0235,3.5900,0.8366,3.5827,0.9300,94.50,0.1193,-0.0034,-0.0128,-0.1187,-6.84,1.0000,0.0024,0.5076,0.1875,0,frozen,2-tag corner homography,2,1920,1200,0.200000,101;102,1,0,world_rms>0.050,2-tag corner homography,0.141728,0.486760,101,102,4.746760,4.260000,30,0.050000,0.600000,5.000000,raw-zero-distortion,590.9628888758,0.0000000000,1007.8592059077,0.0000000000,592.3761043005,547.7101609771,0.0000000000,0.0000000000,1.0000000000,-0.0359937509,0.0291287486,0.0062609452,0.0003552766,-0.0208418310,0.0000000000,0.0000000000,0.0000000000,0.0000000000,0.0000000000,1,0.000000,0.000000,73.037,751.009,1,1.192,73.385,751.559,65.556,791.513,9.241,780.072,79.424,716.426,135.289,722.649,-2.835044,0.616968,1.792887,3.410655,-0.002543,0.001672,1,4.260000,0.000000,1773.464,886.603,1,1.353,1772.479,886.613,1843.415,934.428,1761.058,935.437,1705.436,840.092,1784.386,843.613,1.895200,0.838006,1.464770,2.537634,4.261579,0.000292,65.3944932998,44.0901023252,-38167.2784794989,3.9517836441,-47.8781478941,35541.8414726266,27.5090172825,-23.8796125862,1.0000000000,0.0112838714,0.0113034327,-9.3234733676,0.0008868924,-0.0111619359,8.3247484681,0.0001372684,0.0040787103,1.0000000000
384,48.3867,1785358800.566,2,3.5955,1.0226,3.6092,0.8371,3.6023,0.9298,94.23,0.1102,-0.0003,-0.0084,-0.1099,-4.70,1.0000,0.0031,0.5076,0.1860,0,frozen,2-tag corner homography,2,1920,1200,0.200000,101;102,1,0,world_rms>0.050,2-tag corner homography,0.117053,0.490668,101,102,4.750668,4.260000,30,0.050000,0.600000,5.000000,raw-zero-distortion,590.9628888758,0.0000000000,1007.8592059077,0.0000000000,592.3761043005,547.7101609771,0.0000000000,0.0000000000,1.0000000000,-0.0359937509,0.0291287486,0.0062609452,0.0003552766,-0.0208418310,0.0000000000,0.0000000000,0.0000000000,0.0000000000,0.0000000000,1,0.000000,0.000000,72.718,750.999,1,1.104,72.957,751.600,64.994,791.470,8.656,780.145,79.307,716.477,134.810,722.748,-2.836573,0.617143,1.793032,3.412034,-0.003454,0.001631,1,4.260000,0.000000,1773.940,886.930,1,1.645,1772.691,886.755,1843.344,934.509,1761.424,935.529,1705.433,839.967,1784.958,844.142,1.897637,0.839203,1.466249,2.540704,4.262216,-0.000373,-0.0025479088,-0.0028576915,2.3402637221,-0.0001471227,0.0018520664,-1.3819552917,-0.0009612550,-0.0004546184,1.0000000000,0.0112838714,0.0113034327,-9.3234733676,0.0008868924,-0.0111619359,8.3247484681,0.0001372684,0.0040787103,1.0000000000
385,48.5570,1785358800.771,2,3.6168,1.0210,3.6275,0.8373,3.6222,0.9291,93.34,0.1152,-0.0022,-0.0089,-0.1149,-3.69,1.0000,0.0031,0.5076,0.1840,0,frozen,2-tag corner homography,2,1920,1200,0.200000,101;102,1,1,,2-tag corner homography,0.011350,0.502519,101,102,4.762519,4.260000,30,0.050000,0.600000,5.000000,raw-zero-distortion,590.9628888758,0.0000000000,1007.8592059077,0.0000000000,592.3761043005,547.7101609771,0.0000000000,0.0000000000,1.0000000000,-0.0359937509,0.0291287486,0.0062609452,0.0003552766,-0.0208418310,0.0000000000,0.0000000000,0.0000000000,0.0000000000,0.0000000000,1,0.000000,0.000000,72.906,750.822,1,1.298,73.243,751.478,65.398,791.459,8.850,779.445,79.247,716.500,135.385,722.903,-2.851400,0.620187,1.802955,3.430126,-0.003426,0.002158,1,4.260000,0.000000,1773.390,886.431,1,1.325,1772.457,886.539,1843.362,934.336,1761.061,935.439,1705.568,839.998,1784.190,843.500,1.894071,0.837347,1.463939,2.536094,4.261630,0.000673,0.0113110226,0.0113660680,-9.3712461423,0.0008906412,-0.0112140675,8.3622563720,0.0001313438,0.0041038428,1.0000000000,0.0112838714,0.0113034327,-9.3234733676,0.0008868924,-0.0111619359,8.3247484681,0.0001372684,0.0040787103,1.0000000000
386,48.7558,1785358800.892,2,3.6311,1.0214,3.6410,0.8371,3.6360,0.9292,93.08,,,,,,1.0000,0.0029,0.5076,0.1846,0,frozen,2-tag corner homography,2,1920,1200,0.200000,101;102,1,1,,2-tag corner homography,0.011036,0.489731,101,102,4.749731,4.260000,30,0.050000,0.600000,5.000000,raw-zero-distortion,590.9628888758,0.0000000000,1007.8592059077,0.0000000000,592.3761043005,547.7101609771,0.0000000000,0.0000000000,1.0000000000,-0.0359937509,0.0291287486,0.0062609452,0.0003552766,-0.0208418310,0.0000000000,0.0000000000,0.0000000000,0.0000000000,0.0000000000,1,0.000000,0.000000,72.989,750.841,1,1.582,73.603,751.397,65.488,791.582,9.009,779.402,79.306,716.535,136.435,722.519,-2.838011,0.617267,1.795181,3.414381,-0.003140,0.002121,1,4.260000,0.000000,1773.370,886.593,1,1.200,1772.530,886.718,1843.523,934.684,1760.793,935.422,1705.724,840.220,1784.432,843.648,1.895048,0.838144,1.464555,2.537443,4.261384,0.000297,0.0113016330,0.0114216617,-9.4154345886,0.0008915511,-0.0112030335,8.3527262838,0.0001243389,0.0041147426,1.0000000000,0.0112838714,0.0113034327,-9.3234733676,0.0008868924,-0.0111619359,8.3247484681,0.0001372684,0.0040787103,1.0000000000
387,48.8690,1785358801.009,2,3.6417,1.0170,3.6513,0.8361,3.6465,0.9266,93.03,0.0791,-0.0069,-0.0110,-0.0786,-1.17,1.0000,0.0036,0.5076,0.1812,0,frozen,2-tag corner homography,2,1920,1200,0.200000,101;102,1,1,,2-tag corner homography,0.011552,0.491433,101,102,4.751433,4.260000,30,0.050000,0.600000,5.000000,raw-zero-distortion,590.9628888758,0.0000000000,1007.8592059077,0.0000000000,592.3761043005,547.7101609771,0.0000000000,0.0000000000,1.0000000000,-0.0359937509,0.0291287486,0.0062609452,0.0003552766,-0.0208418310,0.0000000000,0.0000000000,0.0000000000,0.0000000000,0.0000000000,1,0.000000,0.000000,72.953,750.624,1,1.312,73.205,751.388,65.419,791.494,8.858,779.477,79.264,716.391,135.212,722.599,-2.844062,0.618292,1.798243,3.421207,-0.003842,0.002709,1,4.260000,0.000000,1773.594,886.651,1,1.471,1772.515,886.617,1843.384,934.560,1761.333,935.566,1705.365,839.813,1784.358,843.703,1.890390,0.835851,1.460985,2.531146,4.261803,0.000205,0.0113312092,0.0113525759,-9.3612358078,0.0008909393,-0.0112034148,8.3531922020,0.0001324339,0.0041106289,1.0000000000,0.0112838714,0.0113034327,-9.3234733676,0.0008868924,-0.0111619359,8.3247484681,0.0001372684,0.0040787103,1.0000000000
388,49.0107,1785358801.133,2,3.6420,1.0112,3.6532,0.8336,3.6476,0.9224,93.61,0.0530,-0.0217,-0.0250,-0.0515,1.29,1.0000,0.0023,0.5076,0.1779,0,frozen,2-tag corner homography,2,1920,1200,0.200000,101;102,1,1,,2-tag corner homography,0.011548,0.486996,101,102,4.746996,4.260000,30,0.050000,0.600000,5.000000,raw-zero-distortion,590.9628888758,0.0000000000,1007.8592059077,0.0000000000,592.3761043005,547.7101609771,0.0000000000,0.0000000000,1.0000000000,-0.0359937509,0.0291287486,0.0062609452,0.0003552766,-0.0208418310,0.0000000000,0.0000000000,0.0000000000,0.0000000000,0.0000000000,1,0.000000,0.000000,72.930,751.090,1,1.241,73.395,751.536,65.456,791.498,9.346,780.064,79.349,716.386,135.399,722.623,-2.833847,0.616646,1.792149,3.409214,-0.002614,0.001427,1,4.260000,0.000000,1773.318,886.544,1,1.241,1772.440,886.640,1843.291,934.422,1760.867,935.424,1705.661,840.252,1784.272,843.541,1.896719,0.838788,1.466020,2.539748,4.261330,0.000399,0.0112297317,0.0112391021,-9.2724976076,0.0008810882,-0.0110882895,8.2688865649,0.0001377173,0.0040490761,1.0000000000,0.0112838714,0.0113034327,-9.3234733676,0.0008868924,-0.0111619359,8.3247484681,0.0001372684,0.0040787103,1.0000000000
389,49.1057,1785358801.238,2,3.6398,1.0040,3.6516,0.8302,3.6457,0.9171,93.89,0.0368,-0.0288,-0.0312,-0.0347,2.04,1.0000,0.0024,0.5076,0.1742,0,frozen,2-tag corner homography,2,1920,1200,0.200000,101;102,1,1,,2-tag corner homography,0.011791,0.501183,101,102,4.761183,4.260000,30,0.050000,0.600000,5.000000,raw-zero-distortion,590.9628888758,0.0000000000,1007.8592059077,0.0000000000,592.3761043005,547.7101609771,0.0000000000,0.0000000000,1.0000000000,-0.0359937509,0.0291287486,0.0062609452,0.0003552766,-0.0208418310,0.0000000000,0.0000000000,0.0000000000,0.0000000000,0.0000000000,1,0.000000,0.000000,72.980,751.049,1,1.026,73.157,751.667,65.526,791.490,9.338,780.057,79.355,716.461,134.463,723.025,-2.848394,0.620051,1.800890,3.426516,-0.002589,0.001550,1,4.260000,0.000000,1773.348,886.502,1,1.200,1772.517,886.644,1843.491,934.366,1761.132,935.542,1705.709,840.347,1784.080,843.416,1.895924,0.838361,1.465257,2.538574,4.261448,0.000502,0.0112601705,0.0112778918,-9.3026875045,0.0008831858,-0.0111246045,8.2975239559,0.0001456574,0.0040487876,1.0000000000,0.0112838714,0.0113034327,-9.3234733676,0.0008868924,-0.0111619359,8.3247484681,0.0001372684,0.0040787103,1.0000000000
390,49.2313,1785358801.377,2,3.6388,0.9895,3.6383,0.7953,3.6386,0.8924,89.84,-0.0177,-0.1053,-0.1054,0.0174,-11.77,1.0000,0.0027,0.5076,0.1942,0,frozen,2-tag corner homography,2,1920,1200,0.200000,101;102,1,0,world_rms>0.050,2-tag corner homography,3.114699,0.489309,101,102,4.749309,4.260000,30,0.050000,0.600000,5.000000,raw-zero-distortion,590.9628888758,0.0000000000,1007.8592059077,0.0000000000,592.3761043005,547.7101609771,0.0000000000,0.0000000000,1.0000000000,-0.0359937509,0.0291287486,0.0062609452,0.0003552766,-0.0208418310,0.0000000000,0.0000000000,0.0000000000,0.0000000000,0.0000000000,1,0.000000,0.000000,72.888,750.991,1,0.998,73.031,751.616,65.121,791.502,9.093,780.155,79.531,716.345,134.404,722.869,-2.839031,0.617775,1.794727,3.415082,-0.003006,0.001689,1,4.260000,0.000000,1773.379,886.530,1,1.308,1772.456,886.637,1843.507,934.521,1760.922,935.478,1705.474,840.062,1784.300,843.618,1.893628,0.837396,1.463601,2.535584,4.261481,0.000443,0.0000435311,-0.0000135917,-0.0651834286,0.0001920618,-0.0019288127,1.4485037121,0.0007775593,-0.0026033455,1.0000000000,0.0112838714,0.0113034327,-9.3234733676,0.0008868924,-0.0111619359,8.3247484681,0.0001372684,0.0040787103,1.0000000000
391,49.3496,1785358801.488,2,3.6329,0.9638,3.6249,0.7583,3.6289,0.8610,87.76,-0.0433,-0.1588,-0.1603,0.0371,-16.79,1.0000,0.0026,0.5076,0.2057,0,frozen,2-tag corner homography,2,1920,1200,0.200000,101;102,1,1,,2-tag corner homography,0.014537,0.483116,101,102,4.743116,4.260000,30,0.050000,0.600000,5.000000,raw-zero-distortion,590.9628888758,0.0000000000,1007.8592059077,0.0000000000,592.3761043005,547.7101609771,0.0000000000,0.0000000000,1.0000000000,-0.0359937509,0.0291287486,0.0062609452,0.0003552766,-0.0208418310,0.0000000000,0.0000000000,0.0000000000,0.0000000000,0.0000000000,1,0.000000,0.000000,72.619,751.209,1,1.326,73.252,751.513,65.229,791.348,9.257,780.184,79.013,716.484,135.456,722.475,-2.832852,0.616265,1.791244,3.407842,-0.003142,0.001032,1,4.260000,0.000000,1773.501,886.651,1,1.446,1772.436,886.612,1843.196,934.446,1761.133,935.484,1705.395,839.946,1784.380,843.701,1.893774,0.837421,1.463750,2.535788,4.261599,0.000187,0.0117329920,0.0130512273,-10.6694174982,0.0009260482,-0.0116298143,8.6706303075,0.0001372111,0.0043417536,1.0000000000,0.0112838714,0.0113034327,-9.3234733676,0.0008868924,-0.0111619359,8.3247484681,0.0001372684,0.0040787103,1.0000000000
392,49.4618,1785358801.581,2,,,,,,,,,,,,,,0.0037,0.5076,,0,frozen,2-tag corner homography,2,1920,1200,0.200000,101;102,1,1,,2-tag corner homography,0.011427,0.499755,101,102,4.759755,4.260000,30,0.050000,0.600000,5.000000,raw-zero-distortion,590.9628888758,0.0000000000,1007.8592059077,0.0000000000,592.3761043005,547.7101609771,0.0000000000,0.0000000000,1.0000000000,-0.0359937509,0.0291287486,0.0062609452,0.0003552766,-0.0208418310,0.0000000000,0.0000000000,0.0000000000,0.0000000000,0.0000000000,1,0.000000,0.000000,72.583,750.789,1,1.519,73.072,751.454,65.385,791.492,8.596,779.471,78.608,716.713,135.573,722.554,-2.848435,0.619358,1.800752,3.426353,-0.004411,0.002175,1,4.260000,0.000000,1773.541,886.747,1,1.486,1772.430,886.633,1843.042,934.432,1761.370,935.502,1705.383,839.983,1784.276,843.746,1.894384,0.837748,1.464233,2.536630,4.261568,-0.000026,0.0112490004,0.0113131343,-9.3247200761,0.0008875645,-0.0111663369,8.3265056691,0.0001226420,0.0040917910,1.0000000000,0.0112838714,0.0113034327,-9.3234733676,0.0008868924,-0.0111619359,8.3247484681,0.0001372684,0.0040787103,1.0000000000
393,49.5576,1785358801.725,2,,,,,,,,,,,,,,0.0024,0.5076,,0,frozen,2-tag corner homography,2,1920,1200,0.200000,101;102,1,1,,2-tag corner homography,0.011469,0.491803,101,102,4.751803,4.260000,30,0.050000,0.600000,5.000000,raw-zero-distortion,590.9628888758,0.0000000000,1007.8592059077,0.0000000000,592.3761043005,547.7101609771,0.0000000000,0.0000000000,1.0000000000,-0.0359937509,0.0291287486,0.0062609452,0.0003552766,-0.0208418310,0.0000000000,0.0000000000,0.0000000000,0.0000000000,0.0000000000,1,0.000000,0.000000,72.803,751.149,1,1.284,73.292,751.616,65.799,791.462,9.238,780.169,78.802,716.624,135.308,722.613,-2.840084,0.618177,1.795894,3.416644,-0.002800,0.001237,1,4.260000,0.000000,1773.350,886.525,1,1.268,1772.449,886.613,1843.346,934.497,1760.775,935.378,1705.609,840.099,1784.407,843.572,1.895066,0.837981,1.464725,2.537500,4.261424,0.000449,0.0113260917,0.0114862143,-9.4649463232,0.0008894817,-0.0112003434,8.3532102010,0.0001369796,0.0041028930,1.0000000000,0.0112838714,0.0113034327,-9.3234733676,0.0008868924,-0.0111619359,8.3247484681,0.0001372684,0.0040787103,1.0000000000
394,49.7188,1785358801.857,2,3.3142,1.0672,3.6321,0.7673,3.4732,0.9172,136.67,,,,,,1.0000,0.0030,0.5076,0.4371,1,frozen,2-tag corner homography,2,1920,1200,0.200000,101;102,1,1,,2-tag corner homography,0.011502,0.503798,101,102,4.763798,4.260000,30,0.050000,0.600000,5.000000,raw-zero-distortion,590.9628888758,0.0000000000,1007.8592059077,0.0000000000,592.3761043005,547.7101609771,0.0000000000,0.0000000000,1.0000000000,-0.0359937509,0.0291287486,0.0062609452,0.0003552766,-0.0208418310,0.0000000000,0.0000000000,0.0000000000,0.0000000000,0.0000000000,1,0.000000,0.000000,73.030,750.771,1,1.078,73.114,751.531,65.322,791.476,8.799,779.524,79.546,716.358,134.748,723.141,-2.853662,0.620754,1.804136,3.432729,-0.003224,0.002324,1,4.260000,0.000000,1773.046,886.338,1,0.995,1772.411,886.597,1843.537,934.491,1760.945,935.465,1705.800,840.401,1783.686,843.137,1.892994,0.837065,1.463196,2.534768,4.260988,0.000824,0.0112559151,0.0112662676,-9.2914256160,0.0008850332,-0.0111433008,8.3101726689,0.0001367499,0.0040646379,1.0000000000,0.0112838714,0.0113034327,-9.3234733676,0.0008868924,-0.0111619359,8.3247484681,0.0001372684,0.0040787103,1.0000000000
395,49.8439,1785358801.987,2,,,,,,,,,,,,,,0.0028,0.5076,,0,frozen,2-tag corner homography,2,1920,1200,0.200000,101;102,1,1,,2-tag corner homography,0.011494,0.480130,101,102,4.740130,4.260000,30,0.050000,0.600000,5.000000,raw-zero-distortion,590.9628888758,0.0000000000,1007.8592059077,0.0000000000,592.3761043005,547.7101609771,0.0000000000,0.0000000000,1.0000000000,-0.0359937509,0.0291287486,0.0062609452,0.0003552766,-0.0208418310,0.0000000000,0.0000000000,0.0000000000,0.0000000000,0.0000000000,1,0.000000,0.000000,72.878,750.932,1,1.216,73.237,751.490,65.435,791.466,8.772,780.087,79.223,716.381,135.433,722.482,-2.829839,0.615531,1.789311,3.404189,-0.003197,0.001850,1,4.260000,0.000000,1773.542,886.765,1,1.365,1772.534,886.714,1843.293,934.538,1761.280,935.615,1705.536,840.187,1784.369,843.631,1.893873,0.837609,1.463640,2.535860,4.261547,-0.000066,0.0112958001,0.0113638310,-9.3687539038,0.0008871249,-0.0111561235,8.3190469221,0.0001320500,0.0040953387,1.0000000000,0.0112838714,0.0113034327,-9.3234733676,0.0008868924,-0.0111619359,8.3247484681,0.0001372684,0.0040787103,1.0000000000
396,49.9629,1785358802.085,2,,,,,,,,,,,,,,0.0036,0.5076,,0,frozen,2-tag corner homography,2,1920,1200,0.200000,101;102,1,1,,2-tag corner homography,0.011150,0.502523,101,102,4.762523,4.260000,30,0.050000,0.600000,5.000000,raw-zero-distortion,590.9628888758,0.0000000000,1007.8592059077,0.0000000000,592.3761043005,547.7101609771,0.0000000000,0.0000000000,1.0000000000,-0.0359937509,0.0291287486,0.0062609452,0.0003552766,-0.0208418310,0.0000000000,0.0000000000,0.0000000000,0.0000000000,0.0000000000,1,0.000000,0.000000,72.819,750.639,1,1.432,73.194,751.371,65.612,791.454,8.788,779.319,78.846,716.514,135.443,722.590,-2.850283,0.619586,1.802155,3.428667,-0.004173,0.002640,1,4.260000,0.000000,1773.399,886.623,1,1.337,1772.429,886.651,1843.360,934.544,1760.851,935.391,1705.439,840.073,1784.440,843.712,1.895253,0.838180,1.464908,2.537811,4.261409,0.000232,0.0111863470,0.0112034656,-9.2380867546,0.0008825177,-0.0110933606,8.2709884719,0.0001276247,0.0040496330,1.0000000000,0.0112838714,0.0113034327,-9.3234733676,0.0008868924,-0.0111619359,8.3247484681,0.0001372684,0.0040787103,1.0000000000
397,50.0674,1785358802.212,2,3.6216,0.9165,3.6318,0.7243,3.6267,0.8204,93.05,,,,,,1.0000,0.0026,0.5076,0.1926,1,frozen,2-tag corner homography,2,1920,1200,0.200000,101;102,1,1,,2-tag corner homography,0.011645,0.487659,101,102,4.747659,4.260000,30,0.050000,0.600000,5.000000,raw-zero-distortion,590.9628888758,0.0000000000,1007.8592059077,0.0000000000,592.3761043005,547.7101609771,0.0000000000,0.0000000000,1.0000000000,-0.0359937509,0.0291287486,0.0062609452,0.0003552766,-0.0208418310,0.0000000000,0.0000000000,0.0000000000,0.0000000000,0.0000000000,1,0.000000,0.000000,73.096,750.896,1,1.026,73.234,751.559,65.678,791.498,9.138,780.130,79.420,716.285,134.723,722.727,-2.836668,0.617223,1.793624,3.412438,-0.002691,0.001994,1,4.260000,0.000000,1773.340,886.539,1,1.266,1772.442,886.625,1843.370,934.459,1760.982,935.474,1705.559,840.159,1784.205,843.515,1.894415,0.837729,1.464235,2.536648,4.261384,0.000414,0.0111636202,0.0110851732,-9.1504252986,0.0008743598,-0.0110070808,8.2087174924,0.0001399510,0.0040097933,1.0000000000,0.0112838714,0.0113034327,-9.3234733676,0.0008868924,-0.0111619359,8.3247484681,0.0001372684,0.0040787103,1.0000000000
398,50.1873,1785358802.339,2,3.6088,0.9101,3.6143,0.7323,3.6115,0.8212,91.76,,,,,,1.0000,0.0028,0.5076,0.1779,0,frozen,2-tag corner homography,2,1920,1200,0.200000,101;102,1,1,,2-tag corner homography,0.011303,0.487009,101,102,4.747009,4.260000,30,0.050000,0.600000,5.000000,raw-zero-distortion,590.9628888758,0.0000000000,1007.8592059077,0.0000000000,592.3761043005,547.7101609771,0.0000000000,0.0000000000,1.0000000000,-0.0359937509,0.0291287486,0.0062609452,0.0003552766,-0.0208418310,0.0000000000,0.0000000000,0.0000000000,0.0000000000,0.0000000000,1,0.000000,0.000000,72.941,750.890,1,1.194,73.239,751.501,65.379,791.485,8.842,779.935,79.368,716.385,135.292,722.637,-2.835359,0.616765,1.792804,3.410836,-0.003140,0.001978,1,4.260000,0.000000,1773.210,886.534,1,1.151,1772.399,886.637,1843.538,934.563,1760.735,935.352,1705.484,840.282,1784.217,843.460,1.895134,0.838125,1.464873,2.537684,4.261105,0.000403,0.0113376365,0.0113839334,-9.3870095669,0.0008901113,-0.0112002720,8.3521599028,0.0001378229,0.0041030848,1.0000000000,0.0112838714,0.0113034327,-9.3234733676,0.0008868924,-0.0111619359,8.3247484681,0.0001372684,0.0040787103,1.0000000000
399,50.3202,1785358802.469,2,3.6000,0.9278,3.6047,0.7312,3.6024,0.8295,91.38,-0.0958,0.0365,0.0388,0.0948,-6.51,1.0000,0.0029,0.5076,0.1967,0,frozen,2-tag corner homography,2,1920,1200,0.200000,101;102,1,1,,2-tag corner homography,0.011199,0.507152,101,102,4.767152,4.260000,30,0.050000,0.600000,5.000000,raw-zero-distortion,590.9628888758,0.0000000000,1007.8592059077,0.0000000000,592.3761043005,547.7101609771,0.0000000000,0.0000000000,1.0000000000,-0.0359937509,0.0291287486,0.0062609452,0.0003552766,-0.0208418310,0.0000000000,0.0000000000,0.0000000000,0.0000000000,0.0000000000,1,0.000000,0.000000,72.901,750.891,1,1.289,73.245,751.534,65.446,791.472,8.822,779.488,79.205,716.573,135.409,722.995,-2.853424,0.620800,1.804239,3.432594,-0.003247,0.001966,1,4.260000,0.000000,1773.333,886.502,1,1.253,1772.452,886.613,1843.392,934.312,1760.975,935.481,1705.597,840.278,1784.190,843.468,1.896718,0.838708,1.465996,2.539708,4.261415,0.000500,0.0112945747,0.0113794900,-9.3807469969,0.0008904767,-0.0112103068,8.3600618197,0.0001318398,0.0040956558,1.0000000000,0.0112838714,0.0113034327,-9.3234733676,0.0008868924,-0.0111619359,8.3247484681,0.0001372684,0.0040787103,1.0000000000
400,50.4454,1785358802.578,2,3.5980,0.9165,3.6095,0.7363,3.6038,0.8264,93.65,-0.0506,0.0254,0.0285,0.0489,3.01,1.0000,0.0031,0.5076,0.1806,0,frozen,2-tag corner homography,2,1920,1200,0.200000,101;102,1,0,world_rms>0.050,2-tag corner homography,0.151303,0.497388,101,102,4.757388,4.260000,30,0.050000,0.600000,5.000000,raw-zero-distortion,590.9628888758,0.0000000000,1007.8592059077,0.0000000000,592.3761043005,547.7101609771,0.0000000000,0.0000000000,1.0000000000,-0.0359937509,0.0291287486,0.0062609452,0.0003552766,-0.0208418310,0.0000000000,0.0000000000,0.0000000000,0.0000000000,0.0000000000,1,0.000000,0.000000,72.859,750.836,1,1.275,73.152,751.538,65.869,791.495,8.682,779.819,78.749,716.576,135.247,722.660,-2.845119,0.618943,1.798810,3.422501,-0.003518,0.002109,1,4.260000,0.000000,1773.416,886.556,1,1.378,1772.437,886.651,1843.423,934.499,1760.934,935.425,1705.448,840.010,1784.335,843.806,1.895476,0.838269,1.465065,2.538098,4.261530,0.000390,211.6518223486,79.1653888253,-76122.9279288002,10.6693851008,-130.3180913770,96649.0375108924,82.0965487953,-65.9383509087,1.0000000000,0.0112838714,0.0113034327,-9.3234733676,0.0008868924,-0.0111619359,8.3247484681,0.0001372684,0.0040787103,1.0000000000
401,50.5616,1785358802.682,2,3.5962,0.9217,3.6080,0.7388,3.6021,0.8303,93.68,-0.0176,0.0103,0.0114,0.0170,7.41,1.0000,0.0033,0.5076,0.1834,0,frozen,2-tag corner homography,2,1920,1200,0.200000,101;102,1,1,,2-tag corner homography,0.011516,0.498280,101,102,4.758280,4.260000,30,0.050000,0.600000,5.000000,raw-zero-distortion,590.9628888758,0.0000000000,1007.8592059077,0.0000000000,592.3761043005,547.7101609771,0.0000000000,0.0000000000,1.0000000000,-0.0359937509,0.0291287486,0.0062609452,0.0003552766,-0.0208418310,0.0000000000,0.0000000000,0.0000000000,0.0000000000,0.0000000000,1,0.000000,0.000000,72.885,750.754,1,1.387,73.285,751.403,65.350,791.470,9.132,779.456,79.229,716.466,135.366,722.624,-2.846284,0.618875,1.799801,3.423977,-0.003674,0.002339,1,4.260000,0.000000,1773.447,886.644,1,1.385,1772.447,886.678,1843.353,934.493,1761.109,935.506,1705.431,840.088,1784.275,843.760,1.895118,0.838167,1.464770,2.537626,4.261489,0.000194,0.0113415012,0.0113754982,-9.3803028532,0.0008934698,-0.0112305247,8.3734876447,0.0001341492,0.0041120864,1.0000000000,0.0112838714,0.0113034327,-9.3234733676,0.0008868924,-0.0111619359,8.3247484681,0.0001372684,0.0040787103,1.0000000000
402,50.6657,1785358802.812,2,3.5990,0.9172,3.6054,0.7371,3.6022,0.8272,92.05,-0.0077,0.0022,0.0025,0.0076,4.07,1.0000,0.0028,0.5076,0.1802,0,frozen,2-tag corner homography,2,1920,1200,0.200000,101;102,1,1,,2-tag corner homography,0.011313,0.492364,101,102,4.752364,4.260000,30,0.050000,0.600000,5.000000,raw-zero-distortion,590.9628888758,0.0000000000,1007.8592059077,0.0000000000,592.3761043005,547.7101609771,0.0000000000,0.0000000000,1.0000000000,-0.0359937509,0.0291287486,0.0062609452,0.0003552766,-0.0208418310,0.0000000000,0.0000000000,0.0000000000,0.0000000000,0.0000000000,1,0.000000,0.000000,73.000,750.858,1,1.198,73.249,751.536,65.609,791.564,8.790,779.962,79.254,716.419,135.277,722.630,-2.835405,0.616887,1.792854,3.410923,-0.003064,0.002079,1,4.260000,0.000000,1773.364,886.539,1,1.136,1772.590,886.726,1843.388,934.447,1760.711,935.399,1706.066,840.495,1784.488,843.583,1.900615,0.840560,1.468743,2.544815,4.261439,0.000421,0.0110795735,0.0110884453,-9.1464923100,0.0008715468,-0.0109642504,8.1765595994,0.0001302860,0.0039917902,1.0000000000,0.0112838714,0.0113034327,-9.3234733676,0.0008868924,-0.0111619359,8.3247484681,0.0001372684,0.0040787103,1.0000000000
403,50.7900,1785358802.951,2,3.5984,0.9145,3.6093,0.7348,3.6039,0.8247,93.50,-0.0020,-0.0043,-0.0042,0.0023,0.10,1.0000,0.0032,0.5076,0.1800,0,frozen,2-tag corner homography,2,1920,1200,0.200000,101;102,1,1,,2-tag corner homography,0.011474,0.509878,101,102,4.769878,4.260000,30,0.050000,0.600000,5.000000,raw-zero-distortion,590.9628888758,0.0000000000,1007.8592059077,0.0000000000,592.3761043005,547.7101609771,0.0000000000,0.0000000000,1.0000000000,-0.0359937509,0.0291287486,0.0062609452,0.0003552766,-0.0208418310,0.0000000000,0.0000000000,0.0000000000,0.0000000000,0.0000000000,1,0.000000,0.000000,73.020,750.684,1,1.072,73.058,751.494,65.499,791.448,8.962,779.429,79.362,716.315,134.427,723.128,-2.858673,0.621696,1.807197,3.438674,-0.003492,0.002560,1,4.260000,0.000000,1773.079,886.308,1,0.996,1772.443,886.570,1843.634,934.447,1760.900,935.407,1705.788,840.397,1783.789,843.133,1.893941,0.837383,1.463866,2.535966,4.261098,0.000898,0.0111508779,0.0110867536,-9.1477669553,0.0008767092,-0.0110373973,8.2307991718,0.0001388574,0.0040071801,1.0000000000,0.0112838714,0.0113034327,-9.3234733676,0.0008868924,-0.0111619359,8.3247484681,0.0001372684,0.0040787103,1.0000000000
404,50.9309,1785358803.070,2,3.5995,0.9184,3.6089,0.7391,3.6042,0.8288,92.99,0.0049,0.0036,0.0033,-0.0051,2.51,1.0000,0.0026,0.5076,0.1795,0,frozen,2-tag corner homography,2,1920,1200,0.200000,101;102,1,1,,2-tag corner homography,0.011405,0.501164,101,102,4.761164,4.260000,30,0.050000,0.600000,5.000000,raw-zero-distortion,590.9628888758,0.0000000000,1007.8592059077,0.0000000000,592.3761043005,547.7101609771,0.0000000000,0.0000000000,1.0000000000,-0.0359937509,0.0291287486,0.0062609452,0.0003552766,-0.0208418310,0.0000000000,0.0000000000,0.0000000000,0.0000000000,0.0000000000,1,0.000000,0.000000,72.990,750.988,1,0.977,73.099,751.644,65.440,791.415,8.668,779.954,79.441,716.446,134.796,723.155,-2.848720,0.620013,1.800983,3.426829,-0.002730,0.001719,1,4.260000,0.000000,1773.422,886.509,1,1.330,1772.485,886.626,1843.443,934.407,1760.900,935.475,1705.572,840.095,1784.387,843.632,1.895563,0.838194,1.465040,2.538123,4.261604,0.000500,0.0113994733,0.0114589939,-9.4479391286,0.0008956511,-0.0112842274,8.4165509983,0.0001397416,0.0041300037,1.0000000000,0.0112838714,0.0113034327,-9.3234733676,0.0008868924,-0.0111619359,8.3247484681,0.0001372684,0.0040787103,1.0000000000
405,51.0478,1785358803.164,2,3.5951,0.9201,3.6056,0.7408,3.6004,0.8304,93.33,-0.0071,0.0163,0.0167,0.0061,0.35,1.0000,0.0024,0.5076,0.1796,0,frozen,2-tag corner homography,2,1920,1200,0.200000,101;102,1,1,,2-tag corner homography,0.011332,0.496235,101,102,4.756235,4.260000,30,0.050000,0.600000,5.000000,raw-zero-distortion,590.9628888758,0.0000000000,1007.8592059077,0.0000000000,592.3761043005,547.7101609771,0.0000000000,0.0000000000,1.0000000000,-0.0359937509,0.0291287486,0.0062609452,0.0003552766,-0.0208418310,0.0000000000,0.0000000000,0.0000000000,0.0000000000,0.0000000000,1,0.000000,0.000000,72.534,751.418,1,1.110,73.036,751.719,65.290,791.494,8.767,780.095,78.858,716.432,135.175,723.246,-2.846466,0.619709,1.799437,3.424089,-0.002800,0.000442,1,4.260000,0.000000,1773.548,886.638,1,1.451,1772.481,886.592,1843.288,934.469,1761.328,935.469,1705.388,839.890,1784.294,843.698,1.892877,0.836927,1.462972,2.534505,4.261720,0.000227,0.0112539436,0.0112527459,-9.2823527928,0.0008839510,-0.0111454923,8.3140099410,0.0001291976,0.0040782475,1.0000000000,0.0112838714,0.0113034327,-9.3234733676,0.0008868924,-0.0111619359,8.3247484681,0.0001372684,0.0040787103,1.0000000000
406,51.1422,1785358803.279,2,3.5934,0.9164,3.6063,0.7418,3.5999,0.8291,94.23,-0.0153,0.0080,0.0091,0.0147,3.52,1.0000,0.0032,0.5076,0.1751,0,frozen,2-tag corner homography,2,1920,1200,0.200000,101;102,1,1,,2-tag corner homography,0.011393,0.493054,101,102,4.753054,4.260000,30,0.050000,0.600000,5.000000,raw-zero-distortion,590.9628888758,0.0000000000,1007.8592059077,0.0000000000,592.3761043005,547.7101609771,0.0000000000,0.0000000000,1.0000000000,-0.0359937509,0.0291287486,0.0062609452,0.0003552766,-0.0208418310,0.0000000000,0.0000000000,0.0000000000,0.0000000000,0.0000000000,1,0.000000,0.000000,72.871,750.799,1,1.188,73.122,751.459,65.244,791.477,8.704,779.781,79.333,716.330,135.132,722.677,-2.838255,0.617190,1.794411,3.414165,-0.003587,0.002213,1,4.260000,0.000000,1773.457,886.614,1,1.280,1772.537,886.671,1843.444,934.426,1761.002,935.409,1705.642,840.285,1784.423,843.651,1.898301,0.839457,1.467055,2.541748,4.261549,0.000265,0.0112877115,0.0113296701,-9.3407645540,0.0008881988,-0.0111716807,8.3304499140,0.0001340392,0.0040870672,1.0000000000,0.0112838714,0.0113034327,-9.3234733676,0.0008868924,-0.0111619359,8.3247484681,0.0001372684,0.0040787103,1.0000000000
407,51.2575,1785358803.393,2,3.5943,0.9184,3.6060,0.7408,3.6002,0.8296,93.76,-0.0130,0.0035,0.0043,0.0128,3.12,1.0000,0.0025,0.5076,0.1780,0,frozen,2-tag corner homography,2,1920,1200,0.200000,101;102,1,1,,2-tag corner homography,0.011765,0.487421,101,102,4.747421,4.260000,30,0.050000,0.600000,5.000000,raw-zero-distortion,590.9628888758,0.0000000000,1007.8592059077,0.0000000000,592.3761043005,547.7101609771,0.0000000000,0.0000000000,1.0000000000,-0.0359937509,0.0291287486,0.0062609452,0.0003552766,-0.0208418310,0.0000000000,0.0000000000,0.0000000000,0.0000000000,0.0000000000,1,0.000000,0.000000,73.022,751.010,1,1.044,73.247,751.580,65.342,791.526,9.338,780.162,79.605,716.283,134.729,722.763,-2.834906,0.616912,1.792534,3.410344,-0.002580,0.001666,1,4.260000,0.000000,1773.386,886.421,1,1.156,1772.593,886.583,1843.559,934.348,1760.996,935.440,1705.859,840.301,1784.282,843.315,1.896046,0.838180,1.465207,2.538576,4.261634,0.000696,0.0111832677,0.0111180778,-9.1770556576,0.0008745657,-0.0110163914,8.2159637640,0.0001462283,0.0040076215,1.0000000000,0.0112838714,0.0113034327,-9.3234733676,0.0008868924,-0.0111619359,8.3247484681,0.0001372684,0.0040787103,1.0000000000
408,51.3682,1785358803.504,2,3.5937,0.9179,3.6056,0.7391,3.5996,0.8285,93.80,-0.0057,-0.0020,-0.0016,0.0058,1.60,1.0000,0.0028,0.5076,0.1792,0,frozen,2-tag corner homography,2,1920,1200,0.200000,101;102,1,1,,2-tag corner homography,0.011102,0.510318,101,102,4.770318,4.260000,30,0.050000,0.600000,5.000000,raw-zero-distortion,590.9628888758,0.0000000000,1007.8592059077,0.0000000000,592.3761043005,547.7101609771,0.0000000000,0.0000000000,1.0000000000,-0.0359937509,0.0291287486,0.0062609452,0.0003552766,-0.0208418310,0.0000000000,0.0000000000,0.0000000000,0.0000000000,0.0000000000,1,0.000000,0.000000,72.799,750.974,1,1.275,73.230,751.499,65.233,791.449,8.853,779.343,79.258,716.420,135.477,723.167,-2.855569,0.621150,1.805567,3.435138,-0.003299,0.001716,1,4.260000,0.000000,1773.426,886.588,1,1.196,1772.576,886.666,1843.537,934.445,1761.093,935.419,1705.725,840.374,1784.305,843.515,1.897689,0.839133,1.466509,2.540869,4.261514,0.000320,0.0112737752,0.0113476175,-9.3546723065,0.0008903625,-0.0112025709,8.3538904592,0.0001294105,0.0040904467,1.0000000000,0.0112838714,0.0113034327,-9.3234733676,0.0008868924,-0.0111619359,8.3247484681,0.0001372684,0.0040787103,1.0000000000
409,51.4850,1785358803.627,2,3.5903,0.9157,3.6029,0.7424,3.5966,0.8290,94.14,-0.0079,-0.0014,-0.0008,0.0080,0.41,1.0000,0.0029,0.5076,0.1737,0,frozen,2-tag corner homography,2,1920,1200,0.200000,101;102,1,1,,2-tag corner homography,0.011564,0.483579,101,102,4.743579,4.260000,30,0.050000,0.600000,5.000000,raw-zero-distortion,590.9628888758,0.0000000000,1007.8592059077,0.0000000000,592.3761043005,547.7101609771,0.0000000000,0.0000000000,1.0000000000,-0.0359937509,0.0291287486,0.0062609452,0.0003552766,-0.0208418310,0.0000000000,0.0000000000,0.0000000000,0.0000000000,0.0000000000,1,0.000000,0.000000,72.966,750.818,1,1.194,73.252,751.446,65.489,791.443,8.841,779.875,79.315,716.326,135.295,722.576,-2.835578,0.616657,1.792969,3.411085,-0.003267,0.002180,1,4.260000,0.000000,1773.215,886.601,1,1.202,1772.346,886.601,1843.316,934.493,1761.395,935.537,1705.359,840.242,1783.677,843.293,1.891338,0.836416,1.462041,2.532650,4.261033,0.000250,0.0113153429,0.0113854276,-9.3860677213,0.0008890708,-0.0111836239,8.3390015882,0.0001308967,0.0041069249,1.0000000000,0.0112838714,0.0113034327,-9.3234733676,0.0008868924,-0.0111619359,8.3247484681,0.0001372684,0.0040787103,1.0000000000
410,51.6056,1785358803.741,2,3.5870,0.9178,3.6006,0.7420,3.5938,0.8299,94.45,-0.0155,0.0005,0.0017,0.0154,1.54,1.0000,0.0035,0.5076,0.1763,0,frozen,2-tag corner homography,2,1920,1200,0.200000,101;102,1,0,world_rms>0.050,2-tag corner homography,0.127030,0.501759,101,102,4.761759,4.260000,30,0.050000,0.600000,5.000000,raw-zero-distortion,590.9628888758,0.0000000000,1007.8592059077,0.0000000000,592.3761043005,547.7101609771,0.0000000000,0.0000000000,1.0000000000,-0.0359937509,0.0291287486,0.0062609452,0.0003552766,-0.0208418310,0.0000000000,0.0000000000,0.0000000000,0.0000000000,0.0000000000,1,0.000000,0.000000,72.732,750.845,1,1.409,73.224,751.412,65.582,791.420,9.167,779.588,78.786,716.490,135.328,722.540,-2.846564,0.618924,1.799862,3.424252,-0.003843,0.002056,1,4.260000,0.000000,1773.929,886.896,1,1.670,1772.676,886.790,1843.363,934.522,1761.234,935.547,1705.459,839.930,1785.050,844.279,1.898407,0.839646,1.466871,2.541783,4.262236,-0.000296,-0.0024697481,-0.0035368412,2.8438552679,-0.0001232042,0.0015607421,-1.1645336590,-0.0008792147,-0.0006076684,1.0000000000,0.0112838714,0.0113034327,-9.3234733676,0.0008868924,-0.0111619359,8.3247484681,0.0001372684,0.0040787103,1.0000000000
411,51.7139,1785358803.868,2,3.5837,0.9155,3.5976,0.7400,3.5906,0.8277,94.52,-0.0220,-0.0005,0.0012,0.0220,1.92,1.0000,0.0027,0.5076,0.1760,0,frozen,2-tag corner homography,2,1920,1200,0.200000,101;102,1,1,,2-tag corner homography,0.011477,0.486511,101,102,4.746511,4.260000,30,0.050000,0.600000,5.000000,raw-zero-distortion,590.9628888758,0.0000000000,1007.8592059077,0.0000000000,592.3761043005,547.7101609771,0.0000000000,0.0000000000,1.0000000000,-0.0359937509,0.0291287486,0.0062609452,0.0003552766,-0.0208418310,0.0000000000,0.0000000000,0.0000000000,0.0000000000,0.0000000000,1,0.000000,0.000000,72.889,750.970,1,1.186,73.213,751.542,65.323,791.396,8.623,780.148,79.335,716.523,135.452,722.566,-2.832196,0.616184,1.790756,3.407026,-0.003060,0.001745,1,4.260000,0.000000,1773.474,886.612,1,1.288,1772.560,886.707,1843.409,934.431,1760.982,935.501,1705.744,840.299,1784.446,843.669,1.897982,0.839379,1.466765,2.541317,4.261589,0.000273,0.0111727183,0.0112187370,-9.2509953855,0.0008778183,-0.0110454364,8.2373196919,0.0001351774,0.0040285603,1.0000000000,0.0112838714,0.0113034327,-9.3234733676,0.0008868924,-0.0111619359,8.3247484681,0.0001372684,0.0040787103,1.0000000000
412,51.8470,1785358803.989,2,3.5845,0.9118,3.5943,0.7406,3.5894,0.8262,93.28,-0.0190,-0.0110,-0.0099,0.0196,-3.03,1.0000,0.0033,0.5076,0.1716,0,frozen,2-tag corner homography,2,1920,1200,0.200000,101;102,1,1,,2-tag corner homography,0.011648,0.498305,101,102,4.758305,4.260000,30,0.050000,0.600000,5.000000,raw-zero-distortion,590.9628888758,0.0000000000,1007.8592059077,0.0000000000,592.3761043005,547.7101609771,0.0000000000,0.0000000000,1.0000000000,-0.0359937509,0.0291287486,0.0062609452,0.0003552766,-0.0208418310,0.0000000000,0.0000000000,0.0000000000,0.0000000000,0.0000000000,1,0.000000,0.000000,72.851,750.761,1,1.112,72.930,751.558,65.379,791.411,8.586,779.890,79.141,716.547,134.576,722.785,-2.847136,0.619295,1.799657,3.424686,-0.003744,0.002311,1,4.260000,0.000000,1773.380,886.509,1,1.222,1772.533,886.651,1843.513,934.523,1761.018,935.487,1705.717,840.186,1784.230,843.522,1.894288,0.837639,1.463963,2.536366,4.261511,0.000492,0.0113261138,0.0113429356,-9.3525147261,0.0008894518,-0.0111984699,8.3517660527,0.0001400202,0.0040931180,1.0000000000,0.0112838714,0.0113034327,-9.3234733676,0.0008868924,-0.0111619359,8.3247484681,0.0001372684,0.0040787103,1.0000000000
413,51.9684,1785358804.098,2,3.5809,0.9201,3.5942,0.7425,3.5875,0.8313,94.28,-0.0143,0.0057,0.0068,0.0139,-1.69,1.0000,0.0034,0.5076,0.1781,0,frozen,2-tag corner homography,2,1920,1200,0.200000,101;102,1,1,,2-tag corner homography,0.011189,0.507989,101,102,4.767989,4.260000,30,0.050000,0.600000,5.000000,raw-zero-distortion,590.9628888758,0.0000000000,1007.8592059077,0.0000000000,592.3761043005,547.7101609771,0.0000000000,0.0000000000,1.0000000000,-0.0359937509,0.0291287486,0.0062609452,0.0003552766,-0.0208418310,0.0000000000,0.0000000000,0.0000000000,0.0000000000,0.0000000000,1,0.000000,0.000000,72.651,750.859,1,1.397,73.154,751.402,65.267,791.420,8.849,779.283,78.919,716.428,135.488,722.864,-2.853203,0.620291,1.803924,3.432153,-0.004029,0.001999,1,4.260000,0.000000,1773.393,886.542,1,1.253,1772.502,886.623,1843.305,934.392,1760.970,935.367,1705.737,840.236,1784.325,843.574,1.897810,0.839160,1.466744,2.541104,4.261498,0.000419,0.0111803198,0.0112509879,-9.2732773764,0.0008832649,-0.0111084597,8.2826469023,0.0001261659,0.0040518014,1.0000000000,0.0112838714,0.0113034327,-9.3234733676,0.0008868924,-0.0111619359,8.3247484681,0.0001372684,0.0040787103,1.0000000000
414,52.0751,1785358804.217,2,3.5675,0.9187,3.5873,0.7402,3.5774,0.8294,96.33,-0.0382,0.0115,0.0157,0.0367,7.77,1.0000,0.0028,0.5076,0.1796,0,frozen,2-tag corner homography,2,1920,1200,0.200000,101;102,1,1,,2-tag corner homography,0.011633,0.487393,101,102,4.747393,4.260000,30,0.050000,0.600000,5.000000,raw-zero-distortion,590.9628888758,0.0000000000,1007.8592059077,0.0000000000,592.3761043005,547.7101609771,0.0000000000,0.0000000000,1.0000000000,-0.0359937509,0.0291287486,0.0062609452,0.0003552766,-0.0208418310,0.0000000000,0.0000000000,0.0000000000,0.0000000000,0.0000000000,1,0.000000,0.000000,72.823,751.006,1,1.250,73.284,751.465,65.339,791.343,9.229,779.932,79.241,716.412,135.285,722.596,-2.838845,0.617446,1.795095,3.415061,-0.003143,0.001633,1,4.260000,0.000000,1773.449,886.486,1,1.377,1772.477,886.594,1843.473,934.501,1761.006,935.508,1705.479,839.878,1784.326,843.635,1.891791,0.836453,1.462139,2.533057,4.261692,0.000557,0.0114044469,0.0114378001,-9.4325735375,0.0008943221,-0.0112536772,8.3915122886,0.0001419975,0.0041269197,1.0000000000,0.0112838714,0.0113034327,-9.3234733676,0.0008868924,-0.0111619359,8.3247484681,0.0001372684,0.0040787103,1.0000000000
415,52.2111,1785358804.398,2,3.5516,0.9179,3.5749,0.7392,3.5633,0.8286,97.45,-0.0830,-0.0048,0.0060,0.0829,11.45,1.0000,0.0034,0.5076,0.1802,0,frozen,2-tag corner homography,2,1920,1200,0.200000,101;102,1,1,,2-tag corner homography,0.011328,0.498318,101,102,4.758318,4.260000,30,0.050000,0.600000,5.000000,raw-zero-distortion,590.9628888758,0.0000000000,1007.8592059077,0.0000000000,592.3761043005,547.7101609771,0.0000000000,0.0000000000,1.0000000000,-0.0359937509,0.0291287486,0.0062609452,0.0003552766,-0.0208418310,0.0000000000,0.0000000000,0.0000000000,0.0000000000,0.0000000000,1,0.000000,0.000000,73.185,750.535,1,1.231,73.254,751.443,65.796,791.508,8.767,779.492,79.333,716.444,135.061,722.721,-2.848374,0.619430,1.801063,3.426478,-0.003448,0.003004,1,4.260000,0.000000,1773.404,886.524,1,1.372,1772.419,886.577,1843.402,934.341,1761.083,935.567,1705.353,840.037,1784.214,843.494,1.892941,0.836985,1.463139,2.534668,4.261544,0.000462,0.0112298485,0.0112225000,-9.2571374534,0.0008830874,-0.0111118447,8.2855601466,0.0001330597,0.0040586754,1.0000000000,0.0112838714,0.0113034327,-9.3234733676,0.0008868924,-0.0111619359,8.3247484681,0.0001372684,0.0040787103,1.0000000000
416,52.3845,1785358804.504,1,3.5310,0.9114,3.5578,0.7387,3.5444,0.8251,98.83,-0.1021,-0.0125,0.0033,0.1028,8.74,1.0000,0.0018,0.5076,0.1748,0,frozen,2-tag corner homography,2,1920,1200,0.200000,102,0,0,insufficient,insufficient,,,,,,,30,0.050000,0.600000,5.000000,raw-zero-distortion,590.9628888758,0.0000000000,1007.8592059077,0.0000000000,592.3761043005,547.7101609771,0.0000000000,0.0000000000,1.0000000000,-0.0359937509,0.0291287486,0.0062609452,0.0003552766,-0.0208418310,0.0000000000,0.0000000000,0.0000000000,0.0000000000,0.0000000000,0,0.000000,0.000000,,,,,,,,,,,,,,,,,,,,,1,4.260000,0.000000,1773.411,886.435,1,1.272,1772.494,886.489,1843.557,934.340,1760.825,935.273,1705.476,840.040,1784.500,843.407,1.895255,0.837709,1.464784,2.537585,4.261671,0.000668,,,,,,,,,,0.0112838714,0.0113034327,-9.3234733676,0.0008868924,-0.0111619359,8.3247484681,0.0001372684,0.0040787103,1.0000000000
417,52.4794,1785358804.601,2,3.4998,0.9112,3.5258,0.7375,3.5128,0.8244,98.49,-0.1472,-0.0147,0.0072,0.1477,6.16,1.0000,0.0033,0.5076,0.1756,0,frozen,2-tag corner homography,2,1920,1200,0.200000,101;102,1,1,,2-tag corner homography,0.011491,0.506306,101,102,4.766306,4.260000,30,0.050000,0.600000,5.000000,raw-zero-distortion,590.9628888758,0.0000000000,1007.8592059077,0.0000000000,592.3761043005,547.7101609771,0.0000000000,0.0000000000,1.0000000000,-0.0359937509,0.0291287486,0.0062609452,0.0003552766,-0.0208418310,0.0000000000,0.0000000000,0.0000000000,0.0000000000,0.0000000000,1,0.000000,0.000000,73.134,750.591,1,1.252,73.292,751.418,65.781,791.382,9.138,779.455,79.281,716.495,134.951,722.710,-2.853577,0.620510,1.804428,3.432768,-0.003433,0.002839,1,4.260000,0.000000,1773.268,886.474,1,1.173,1772.450,886.601,1843.387,934.410,1760.865,935.415,1705.690,840.275,1784.187,843.384,1.895653,0.838209,1.465176,2.538274,4.261308,0.000553,0.0111941639,0.0111722244,-9.2169504635,0.0008809665,-0.0110814108,8.2625448112,0.0001378714,0.0040311889,1.0000000000,0.0112838714,0.0113034327,-9.3234733676,0.0008868924,-0.0111619359,8.3247484681,0.0001372684,0.0040787103,1.0000000000
418,52.5747,1785358804.711,1,3.4872,0.9109,3.5125,0.7364,3.4999,0.8237,98.25,-0.1985,-0.0104,0.0182,0.1980,0.70,1.0000,0.0017,0.5076,0.1764,0,frozen,2-tag corner homography,2,1920,1200,0.200000,102,0,0,insufficient,insufficient,,,,,,,30,0.050000,0.600000,5.000000,raw-zero-distortion,590.9628888758,0.0000000000,1007.8592059077,0.0000000000,592.3761043005,547.7101609771,0.0000000000,0.0000000000,1.0000000000,-0.0359937509,0.0291287486,0.0062609452,0.0003552766,-0.0208418310,0.0000000000,0.0000000000,0.0000000000,0.0000000000,0.0000000000,0,0.000000,0.000000,,,,,,,,,,,,,,,,,,,,,1,4.260000,0.000000,1773.588,886.706,1,1.424,1772.530,886.627,1843.428,934.544,1761.361,935.545,1705.343,839.960,1784.375,843.620,1.891524,0.836360,1.461832,2.532650,4.261723,0.000077,,,,,,,,,,0.0112838714,0.0113034327,-9.3234733676,0.0008868924,-0.0111619359,8.3247484681,0.0001372684,0.0040787103,1.0000000000
419,52.6901,1785358804.834,2,3.4661,0.9069,3.4929,0.7351,3.4795,0.8210,98.86,-0.2021,-0.0122,0.0191,0.2015,0.22,1.0000,0.0027,0.5076,0.1739,0,frozen,2-tag corner homography,2,1920,1200,0.200000,101;102,1,0,world_rms>0.050,2-tag corner homography,0.191116,0.483467,101,102,4.743467,4.260000,30,0.050000,0.600000,5.000000,raw-zero-distortion,590.9628888758,0.0000000000,1007.8592059077,0.0000000000,592.3761043005,547.7101609771,0.0000000000,0.0000000000,1.0000000000,-0.0359937509,0.0291287486,0.0062609452,0.0003552766,-0.0208418310,0.0000000000,0.0000000000,0.0000000000,0.0000000000,0.0000000000,1,0.000000,0.000000,72.856,751.006,1,1.167,73.204,751.542,65.556,791.468,8.795,780.134,79.101,716.389,135.301,722.613,-2.833272,0.616413,1.791419,3.408310,-0.003051,0.001640,1,4.260000,0.000000,1773.532,886.720,1,1.396,1772.507,886.677,1843.232,934.541,1761.411,935.537,1705.524,840.061,1784.211,843.713,1.893685,0.837465,1.463547,2.535618,4.261581,0.000034,-0.4450261153,-0.6857827812,546.6521039288,0.0187892456,-0.2481111038,185.6997092641,0.0160395866,-0.2588900025,1.0000000000,0.0112838714,0.0113034327,-9.3234733676,0.0008868924,-0.0111619359,8.3247484681,0.0001372684,0.0040787103,1.0000000000
420,52.8080,1785358804.943,2,3.4373,0.9049,3.4679,0.7344,3.4526,0.8197,100.16,-0.1895,-0.0143,0.0194,0.1890,3.59,1.0000,0.0019,0.5076,0.1732,0,frozen,2-tag corner homography,2,1920,1200,0.200000,101;102,1,1,,2-tag corner homography,0.011593,0.495477,101,102,4.755477,4.260000,30,0.050000,0.600000,5.000000,raw-zero-distortion,590.9628888758,0.0000000000,1007.8592059077,0.0000000000,592.3761043005,547.7101609771,0.0000000000,0.0000000000,1.0000000000,-0.0359937509,0.0291287486,0.0062609452,0.0003552766,-0.0208418310,0.0000000000,0.0000000000,0.0000000000,0.0000000000,0.0000000000,1,0.000000,0.000000,72.886,751.353,1,0.935,73.189,751.744,65.248,791.450,9.171,780.333,79.545,716.398,134.792,723.196,-2.841788,0.618867,1.796775,3.418648,-0.002005,0.000697,1,4.260000,0.000000,1773.259,886.392,1,1.136,1772.514,886.652,1843.606,934.428,1760.754,935.439,1705.833,840.350,1784.204,843.465,1.897077,0.838894,1.466155,2.540129,4.261391,0.000739,0.0113251914,0.0113275341,-9.3460153358,0.0008870506,-0.0111815371,8.3410450495,0.0001468725,0.0040770450,1.0000000000,0.0112838714,0.0113034327,-9.3234733676,0.0008868924,-0.0111619359,8.3247484681,0.0001372684,0.0040787103,1.0000000000
421,52.9180,1785358805.065,2,3.4246,0.9066,3.4512,0.7339,3.4379,0.8202,98.76,-0.1871,-0.0116,0.0170,0.1866,2.90,1.0000,0.0037,0.5076,0.1748,0,frozen,2-tag corner homography,2,1920,1200,0.200000,101;102,1,1,,2-tag corner homography,0.011496,0.496136,101,102,4.756136,4.260000,30,0.050000,0.600000,5.000000,raw-zero-distortion,590.9628888758,0.0000000000,1007.8592059077,0.0000000000,592.3761043005,547.7101609771,0.0000000000,0.0000000000,1.0000000000,-0.0359937509,0.0291287486,0.0062609452,0.0003552766,-0.0208418310,0.0000000000,0.0000000000,0.0000000000,0.0000000000,0.0000000000,1,0.000000,0.000000,72.921,750.579,1,1.259,73.071,751.407,65.090,791.539,8.867,779.371,79.465,716.357,134.817,722.758,-2.847953,0.619107,1.800444,3.425744,-0.004056,0.002825,1,4.260000,0.000000,1773.169,886.259,1,1.163,1772.407,886.521,1843.661,934.436,1760.740,935.460,1705.562,840.055,1784.030,843.265,1.891147,0.836067,1.461776,2.532239,4.261358,0.001027,0.0113440142,0.0113614430,-9.3675358621,0.0008900684,-0.0112028233,8.3531850068,0.0001427375,0.0040963188,1.0000000000,0.0112838714,0.0113034327,-9.3234733676,0.0008868924,-0.0111619359,8.3247484681,0.0001372684,0.0040787103,1.0000000000
422,53.0384,1785358805.173,2,3.4028,0.9073,3.4265,0.7299,3.4146,0.8186,97.60,-0.1833,-0.0076,0.0167,0.1827,-2.11,1.0000,0.0037,0.5076,0.1789,0,frozen,2-tag corner homography,2,1920,1200,0.200000,101;102,1,1,,2-tag corner homography,0.011415,0.505112,101,102,4.765112,4.260000,30,0.050000,0.600000,5.000000,raw-zero-distortion,590.9628888758,0.0000000000,1007.8592059077,0.0000000000,592.3761043005,547.7101609771,0.0000000000,0.0000000000,1.0000000000,-0.0359937509,0.0291287486,0.0062609452,0.0003552766,-0.0208418310,0.0000000000,0.0000000000,0.0000000000,0.0000000000,0.0000000000,1,0.000000,0.000000,72.856,750.592,1,1.249,72.987,751.445,65.470,791.498,8.774,779.422,79.021,716.446,134.665,722.785,-2.853542,0.620384,1.803816,3.432394,-0.004203,0.002775,1,4.260000,0.000000,1773.429,886.539,1,1.350,1772.458,886.593,1843.427,934.419,1760.975,935.442,1705.442,840.034,1784.364,843.598,1.894488,0.837665,1.464261,2.536696,4.261580,0.000432,0.0112036228,0.0111648632,-9.2089627564,0.0008813731,-0.0110907235,8.2700532324,0.0001358793,0.0040400394,1.0000000000,0.0112838714,0.0113034327,-9.3234733676,0.0008868924,-0.0111619359,8.3247484681,0.0001372684,0.0040787103,1.0000000000
423,53.1574,1785358805.313,2,3.3837,0.9070,3.4070,0.7286,3.3953,0.8178,97.45,-0.1724,-0.0067,0.0157,0.1718,-6.04,1.0000,0.0036,0.5076,0.1799,0,frozen,2-tag corner homography,2,1920,1200,0.200000,101;102,1,1,,2-tag corner homography,0.011273,0.496599,101,102,4.756599,4.260000,30,0.050000,0.600000,5.000000,raw-zero-distortion,590.9628888758,0.0000000000,1007.8592059077,0.0000000000,592.3761043005,547.7101609771,0.0000000000,0.0000000000,1.0000000000,-0.0359937509,0.0291287486,0.0062609452,0.0003552766,-0.0208418310,0.0000000000,0.0000000000,0.0000000000,0.0000000000,0.0000000000,1,0.000000,0.000000,72.716,750.743,1,1.374,73.107,751.399,65.318,791.430,8.624,779.521,78.945,716.482,135.431,722.583,-2.844357,0.618325,1.798240,3.421456,-0.004171,0.002331,1,4.260000,0.000000,1773.522,886.607,1,1.422,1772.504,886.683,1843.359,934.487,1760.911,935.515,1705.555,840.008,1784.553,843.828,1.895449,0.838261,1.464915,2.537988,4.261702,0.000294,0.0112870982,0.0113614278,-9.3635915211,0.0008896820,-0.0111846371,8.3394418194,0.0001297625,0.0040966345,1.0000000000,0.0112838714,0.0113034327,-9.3234733676,0.0008868924,-0.0111619359,8.3247484681,0.0001372684,0.0040787103,1.0000000000
424,53.2889,1785358805.439,2,3.3553,0.9018,3.3790,0.7289,3.3672,0.8153,97.81,-0.1848,-0.0114,0.0139,0.1846,-1.12,1.0000,0.0021,0.5076,0.1745,0,frozen,2-tag corner homography,2,1920,1200,0.200000,101;102,1,1,,2-tag corner homography,0.011332,0.490391,101,102,4.750391,4.260000,30,0.050000,0.600000,5.000000,raw-zero-distortion,590.9628888758,0.0000000000,1007.8592059077,0.0000000000,592.3761043005,547.7101609771,0.0000000000,0.0000000000,1.0000000000,-0.0359937509,0.0291287486,0.0062609452,0.0003552766,-0.0208418310,0.0000000000,0.0000000000,0.0000000000,0.0000000000,0.0000000000,1,0.000000,0.000000,72.953,751.198,1,1.163,73.373,751.637,65.421,791.537,9.119,780.064,79.444,716.432,135.447,722.938,-2.838251,0.617896,1.794892,3.414543,-0.002250,0.001135,1,4.260000,0.000000,1773.278,886.446,1,1.180,1772.478,886.640,1843.605,934.471,1760.871,935.442,1705.648,840.263,1784.155,843.492,1.895550,0.838229,1.465044,2.538127,4.261365,0.000617,0.0113173734,0.0113057631,-9.3298312605,0.0008878470,-0.0111833668,8.3410831835,0.0001372401,0.0040917431,1.0000000000,0.0112838714,0.0113034327,-9.3234733676,0.0008868924,-0.0111619359,8.3247484681,0.0001372684,0.0040787103,1.0000000000
425,53.4171,1785358805.551,2,3.3274,0.9028,3.3511,0.7270,3.3393,0.8149,97.68,-0.2066,-0.0112,0.0165,0.2062,0.29,1.0000,0.0021,0.5076,0.1774,0,frozen,2-tag corner homography,2,1920,1200,0.200000,101;102,1,1,,2-tag corner homography,0.011874,0.494706,101,102,4.754706,4.260000,30,0.050000,0.600000,5.000000,raw-zero-distortion,590.9628888758,0.0000000000,1007.8592059077,0.0000000000,592.3761043005,547.7101609771,0.0000000000,0.0000000000,1.0000000000,-0.0359937509,0.0291287486,0.0062609452,0.0003552766,-0.0208418310,0.0000000000,0.0000000000,0.0000000000,0.0000000000,0.0000000000,1,0.000000,0.000000,72.944,751.236,1,0.978,73.169,751.760,65.512,791.502,9.283,780.275,79.354,716.512,134.565,723.127,-2.846164,0.619856,1.799503,3.423899,-0.002168,0.001029,1,4.260000,0.000000,1773.126,886.234,1,1.137,1772.370,886.450,1843.467,934.309,1760.919,935.408,1705.603,840.084,1783.828,843.119,1.891630,0.836145,1.462221,2.532882,4.261295,0.001078,0.0112913545,0.0110000595,-9.0972815228,0.0008798455,-0.0111125375,8.2901918403,0.0001475610,0.0040486747,1.0000000000,0.0112838714,0.0113034327,-9.3234733676,0.0008868924,-0.0111619359,8.3247484681,0.0001372684,0.0040787103,1.0000000000
426,53.5249,1785358805.663,2,3.3070,0.9020,3.3310,0.7257,3.3190,0.8139,97.75,-0.2054,-0.0079,0.0199,0.2046,-0.09,1.0000,0.0026,0.5076,0.1779,0,frozen,2-tag corner homography,2,1920,1200,0.200000,101;102,1,1,,2-tag corner homography,0.013709,0.490778,101,102,4.750778,4.260000,30,0.050000,0.600000,5.000000,raw-zero-distortion,590.9628888758,0.0000000000,1007.8592059077,0.0000000000,592.3761043005,547.7101609771,0.0000000000,0.0000000000,1.0000000000,-0.0359937509,0.0291287486,0.0062609452,0.0003552766,-0.0208418310,0.0000000000,0.0000000000,0.0000000000,0.0000000000,0.0000000000,1,0.000000,0.000000,72.796,751.075,1,1.089,73.048,751.656,65.308,791.535,8.846,780.234,79.199,716.480,134.813,722.798,-2.837090,0.617486,1.793533,3.412789,-0.003025,0.001438,1,4.260000,0.000000,1773.299,886.390,1,1.218,1772.452,886.539,1843.483,934.217,1760.737,935.399,1705.605,840.259,1784.332,843.346,1.897244,0.838758,1.466402,2.540351,4.261482,0.000751,0.0121982949,0.0114035793,-9.4643486219,0.0009443392,-0.0119307917,8.9003309003,0.0001530509,0.0044609970,1.0000000000,0.0112838714,0.0113034327,-9.3234733676,0.0008868924,-0.0111619359,8.3247484681,0.0001372684,0.0040787103,1.0000000000
427,53.6478,1785358805.811,2,3.2833,0.9019,3.3050,0.7225,3.2941,0.8122,96.88,-0.1988,-0.0106,0.0133,0.1986,-2.45,1.0000,0.0036,0.5076,0.1807,0,frozen,2-tag corner homography,2,1920,1200,0.200000,101;102,1,1,,2-tag corner homography,0.010945,0.486078,101,102,4.746078,4.260000,30,0.050000,0.600000,5.000000,raw-zero-distortion,590.9628888758,0.0000000000,1007.8592059077,0.0000000000,592.3761043005,547.7101609771,0.0000000000,0.0000000000,1.0000000000,-0.0359937509,0.0291287486,0.0062609452,0.0003552766,-0.0208418310,0.0000000000,0.0000000000,0.0000000000,0.0000000000,0.0000000000,1,0.000000,0.000000,72.725,750.734,1,1.613,73.393,751.251,65.424,791.396,8.771,779.431,78.882,716.438,136.320,722.197,-2.834279,0.615875,1.792418,3.409575,-0.004172,0.002358,1,4.260000,0.000000,1773.332,886.501,1,1.292,1772.430,886.644,1843.507,934.411,1760.801,935.518,1705.481,840.177,1784.307,843.574,1.895265,0.838165,1.464915,2.537819,4.261416,0.000502,0.0113278660,0.0114572135,-9.4400353321,0.0008935848,-0.0112231163,8.3661880153,0.0001248976,0.0041276191,1.0000000000,0.0112838714,0.0113034327,-9.3234733676,0.0008868924,-0.0111619359,8.3247484681,0.0001372684,0.0040787103,1.0000000000
428,53.7868,1785358805.942,2,3.2652,0.9017,3.2831,0.7216,3.2742,0.8116,95.69,-0.1781,-0.0090,0.0087,0.1781,-6.41,1.0000,0.0029,0.5076,0.1809,0,frozen,2-tag corner homography,2,1920,1200,0.200000,101;102,1,1,,2-tag corner homography,0.011174,0.473449,101,102,4.733449,4.260000,30,0.050000,0.600000,5.000000,raw-zero-distortion,590.9628888758,0.0000000000,1007.8592059077,0.0000000000,592.3761043005,547.7101609771,0.0000000000,0.0000000000,1.0000000000,-0.0359937509,0.0291287486,0.0062609452,0.0003552766,-0.0208418310,0.0000000000,0.0000000000,0.0000000000,0.0000000000,0.0000000000,1,0.000000,0.000000,72.848,750.947,1,1.419,73.451,751.377,65.463,791.472,8.679,779.862,79.158,716.317,136.329,722.342,-2.824770,0.614227,1.786515,3.398270,-0.003239,0.001800,1,4.260000,0.000000,1773.564,886.598,1,1.401,1772.555,886.630,1843.399,934.492,1761.299,935.571,1705.557,839.957,1784.322,843.643,1.892327,0.836695,1.462405,2.533690,4.261805,0.000321,0.0112985705,0.0114206894,-9.4126729930,0.0008889776,-0.0111765546,8.3328634975,0.0001204154,0.0041218325,1.0000000000,0.0112838714,0.0113034327,-9.3234733676,0.0008868924,-0.0111619359,8.3247484681,0.0001372684,0.0040787103,1.0000000000
429,53.9171,1785358806.056,2,3.2304,0.8977,3.2503,0.7257,3.2404,0.8117,96.61,-0.1929,-0.0039,0.0183,0.1921,-2.65,1.0000,0.0018,0.5076,0.1732,0,frozen,2-tag corner homography,2,1920,1200,0.200000,101;102,1,1,,2-tag corner homography,0.011575,0.491553,101,102,4.751553,4.260000,30,0.050000,0.600000,5.000000,raw-zero-distortion,590.9628888758,0.0000000000,1007.8592059077,0.0000000000,592.3761043005,547.7101609771,0.0000000000,0.0000000000,1.0000000000,-0.0359937509,0.0291287486,0.0062609452,0.0003552766,-0.0208418310,0.0000000000,0.0000000000,0.0000000000,0.0000000000,0.0000000000,1,0.000000,0.000000,72.923,751.379,1,0.978,73.220,751.817,65.477,791.629,9.366,780.398,79.385,716.451,134.694,723.176,-2.841131,0.618966,1.796417,3.417932,-0.001829,0.000632,1,4.260000,0.000000,1773.289,886.389,1,1.227,1772.450,886.574,1843.579,934.476,1760.760,935.392,1705.573,840.062,1784.260,843.484,1.893728,0.837291,1.463688,2.535674,4.261462,0.000752,0.0112651800,0.0111950113,-9.2431368357,0.0008798864,-0.0111019090,8.2824302826,0.0001468772,0.0040449471,1.0000000000,0.0112838714,0.0113034327,-9.3234733676,0.0008868924,-0.0111619359,8.3247484681,0.0001372684,0.0040787103,1.0000000000
430,54.0358,1785358806.157,2,3.2096,0.8962,3.2259,0.7215,3.2178,0.8088,95.33,-0.2158,-0.0087,0.0114,0.2157,-1.74,1.0000,0.0024,0.5076,0.1754,0,frozen,2-tag corner homography,2,1920,1200,0.200000,101;102,1,1,,2-tag corner homography,0.011568,0.490727,101,102,4.750727,4.260000,30,0.050000,0.600000,5.000000,raw-zero-distortion,590.9628888758,0.0000000000,1007.8592059077,0.0000000000,592.3761043005,547.7101609771,0.0000000000,0.0000000000,1.0000000000,-0.0359937509,0.0291287486,0.0062609452,0.0003552766,-0.0208418310,0.0000000000,0.0000000000,0.0000000000,0.0000000000,0.0000000000,1,0.000000,0.000000,72.867,751.179,1,1.209,73.317,751.617,65.359,791.481,9.265,780.122,79.326,716.510,135.281,722.777,-2.838172,0.617782,1.794734,3.414373,-0.002539,0.001168,1,4.260000,0.000000,1773.239,886.265,1,1.223,1772.419,886.495,1843.463,934.224,1760.763,935.361,1705.659,840.112,1784.138,843.371,1.896008,0.838139,1.465511,2.538710,4.261505,0.001027,0.0109645508,0.0108778457,-8.9814969426,0.0008581287,-0.0108180433,8.0686006570,0.0001413730,0.0039097559,1.0000000000,0.0112838714,0.0113034327,-9.3234733676,0.0008868924,-0.0111619359,8.3247484681,0.0001372684,0.0040787103,1.0000000000
431,54.1327,1785358806.251,2,3.1793,0.8953,3.1969,0.7196,3.1881,0.8074,95.72,-0.2315,-0.0114,0.0117,0.2315,-1.29,1.0000,0.0036,0.5076,0.1766,0,frozen,2-tag corner homography,2,1920,1200,0.200000,101;102,1,1,,2-tag corner homography,0.011369,0.494523,101,102,4.754523,4.260000,30,0.050000,0.600000,5.000000,raw-zero-distortion,590.9628888758,0.0000000000,1007.8592059077,0.0000000000,592.3761043005,547.7101609771,0.0000000000,0.0000000000,1.0000000000,-0.0359937509,0.0291287486,0.0062609452,0.0003552766,-0.0208418310,0.0000000000,0.0000000000,0.0000000000,0.0000000000,0.0000000000,1,0.000000,0.000000,73.026,750.568,1,1.265,73.223,751.358,65.515,791.437,8.680,779.391,79.318,716.334,135.289,722.678,-2.846003,0.618636,1.799505,3.423545,-0.003797,0.002879,1,4.260000,0.000000,1772.968,886.160,1,1.149,1772.226,886.436,1843.266,934.293,1760.737,935.380,1705.573,840.014,1783.649,843.173,1.891563,0.836238,1.462444,2.532992,4.261039,0.001219,0.0112151005,0.0112534203,-9.2780109965,0.0008820042,-0.0111025518,8.2777698714,0.0001287238,0.0040618144,1.0000000000,0.0112838714,0.0113034327,-9.3234733676,0.0008868924,-0.0111619359,8.3247484681,0.0001372684,0.0040787103,1.0000000000
432,54.2244,1785358806.379,2,3.1567,0.8948,3.1760,0.7200,3.1664,0.8074,96.30,-0.2398,-0.0132,0.0132,0.2398,-0.99,1.0000,0.0026,0.5076,0.1759,0,frozen,2-tag corner homography,2,1920,1200,0.200000,101;102,1,1,,2-tag corner homography,0.011787,0.487130,101,102,4.747130,4.260000,30,0.050000,0.600000,5.000000,raw-zero-distortion,590.9628888758,0.0000000000,1007.8592059077,0.0000000000,592.3761043005,547.7101609771,0.0000000000,0.0000000000,1.0000000000,-0.0359937509,0.0291287486,0.0062609452,0.0003552766,-0.0208418310,0.0000000000,0.0000000000,0.0000000000,0.0000000000,0.0000000000,1,0.000000,0.000000,72.700,751.211,1,1.316,73.285,751.568,65.275,791.434,9.348,780.074,79.102,716.530,135.380,722.653,-2.838078,0.617590,1.794614,3.414197,-0.002915,0.001046,1,4.260000,0.000000,1773.683,886.727,1,1.439,1772.606,886.614,1843.401,934.529,1761.513,935.496,1705.450,839.944,1784.434,843.643,1.892340,0.836604,1.462318,2.533620,4.261905,0.000046,0.0116839407,0.0118839681,-9.7896535776,0.0009172599,-0.0115479649,8.6118920237,0.0001404121,0.0042717499,1.0000000000,0.0112838714,0.0113034327,-9.3234733676,0.0008868924,-0.0111619359,8.3247484681,0.0001372684,0.0040787103,1.0000000000
433,54.3665,1785358806.520,2,3.1366,0.8949,3.1552,0.7178,3.1459,0.8064,95.98,-0.2217,-0.0085,0.0146,0.2213,1.30,1.0000,0.0021,0.5076,0.1781,0,frozen,2-tag corner homography,2,1920,1200,0.200000,101;102,1,1,,2-tag corner homography,0.011499,0.487961,101,102,4.747961,4.260000,30,0.050000,0.600000,5.000000,raw-zero-distortion,590.9628888758,0.0000000000,1007.8592059077,0.0000000000,592.3761043005,547.7101609771,0.0000000000,0.0000000000,1.0000000000,-0.0359937509,0.0291287486,0.0062609452,0.0003552766,-0.0208418310,0.0000000000,0.0000000000,0.0000000000,0.0000000000,0.0000000000,1,0.000000,0.000000,72.808,751.292,1,1.260,73.378,751.621,65.272,791.477,9.269,780.081,79.332,716.499,135.573,722.853,-2.838037,0.617803,1.794765,3.414281,-0.002391,0.000846,1,4.260000,0.000000,1773.245,886.414,1,1.207,1772.402,886.533,1843.462,934.347,1760.978,935.455,1705.492,840.164,1784.033,843.283,1.893272,0.837041,1.463429,2.535102,4.261331,0.000685,0.0114204025,0.0113166571,-9.3454940674,0.0008935815,-0.0112657495,8.4025687400,0.0001407830,0.0041313593,1.0000000000,0.0112838714,0.0113034327,-9.3234733676,0.0008868924,-0.0111619359,8.3247484681,0.0001372684,0.0040787103,1.0000000000
434,54.5064,1785358806.628,2,3.1094,0.8930,3.1263,0.7176,3.1178,0.8053,95.51,-0.1854,-0.0077,0.0101,0.1853,-1.71,1.0000,0.0020,0.5076,0.1763,0,frozen,2-tag corner homography,2,1920,1200,0.200000,101;102,1,1,,2-tag corner homography,0.011338,0.496797,101,102,4.756797,4.260000,30,0.050000,0.600000,5.000000,raw-zero-distortion,590.9628888758,0.0000000000,1007.8592059077,0.0000000000,592.3761043005,547.7101609771,0.0000000000,0.0000000000,1.0000000000,-0.0359937509,0.0291287486,0.0062609452,0.0003552766,-0.0208418310,0.0000000000,0.0000000000,0.0000000000,0.0000000000,0.0000000000,1,0.000000,0.000000,73.067,751.210,1,1.088,73.416,751.678,65.628,791.540,9.225,780.067,79.483,716.424,135.297,723.082,-2.842392,0.618950,1.797593,3.419596,-0.001901,0.001127,1,4.260000,0.000000,1773.363,886.376,1,1.194,1772.549,886.558,1843.523,934.206,1761.021,935.435,1705.800,840.316,1784.187,843.347,1.897775,0.838933,1.466627,2.540936,4.261639,0.000795,0.0112084035,0.0112278933,-9.2642140529,0.0008796984,-0.0110895126,8.2714529221,0.0001364762,0.0040415660,1.0000000000,0.0112838714,0.0113034327,-9.3234733676,0.0008868924,-0.0111619359,8.3247484681,0.0001372684,0.0040787103,1.0000000000
435,54.6022,1785358806.727,2,3.0779,0.8921,3.0962,0.7138,3.0871,0.8030,95.86,-0.2214,-0.0114,0.0112,0.2214,-1.12,1.0000,0.0023,0.5076,0.1792,0,frozen,2-tag corner homography,2,1920,1200,0.200000,101;102,1,1,,2-tag corner homography,0.011286,0.490083,101,102,4.750083,4.260000,30,0.050000,0.600000,5.000000,raw-zero-distortion,590.9628888758,0.0000000000,1007.8592059077,0.0000000000,592.3761043005,547.7101609771,0.0000000000,0.0000000000,1.0000000000,-0.0359937509,0.0291287486,0.0062609452,0.0003552766,-0.0208418310,0.0000000000,0.0000000000,0.0000000000,0.0000000000,0.0000000000,1,0.000000,0.000000,72.844,751.182,1,1.113,73.205,751.656,65.362,791.544,8.785,780.098,79.287,716.421,135.310,722.986,-2.838460,0.617886,1.794701,3.414614,-0.002596,0.001154,1,4.260000,0.000000,1773.345,886.478,1,1.176,1772.519,886.585,1843.456,934.434,1760.967,935.397,1705.731,840.230,1784.255,843.366,1.895030,0.837817,1.464562,2.537325,4.261473,0.000555,0.0112234318,0.0112510841,-9.2801205146,0.0008804688,-0.0110975090,8.2774170268,0.0001336153,0.0040554386,1.0000000000,0.0112838714,0.0113034327,-9.3234733676,0.0008868924,-0.0111619359,8.3247484681,0.0001372684,0.0040787103,1.0000000000
436,54.7003,1785358806.838,2,3.0550,0.8893,3.0721,0.7129,3.0635,0.8011,95.56,-0.2394,-0.0143,0.0089,0.2397,-1.00,1.0000,0.0025,0.5076,0.1773,0,frozen,2-tag corner homography,2,1920,1200,0.200000,101;102,1,1,,2-tag corner homography,0.011573,0.503329,101,102,4.763329,4.260000,30,0.050000,0.600000,5.000000,raw-zero-distortion,590.9628888758,0.0000000000,1007.8592059077,0.0000000000,592.3761043005,547.7101609771,0.0000000000,0.0000000000,1.0000000000,-0.0359937509,0.0291287486,0.0062609452,0.0003552766,-0.0208418310,0.0000000000,0.0000000000,0.0000000000,0.0000000000,0.0000000000,1,0.000000,0.000000,72.609,751.244,1,1.102,72.991,751.685,65.334,791.441,9.261,780.035,78.894,716.512,134.520,723.106,-2.852608,0.620913,1.803233,3.431407,-0.003076,0.000934,1,4.260000,0.000000,1773.270,886.418,1,1.127,1772.501,886.586,1843.651,934.499,1760.959,935.404,1705.659,840.229,1784.098,843.331,1.893666,0.837237,1.463544,2.535528,4.261382,0.000680,0.0112457325,0.0111926602,-9.2358089443,0.0008812377,-0.0111086659,8.2861393033,0.0001455668,0.0040399494,1.0000000000,0.0112838714,0.0113034327,-9.3234733676,0.0008868924,-0.0111619359,8.3247484681,0.0001372684,0.0040787103,1.0000000000
437,54.8124,1785358806.938,2,3.0315,0.8881,3.0490,0.7156,3.0403,0.8019,95.78,-0.2472,-0.0126,0.0124,0.2472,-0.03,1.0000,0.0031,0.5076,0.1734,0,frozen,2-tag corner homography,2,1920,1200,0.200000,101;102,1,1,,2-tag corner homography,0.011326,0.494486,101,102,4.754486,4.260000,30,0.050000,0.600000,5.000000,raw-zero-distortion,590.9628888758,0.0000000000,1007.8592059077,0.0000000000,592.3761043005,547.7101609771,0.0000000000,0.0000000000,1.0000000000,-0.0359937509,0.0291287486,0.0062609452,0.0003552766,-0.0208418310,0.0000000000,0.0000000000,0.0000000000,0.0000000000,0.0000000000,1,0.000000,0.000000,72.935,750.785,1,1.181,73.196,751.433,65.373,791.470,8.784,779.566,79.353,716.255,135.204,722.848,-2.844204,0.618455,1.798314,3.421391,-0.003446,0.002263,1,4.260000,0.000000,1773.426,886.521,1,1.271,1772.540,886.657,1843.507,934.574,1760.990,935.492,1705.691,840.076,1784.323,843.607,1.893413,0.837258,1.463273,2.535188,4.261596,0.000472,0.0112215096,0.0112323169,-9.2632019482,0.0008829320,-0.0111040938,8.2797052946,0.0001311542,0.0040594706,1.0000000000,0.0112838714,0.0113034327,-9.3234733676,0.0008868924,-0.0111619359,8.3247484681,0.0001372684,0.0040787103,1.0000000000
438,54.9123,1785358807.035,2,3.0074,0.8870,3.0262,0.7094,3.0168,0.7982,96.06,-0.2333,-0.0126,0.0121,0.2333,0.49,1.0000,0.0027,0.5076,0.1786,0,frozen,2-tag corner homography,2,1920,1200,0.200000,101;102,1,1,,2-tag corner homography,0.012339,0.490314,101,102,4.750314,4.260000,30,0.050000,0.600000,5.000000,raw-zero-distortion,590.9628888758,0.0000000000,1007.8592059077,0.0000000000,592.3761043005,547.7101609771,0.0000000000,0.0000000000,1.0000000000,-0.0359937509,0.0291287486,0.0062609452,0.0003552766,-0.0208418310,0.0000000000,0.0000000000,0.0000000000,0.0000000000,0.0000000000,1,0.000000,0.000000,72.917,751.035,1,1.093,73.181,751.607,65.377,791.522,8.842,779.972,79.370,716.386,135.083,722.961,-2.841242,0.618328,1.796414,3.417907,-0.002801,0.001575,1,4.260000,0.000000,1773.659,886.638,1,1.428,1772.619,886.630,1843.540,934.494,1761.461,935.577,1705.487,839.954,1784.371,843.660,1.892274,0.836603,1.462243,2.533527,4.261963,0.000245,0.0114840056,0.0109475242,-9.0702444998,0.0008959011,-0.0112969248,8.4263560910,0.0001360064,0.0041574371,1.0000000000,0.0112838714,0.0113034327,-9.3234733676,0.0008868924,-0.0111619359,8.3247484681,0.0001372684,0.0040787103,1.0000000000
439,55.0084,1785358807.125,2,2.9834,0.8883,3.0036,0.7093,2.9935,0.7988,96.43,-0.2300,-0.0111,0.0147,0.2298,1.88,1.0000,0.0023,0.5076,0.1801,0,frozen,2-tag corner homography,2,1920,1200,0.200000,101;102,1,1,,2-tag corner homography,0.011806,0.487212,101,102,4.747212,4.260000,30,0.050000,0.600000,5.000000,raw-zero-distortion,590.9628888758,0.0000000000,1007.8592059077,0.0000000000,592.3761043005,547.7101609771,0.0000000000,0.0000000000,1.0000000000,-0.0359937509,0.0291287486,0.0062609452,0.0003552766,-0.0208418310,0.0000000000,0.0000000000,0.0000000000,0.0000000000,0.0000000000,1,0.000000,0.000000,73.003,751.145,1,0.995,73.185,751.733,65.641,791.543,9.305,780.463,79.318,716.497,134.527,722.828,-2.837381,0.617874,1.793979,3.413336,-0.002257,0.001292,1,4.260000,0.000000,1773.474,886.479,1,1.371,1772.502,886.580,1843.471,934.456,1760.908,935.453,1705.526,839.907,1784.469,843.628,1.893219,0.837024,1.463197,2.534923,4.261755,0.000577,0.0112435279,0.0111380816,-9.1975074368,0.0008774249,-0.0110642997,8.2534741414,0.0001486478,0.0040300837,1.0000000000,0.0112838714,0.0113034327,-9.3234733676,0.0008868924,-0.0111619359,8.3247484681,0.0001372684,0.0040787103,1.0000000000
440,55.0975,1785358807.219,2,2.9618,0.8842,2.9799,0.7087,2.9708,0.7965,95.89,-0.2376,-0.0142,0.0103,0.2378,1.26,1.0000,0.0032,0.5076,0.1765,0,frozen,2-tag corner homography,2,1920,1200,0.200000,101;102,1,1,,2-tag corner homography,0.011264,0.500553,101,102,4.760553,4.260000,30,0.050000,0.600000,5.000000,raw-zero-distortion,590.9628888758,0.0000000000,1007.8592059077,0.0000000000,592.3761043005,547.7101609771,0.0000000000,0.0000000000,1.0000000000,-0.0359937509,0.0291287486,0.0062609452,0.0003552766,-0.0208418310,0.0000000000,0.0000000000,0.0000000000,0.0000000000,0.0000000000,1,0.000000,0.000000,72.761,750.825,1,1.431,73.194,751.481,65.499,791.529,8.844,779.582,78.864,716.617,135.480,722.607,-2.845901,0.618970,1.799384,3.423457,-0.003818,0.002116,1,4.260000,0.000000,1773.271,886.475,1,1.174,1772.469,886.651,1843.328,934.330,1760.847,935.487,1705.827,840.404,1784.181,843.434,1.897912,0.839311,1.466886,2.541313,4.261313,0.000550,0.0111447287,0.0111798468,-9.2186164058,0.0008780691,-0.0110477783,8.2383227376,0.0001288104,0.0040274513,1.0000000000,0.0112838714,0.0113034327,-9.3234733676,0.0008868924,-0.0111619359,8.3247484681,0.0001372684,0.0040787103,1.0000000000
441,55.1920,1785358807.315,2,2.9405,0.8843,2.9577,0.7106,2.9491,0.7974,95.65,-0.2410,-0.0088,0.0150,0.2407,-0.59,1.0000,0.0032,0.5076,0.1746,0,frozen,2-tag corner homography,2,1920,1200,0.200000,101;102,1,1,,2-tag corner homography,0.011290,0.497137,101,102,4.757137,4.260000,30,0.050000,0.600000,5.000000,raw-zero-distortion,590.9628888758,0.0000000000,1007.8592059077,0.0000000000,592.3761043005,547.7101609771,0.0000000000,0.0000000000,1.0000000000,-0.0359937509,0.0291287486,0.0062609452,0.0003552766,-0.0208418310,0.0000000000,0.0000000000,0.0000000000,0.0000000000,0.0000000000,1,0.000000,0.000000,73.012,750.692,1,1.299,73.275,751.433,65.551,791.506,8.865,779.582,79.274,716.438,135.336,722.622,-2.842903,0.618225,1.797645,3.419916,-0.003494,0.002537,1,4.260000,0.000000,1773.319,886.463,1,1.257,1772.456,886.645,1843.455,934.380,1760.776,935.436,1705.656,840.235,1784.293,843.614,1.897559,0.839156,1.466639,2.540855,4.261433,0.000587,0.0112275294,0.0112535959,-9.2805250668,0.0008840512,-0.0111181995,8.2901652713,0.0001321884,0.0040604440,1.0000000000,0.0112838714,0.0113034327,-9.3234733676,0.0008868924,-0.0111619359,8.3247484681,0.0001372684,0.0040787103,1.0000000000
442,55.2873,1785358807.405,2,2.9192,0.8807,2.9345,0.7094,2.9268,0.7951,95.08,-0.2393,-0.0101,0.0112,0.2392,-2.97,1.0000,0.0032,0.5076,0.1719,0,frozen,2-tag corner homography,2,1920,1200,0.200000,101;102,1,1,,2-tag corner homography,0.011131,0.473263,101,102,4.733263,4.260000,30,0.050000,0.600000,5.000000,raw-zero-distortion,590.9628888758,0.0000000000,1007.8592059077,0.0000000000,592.3761043005,547.7101609771,0.0000000000,0.0000000000,1.0000000000,-0.0359937509,0.0291287486,0.0062609452,0.0003552766,-0.0208418310,0.0000000000,0.0000000000,0.0000000000,0.0000000000,0.0000000000,1,0.000000,0.000000,72.560,750.976,1,1.619,73.332,751.361,65.262,791.448,8.628,779.848,78.773,716.528,136.464,722.117,-2.824588,0.614061,1.786172,3.397908,-0.003954,0.001658,1,4.260000,0.000000,1773.388,886.642,1,1.345,1772.414,886.663,1843.357,934.546,1761.072,935.566,1705.373,840.076,1784.223,843.602,1.892346,0.836938,1.462690,2.533950,4.261362,0.000188,0.0113767777,0.0115284875,-9.4978714731,0.0008953238,-0.0112528247,8.3896779939,0.0001232461,0.0041551727,1.0000000000,0.0112838714,0.0113034327,-9.3234733676,0.0008868924,-0.0111619359,8.3247484681,0.0001372684,0.0040787103,1.0000000000
443,55.3779,1785358807.494,2,2.8957,0.8808,2.9115,0.7081,2.9036,0.7945,95.25,-0.2391,-0.0094,0.0125,0.2389,-2.81,1.0000,0.0023,0.5076,0.1734,0,frozen,2-tag corner homography,2,1920,1200,0.200000,101;102,1,1,,2-tag corner homography,0.011511,0.478113,101,102,4.738113,4.260000,30,0.050000,0.600000,5.000000,raw-zero-distortion,590.9628888758,0.0000000000,1007.8592059077,0.0000000000,592.3761043005,547.7101609771,0.0000000000,0.0000000000,1.0000000000,-0.0359937509,0.0291287486,0.0062609452,0.0003552766,-0.0208418310,0.0000000000,0.0000000000,0.0000000000,0.0000000000,0.0000000000,1,0.000000,0.000000,72.988,751.105,1,1.161,73.362,751.596,65.493,791.529,9.125,780.281,79.419,716.415,135.363,722.608,-2.829157,0.615786,1.789119,3.403567,-0.002413,0.001399,1,4.260000,0.000000,1773.425,886.502,1,1.298,1772.524,886.656,1843.647,934.618,1760.841,935.491,1705.558,839.999,1784.432,843.654,1.892519,0.836879,1.462614,2.534015,4.261619,0.000516,0.0114247769,0.0115497762,-9.5206547985,0.0008947670,-0.0112628998,8.3996681466,0.0001415990,0.0041402678,1.0000000000,0.0112838714,0.0113034327,-9.3234733676,0.0008868924,-0.0111619359,8.3247484681,0.0001372684,0.0040787103,1.0000000000
444,55.4661,1785358807.587,2,2.8795,0.8806,2.8971,0.7049,2.8883,0.7928,95.71,-0.2313,-0.0132,0.0099,0.2314,-1.04,1.0000,0.0021,0.5076,0.1766,0,frozen,2-tag corner homography,2,1920,1200,0.200000,101;102,1,1,,2-tag corner homography,0.011286,0.489611,101,102,4.749611,4.260000,30,0.050000,0.600000,5.000000,raw-zero-distortion,590.9628888758,0.0000000000,1007.8592059077,0.0000000000,592.3761043005,547.7101609771,0.0000000000,0.0000000000,1.0000000000,-0.0359937509,0.0291287486,0.0062609452,0.0003552766,-0.0208418310,0.0000000000,0.0000000000,0.0000000000,0.0000000000,0.0000000000,1,0.000000,0.000000,73.014,751.240,1,1.051,73.349,751.695,65.518,791.537,8.849,780.099,79.495,716.406,135.451,723.159,-2.840427,0.618529,1.796221,3.417165,-0.001964,0.001034,1,4.260000,0.000000,1773.270,886.239,1,1.224,1772.474,886.529,1843.509,934.416,1760.794,935.437,1705.792,839.958,1784.128,843.419,1.892435,0.836582,1.462644,2.533872,4.261605,0.001091,0.0112634834,0.0113126943,-9.3313965555,0.0008830394,-0.0111363955,8.3067529138,0.0001328513,0.0040765970,1.0000000000,0.0112838714,0.0113034327,-9.3234733676,0.0008868924,-0.0111619359,8.3247484681,0.0001372684,0.0040787103,1.0000000000
445,55.5602,1785358807.681,2,2.8551,0.8807,2.8720,0.7005,2.8636,0.7906,95.36,-0.2284,-0.0152,0.0062,0.2288,0.40,1.0000,0.0020,0.5076,0.1810,0,frozen,2-tag corner homography,2,1920,1200,0.200000,101;102,1,1,,2-tag corner homography,0.011745,0.492533,101,102,4.752533,4.260000,30,0.050000,0.600000,5.000000,raw-zero-distortion,590.9628888758,0.0000000000,1007.8592059077,0.0000000000,592.3761043005,547.7101609771,0.0000000000,0.0000000000,1.0000000000,-0.0359937509,0.0291287486,0.0062609452,0.0003552766,-0.0208418310,0.0000000000,0.0000000000,0.0000000000,0.0000000000,0.0000000000,1,0.000000,0.000000,72.760,751.366,1,0.976,73.105,751.738,65.110,791.523,9.215,780.333,79.430,716.361,134.682,723.138,-2.839806,0.618363,1.795359,3.416165,-0.002318,0.000635,1,4.260000,0.000000,1773.335,886.482,1,1.176,1772.516,886.603,1843.429,934.375,1761.061,935.436,1705.759,840.309,1784.143,843.378,1.896154,0.838363,1.465438,2.538851,4.261446,0.000546,0.0112725832,0.0112457192,-9.2796935190,0.0008821431,-0.0111233739,8.2976658371,0.0001449190,0.0040546805,1.0000000000,0.0112838714,0.0113034327,-9.3234733676,0.0008868924,-0.0111619359,8.3247484681,0.0001372684,0.0040787103,1.0000000000
446,55.6540,1785358807.770,2,2.8306,0.8788,2.8487,0.7033,2.8397,0.7910,95.88,-0.2323,-0.0142,0.0097,0.2325,1.14,1.0000,0.0031,0.5076,0.1764,0,frozen,2-tag corner homography,2,1920,1200,0.200000,101;102,1,1,,2-tag corner homography,0.011100,0.485026,101,102,4.745026,4.260000,30,0.050000,0.600000,5.000000,raw-zero-distortion,590.9628888758,0.0000000000,1007.8592059077,0.0000000000,592.3761043005,547.7101609771,0.0000000000,0.0000000000,1.0000000000,-0.0359937509,0.0291287486,0.0062609452,0.0003552766,-0.0208418310,0.0000000000,0.0000000000,0.0000000000,0.0000000000,0.0000000000,1,0.000000,0.000000,72.886,750.827,1,1.526,73.479,751.352,65.213,791.493,8.881,779.478,79.371,716.452,136.274,722.451,-2.834650,0.616319,1.792818,3.410175,-0.003468,0.002140,1,4.260000,0.000000,1773.134,886.335,1,1.027,1772.478,886.612,1843.680,934.538,1760.704,935.417,1705.818,840.339,1784.046,843.248,1.893781,0.837378,1.463677,2.535736,4.261187,0.000846,0.0113720304,0.0115244031,-9.4959800407,0.0008953289,-0.0112565158,8.3922537117,0.0001296016,0.0041400586,1.0000000000,0.0112838714,0.0113034327,-9.3234733676,0.0008868924,-0.0111619359,8.3247484681,0.0001372684,0.0040787103,1.0000000000
447,55.7432,1785358807.904,2,2.8071,0.8768,2.8249,0.7020,2.8160,0.7894,95.83,-0.2482,-0.0120,0.0132,0.2481,1.03,1.0000,0.0020,0.5076,0.1758,0,frozen,2-tag corner homography,2,1920,1200,0.200000,101;102,1,0,world_rms>0.050,2-tag corner homography,0.060518,0.486430,101,102,4.746430,4.260000,30,0.050000,0.600000,5.000000,raw-zero-distortion,590.9628888758,0.0000000000,1007.8592059077,0.0000000000,592.3761043005,547.7101609771,0.0000000000,0.0000000000,1.0000000000,-0.0359937509,0.0291287486,0.0062609452,0.0003552766,-0.0208418310,0.0000000000,0.0000000000,0.0000000000,0.0000000000,0.0000000000,1,0.000000,0.000000,72.791,751.332,1,1.001,73.181,751.669,65.189,791.491,9.213,780.394,79.428,716.271,134.898,722.943,-2.833187,0.616764,1.791321,3.408251,-0.002325,0.000732,1,4.260000,0.000000,1773.202,886.392,1,1.043,1772.518,886.624,1843.376,934.460,1760.797,935.361,1706.064,840.404,1784.115,843.318,1.896875,0.838731,1.465991,2.539830,4.261265,0.000728,0.0107847343,0.0180151509,-14.3292753425,0.0007222721,-0.0089366480,6.6546188068,0.0001430278,0.0040825592,1.0000000000,0.0112838714,0.0113034327,-9.3234733676,0.0008868924,-0.0111619359,8.3247484681,0.0001372684,0.0040787103,1.0000000000
448,55.8971,1785358808.047,2,2.7912,0.8763,2.8082,0.7005,2.7997,0.7884,95.53,-0.2034,-0.0086,0.0110,0.2033,0.42,1.0000,0.0026,0.5076,0.1766,0,frozen,2-tag corner homography,2,1920,1200,0.200000,101;102,1,1,,2-tag corner homography,0.011562,0.509132,101,102,4.769132,4.260000,30,0.050000,0.600000,5.000000,raw-zero-distortion,590.9628888758,0.0000000000,1007.8592059077,0.0000000000,592.3761043005,547.7101609771,0.0000000000,0.0000000000,1.0000000000,-0.0359937509,0.0291287486,0.0062609452,0.0003552766,-0.0208418310,0.0000000000,0.0000000000,0.0000000000,0.0000000000,0.0000000000,1,0.000000,0.000000,72.609,751.188,1,1.156,72.949,751.726,65.298,791.554,9.233,779.890,78.872,716.616,134.442,723.186,-2.857120,0.621992,1.806005,3.436810,-0.003228,0.001087,1,4.260000,0.000000,1773.240,886.484,1,1.116,1772.478,886.650,1843.568,934.528,1760.891,935.444,1705.694,840.340,1784.108,843.391,1.894866,0.837952,1.464515,2.537220,4.261233,0.000525,0.0112068493,0.0111291559,-9.1851749871,0.0008790608,-0.0110800719,8.2653378749,0.0001445292,0.0040221175,1.0000000000,0.0112838714,0.0113034327,-9.3234733676,0.0008868924,-0.0111619359,8.3247484681,0.0001372684,0.0040787103,1.0000000000
449,56.0420,1785358808.189,2,2.7520,0.8739,2.7672,0.6974,2.7596,0.7856,94.95,-0.1919,-0.0115,0.0050,0.1922,-2.09,1.0000,0.0022,0.5076,0.1772,0,frozen,2-tag corner homography,2,1920,1200,0.200000,101;102,1,1,,2-tag corner homography,0.011900,0.492922,101,102,4.752922,4.260000,30,0.050000,0.600000,5.000000,raw-zero-distortion,590.9628888758,0.0000000000,1007.8592059077,0.0000000000,592.3761043005,547.7101609771,0.0000000000,0.0000000000,1.0000000000,-0.0359937509,0.0291287486,0.0062609452,0.0003552766,-0.0208418310,0.0000000000,0.0000000000,0.0000000000,0.0000000000,0.0000000000,1,0.000000,0.000000,73.020,751.112,1,1.082,73.311,751.642,65.481,791.546,9.268,780.100,79.494,716.392,134.997,722.931,-2.839792,0.618204,1.795746,3.416328,-0.002302,0.001386,1,4.260000,0.000000,1773.309,886.461,1,1.176,1772.495,886.604,1843.340,934.418,1760.880,935.372,1705.830,840.251,1784.240,843.445,1.896539,0.838559,1.465776,2.539397,4.261415,0.000588,0.0112649305,0.0109237028,-9.0382296606,0.0008802567,-0.0110980085,8.2779481932,0.0001398415,0.0040495428,1.0000000000,0.0112838714,0.0113034327,-9.3234733676,0.0008868924,-0.0111619359,8.3247484681,0.0001372684,0.0040787103,1.0000000000
450,56.1744,1785358808.324,2,2.7194,0.8732,2.7342,0.6963,2.7268,0.7847,94.78,-0.2428,-0.0128,0.0075,0.2430,-2.54,1.0000,0.0024,0.5076,0.1775,0,frozen,2-tag corner homography,2,1920,1200,0.200000,101;102,1,1,,2-tag corner homography,0.011077,0.504314,101,102,4.764314,4.260000,30,0.050000,0.600000,5.000000,raw-zero-distortion,590.9628888758,0.0000000000,1007.8592059077,0.0000000000,592.3761043005,547.7101609771,0.0000000000,0.0000000000,1.0000000000,-0.0359937509,0.0291287486,0.0062609452,0.0003552766,-0.0208418310,0.0000000000,0.0000000000,0.0000000000,0.0000000000,0.0000000000,1,0.000000,0.000000,72.998,751.043,1,1.080,73.205,751.678,65.704,791.531,8.843,779.884,79.219,716.513,135.017,723.162,-2.850709,0.620620,1.802446,3.429361,-0.002555,0.001571,1,4.260000,0.000000,1773.280,886.453,1,1.236,1772.419,886.601,1843.516,934.339,1760.705,935.426,1705.511,840.249,1784.315,843.474,1.896708,0.838710,1.466051,2.539733,4.261360,0.000602,0.0111997598,0.0111900108,-9.2325859284,0.0008799721,-0.0110903839,8.2723148827,0.0001366867,0.0040361706,1.0000000000,0.0112838714,0.0113034327,-9.3234733676,0.0008868924,-0.0111619359,8.3247484681,0.0001372684,0.0040787103,1.0000000000
451,56.3027,1785358808.434,2,2.6860,0.8738,2.7047,0.6924,2.6953,0.7831,95.88,-0.2454,-0.0106,0.0146,0.2452,1.74,1.0000,0.0033,0.5076,0.1824,0,frozen,2-tag corner homography,2,1920,1200,0.200000,101;102,1,1,,2-tag corner homography,0.011377,0.500385,101,102,4.760385,4.260000,30,0.050000,0.600000,5.000000,raw-zero-distortion,590.9628888758,0.0000000000,1007.8592059077,0.0000000000,592.3761043005,547.7101609771,0.0000000000,0.0000000000,1.0000000000,-0.0359937509,0.0291287486,0.0062609452,0.0003552766,-0.0208418310,0.0000000000,0.0000000000,0.0000000000,0.0000000000,0.0000000000,1,0.000000,0.000000,73.046,750.709,1,1.295,73.280,751.487,65.733,791.496,8.815,779.532,79.170,716.555,135.323,722.763,-2.849512,0.619830,1.801833,3.427901,-0.003350,0.002496,1,4.260000,0.000000,1773.500,886.449,1,1.280,1772.598,886.548,1843.537,934.435,1761.213,935.387,1705.713,840.005,1784.285,843.495,1.893861,0.837123,1.463508,2.535614,4.261850,0.000651,0.0112455342,0.0112767447,-9.2998471646,0.0008851775,-0.0111452898,8.3110106553,0.0001290043,0.0040761069,1.0000000000,0.0112838714,0.0113034327,-9.3234733676,0.0008868924,-0.0111619359,8.3247484681,0.0001372684,0.0040787103,1.0000000000
452,56.4097,1785358808.553,2,2.6543,0.8679,2.6703,0.6923,2.6623,0.7801,95.19,-0.2630,-0.0162,0.0076,0.2634,1.89,1.0000,0.0021,0.5076,0.1763,0,frozen,2-tag corner homography,2,1920,1200,0.200000,101;102,1,1,,2-tag corner homography,0.011631,0.481705,101,102,4.741705,4.260000,30,0.050000,0.600000,5.000000,raw-zero-distortion,590.9628888758,0.0000000000,1007.8592059077,0.0000000000,592.3761043005,547.7101609771,0.0000000000,0.0000000000,1.0000000000,-0.0359937509,0.0291287486,0.0062609452,0.0003552766,-0.0208418310,0.0000000000,0.0000000000,0.0000000000,0.0000000000,0.0000000000,1,0.000000,0.000000,72.868,751.272,1,1.103,73.273,751.672,65.186,791.531,9.146,780.370,79.518,716.425,135.201,722.809,-2.830829,0.616321,1.790007,3.405521,-0.002278,0.000914,1,4.260000,0.000000,1773.350,886.467,1,1.288,1772.437,886.558,1843.356,934.331,1760.913,935.461,1705.546,840.107,1784.276,843.427,1.894498,0.837606,1.464309,2.536713,4.261497,0.000583,0.0113741834,0.0114061440,-9.4088969728,0.0008892098,-0.0112099961,8.3614222107,0.0001446137,0.0041062764,1.0000000000,0.0112838714,0.0113034327,-9.3234733676,0.0008868924,-0.0111619359,8.3247484681,0.0001372684,0.0040787103,1.0000000000
453,56.5306,1785358808.682,2,2.6278,0.8672,2.6453,0.6916,2.6366,0.7794,95.67,-0.2589,-0.0159,0.0098,0.2592,0.05,1.0000,0.0020,0.5076,0.1765,0,frozen,2-tag corner homography,2,1920,1200,0.200000,101;102,1,1,,2-tag corner homography,0.015770,0.497971,101,102,4.757971,4.260000,30,0.050000,0.600000,5.000000,raw-zero-distortion,590.9628888758,0.0000000000,1007.8592059077,0.0000000000,592.3761043005,547.7101609771,0.0000000000,0.0000000000,1.0000000000,-0.0359937509,0.0291287486,0.0062609452,0.0003552766,-0.0208418310,0.0000000000,0.0000000000,0.0000000000,0.0000000000,0.0000000000,1,0.000000,0.000000,73.071,751.121,1,0.928,73.176,751.740,65.488,791.584,9.260,780.053,79.581,716.382,134.425,723.303,-2.849516,0.620530,1.801635,3.427927,-0.002137,0.001372,1,4.260000,0.000000,1773.019,886.278,1,1.098,1772.303,886.526,1843.494,934.415,1760.807,935.462,1705.537,840.185,1783.723,843.168,1.891423,0.836314,1.462189,2.532766,4.261005,0.000958,0.0122255779,0.0109211130,-9.1060948280,0.0009389280,-0.0118774668,8.8620418114,0.0001584893,0.0044440766,1.0000000000,0.0112838714,0.0113034327,-9.3234733676,0.0008868924,-0.0111619359,8.3247484681,0.0001372684,0.0040787103,1.0000000000
454,56.6576,1785358808.793,2,2.5953,0.8664,2.6120,0.6888,2.6036,0.7776,95.36,-0.2435,-0.0118,0.0110,0.2435,0.47,1.0000,0.0023,0.5076,0.1784,0,frozen,2-tag corner homography,2,1920,1200,0.200000,101;102,1,1,,2-tag corner homography,0.011392,0.490835,101,102,4.750835,4.260000,30,0.050000,0.600000,5.000000,raw-zero-distortion,590.9628888758,0.0000000000,1007.8592059077,0.0000000000,592.3761043005,547.7101609771,0.0000000000,0.0000000000,1.0000000000,-0.0359937509,0.0291287486,0.0062609452,0.0003552766,-0.0208418310,0.0000000000,0.0000000000,0.0000000000,0.0000000000,0.0000000000,1,0.000000,0.000000,73.049,751.088,1,0.984,73.187,751.718,65.555,791.638,8.765,780.241,79.462,716.387,134.930,723.025,-2.836712,0.617683,1.793560,3.412525,-0.002289,0.001457,1,4.260000,0.000000,1773.361,886.380,1,1.208,1772.539,886.575,1843.506,934.339,1760.856,935.335,1705.821,840.202,1784.314,843.499,1.897689,0.838946,1.466580,2.540849,4.261630,0.000786,0.0110390401,0.0109786026,-9.0623192340,0.0008649529,-0.0109072600,8.1362622779,0.0001344006,0.0039611232,1.0000000000,0.0112838714,0.0113034327,-9.3234733676,0.0008868924,-0.0111619359,8.3247484681,0.0001372684,0.0040787103,1.0000000000
455,56.7671,1785358808.908,2,2.5603,0.8665,2.5763,0.6873,2.5683,0.7769,95.11,-0.2721,-0.0112,0.0130,0.2720,-1.38,1.0000,0.0026,0.5076,0.1799,0,frozen,2-tag corner homography,2,1920,1200,0.200000,101;102,1,1,,2-tag corner homography,0.011506,0.494154,101,102,4.754154,4.260000,30,0.050000,0.600000,5.000000,raw-zero-distortion,590.9628888758,0.0000000000,1007.8592059077,0.0000000000,592.3761043005,547.7101609771,0.0000000000,0.0000000000,1.0000000000,-0.0359937509,0.0291287486,0.0062609452,0.0003552766,-0.0208418310,0.0000000000,0.0000000000,0.0000000000,0.0000000000,0.0000000000,1,0.000000,0.000000,73.078,750.908,1,1.145,73.290,751.583,65.653,791.556,9.329,779.972,79.375,716.437,134.828,722.757,-2.841887,0.618468,1.797032,3.418794,-0.002708,0.001957,1,4.260000,0.000000,1773.242,886.341,1,1.226,1772.410,886.547,1843.559,934.270,1760.758,935.442,1705.531,840.187,1784.164,843.382,1.895584,0.838087,1.465199,2.538196,4.261417,0.000853,0.0112153873,0.0111418681,-9.1976554723,0.0008781204,-0.0110625510,8.2503678647,0.0001446196,0.0040256186,1.0000000000,0.0112838714,0.0113034327,-9.3234733676,0.0008868924,-0.0111619359,8.3247484681,0.0001372684,0.0040787103,1.0000000000
456,56.8864,1785358809.040,2,2.5355,0.8651,2.5531,0.6858,2.5443,0.7754,95.58,-0.2630,-0.0101,0.0155,0.2627,0.25,1.0000,0.0022,0.5076,0.1802,0,frozen,2-tag corner homography,2,1920,1200,0.200000,101;102,1,1,,2-tag corner homography,0.011651,0.485170,101,102,4.745170,4.260000,30,0.050000,0.600000,5.000000,raw-zero-distortion,590.9628888758,0.0000000000,1007.8592059077,0.0000000000,592.3761043005,547.7101609771,0.0000000000,0.0000000000,1.0000000000,-0.0359937509,0.0291287486,0.0062609452,0.0003552766,-0.0208418310,0.0000000000,0.0000000000,0.0000000000,0.0000000000,0.0000000000,1,0.000000,0.000000,72.874,751.240,1,1.108,73.246,751.692,65.450,791.535,9.277,780.397,79.277,716.491,134.981,722.767,-2.834301,0.617119,1.792149,3.409677,-0.002350,0.001003,1,4.260000,0.000000,1773.359,886.411,1,1.194,1772.546,886.594,1843.628,934.414,1760.982,935.478,1705.716,840.202,1784.211,843.389,1.894375,0.837523,1.464005,2.536417,4.261587,0.000712,0.0112924276,0.0112565539,-9.2903501976,0.0008826166,-0.0111257701,8.2988136777,0.0001450192,0.0040636247,1.0000000000,0.0112838714,0.0113034327,-9.3234733676,0.0008868924,-0.0111619359,8.3247484681,0.0001372684,0.0040787103,1.0000000000
457,57.0178,1785358809.158,2,2.5054,0.8618,2.5204,0.6856,2.5129,0.7737,94.86,-0.2332,-0.0119,0.0079,0.2333,-0.67,1.0000,0.0026,0.5076,0.1769,0,frozen,2-tag corner homography,2,1920,1200,0.200000,101;102,1,1,,2-tag corner homography,0.011404,0.487386,101,102,4.747386,4.260000,30,0.050000,0.600000,5.000000,raw-zero-distortion,590.9628888758,0.0000000000,1007.8592059077,0.0000000000,592.3761043005,547.7101609771,0.0000000000,0.0000000000,1.0000000000,-0.0359937509,0.0291287486,0.0062609452,0.0003552766,-0.0208418310,0.0000000000,0.0000000000,0.0000000000,0.0000000000,0.0000000000,1,0.000000,0.000000,72.951,750.981,1,1.105,73.165,751.622,65.549,791.545,8.763,780.116,79.252,716.456,135.047,722.795,-2.837571,0.617565,1.794062,3.413481,-0.002858,0.001731,1,4.260000,0.000000,1773.411,886.528,1,1.249,1772.512,886.572,1843.434,934.442,1760.996,935.458,1705.594,840.123,1784.363,843.366,1.893183,0.836977,1.463149,2.534852,4.261555,0.000454,0.0112963889,0.0114086339,-9.4030949895,0.0008856054,-0.0111583997,8.3222880235,0.0001373280,0.0040866656,1.0000000000,0.0112838714,0.0113034327,-9.3234733676,0.0008868924,-0.0111619359,8.3247484681,0.0001372684,0.0040787103,1.0000000000
458,57.1314,1785358809.267,2,2.4707,0.8613,2.4881,0.6821,2.4794,0.7717,95.55,-0.2536,-0.0140,0.0106,0.2537,-0.42,1.0000,0.0018,0.5076,0.1801,0,frozen,2-tag corner homography,2,1920,1200,0.200000,101;102,1,1,,2-tag corner homography,0.011260,0.491503,101,102,4.751503,4.260000,30,0.050000,0.600000,5.000000,raw-zero-distortion,590.9628888758,0.0000000000,1007.8592059077,0.0000000000,592.3761043005,547.7101609771,0.0000000000,0.0000000000,1.0000000000,-0.0359937509,0.0291287486,0.0062609452,0.0003552766,-0.0208418310,0.0000000000,0.0000000000,0.0000000000,0.0000000000,0.0000000000,1,0.000000,0.000000,73.103,751.289,1,1.056,73.516,751.651,65.672,791.476,9.259,780.171,79.570,716.318,135.518,723.053,-2.837745,0.617922,1.794846,3.414103,-0.001581,0.000919,1,4.260000,0.000000,1773.021,886.108,1,1.052,1772.387,886.482,1843.523,934.140,1760.671,935.356,1705.875,840.362,1783.798,843.130,1.897258,0.838694,1.466538,2.540420,4.261221,0.001349,0.0111745438,0.0111907072,-9.2345986325,0.0008762279,-0.0110486990,8.2406797693,0.0001352492,0.0040269109,1.0000000000,0.0112838714,0.0113034327,-9.3234733676,0.0008868924,-0.0111619359,8.3247484681,0.0001372684,0.0040787103,1.0000000000
459,57.2400,1785358809.380,2,2.4457,0.8594,2.4626,0.6832,2.4541,0.7713,95.47,-0.2608,-0.0120,0.0129,0.2608,1.61,1.0000,0.0020,0.5076,0.1770,0,frozen,2-tag corner homography,2,1920,1200,0.200000,101;102,1,1,,2-tag corner homography,0.011404,0.485394,101,102,4.745394,4.260000,30,0.050000,0.600000,5.000000,raw-zero-distortion,590.9628888758,0.0000000000,1007.8592059077,0.0000000000,592.3761043005,547.7101609771,0.0000000000,0.0000000000,1.0000000000,-0.0359937509,0.0291287486,0.0062609452,0.0003552766,-0.0208418310,0.0000000000,0.0000000000,0.0000000000,0.0000000000,0.0000000000,1,0.000000,0.000000,72.994,751.260,1,0.995,73.291,751.712,65.558,791.558,9.147,780.367,79.436,716.353,135.019,722.984,-2.835125,0.617387,1.792757,3.410730,-0.001964,0.000976,1,4.260000,0.000000,1773.375,886.425,1,1.163,1772.563,886.555,1843.607,934.422,1760.850,935.427,1705.726,840.194,1784.406,843.263,1.893728,0.837121,1.463472,2.535494,4.261604,0.000684,0.0107946982,0.0106325810,-8.7853854349,0.0008426662,-0.0106267956,7.9270236486,0.0001416419,0.0038241747,1.0000000000,0.0112838714,0.0113034327,-9.3234733676,0.0008868924,-0.0111619359,8.3247484681,0.0001372684,0.0040787103,1.0000000000
460,57.3537,1785358809.487,2,2.4203,0.8583,2.4373,0.6816,2.4288,0.7700,95.48,-0.2528,-0.0110,0.0132,0.2527,1.60,1.0000,0.0014,0.5076,0.1776,0,frozen,2-tag corner homography,2,1920,1200,0.200000,101;102,1,1,,2-tag corner homography,0.011588,0.489111,101,102,4.749111,4.260000,30,0.050000,0.600000,5.000000,raw-zero-distortion,590.9628888758,0.0000000000,1007.8592059077,0.0000000000,592.3761043005,547.7101609771,0.0000000000,0.0000000000,1.0000000000,-0.0359937509,0.0291287486,0.0062609452,0.0003552766,-0.0208418310,0.0000000000,0.0000000000,0.0000000000,0.0000000000,0.0000000000,1,0.000000,0.000000,73.013,751.497,1,0.898,73.346,751.827,65.674,791.471,9.415,780.511,79.451,716.434,134.873,723.277,-2.842526,0.619384,1.797542,3.419759,-0.001252,0.000329,1,4.260000,0.000000,1773.184,886.352,1,1.108,1772.429,886.506,1843.672,934.467,1761.153,935.472,1705.487,840.142,1783.776,843.105,1.889692,0.835363,1.460610,2.530246,4.261275,0.000817,0.0113182498,0.0112547519,-9.2934762630,0.0008833634,-0.0111513344,8.3193476922,0.0001461840,0.0040719522,1.0000000000,0.0112838714,0.0113034327,-9.3234733676,0.0008868924,-0.0111619359,8.3247484681,0.0001372684,0.0040787103,1.0000000000
461,57.4619,1785358809.603,2,2.3878,0.8571,2.4032,0.6785,2.3955,0.7678,94.93,-0.2513,-0.0115,0.0101,0.2513,-0.48,1.0000,0.0023,0.5076,0.1792,0,frozen,2-tag corner homography,2,1920,1200,0.200000,101;102,1,1,,2-tag corner homography,0.011461,0.497891,101,102,4.757891,4.260000,30,0.050000,0.600000,5.000000,raw-zero-distortion,590.9628888758,0.0000000000,1007.8592059077,0.0000000000,592.3761043005,547.7101609771,0.0000000000,0.0000000000,1.0000000000,-0.0359937509,0.0291287486,0.0062609452,0.0003552766,-0.0208418310,0.0000000000,0.0000000000,0.0000000000,0.0000000000,0.0000000000,1,0.000000,0.000000,72.948,751.147,1,1.020,73.087,751.805,65.556,791.648,9.125,780.257,79.254,716.599,134.453,723.095,-2.845969,0.619897,1.799222,3.423596,-0.002404,0.001273,1,4.260000,0.000000,1773.284,886.340,1,1.103,1772.527,886.504,1843.689,934.332,1760.740,935.332,1705.692,840.266,1784.339,843.162,1.895145,0.837660,1.464636,2.537401,4.261511,0.000862,0.0112030985,0.0111289522,-9.1872379611,0.0008749102,-0.0110460524,8.2408431388,0.0001492065,0.0040108031,1.0000000000,0.0112838714,0.0113034327,-9.3234733676,0.0008868924,-0.0111619359,8.3247484681,0.0001372684,0.0040787103,1.0000000000
462,57.5780,1785358809.716,2,2.3617,0.8551,2.3779,0.6755,2.3698,0.7653,95.14,-0.2536,-0.0158,0.0069,0.2540,-1.06,1.0000,0.0021,0.5076,0.1803,0,frozen,2-tag corner homography,2,1920,1200,0.200000,101;102,1,1,,2-tag corner homography,0.011366,0.497322,101,102,4.757322,4.260000,30,0.050000,0.600000,5.000000,raw-zero-distortion,590.9628888758,0.0000000000,1007.8592059077,0.0000000000,592.3761043005,547.7101609771,0.0000000000,0.0000000000,1.0000000000,-0.0359937509,0.0291287486,0.0062609452,0.0003552766,-0.0208418310,0.0000000000,0.0000000000,0.0000000000,0.0000000000,0.0000000000,1,0.000000,0.000000,72.898,751.431,1,0.892,73.192,751.802,65.405,791.551,9.158,780.406,79.453,716.339,134.768,723.306,-2.840986,0.618871,1.796273,3.417719,-0.001755,0.000485,1,4.260000,0.000000,1773.485,886.285,1,1.352,1772.531,886.411,1843.410,933.885,1760.876,935.335,1705.659,840.112,1784.522,843.351,1.899885,0.839520,1.468291,2.543665,4.262023,0.001026,0.0111723399,0.0111167629,-9.1769727591,0.0008734026,-0.0110340795,8.2318413576,0.0001441983,0.0040064132,1.0000000000,0.0112838714,0.0113034327,-9.3234733676,0.0008868924,-0.0111619359,8.3247484681,0.0001372684,0.0040787103,1.0000000000
463,57.6891,1785358809.821,2,2.3364,0.8531,2.3539,0.6754,2.3452,0.7643,95.61,-0.2489,-0.0169,0.0075,0.2493,-0.01,1.0000,0.0021,0.5076,0.1786,0,frozen,2-tag corner homography,2,1920,1200,0.200000,101;102,1,1,,2-tag corner homography,0.011378,0.494876,101,102,4.754876,4.260000,30,0.050000,0.600000,5.000000,raw-zero-distortion,590.9628888758,0.0000000000,1007.8592059077,0.0000000000,592.3761043005,547.7101609771,0.0000000000,0.0000000000,1.0000000000,-0.0359937509,0.0291287486,0.0062609452,0.0003552766,-0.0208418310,0.0000000000,0.0000000000,0.0000000000,0.0000000000,0.0000000000,1,0.000000,0.000000,73.182,751.088,1,0.838,73.190,751.743,65.663,791.559,8.990,780.213,79.644,716.308,134.489,723.273,-2.844277,0.619407,1.798349,3.421643,-0.001920,0.001486,1,4.260000,0.000000,1773.189,886.286,1,1.089,1772.471,886.526,1843.675,934.388,1760.689,935.387,1705.707,840.234,1784.162,843.184,1.893806,0.837184,1.463708,2.535709,4.261369,0.000968,0.0111771045,0.0111275016,-9.1846719281,0.0008738535,-0.0110242938,8.2237526205,0.0001451552,0.0040068488,1.0000000000,0.0112838714,0.0113034327,-9.3234733676,0.0008868924,-0.0111619359,8.3247484681,0.0001372684,0.0040787103,1.0000000000
464,57.8003,1785358809.920,2,2.3029,0.8509,2.3189,0.6729,2.3109,0.7619,95.13,-0.2477,-0.0167,0.0055,0.2482,0.62,1.0000,0.0019,0.5076,0.1788,0,frozen,2-tag corner homography,2,1920,1200,0.200000,101;102,1,1,,2-tag corner homography,0.011546,0.499364,101,102,4.759364,4.260000,30,0.050000,0.600000,5.000000,raw-zero-distortion,590.9628888758,0.0000000000,1007.8592059077,0.0000000000,592.3761043005,547.7101609771,0.0000000000,0.0000000000,1.0000000000,-0.0359937509,0.0291287486,0.0062609452,0.0003552766,-0.0208418310,0.0000000000,0.0000000000,0.0000000000,0.0000000000,0.0000000000,1,0.000000,0.000000,72.986,751.297,1,0.888,73.204,751.756,65.507,791.479,9.373,780.303,79.489,716.367,134.504,723.246,-2.845702,0.619766,1.799278,3.423380,-0.001883,0.000872,1,4.260000,0.000000,1773.507,886.554,1,1.284,1772.575,886.581,1843.496,934.222,1761.068,935.509,1705.601,840.303,1784.483,843.357,1.896928,0.838587,1.465922,2.539781,4.261735,0.000412,0.0112098125,0.0111245071,-9.1852002999,0.0008766417,-0.0110569452,8.2482466341,0.0001497888,0.0040122887,1.0000000000,0.0112838714,0.0113034327,-9.3234733676,0.0008868924,-0.0111619359,8.3247484681,0.0001372684,0.0040787103,1.0000000000
465,57.8924,1785358810.015,2,2.2780,0.8503,2.2939,0.6723,2.2860,0.7613,95.08,-0.2611,-0.0149,0.0083,0.2614,-0.09,1.0000,0.0025,0.5076,0.1787,0,frozen,2-tag corner homography,2,1920,1200,0.200000,101;102,1,1,,2-tag corner homography,0.011475,0.483607,101,102,4.743607,4.260000,30,0.050000,0.600000,5.000000,raw-zero-distortion,590.9628888758,0.0000000000,1007.8592059077,0.0000000000,592.3761043005,547.7101609771,0.0000000000,0.0000000000,1.0000000000,-0.0359937509,0.0291287486,0.0062609452,0.0003552766,-0.0208418310,0.0000000000,0.0000000000,0.0000000000,0.0000000000,0.0000000000,1,0.000000,0.000000,73.032,750.991,1,0.945,73.104,751.656,65.354,791.592,8.882,780.334,79.593,716.292,134.589,722.834,-2.831760,0.616362,1.790271,3.406441,-0.002606,0.001720,1,4.260000,0.000000,1773.232,886.374,1,1.131,1772.440,886.495,1843.473,934.242,1760.667,935.373,1705.622,840.299,1784.325,843.116,1.895500,0.837890,1.465078,2.537998,4.261353,0.000775,0.0112060934,0.0111603437,-9.2096828900,0.0008745310,-0.0110300729,8.2272364007,0.0001475443,0.0040167273,1.0000000000,0.0112838714,0.0113034327,-9.3234733676,0.0008868924,-0.0111619359,8.3247484681,0.0001372684,0.0040787103,1.0000000000
466,57.9880,1785358810.106,2,2.2541,0.8478,2.2690,0.6707,2.2616,0.7592,94.81,-0.2720,-0.0155,0.0073,0.2724,-1.53,1.0000,0.0025,0.5076,0.1777,0,frozen,2-tag corner homography,2,1920,1200,0.200000,101;102,1,1,,2-tag corner homography,0.011697,0.486719,101,102,4.746719,4.260000,30,0.050000,0.600000,5.000000,raw-zero-distortion,590.9628888758,0.0000000000,1007.8592059077,0.0000000000,592.3761043005,547.7101609771,0.0000000000,0.0000000000,1.0000000000,-0.0359937509,0.0291287486,0.0062609452,0.0003552766,-0.0208418310,0.0000000000,0.0000000000,0.0000000000,0.0000000000,0.0000000000,1,0.000000,0.000000,73.175,750.943,1,0.950,73.256,751.598,65.379,791.531,9.022,780.199,79.840,716.242,134.774,722.851,-2.832912,0.616539,1.791291,3.407967,-0.002344,0.001883,1,4.260000,0.000000,1773.394,886.390,1,1.133,1772.614,886.542,1843.447,934.260,1760.966,935.373,1705.993,840.332,1784.341,843.244,1.897452,0.838678,1.466253,2.540394,4.261691,0.000768,0.0112090878,0.0112098906,-9.2482457914,0.0008771784,-0.0110547517,8.2447968562,0.0001428144,0.0040293960,1.0000000000,0.0112838714,0.0113034327,-9.3234733676,0.0008868924,-0.0111619359,8.3247484681,0.0001372684,0.0040787103,1.0000000000
467,58.0781,1785358810.194,2,2.2288,0.8464,2.2441,0.6698,2.2365,0.7581,94.96,-0.2690,-0.0149,0.0084,0.2693,-1.16,1.0000,0.0026,0.5076,0.1773,0,frozen,2-tag corner homography,2,1920,1200,0.200000,101;102,1,1,,2-tag corner homography,0.011680,0.487394,101,102,4.747394,4.260000,30,0.050000,0.600000,5.000000,raw-zero-distortion,590.9628888758,0.0000000000,1007.8592059077,0.0000000000,592.3761043005,547.7101609771,0.0000000000,0.0000000000,1.0000000000,-0.0359937509,0.0291287486,0.0062609452,0.0003552766,-0.0208418310,0.0000000000,0.0000000000,0.0000000000,0.0000000000,0.0000000000,1,0.000000,0.000000,73.067,750.941,1,0.994,73.134,751.654,65.524,791.563,8.862,780.268,79.481,716.400,134.660,722.807,-2.835322,0.617152,1.792580,3.410758,-0.002647,0.001865,1,4.260000,0.000000,1773.306,886.371,1,1.224,1772.463,886.534,1843.464,934.356,1760.920,935.331,1705.660,840.105,1784.164,843.451,1.895612,0.838011,1.465119,2.538145,4.261519,0.000794,0.0112676771,0.0112391064,-9.2737088020,0.0008817378,-0.0111163840,8.2914824814,0.0001406032,0.0040610140,1.0000000000,0.0112838714,0.0113034327,-9.3234733676,0.0008868924,-0.0111619359,8.3247484681,0.0001372684,0.0040787103,1.0000000000
468,58.1666,1785358810.282,2,2.2128,0.8460,2.2287,0.6666,2.2207,0.7563,95.04,-0.2538,-0.0165,0.0059,0.2542,-0.48,1.0000,0.0033,0.5076,0.1801,0,frozen,2-tag corner homography,2,1920,1200,0.200000,101;102,1,1,,2-tag corner homography,0.011511,0.502078,101,102,4.762078,4.260000,30,0.050000,0.600000,5.000000,raw-zero-distortion,590.9628888758,0.0000000000,1007.8592059077,0.0000000000,592.3761043005,547.7101609771,0.0000000000,0.0000000000,1.0000000000,-0.0359937509,0.0291287486,0.0062609452,0.0003552766,-0.0208418310,0.0000000000,0.0000000000,0.0000000000,0.0000000000,0.0000000000,1,0.000000,0.000000,73.130,750.613,1,1.239,73.278,751.435,65.574,791.500,9.060,779.424,79.451,716.404,134.996,722.794,-2.850326,0.619845,1.802344,3.428849,-0.003384,0.002777,1,4.260000,0.000000,1773.442,886.566,1,1.171,1772.625,886.684,1843.616,934.609,1761.104,935.457,1705.819,840.269,1784.306,843.513,1.894723,0.837813,1.464124,2.536841,4.261576,0.000373,0.0112240180,0.0112103077,-9.2478075643,0.0008835234,-0.0111090411,8.2833042758,0.0001354701,0.0040511153,1.0000000000,0.0112838714,0.0113034327,-9.3234733676,0.0008868924,-0.0111619359,8.3247484681,0.0001372684,0.0040787103,1.0000000000
469,58.2544,1785358810.370,2,2.1844,0.8457,2.2020,0.6644,2.1932,0.7551,95.57,-0.2509,-0.0163,0.0081,0.2513,1.28,1.0000,0.0031,0.5076,0.1821,0,frozen,2-tag corner homography,2,1920,1200,0.200000,101;102,1,1,,2-tag corner homography,0.011497,0.507570,101,102,4.767570,4.260000,30,0.050000,0.600000,5.000000,raw-zero-distortion,590.9628888758,0.0000000000,1007.8592059077,0.0000000000,592.3761043005,547.7101609771,0.0000000000,0.0000000000,1.0000000000,-0.0359937509,0.0291287486,0.0062609452,0.0003552766,-0.0208418310,0.0000000000,0.0000000000,0.0000000000,0.0000000000,0.0000000000,1,0.000000,0.000000,73.020,750.789,1,1.099,73.130,751.541,65.439,791.439,8.815,779.541,79.428,716.433,134.800,723.124,-2.855579,0.621214,1.805380,3.435060,-0.003199,0.002271,1,4.260000,0.000000,1773.570,886.619,1,1.320,1772.624,886.671,1843.529,934.454,1761.344,935.574,1705.667,840.189,1784.316,843.587,1.894832,0.837827,1.464208,2.536976,4.261791,0.000274,0.0112998302,0.0112954589,-9.3168609090,0.0008896474,-0.0111973218,8.3505388031,0.0001360833,0.0040871882,1.0000000000,0.0112838714,0.0113034327,-9.3234733676,0.0008868924,-0.0111619359,8.3247484681,0.0001372684,0.0040787103,1.0000000000
470,58.3446,1785358810.460,2,2.1594,0.8422,2.1765,0.6640,2.1679,0.7531,95.50,-0.2576,-0.0175,0.0073,0.2581,1.94,1.0000,0.0023,0.5076,0.1790,0,frozen,2-tag corner homography,2,1920,1200,0.200000,101;102,1,1,,2-tag corner homography,0.011591,0.483465,101,102,4.743465,4.260000,30,0.050000,0.600000,5.000000,raw-zero-distortion,590.9628888758,0.0000000000,1007.8592059077,0.0000000000,592.3761043005,547.7101609771,0.0000000000,0.0000000000,1.0000000000,-0.0359937509,0.0291287486,0.0062609452,0.0003552766,-0.0208418310,0.0000000000,0.0000000000,0.0000000000,0.0000000000,0.0000000000,1,0.000000,0.000000,72.815,751.261,1,1.190,73.328,751.602,65.235,791.427,9.182,780.218,79.386,716.443,135.445,722.761,-2.833886,0.616810,1.792044,3.409221,-0.002456,0.000931,1,4.260000,0.000000,1773.111,886.175,1,1.139,1772.397,886.506,1843.579,934.292,1760.872,935.473,1705.708,840.151,1783.775,843.225,1.893051,0.836882,1.463267,2.534791,4.261336,0.001209,0.0114026021,0.0114664319,-9.4560625891,0.0008926076,-0.0112506185,8.3908684094,0.0001415132,0.0041274382,1.0000000000,0.0112838714,0.0113034327,-9.3234733676,0.0008868924,-0.0111619359,8.3247484681,0.0001372684,0.0040787103,1.0000000000
471,58.4330,1785358810.550,2,2.1429,0.8411,2.1595,0.6639,2.1512,0.7525,95.35,-0.2606,-0.0161,0.0083,0.2610,1.39,1.0000,0.0026,0.5076,0.1780,0,frozen,2-tag corner homography,2,1920,1200,0.200000,101;102,1,1,,2-tag corner homography,0.011384,0.478270,101,102,4.738270,4.260000,30,0.050000,0.600000,5.000000,raw-zero-distortion,590.9628888758,0.0000000000,1007.8592059077,0.0000000000,592.3761043005,547.7101609771,0.0000000000,0.0000000000,1.0000000000,-0.0359937509,0.0291287486,0.0062609452,0.0003552766,-0.0208418310,0.0000000000,0.0000000000,0.0000000000,0.0000000000,0.0000000000,1,0.000000,0.000000,73.045,750.955,1,1.051,73.239,751.575,65.667,791.424,8.663,780.287,79.343,716.406,135.207,722.633,-2.831304,0.616108,1.790240,3.405999,-0.002671,0.001823,1,4.260000,0.000000,1773.027,886.161,1,1.072,1772.351,886.464,1843.614,934.361,1760.784,935.450,1705.615,840.128,1783.737,843.043,1.890435,0.835672,1.461332,2.531321,4.261169,0.001227,0.0113070778,0.0113418107,-9.3539951694,0.0008841439,-0.0111456638,8.3123991369,0.0001378734,0.0040876144,1.0000000000,0.0112838714,0.0113034327,-9.3234733676,0.0008868924,-0.0111619359,8.3247484681,0.0001372684,0.0040787103,1.0000000000
472,58.5220,1785358810.667,2,2.1175,0.8415,2.1347,0.6612,2.1261,0.7514,95.45,-0.2516,-0.0144,0.0096,0.2518,0.28,1.0000,0.0019,0.5076,0.1811,0,frozen,2-tag corner homography,2,1920,1200,0.200000,101;102,1,1,,2-tag corner homography,0.011145,0.499319,101,102,4.759319,4.260000,30,0.050000,0.600000,5.000000,raw-zero-distortion,590.9628888758,0.0000000000,1007.8592059077,0.0000000000,592.3761043005,547.7101609771,0.0000000000,0.0000000000,1.0000000000,-0.0359937509,0.0291287486,0.0062609452,0.0003552766,-0.0208418310,0.0000000000,0.0000000000,0.0000000000,0.0000000000,0.0000000000,1,0.000000,0.000000,72.857,751.413,1,1.008,73.252,751.757,65.234,791.556,8.859,780.061,79.513,716.369,135.325,723.449,-2.845114,0.619674,1.798998,3.422728,-0.001919,0.000527,1,4.260000,0.000000,1773.324,886.310,1,1.199,1772.524,886.546,1843.559,934.222,1760.874,935.404,1705.796,840.244,1784.208,843.386,1.897514,0.838814,1.466474,2.540613,4.261636,0.000940,0.0112618647,0.0113047981,-9.3249182051,0.0008842306,-0.0111563877,8.3224980273,0.0001345783,0.0040723912,1.0000000000,0.0112838714,0.0113034327,-9.3234733676,0.0008868924,-0.0111619359,8.3247484681,0.0001372684,0.0040787103,1.0000000000
473,58.6489,1785358810.794,2,2.0918,0.8399,2.1081,0.6592,2.0999,0.7495,95.14,-0.2354,-0.0127,0.0085,0.2356,-0.63,1.0000,0.0020,0.5076,0.1815,0,frozen,2-tag corner homography,2,1920,1200,0.200000,101;102,1,1,,2-tag corner homography,0.011627,0.493868,101,102,4.753868,4.260000,30,0.050000,0.600000,5.000000,raw-zero-distortion,590.9628888758,0.0000000000,1007.8592059077,0.0000000000,592.3761043005,547.7101609771,0.0000000000,0.0000000000,1.0000000000,-0.0359937509,0.0291287486,0.0062609452,0.0003552766,-0.0208418310,0.0000000000,0.0000000000,0.0000000000,0.0000000000,0.0000000000,1,0.000000,0.000000,73.031,751.261,1,0.848,73.149,751.802,65.552,791.548,9.031,780.488,79.503,716.398,134.535,723.174,-2.839381,0.618495,1.795176,3.415740,-0.001857,0.000979,1,4.260000,0.000000,1773.405,886.391,1,1.204,1772.597,886.619,1843.584,934.381,1760.805,935.381,1705.910,840.237,1784.424,843.548,1.897990,0.839127,1.466701,2.541203,4.261713,0.000768,0.0111751406,0.0110044564,-9.0923410938,0.0008733599,-0.0110191768,8.2208175569,0.0001438266,0.0040043400,1.0000000000,0.0112838714,0.0113034327,-9.3234733676,0.0008868924,-0.0111619359,8.3247484681,0.0001372684,0.0040787103,1.0000000000
474,58.7694,1785358810.888,2,2.0661,0.8382,2.0830,0.6588,2.0746,0.7485,95.39,-0.2279,-0.0123,0.0091,0.2280,-0.34,1.0000,0.0025,0.5076,0.1802,0,frozen,2-tag corner homography,2,1920,1200,0.200000,101;102,1,1,,2-tag corner homography,0.011680,0.486431,101,102,4.746431,4.260000,30,0.050000,0.600000,5.000000,raw-zero-distortion,590.9628888758,0.0000000000,1007.8592059077,0.0000000000,592.3761043005,547.7101609771,0.0000000000,0.0000000000,1.0000000000,-0.0359937509,0.0291287486,0.0062609452,0.0003552766,-0.0208418310,0.0000000000,0.0000000000,0.0000000000,0.0000000000,0.0000000000,1,0.000000,0.000000,73.041,750.968,1,0.998,73.099,751.695,65.484,791.634,8.866,780.187,79.462,716.418,134.585,722.948,-2.838945,0.618040,1.794803,3.415099,-0.002643,0.001784,1,4.260000,0.000000,1773.131,886.298,1,0.996,1772.497,886.562,1843.670,934.586,1760.961,935.428,1705.858,840.245,1783.827,843.115,1.890740,0.835890,1.461289,2.531596,4.261226,0.000931,0.0112309967,0.0111734903,-9.2217242259,0.0008777134,-0.0110677110,8.2556984999,0.0001408225,0.0040417549,1.0000000000,0.0112838714,0.0113034327,-9.3234733676,0.0008868924,-0.0111619359,8.3247484681,0.0001372684,0.0040787103,1.0000000000
475,58.8669,1785358811.009,2,2.0328,0.8384,2.0490,0.6565,2.0409,0.7475,95.10,-0.2360,-0.0116,0.0094,0.2361,-0.55,1.0000,0.0017,0.5076,0.1827,0,frozen,2-tag corner homography,2,1920,1200,0.200000,101;102,1,1,,2-tag corner homography,0.011027,0.494712,101,102,4.754712,4.260000,30,0.050000,0.600000,5.000000,raw-zero-distortion,590.9628888758,0.0000000000,1007.8592059077,0.0000000000,592.3761043005,547.7101609771,0.0000000000,0.0000000000,1.0000000000,-0.0359937509,0.0291287486,0.0062609452,0.0003552766,-0.0208418310,0.0000000000,0.0000000000,0.0000000000,0.0000000000,0.0000000000,1,0.000000,0.000000,73.075,751.342,1,1.001,73.428,751.735,65.620,791.588,9.134,780.157,79.562,716.323,135.356,723.276,-2.840834,0.618792,1.796630,3.417765,-0.001511,0.000767,1,4.260000,0.000000,1773.408,886.492,1,1.146,1772.601,886.603,1843.683,934.399,1760.851,935.364,1705.736,840.359,1784.490,843.359,1.897274,0.838766,1.466141,2.540226,4.261594,0.000537,0.0111721663,0.0111609852,-9.2119547911,0.0008761042,-0.0110460263,8.2396932874,0.0001370793,0.0040215899,1.0000000000,0.0112838714,0.0113034327,-9.3234733676,0.0008868924,-0.0111619359,8.3247484681,0.0001372684,0.0040787103,1.0000000000
476,58.9845,1785358811.135,2,2.0082,0.8348,2.0243,0.6540,2.0162,0.7444,95.09,-0.2499,-0.0139,0.0083,0.2502,-0.44,1.0000,0.0020,0.5076,0.1816,0,frozen,2-tag corner homography,2,1920,1200,0.200000,101;102,1,1,,2-tag corner homography,0.011670,0.486560,101,102,4.746560,4.260000,30,0.050000,0.600000,5.000000,raw-zero-distortion,590.9628888758,0.0000000000,1007.8592059077,0.0000000000,592.3761043005,547.7101609771,0.0000000000,0.0000000000,1.0000000000,-0.0359937509,0.0291287486,0.0062609452,0.0003552766,-0.0208418310,0.0000000000,0.0000000000,0.0000000000,0.0000000000,0.0000000000,1,0.000000,0.000000,73.192,751.132,1,0.870,73.322,751.675,65.535,791.529,9.078,780.288,79.811,716.209,134.861,723.088,-2.835364,0.617347,1.792969,3.411033,-0.001770,0.001368,1,4.260000,0.000000,1772.945,886.060,1,1.090,1772.302,886.462,1843.560,934.153,1760.989,935.421,1705.682,840.251,1783.338,843.154,1.894707,0.837610,1.464728,2.537111,4.261114,0.001443,0.0112781597,0.0112450666,-9.2813212027,0.0008826042,-0.0111322710,8.3034030557,0.0001379239,0.0040703207,1.0000000000,0.0112838714,0.0113034327,-9.3234733676,0.0008868924,-0.0111619359,8.3247484681,0.0001372684,0.0040787103,1.0000000000
477,59.1205,1785358811.240,2,1.9712,0.8320,1.9890,0.6524,1.9801,0.7422,95.68,-0.2430,-0.0187,0.0055,0.2437,1.57,1.0000,0.0018,0.5076,0.1805,0,frozen,2-tag corner homography,2,1920,1200,0.200000,101;102,1,1,,2-tag corner homography,0.011162,0.481026,101,102,4.741026,4.260000,30,0.050000,0.600000,5.000000,raw-zero-distortion,590.9628888758,0.0000000000,1007.8592059077,0.0000000000,592.3761043005,547.7101609771,0.0000000000,0.0000000000,1.0000000000,-0.0359937509,0.0291287486,0.0062609452,0.0003552766,-0.0208418310,0.0000000000,0.0000000000,0.0000000000,0.0000000000,0.0000000000,1,0.000000,0.000000,73.010,751.404,1,1.071,73.480,751.704,65.476,791.542,8.849,780.418,79.591,716.350,135.884,722.973,-2.827238,0.615770,1.788132,3.401450,-0.001518,0.000583,1,4.260000,0.000000,1773.385,886.346,1,1.188,1772.577,886.532,1843.529,934.192,1761.019,935.407,1705.854,840.282,1784.231,843.312,1.897602,0.838761,1.466440,2.540641,4.261726,0.000868,0.0112678898,0.0113474421,-9.3595003614,0.0008833156,-0.0111409033,8.3101406694,0.0001306476,0.0040840975,1.0000000000,0.0112838714,0.0113034327,-9.3234733676,0.0008868924,-0.0111619359,8.3247484681,0.0001372684,0.0040787103,1.0000000000
478,59.2138,1785358811.360,2,1.9355,0.8265,1.9539,0.6496,1.9447,0.7380,95.93,-0.2613,-0.0227,0.0044,0.2623,2.20,1.0000,0.0021,0.5076,0.1779,0,frozen,2-tag corner homography,2,1920,1200,0.200000,101;102,1,1,,2-tag corner homography,0.011611,0.498322,101,102,4.758322,4.260000,30,0.050000,0.600000,5.000000,raw-zero-distortion,590.9628888758,0.0000000000,1007.8592059077,0.0000000000,592.3761043005,547.7101609771,0.0000000000,0.0000000000,1.0000000000,-0.0359937509,0.0291287486,0.0062609452,0.0003552766,-0.0208418310,0.0000000000,0.0000000000,0.0000000000,0.0000000000,0.0000000000,1,0.000000,0.000000,73.096,751.215,1,0.978,73.286,751.777,65.477,791.655,9.262,780.089,79.650,716.426,134.769,723.317,-2.846501,0.620059,1.799940,3.424446,-0.001807,0.001121,1,4.260000,0.000000,1773.352,886.272,1,1.109,1772.627,886.523,1843.543,934.319,1760.974,935.411,1706.079,840.222,1784.199,843.207,1.894986,0.837529,1.464323,2.537059,4.261745,0.001032,0.0111517794,0.0111002411,-9.1638021448,0.0008725719,-0.0110126286,8.2154223233,0.0001414462,0.0040019162,1.0000000000,0.0112838714,0.0113034327,-9.3234733676,0.0008868924,-0.0111619359,8.3247484681,0.0001372684,0.0040787103,1.0000000000
479,59.3331,1785358811.510,2,1.9098,0.8271,1.9292,0.6465,1.9195,0.7368,96.12,-0.2772,-0.0231,0.0065,0.2780,2.72,1.0000,0.0021,0.5076,0.1816,0,frozen,2-tag corner homography,2,1920,1200,0.200000,101;102,1,1,,2-tag corner homography,0.011253,0.502977,101,102,4.762977,4.260000,30,0.050000,0.600000,5.000000,raw-zero-distortion,590.9628888758,0.0000000000,1007.8592059077,0.0000000000,592.3761043005,547.7101609771,0.0000000000,0.0000000000,1.0000000000,-0.0359937509,0.0291287486,0.0062609452,0.0003552766,-0.0208418310,0.0000000000,0.0000000000,0.0000000000,0.0000000000,0.0000000000,1,0.000000,0.000000,73.019,751.175,1,0.940,73.132,751.795,65.393,791.641,8.811,780.065,79.562,716.455,134.737,723.405,-2.848090,0.620356,1.800649,3.426193,-0.002131,0.001213,1,4.260000,0.000000,1773.360,886.424,1,1.156,1772.552,886.555,1843.477,934.238,1760.791,935.378,1705.817,840.366,1784.439,843.274,1.898143,0.839085,1.466906,2.541421,4.261572,0.000682,0.0111154426,0.0110855588,-9.1484749881,0.0008711381,-0.0109944250,8.2022374038,0.0001406502,0.0039868595,1.0000000000,0.0112838714,0.0113034327,-9.3234733676,0.0008868924,-0.0111619359,8.3247484681,0.0001372684,0.0040787103,1.0000000000
480,59.5091,1785358811.658,2,1.8852,0.8239,1.9034,0.6440,1.8943,0.7339,95.78,-0.1892,-0.0157,0.0034,0.1898,0.01,1.0000,0.0018,0.5076,0.1808,0,frozen,2-tag corner homography,2,1920,1200,0.200000,101;102,1,1,,2-tag corner homography,0.011282,0.497655,101,102,4.757655,4.260000,30,0.050000,0.600000,5.000000,raw-zero-distortion,590.9628888758,0.0000000000,1007.8592059077,0.0000000000,592.3761043005,547.7101609771,0.0000000000,0.0000000000,1.0000000000,-0.0359937509,0.0291287486,0.0062609452,0.0003552766,-0.0208418310,0.0000000000,0.0000000000,0.0000000000,0.0000000000,0.0000000000,1,0.000000,0.000000,73.074,751.332,1,0.877,73.232,751.854,65.593,791.650,8.825,780.291,79.553,716.417,134.929,723.452,-2.843727,0.619652,1.798084,3.421090,-0.001542,0.000795,1,4.260000,0.000000,1773.372,886.383,1,1.148,1772.594,886.581,1843.493,934.328,1760.796,935.395,1705.975,840.301,1784.415,843.344,1.897276,0.838720,1.466154,2.540219,4.261649,0.000779,0.0106482127,0.0104960427,-8.6727389464,0.0008333974,-0.0105197666,7.8488363500,0.0001349164,0.0037667141,1.0000000000,0.0112838714,0.0113034327,-9.3234733676,0.0008868924,-0.0111619359,8.3247484681,0.0001372684,0.0040787103,1.0000000000
481,59.6562,1785358811.812,2,1.8414,0.8192,1.8611,0.6367,1.8512,0.7279,96.14,-0.2040,-0.0242,-0.0023,0.2054,-0.01,1.0000,0.0018,0.5076,0.1835,0,frozen,2-tag corner homography,2,1920,1200,0.200000,101;102,1,1,,2-tag corner homography,0.011064,0.494613,101,102,4.754613,4.260000,30,0.050000,0.600000,5.000000,raw-zero-distortion,590.9628888758,0.0000000000,1007.8592059077,0.0000000000,592.3761043005,547.7101609771,0.0000000000,0.0000000000,1.0000000000,-0.0359937509,0.0291287486,0.0062609452,0.0003552766,-0.0208418310,0.0000000000,0.0000000000,0.0000000000,0.0000000000,0.0000000000,1,0.000000,0.000000,73.068,751.284,1,0.997,73.350,751.758,65.569,791.586,8.836,780.184,79.554,716.426,135.366,723.254,-2.840590,0.618757,1.796326,3.417397,-0.001692,0.000924,1,4.260000,0.000000,1773.312,886.449,1,1.165,1772.519,886.643,1843.690,934.481,1760.734,935.342,1705.684,840.294,1784.349,843.546,1.897446,0.839029,1.466430,2.540608,4.261436,0.000618,0.0112874696,0.0113156682,-9.3360975598,0.0008861423,-0.0111714631,8.3335948412,0.0001349926,0.0040830136,1.0000000000,0.0112838714,0.0113034327,-9.3234733676,0.0008868924,-0.0111619359,8.3247484681,0.0001372684,0.0040787103,1.0000000000
482,59.7852,1785358811.939,2,1.7977,0.8152,1.8166,0.6324,1.8071,0.7238,95.89,-0.2822,-0.0331,-0.0040,0.2841,0.32,1.0000,0.0021,0.5076,0.1837,0,frozen,2-tag corner homography,2,1920,1200,0.200000,101;102,1,1,,2-tag corner homography,0.011557,0.503573,101,102,4.763573,4.260000,30,0.050000,0.600000,5.000000,raw-zero-distortion,590.9628888758,0.0000000000,1007.8592059077,0.0000000000,592.3761043005,547.7101609771,0.0000000000,0.0000000000,1.0000000000,-0.0359937509,0.0291287486,0.0062609452,0.0003552766,-0.0208418310,0.0000000000,0.0000000000,0.0000000000,0.0000000000,0.0000000000,1,0.000000,0.000000,73.168,751.283,1,0.814,73.258,751.829,65.643,791.601,9.082,780.339,79.689,716.348,134.639,723.413,-2.843768,0.619604,1.798159,3.421155,-0.001418,0.000950,1,4.260000,0.000000,1773.950,886.756,1,1.538,1772.830,886.782,1843.604,934.376,1761.342,935.450,1705.809,840.171,1784.963,844.222,1.903324,0.841633,1.470374,2.548134,4.262456,0.000027,0.0112320047,0.0111656741,-9.2191777897,0.0008827574,-0.0111238883,8.2988540025,0.0001373591,0.0040486270,1.0000000000,0.0112838714,0.0113034327,-9.3234733676,0.0008868924,-0.0111619359,8.3247484681,0.0001372684,0.0040787103,1.0000000000
483,59.9196,1785358812.041,2,1.7642,0.8137,1.7816,0.6301,1.7729,0.7219,95.41,-0.2929,-0.0258,0.0020,0.2941,-1.90,1.0000,0.0024,0.5076,0.1843,0,frozen,2-tag corner homography,2,1920,1200,0.200000,101;102,1,1,,2-tag corner homography,0.011560,0.476652,101,102,4.736652,4.260000,30,0.050000,0.600000,5.000000,raw-zero-distortion,590.9628888758,0.0000000000,1007.8592059077,0.0000000000,592.3761043005,547.7101609771,0.0000000000,0.0000000000,1.0000000000,-0.0359937509,0.0291287486,0.0062609452,0.0003552766,-0.0208418310,0.0000000000,0.0000000000,0.0000000000,0.0000000000,0.0000000000,1,0.000000,0.000000,73.555,750.841,1,0.783,73.450,751.557,65.509,791.648,9.040,780.123,80.455,715.847,134.799,723.045,-2.826798,0.615210,1.787797,3.400807,-0.001573,0.002245,1,4.260000,0.000000,1773.579,886.572,1,1.323,1772.616,886.579,1843.541,934.405,1761.248,935.501,1705.584,840.085,1784.448,843.442,1.893510,0.837025,1.463203,2.535144,4.261869,0.000382,0.0112054892,0.0111299601,-9.1895964703,0.0008758796,-0.0110300480,8.2256749968,0.0001399694,0.0040301089,1.0000000000,0.0112838714,0.0113034327,-9.3234733676,0.0008868924,-0.0111619359,8.3247484681,0.0001372684,0.0040787103,1.0000000000
484,60.0159,1785358812.134,2,1.7279,0.8090,1.7468,0.6254,1.7374,0.7172,95.87,-0.2968,-0.0270,0.0035,0.2980,-0.97,1.0000,0.0021,0.5076,0.1846,0,frozen,2-tag corner homography,2,1920,1200,0.200000,101;102,1,1,,2-tag corner homography,0.011280,0.498741,101,102,4.758741,4.260000,30,0.050000,0.600000,5.000000,raw-zero-distortion,590.9628888758,0.0000000000,1007.8592059077,0.0000000000,592.3761043005,547.7101609771,0.0000000000,0.0000000000,1.0000000000,-0.0359937509,0.0291287486,0.0062609452,0.0003552766,-0.0208418310,0.0000000000,0.0000000000,0.0000000000,0.0000000000,0.0000000000,1,0.000000,0.000000,73.085,751.193,1,0.925,73.151,751.856,65.635,791.672,8.836,780.280,79.462,716.546,134.662,723.315,-2.845485,0.619988,1.799038,3.423114,-0.001898,0.001179,1,4.260000,0.000000,1773.543,886.455,1,1.207,1772.695,886.578,1843.772,934.349,1760.976,935.414,1705.790,840.250,1784.600,843.376,1.896523,0.838268,1.465380,2.539061,4.261936,0.000645,0.0112729033,0.0112578136,-9.2904387471,0.0008822241,-0.0111374871,8.3095519971,0.0001431146,0.0040590342,1.0000000000,0.0112838714,0.0113034327,-9.3234733676,0.0008868924,-0.0111619359,8.3247484681,0.0001372684,0.0040787103,1.0000000000
485,60.1073,1785358812.249,2,1.7009,0.8036,1.7199,0.6209,1.7104,0.7122,95.92,-0.3014,-0.0322,-0.0009,0.3031,-0.20,1.0000,0.0020,0.5076,0.1837,0,frozen,2-tag corner homography,2,1920,1200,0.200000,101;102,1,1,,2-tag corner homography,0.011612,0.490522,101,102,4.750522,4.260000,30,0.050000,0.600000,5.000000,raw-zero-distortion,590.9628888758,0.0000000000,1007.8592059077,0.0000000000,592.3761043005,547.7101609771,0.0000000000,0.0000000000,1.0000000000,-0.0359937509,0.0291287486,0.0062609452,0.0003552766,-0.0208418310,0.0000000000,0.0000000000,0.0000000000,0.0000000000,0.0000000000,1,0.000000,0.000000,73.092,751.213,1,0.943,73.248,751.792,65.737,791.605,9.220,780.330,79.420,716.463,134.652,723.150,-2.842971,0.619309,1.797636,3.420164,-0.001822,0.001124,1,4.260000,0.000000,1773.017,886.100,1,1.071,1772.352,886.426,1843.552,934.356,1760.756,935.360,1705.702,840.047,1783.730,843.062,1.890703,0.835695,1.461539,2.531648,4.261223,0.001365,0.0111754292,0.0111047656,-9.1687087308,0.0008721207,-0.0110132302,8.2160346269,0.0001431754,0.0040086967,1.0000000000,0.0112838714,0.0113034327,-9.3234733676,0.0008868924,-0.0111619359,8.3247484681,0.0001372684,0.0040787103,1.0000000000
486,60.2245,1785358812.375,2,1.6834,0.7996,1.7034,0.6195,1.6934,0.7096,96.33,-0.2745,-0.0382,-0.0077,0.2770,1.82,1.0000,0.0022,0.5076,0.1813,0,frozen,2-tag corner homography,2,1920,1200,0.200000,101;102,1,1,,2-tag corner homography,0.011697,0.491313,101,102,4.751313,4.260000,30,0.050000,0.600000,5.000000,raw-zero-distortion,590.9628888758,0.0000000000,1007.8592059077,0.0000000000,592.3761043005,547.7101609771,0.0000000000,0.0000000000,1.0000000000,-0.0359937509,0.0291287486,0.0062609452,0.0003552766,-0.0208418310,0.0000000000,0.0000000000,0.0000000000,0.0000000000,0.0000000000,1,0.000000,0.000000,72.912,751.297,1,0.983,73.120,751.846,65.584,791.629,9.105,780.402,79.219,716.582,134.601,723.156,-2.843779,0.619567,1.797901,3.421022,-0.002091,0.000857,1,4.260000,0.000000,1773.635,886.562,1,1.434,1772.589,886.550,1843.504,934.415,1761.418,935.575,1705.445,839.858,1784.365,843.514,1.890645,0.835718,1.461040,2.531324,4.262005,0.000417,0.0112876715,0.0112112030,-9.2561469542,0.0008814025,-0.0111270736,8.3016664435,0.0001436194,0.0040627752,1.0000000000,0.0112838714,0.0113034327,-9.3234733676,0.0008868924,-0.0111619359,8.3247484681,0.0001372684,0.0040787103,1.0000000000
487,60.3562,1785358812.505,2,1.6493,0.7960,1.6687,0.6170,1.6590,0.7065,96.18,-0.2364,-0.0323,-0.0066,0.2385,1.36,1.0000,0.0017,0.5076,0.1801,0,frozen,2-tag corner homography,2,1920,1200,0.200000,101;102,1,1,,2-tag corner homography,0.011260,0.498133,101,102,4.758133,4.260000,30,0.050000,0.600000,5.000000,raw-zero-distortion,590.9628888758,0.0000000000,1007.8592059077,0.0000000000,592.3761043005,547.7101609771,0.0000000000,0.0000000000,1.0000000000,-0.0359937509,0.0291287486,0.0062609452,0.0003552766,-0.0208418310,0.0000000000,0.0000000000,0.0000000000,0.0000000000,0.0000000000,1,0.000000,0.000000,73.145,751.419,1,0.930,73.461,751.798,65.773,791.582,9.160,780.437,79.581,716.357,135.303,723.229,-2.836511,0.618063,1.793960,3.412636,-0.001104,0.000572,1,4.260000,0.000000,1773.509,886.425,1,1.272,1772.644,886.636,1843.463,933.961,1761.064,935.453,1705.996,840.548,1784.382,843.592,1.905438,0.842408,1.472365,2.551119,4.261900,0.000708,0.0110884559,0.0110433996,-9.1185795785,0.0008709283,-0.0109836321,8.1938561189,0.0001322684,0.0039891169,1.0000000000,0.0112838714,0.0113034327,-9.3234733676,0.0008868924,-0.0111619359,8.3247484681,0.0001372684,0.0040787103,1.0000000000
488,60.4893,1785358812.650,2,1.6240,0.7940,1.6411,0.6117,1.6326,0.7028,95.36,-0.2316,-0.0274,-0.0057,0.2331,-2.24,1.0000,0.0014,0.5076,0.1831,0,frozen,2-tag corner homography,2,1920,1200,0.200000,101;102,1,1,,2-tag corner homography,0.011171,0.486393,101,102,4.746393,4.260000,30,0.050000,0.600000,5.000000,raw-zero-distortion,590.9628888758,0.0000000000,1007.8592059077,0.0000000000,592.3761043005,547.7101609771,0.0000000000,0.0000000000,1.0000000000,-0.0359937509,0.0291287486,0.0062609452,0.0003552766,-0.0208418310,0.0000000000,0.0000000000,0.0000000000,0.0000000000,0.0000000000,1,0.000000,0.000000,73.183,751.501,1,0.862,73.423,751.918,65.882,791.694,8.983,780.601,79.556,716.418,135.242,723.371,-2.835753,0.618234,1.793408,3.411747,-0.000772,0.000357,1,4.260000,0.000000,1773.328,886.385,1,1.229,1772.471,886.519,1843.438,934.372,1760.812,935.366,1705.650,840.063,1784.320,843.368,1.894122,0.837307,1.463954,2.536127,4.261551,0.000766,0.0111337667,0.0110923406,-9.1595620234,0.0008699723,-0.0109894981,8.1996455114,0.0001347393,0.0040057474,1.0000000000,0.0112838714,0.0113034327,-9.3234733676,0.0008868924,-0.0111619359,8.3247484681,0.0001372684,0.0040787103,1.0000000000
489,60.6275,1785358812.774,2,1.6004,0.7922,1.6161,0.6097,1.6082,0.7009,94.91,-0.1992,-0.0224,-0.0052,0.2004,-4.01,1.0000,0.0017,0.5076,0.1832,0,frozen,2-tag corner homography,2,1920,1200,0.200000,101;102,1,1,,2-tag corner homography,0.011612,0.492954,101,102,4.752954,4.260000,30,0.050000,0.600000,5.000000,raw-zero-distortion,590.9628888758,0.0000000000,1007.8592059077,0.0000000000,592.3761043005,547.7101609771,0.0000000000,0.0000000000,1.0000000000,-0.0359937509,0.0291287486,0.0062609452,0.0003552766,-0.0208418310,0.0000000000,0.0000000000,0.0000000000,0.0000000000,0.0000000000,1,0.000000,0.000000,73.143,751.366,1,0.789,73.298,751.815,65.435,791.568,9.180,780.474,79.870,716.279,134.720,723.344,-2.837751,0.618276,1.794431,3.413953,-0.001256,0.000716,1,4.260000,0.000000,1773.373,886.360,1,1.088,1772.634,886.535,1843.508,934.220,1760.998,935.332,1706.047,840.417,1784.279,843.206,1.898778,0.839225,1.467239,2.542134,4.261682,0.000833,0.0111780350,0.0111505235,-9.2042003167,0.0008740925,-0.0110336901,8.2315348716,0.0001435508,0.0040111478,1.0000000000,0.0112838714,0.0113034327,-9.3234733676,0.0008868924,-0.0111619359,8.3247484681,0.0001372684,0.0040787103,1.0000000000
490,60.7515,1785358812.880,2,1.5781,0.7907,1.5974,0.6058,1.5877,0.6983,95.95,-0.1799,-0.0188,-0.0001,0.1809,0.22,1.0000,0.0024,0.5076,0.1859,0,frozen,2-tag corner homography,2,1920,1200,0.200000,101;102,1,1,,2-tag corner homography,0.011591,0.482162,101,102,4.742162,4.260000,30,0.050000,0.600000,5.000000,raw-zero-distortion,590.9628888758,0.0000000000,1007.8592059077,0.0000000000,592.3761043005,547.7101609771,0.0000000000,0.0000000000,1.0000000000,-0.0359937509,0.0291287486,0.0062609452,0.0003552766,-0.0208418310,0.0000000000,0.0000000000,0.0000000000,0.0000000000,0.0000000000,1,0.000000,0.000000,73.219,750.907,1,0.924,73.174,751.686,65.757,791.573,8.742,780.416,79.554,716.383,134.635,722.800,-2.832315,0.616619,1.790756,3.407203,-0.002321,0.001991,1,4.260000,0.000000,1773.245,886.415,1,1.221,1772.389,886.534,1843.348,934.387,1760.817,935.408,1705.557,840.096,1784.171,843.342,1.893404,0.837115,1.463555,2.535297,4.261330,0.000682,0.0112082597,0.0111637520,-9.2134997223,0.0008756232,-0.0110415812,8.2360345081,0.0001407788,0.0040308312,1.0000000000,0.0112838714,0.0113034327,-9.3234733676,0.0008868924,-0.0111619359,8.3247484681,0.0001372684,0.0040787103,1.0000000000
491,60.8586,1785358813.001,2,1.5595,0.7888,1.5802,0.6041,1.5698,0.6965,96.41,-0.1712,-0.0193,-0.0000,0.1722,4.24,1.0000,0.0019,0.5076,0.1858,0,frozen,2-tag corner homography,2,1920,1200,0.200000,101;102,1,1,,2-tag corner homography,0.011330,0.484166,101,102,4.744166,4.260000,30,0.050000,0.600000,5.000000,raw-zero-distortion,590.9628888758,0.0000000000,1007.8592059077,0.0000000000,592.3761043005,547.7101609771,0.0000000000,0.0000000000,1.0000000000,-0.0359937509,0.0291287486,0.0062609452,0.0003552766,-0.0208418310,0.0000000000,0.0000000000,0.0000000000,0.0000000000,0.0000000000,1,0.000000,0.000000,73.058,751.253,1,0.966,73.316,751.729,65.538,791.537,8.744,780.340,79.567,716.390,135.335,723.088,-2.834656,0.617353,1.792509,3.410203,-0.001805,0.001007,1,4.260000,0.000000,1773.441,886.547,1,1.374,1772.466,886.637,1843.449,934.487,1761.039,935.550,1705.457,839.994,1784.295,843.658,1.892953,0.837087,1.463059,2.534666,4.261597,0.000416,0.0113531992,0.0114030670,-9.4060135396,0.0008897722,-0.0112146350,8.3654487351,0.0001349193,0.0041158222,1.0000000000,0.0112838714,0.0113034327,-9.3234733676,0.0008868924,-0.0111619359,8.3247484681,0.0001372684,0.0040787103,1.0000000000
492,60.9995,1785358813.160,2,1.5488,0.7874,1.5673,0.6037,1.5581,0.6955,95.77,-0.1319,-0.0130,0.0003,0.1325,0.44,1.0000,0.0017,0.5076,0.1847,0,frozen,2-tag corner homography,2,1920,1200,0.200000,101;102,1,1,,2-tag corner homography,0.011366,0.482070,101,102,4.742070,4.260000,30,0.050000,0.600000,5.000000,raw-zero-distortion,590.9628888758,0.0000000000,1007.8592059077,0.0000000000,592.3761043005,547.7101609771,0.0000000000,0.0000000000,1.0000000000,-0.0359937509,0.0291287486,0.0062609452,0.0003552766,-0.0208418310,0.0000000000,0.0000000000,0.0000000000,0.0000000000,0.0000000000,1,0.000000,0.000000,73.454,751.119,1,0.661,73.388,751.703,65.595,791.588,8.838,780.285,80.286,715.939,134.817,723.421,-2.833346,0.617038,1.791818,3.408695,-0.001082,0.001462,1,4.260000,0.000000,1773.232,886.329,1,1.070,1772.523,886.537,1843.772,934.399,1761.201,935.489,1705.675,840.292,1783.810,843.107,1.892175,0.836434,1.462348,2.533458,4.261410,0.000877,0.0112294333,0.0111926429,-9.2393178203,0.0008781543,-0.0110735439,8.2598557361,0.0001372327,0.0040481736,1.0000000000,0.0112838714,0.0113034327,-9.3234733676,0.0008868924,-0.0111619359,8.3247484681,0.0001372684,0.0040787103,1.0000000000
493,61.1380,1785358813.263,2,1.5309,0.7877,1.5478,0.6024,1.5394,0.6950,95.22,-0.1151,-0.0072,0.0033,0.1153,-2.98,1.0000,0.0020,0.5076,0.1860,0,frozen,2-tag corner homography,2,1920,1200,0.200000,101;102,1,1,,2-tag corner homography,0.011217,0.494962,101,102,4.754962,4.260000,30,0.050000,0.600000,5.000000,raw-zero-distortion,590.9628888758,0.0000000000,1007.8592059077,0.0000000000,592.3761043005,547.7101609771,0.0000000000,0.0000000000,1.0000000000,-0.0359937509,0.0291287486,0.0062609452,0.0003552766,-0.0208418310,0.0000000000,0.0000000000,0.0000000000,0.0000000000,0.0000000000,1,0.000000,0.000000,73.155,751.165,1,0.847,73.197,751.788,65.516,791.678,8.771,780.216,79.730,716.288,134.753,723.371,-2.840751,0.618780,1.796135,3.417434,-0.001783,0.001270,1,4.260000,0.000000,1773.371,886.418,1,1.114,1772.598,886.561,1843.581,934.388,1760.733,935.268,1705.884,840.309,1784.519,843.327,1.897660,0.838836,1.466445,2.540713,4.261604,0.000698,0.0111331486,0.0110972016,-9.1592155842,0.0008717551,-0.0110006581,8.2066939744,0.0001384193,0.0039996353,1.0000000000,0.0112838714,0.0113034327,-9.3234733676,0.0008868924,-0.0111619359,8.3247484681,0.0001372684,0.0040787103,1.0000000000
494,61.2433,1785358813.372,2,1.5123,0.7862,1.5315,0.6020,1.5219,0.6941,95.95,-0.1357,-0.0064,0.0077,0.1356,-0.79,1.0000,0.0021,0.5076,0.1852,0,frozen,2-tag corner homography,2,1920,1200,0.200000,101;102,1,1,,2-tag corner homography,0.011710,0.491501,101,102,4.751501,4.260000,30,0.050000,0.600000,5.000000,raw-zero-distortion,590.9628888758,0.0000000000,1007.8592059077,0.0000000000,592.3761043005,547.7101609771,0.0000000000,0.0000000000,1.0000000000,-0.0359937509,0.0291287486,0.0062609452,0.0003552766,-0.0208418310,0.0000000000,0.0000000000,0.0000000000,0.0000000000,0.0000000000,1,0.000000,0.000000,72.923,751.243,1,1.079,73.204,751.780,65.464,791.590,9.302,780.420,79.322,716.627,134.746,722.890,-2.838912,0.618361,1.794984,3.415225,-0.002209,0.001007,1,4.260000,0.000000,1773.388,886.505,1,1.132,1772.601,886.639,1843.640,934.541,1760.870,935.362,1705.817,840.302,1784.423,843.436,1.896023,0.838301,1.465173,2.538579,4.261533,0.000502,0.0112969294,0.0112638463,-9.2966811880,0.0008830570,-0.0111353767,8.3070106266,0.0001487161,0.0040584686,1.0000000000,0.0112838714,0.0113034327,-9.3234733676,0.0008868924,-0.0111619359,8.3247484681,0.0001372684,0.0040787103,1.0000000000
495,61.3658,1785358813.509,2,1.5030,0.7855,1.5209,0.5997,1.5119,0.6926,95.48,-0.1246,-0.0093,0.0026,0.1249,0.45,1.0000,0.0027,0.5076,0.1867,0,frozen,2-tag corner homography,2,1920,1200,0.200000,101;102,1,1,,2-tag corner homography,0.011659,0.492609,101,102,4.752609,4.260000,30,0.050000,0.600000,5.000000,raw-zero-distortion,590.9628888758,0.0000000000,1007.8592059077,0.0000000000,592.3761043005,547.7101609771,0.0000000000,0.0000000000,1.0000000000,-0.0359937509,0.0291287486,0.0062609452,0.0003552766,-0.0208418310,0.0000000000,0.0000000000,0.0000000000,0.0000000000,0.0000000000,1,0.000000,0.000000,73.026,750.893,1,1.026,73.084,751.646,65.666,791.473,8.809,780.178,79.261,716.519,134.593,722.818,-2.842180,0.618587,1.796819,3.418946,-0.002893,0.001987,1,4.260000,0.000000,1773.364,886.498,1,1.191,1772.527,886.601,1843.516,934.516,1761.057,935.420,1705.683,840.171,1784.201,843.415,1.893682,0.837254,1.463505,2.535522,4.261488,0.000514,0.0112585810,0.0112165422,-9.2553633475,0.0008818434,-0.0111126814,8.2886769375,0.0001408104,0.0040559596,1.0000000000,0.0112838714,0.0113034327,-9.3234733676,0.0008868924,-0.0111619359,8.3247484681,0.0001372684,0.0040787103,1.0000000000
496,61.4999,1785358813.674,2,1.4891,0.7854,1.5058,0.6005,1.4975,0.6930,95.18,-0.1036,-0.0056,0.0037,0.1037,-2.01,1.0000,0.0019,0.5076,0.1856,0,frozen,2-tag corner homography,2,1920,1200,0.200000,101;102,1,1,,2-tag corner homography,0.011487,0.501767,101,102,4.761767,4.260000,30,0.050000,0.600000,5.000000,raw-zero-distortion,590.9628888758,0.0000000000,1007.8592059077,0.0000000000,592.3761043005,547.7101609771,0.0000000000,0.0000000000,1.0000000000,-0.0359937509,0.0291287486,0.0062609452,0.0003552766,-0.0208418310,0.0000000000,0.0000000000,0.0000000000,0.0000000000,0.0000000000,1,0.000000,0.000000,73.104,751.275,1,0.858,73.225,751.826,65.709,791.514,8.824,780.251,79.499,716.478,134.839,723.447,-2.848594,0.620624,1.801146,3.426921,-0.001616,0.000957,1,4.260000,0.000000,1773.496,886.484,1,1.097,1772.750,886.652,1843.607,934.459,1761.165,935.480,1706.158,840.406,1784.360,843.322,1.896311,0.838297,1.465111,2.538758,4.261798,0.000570,0.0111763851,0.0113552658,-9.3571279712,0.0008781406,-0.0110739633,8.2614836369,0.0001359500,0.0040332872,1.0000000000,0.0112838714,0.0113034327,-9.3234733676,0.0008868924,-0.0111619359,8.3247484681,0.0001372684,0.0040787103,1.0000000000
497,61.6530,1785358813.829,2,1.4741,0.7874,1.4925,0.5990,1.4833,0.6932,95.59,-0.1005,0.0002,0.0100,0.1000,-0.14,1.0000,0.0020,0.5076,0.1893,0,frozen,2-tag corner homography,2,1920,1200,0.200000,101;102,1,1,,2-tag corner homography,0.011282,0.499037,101,102,4.759037,4.260000,30,0.050000,0.600000,5.000000,raw-zero-distortion,590.9628888758,0.0000000000,1007.8592059077,0.0000000000,592.3761043005,547.7101609771,0.0000000000,0.0000000000,1.0000000000,-0.0359937509,0.0291287486,0.0062609452,0.0003552766,-0.0208418310,0.0000000000,0.0000000000,0.0000000000,0.0000000000,0.0000000000,1,0.000000,0.000000,73.260,751.141,1,0.843,73.251,751.820,65.889,791.574,8.834,780.341,79.583,716.458,134.693,723.297,-2.844131,0.619650,1.798375,3.421579,-0.001558,0.001359,1,4.260000,0.000000,1773.444,886.446,1,1.141,1772.656,886.606,1843.621,934.390,1760.788,935.337,1705.955,840.338,1784.586,843.404,1.898264,0.839150,1.466799,2.541472,4.261731,0.000648,0.0111625977,0.0111287290,-9.1860364683,0.0008744629,-0.0110337228,8.2316463004,0.0001400149,0.0040106558,1.0000000000,0.0112838714,0.0113034327,-9.3234733676,0.0008868924,-0.0111619359,8.3247484681,0.0001372684,0.0040787103,1.0000000000
498,61.8089,1785358813.990,2,1.4608,0.7865,1.4739,0.5993,1.4673,0.6929,94.00,-0.0982,-0.0002,0.0067,0.0980,-2.98,1.0000,0.0019,0.5076,0.1876,0,frozen,2-tag corner homography,2,1920,1200,0.200000,101;102,1,1,,2-tag corner homography,0.016082,0.499928,101,102,4.759928,4.260000,30,0.050000,0.600000,5.000000,raw-zero-distortion,590.9628888758,0.0000000000,1007.8592059077,0.0000000000,592.3761043005,547.7101609771,0.0000000000,0.0000000000,1.0000000000,-0.0359937509,0.0291287486,0.0062609452,0.0003552766,-0.0208418310,0.0000000000,0.0000000000,0.0000000000,0.0000000000,0.0000000000,1,0.000000,0.000000,73.316,751.149,1,0.871,73.408,751.738,65.747,791.637,9.127,780.080,79.843,716.238,134.918,723.383,-2.843651,0.619402,1.798373,3.421134,-0.001381,0.001350,1,4.260000,0.000000,1773.476,886.472,1,1.159,1772.669,886.613,1843.641,934.253,1760.921,935.418,1705.909,840.461,1784.536,843.356,1.899672,0.839775,1.467862,2.543343,4.261769,0.000594,0.0075775242,0.0064886239,-5.4347267710,0.0005842531,-0.0073640680,5.4947386078,0.0001254385,0.0022615299,1.0000000000,0.0112838714,0.0113034327,-9.3234733676,0.0008868924,-0.0111619359,8.3247484681,0.0001372684,0.0040787103,1.0000000000
499,61.9901,1785358814.129,2,1.4478,0.7859,1.4626,0.5991,1.4552,0.6925,94.52,-0.0857,-0.0018,0.0050,0.0856,-3.01,1.0000,0.0024,0.5076,0.1874,0,frozen,2-tag corner homography,2,1920,1200,0.200000,101;102,1,1,,2-tag corner homography,0.011560,0.491339,101,102,4.751339,4.260000,30,0.050000,0.600000,5.000000,raw-zero-distortion,590.9628888758,0.0000000000,1007.8592059077,0.0000000000,592.3761043005,547.7101609771,0.0000000000,0.0000000000,1.0000000000,-0.0359937509,0.0291287486,0.0062609452,0.0003552766,-0.0208418310,0.0000000000,0.0000000000,0.0000000000,0.0000000000,0.0000000000,1,0.000000,0.000000,73.239,750.958,1,0.917,73.254,751.665,65.618,791.582,8.802,780.140,79.743,716.288,134.826,723.067,-2.838094,0.617869,1.794563,3.414234,-0.002123,0.001856,1,4.260000,0.000000,1773.354,886.325,1,1.044,1772.692,886.615,1843.670,934.503,1760.970,935.330,1706.221,840.327,1784.209,843.370,1.896704,0.838442,1.465525,2.539337,4.261684,0.000909,0.0111453491,0.0111189470,-9.1758203799,0.0008739657,-0.0110143324,8.2154114800,0.0001342835,0.0040144739,1.0000000000,0.0112838714,0.0113034327,-9.3234733676,0.0008868924,-0.0111619359,8.3247484681,0.0001372684,0.0040787103,1.0000000000
500,62.1040,1785358814.250,2,1.4312,0.7857,1.4437,0.6019,1.4375,0.6938,93.89,-0.0938,0.0012,0.0075,0.0935,-1.08,1.0000,0.0017,0.5076,0.1843,0,frozen,2-tag corner homography,2,1920,1200,0.200000,101;102,1,1,,2-tag corner homography,0.011909,0.498008,101,102,4.758008,4.260000,30,0.050000,0.600000,5.000000,raw-zero-distortion,590.9628888758,0.0000000000,1007.8592059077,0.0000000000,592.3761043005,547.7101609771,0.0000000000,0.0000000000,1.0000000000,-0.0359937509,0.0291287486,0.0062609452,0.0003552766,-0.0208418310,0.0000000000,0.0000000000,0.0000000000,0.0000000000,0.0000000000,1,0.000000,0.000000,73.121,751.343,1,0.884,73.250,751.902,65.698,791.643,9.206,780.437,79.530,716.551,134.599,723.358,-2.845412,0.620179,1.799182,3.423164,-0.001383,0.000776,1,4.260000,0.000000,1773.286,886.317,1,1.141,1772.544,886.589,1843.660,934.357,1760.901,935.450,1705.845,840.279,1784.113,843.361,1.895847,0.838163,1.465147,2.538387,4.261543,0.000916,0.0111836163,0.0114676613,-9.4434244324,0.0008766434,-0.0110596229,8.2513420227,0.0001445674,0.0040225001,1.0000000000,0.0112838714,0.0113034327,-9.3234733676,0.0008868924,-0.0111619359,8.3247484681,0.0001372684,0.0040787103,1.0000000000
501,62.2251,1785358814.346,2,1.4223,0.7876,1.4323,0.5995,1.4273,0.6936,93.06,-0.1104,0.0035,0.0094,0.1101,-4.59,1.0000,0.0018,0.5076,0.1884,0,frozen,2-tag corner homography,2,1920,1200,0.200000,101;102,1,1,,2-tag corner homography,0.011699,0.492777,101,102,4.752777,4.260000,30,0.050000,0.600000,5.000000,raw-zero-distortion,590.9628888758,0.0000000000,1007.8592059077,0.0000000000,592.3761043005,547.7101609771,0.0000000000,0.0000000000,1.0000000000,-0.0359937509,0.0291287486,0.0062609452,0.0003552766,-0.0208418310,0.0000000000,0.0000000000,0.0000000000,0.0000000000,0.0000000000,1,0.000000,0.000000,72.971,751.441,1,0.846,73.171,751.881,65.252,791.650,9.199,780.517,79.697,716.400,134.564,723.358,-2.839173,0.618703,1.795087,3.415558,-0.001525,0.000473,1,4.260000,0.000000,1773.481,886.436,1,1.114,1772.716,886.593,1843.735,934.423,1761.100,935.344,1705.981,840.331,1784.387,843.354,1.897083,0.838529,1.465771,2.539791,4.261824,0.000677,0.0112705650,0.0112358447,-9.2744840932,0.0008805791,-0.0111169261,8.2944542349,0.0001471002,0.0040490232,1.0000000000,0.0112838714,0.0113034327,-9.3234733676,0.0008868924,-0.0111619359,8.3247484681,0.0001372684,0.0040787103,1.0000000000
502,62.3208,1785358814.441,2,1.4027,0.7871,1.4164,0.5995,1.4096,0.6933,94.19,-0.1229,0.0026,0.0116,0.1224,-2.94,1.0000,0.0020,0.5076,0.1881,0,frozen,2-tag corner homography,2,1920,1200,0.200000,101;102,1,1,,2-tag corner homography,0.011416,0.492487,101,102,4.752487,4.260000,30,0.050000,0.600000,5.000000,raw-zero-distortion,590.9628888758,0.0000000000,1007.8592059077,0.0000000000,592.3761043005,547.7101609771,0.0000000000,0.0000000000,1.0000000000,-0.0359937509,0.0291287486,0.0062609452,0.0003552766,-0.0208418310,0.0000000000,0.0000000000,0.0000000000,0.0000000000,0.0000000000,1,0.000000,0.000000,73.197,751.182,1,0.870,73.298,751.759,65.577,791.652,9.046,780.296,79.771,716.270,134.801,723.224,-2.837413,0.618032,1.794217,3.413515,-0.001618,0.001234,1,4.260000,0.000000,1773.398,886.303,1,1.163,1772.650,886.608,1843.753,934.253,1760.926,935.464,1705.986,840.360,1784.276,843.422,1.898636,0.839327,1.467099,2.541981,4.261807,0.000968,0.0111648119,0.0111175796,-9.1777493792,0.0008742570,-0.0110249486,8.2243261591,0.0001396719,0.0040119230,1.0000000000,0.0112838714,0.0113034327,-9.3234733676,0.0008868924,-0.0111619359,8.3247484681,0.0001372684,0.0040787103,1.0000000000
503,62.4143,1785358814.535,2,1.3850,0.7861,1.4017,0.6002,1.3934,0.6931,95.13,-0.1356,-0.0002,0.0119,0.1351,1.38,1.0000,0.0024,0.5076,0.1866,0,frozen,2-tag corner homography,2,1920,1200,0.200000,101;102,1,1,,2-tag corner homography,0.011454,0.499114,101,102,4.759114,4.260000,30,0.050000,0.600000,5.000000,raw-zero-distortion,590.9628888758,0.0000000000,1007.8592059077,0.0000000000,592.3761043005,547.7101609771,0.0000000000,0.0000000000,1.0000000000,-0.0359937509,0.0291287486,0.0062609452,0.0003552766,-0.0208418310,0.0000000000,0.0000000000,0.0000000000,0.0000000000,0.0000000000,1,0.000000,0.000000,73.048,751.086,1,1.007,73.149,751.779,65.724,791.644,8.801,780.125,79.286,716.545,134.771,723.189,-2.846762,0.620033,1.799843,3.424606,-0.002297,0.001462,1,4.260000,0.000000,1773.617,886.563,1,1.301,1772.700,886.669,1843.590,934.453,1761.283,935.549,1705.840,840.177,1784.433,843.605,1.895521,0.838045,1.464595,2.537786,4.261964,0.000410,0.0111707874,0.0111466743,-9.1985200926,0.0008765860,-0.0110518483,8.2447124319,0.0001342806,0.0040268644,1.0000000000,0.0112838714,0.0113034327,-9.3234733676,0.0008868924,-0.0111619359,8.3247484681,0.0001372684,0.0040787103,1.0000000000
504,62.5135,1785358814.644,2,1.3643,0.7839,1.3833,0.5998,1.3738,0.6918,95.87,-0.1652,-0.0035,0.0134,0.1647,6.47,1.0000,0.0023,0.5076,0.1851,0,frozen,2-tag corner homography,2,1920,1200,0.200000,101;102,1,0,world_rms>0.050,2-tag corner homography,0.129443,0.495823,101,102,4.755823,4.260000,30,0.050000,0.600000,5.000000,raw-zero-distortion,590.9628888758,0.0000000000,1007.8592059077,0.0000000000,592.3761043005,547.7101609771,0.0000000000,0.0000000000,1.0000000000,-0.0359937509,0.0291287486,0.0062609452,0.0003552766,-0.0208418310,0.0000000000,0.0000000000,0.0000000000,0.0000000000,0.0000000000,1,0.000000,0.000000,73.065,751.095,1,0.963,73.214,751.695,65.548,791.575,8.868,780.068,79.517,716.346,134.895,723.190,-2.843279,0.619061,1.797764,3.420442,-0.002226,0.001442,1,4.260000,0.000000,1773.584,886.600,1,1.358,1772.609,886.658,1843.652,934.434,1761.168,935.511,1705.530,840.141,1784.481,843.672,1.895822,0.838251,1.465003,2.538314,4.261846,0.000319,-0.0036295600,-0.0012460098,1.2130382694,-0.0002413846,0.0030127068,-2.2443876622,-0.0014336666,0.0000605525,1.0000000000,0.0112838714,0.0113034327,-9.3234733676,0.0008868924,-0.0111619359,8.3247484681,0.0001372684,0.0040787103,1.0000000000
505,62.6239,1785358814.761,2,1.3461,0.7866,1.3653,0.5993,1.3557,0.6929,95.83,-0.1745,-0.0027,0.0150,0.1738,5.86,1.0000,0.0023,0.5076,0.1883,0,frozen,2-tag corner homography,2,1920,1200,0.200000,101;102,1,1,,2-tag corner homography,0.011496,0.496436,101,102,4.756436,4.260000,30,0.050000,0.600000,5.000000,raw-zero-distortion,590.9628888758,0.0000000000,1007.8592059077,0.0000000000,592.3761043005,547.7101609771,0.0000000000,0.0000000000,1.0000000000,-0.0359937509,0.0291287486,0.0062609452,0.0003552766,-0.0208418310,0.0000000000,0.0000000000,0.0000000000,0.0000000000,0.0000000000,1,0.000000,0.000000,72.950,751.155,1,0.989,73.149,751.718,65.434,791.542,8.801,780.163,79.410,716.439,134.911,723.136,-2.842447,0.618907,1.797113,3.419381,-0.002378,0.001253,1,4.260000,0.000000,1773.365,886.366,1,1.129,1772.640,886.661,1843.644,934.419,1760.905,935.471,1706.077,840.357,1784.251,843.462,1.897357,0.838902,1.466129,2.540325,4.261657,0.000819,0.0113619765,0.0115506213,-9.5155601276,0.0008928512,-0.0112504914,8.3919811895,0.0001369851,0.0041219050,1.0000000000,0.0112838714,0.0113034327,-9.3234733676,0.0008868924,-0.0111619359,8.3247484681,0.0001372684,0.0040787103,1.0000000000
506,62.7492,1785358814.937,2,1.3359,0.7930,1.3517,0.5981,1.3438,0.6956,94.64,-0.1564,0.0047,0.0173,0.1555,0.73,1.0000,0.0019,0.5076,0.1956,0,frozen,2-tag corner homography,2,1920,1200,0.200000,101;102,1,1,,2-tag corner homography,0.011119,0.476496,101,102,4.736496,4.260000,30,0.050000,0.600000,5.000000,raw-zero-distortion,590.9628888758,0.0000000000,1007.8592059077,0.0000000000,592.3761043005,547.7101609771,0.0000000000,0.0000000000,1.0000000000,-0.0359937509,0.0291287486,0.0062609452,0.0003552766,-0.0208418310,0.0000000000,0.0000000000,0.0000000000,0.0000000000,0.0000000000,1,0.000000,0.000000,72.905,751.336,1,1.379,73.592,751.620,65.604,791.538,9.151,780.279,79.220,716.561,136.265,722.573,-2.826654,0.615464,1.787976,3.400828,-0.001999,0.000746,1,4.260000,0.000000,1773.233,886.370,1,1.195,1772.408,886.527,1843.510,934.343,1760.810,935.437,1705.526,840.152,1784.143,843.279,1.893520,0.837129,1.463608,2.535419,4.261360,0.000784,0.0113346773,0.0114606204,-9.4497681801,0.0008881576,-0.0111926069,8.3475553425,0.0001333107,0.0041123117,1.0000000000,0.0112838714,0.0113034327,-9.3234733676,0.0008868924,-0.0111619359,8.3247484681,0.0001372684,0.0040787103,1.0000000000
507,62.9194,1785358815.061,2,1.3178,0.7850,1.3397,0.5980,1.3287,0.6915,96.67,-0.1042,-0.0038,0.0083,0.1040,2.84,1.0000,0.0021,0.5076,0.1883,0,frozen,2-tag corner homography,2,1920,1200,0.200000,101;102,1,1,,2-tag corner homography,0.011198,0.482896,101,102,4.742896,4.260000,30,0.050000,0.600000,5.000000,raw-zero-distortion,590.9628888758,0.0000000000,1007.8592059077,0.0000000000,592.3761043005,547.7101609771,0.0000000000,0.0000000000,1.0000000000,-0.0359937509,0.0291287486,0.0062609452,0.0003552766,-0.0208418310,0.0000000000,0.0000000000,0.0000000000,0.0000000000,0.0000000000,1,0.000000,0.000000,73.072,751.198,1,1.025,73.323,751.733,65.626,791.661,8.831,780.259,79.477,716.389,135.297,723.050,-2.834765,0.617392,1.792590,3.410344,-0.001920,0.001160,1,4.260000,0.000000,1773.309,886.264,1,1.259,1772.451,886.453,1843.693,934.298,1760.979,935.436,1705.439,839.946,1784.088,843.281,1.891542,0.836025,1.461996,2.532647,4.261661,0.001041,0.0115504299,0.0116674100,-9.6192815309,0.0009037605,-0.0114057246,8.5079329634,0.0001364282,0.0042112138,1.0000000000,0.0112838714,0.0113034327,-9.3234733676,0.0008868924,-0.0111619359,8.3247484681,0.0001372684,0.0040787103,1.0000000000
508,63.0600,1785358815.231,2,1.2915,0.7841,1.3168,0.6003,1.3041,0.6922,97.84,-0.1204,-0.0093,0.0072,0.1205,8.35,1.0000,0.0025,0.5076,0.1855,0,frozen,2-tag corner homography,2,1920,1200,0.200000,101;102,1,1,,2-tag corner homography,0.011398,0.481158,101,102,4.741158,4.260000,30,0.050000,0.600000,5.000000,raw-zero-distortion,590.9628888758,0.0000000000,1007.8592059077,0.0000000000,592.3761043005,547.7101609771,0.0000000000,0.0000000000,1.0000000000,-0.0359937509,0.0291287486,0.0062609452,0.0003552766,-0.0208418310,0.0000000000,0.0000000000,0.0000000000,0.0000000000,0.0000000000,1,0.000000,0.000000,72.990,751.021,1,1.393,73.546,751.487,65.509,791.556,8.836,779.888,79.372,716.445,136.301,722.534,-2.828600,0.615455,1.789119,3.403044,-0.002637,0.001629,1,4.260000,0.000000,1773.583,886.637,1,1.237,1772.709,886.731,1843.572,934.554,1761.240,935.542,1705.916,840.310,1784.442,843.612,1.896212,0.838494,1.465112,2.538749,4.261797,0.000235,0.0113079547,0.0117314146,-9.6492087074,0.0008925175,-0.0112162748,8.3632080449,0.0001231388,0.0041313961,1.0000000000,0.0112838714,0.0113034327,-9.3234733676,0.0008868924,-0.0111619359,8.3247484681,0.0001372684,0.0040787103,1.0000000000
509,63.2124,1785358815.341,2,1.2790,0.7862,1.3036,0.6010,1.2913,0.6936,97.59,-0.1255,0.0034,0.0200,0.1240,4.31,1.0000,0.0029,0.5076,0.1868,0,frozen,2-tag corner homography,2,1920,1200,0.200000,101;102,1,1,,2-tag corner homography,0.011580,0.487122,101,102,4.747122,4.260000,30,0.050000,0.600000,5.000000,raw-zero-distortion,590.9628888758,0.0000000000,1007.8592059077,0.0000000000,592.3761043005,547.7101609771,0.0000000000,0.0000000000,1.0000000000,-0.0359937509,0.0291287486,0.0062609452,0.0003552766,-0.0208418310,0.0000000000,0.0000000000,0.0000000000,0.0000000000,0.0000000000,1,0.000000,0.000000,72.906,750.896,1,1.091,73.044,751.606,65.273,791.567,8.802,780.030,79.375,716.431,134.700,722.811,-2.839353,0.617823,1.794955,3.415478,-0.003219,0.001955,1,4.260000,0.000000,1773.603,886.735,1,1.297,1772.643,886.680,1843.790,934.695,1761.391,935.549,1705.393,840.126,1784.412,843.525,1.890988,0.836130,1.461203,2.531809,4.261719,0.000014,0.0114117322,0.0113731955,-9.3834040372,0.0008934503,-0.0112500390,8.3906594841,0.0001438769,0.0041247712,1.0000000000,0.0112838714,0.0113034327,-9.3234733676,0.0008868924,-0.0111619359,8.3247484681,0.0001372684,0.0040787103,1.0000000000
510,63.3153,1785358815.431,2,1.2630,0.7850,1.2901,0.6015,1.2765,0.6932,98.40,-0.1136,0.0040,0.0205,0.1118,2.80,1.0000,0.0029,0.5076,0.1855,0,frozen,2-tag corner homography,2,1920,1200,0.200000,101;102,1,1,,2-tag corner homography,0.011267,0.504119,101,102,4.764119,4.260000,30,0.050000,0.600000,5.000000,raw-zero-distortion,590.9628888758,0.0000000000,1007.8592059077,0.0000000000,592.3761043005,547.7101609771,0.0000000000,0.0000000000,1.0000000000,-0.0359937509,0.0291287486,0.0062609452,0.0003552766,-0.0208418310,0.0000000000,0.0000000000,0.0000000000,0.0000000000,0.0000000000,1,0.000000,0.000000,73.032,750.820,1,1.124,73.161,751.577,65.653,791.528,8.761,779.500,79.263,716.440,134.925,723.201,-2.857082,0.621670,1.806391,3.436923,-0.003083,0.002190,1,4.260000,0.000000,1773.073,886.215,1,1.075,1772.394,886.511,1843.601,934.481,1760.872,935.473,1705.694,840.104,1783.747,843.125,1.889666,0.835401,1.460655,2.530266,4.261203,0.001111,0.0111705113,0.0111522943,-9.2004189796,0.0008775333,-0.0110589186,8.2477615010,0.0001324184,0.0040306690,1.0000000000,0.0112838714,0.0113034327,-9.3234733676,0.0008868924,-0.0111619359,8.3247484681,0.0001372684,0.0040787103,1.0000000000
511,63.4071,1785358815.522,2,1.2504,0.7875,1.2773,0.6026,1.2638,0.6951,98.30,-0.1154,0.0057,0.0223,0.1134,2.21,1.0000,0.0020,0.5076,0.1868,0,frozen,2-tag corner homography,2,1920,1200,0.200000,101;102,1,1,,2-tag corner homography,0.011209,0.491860,101,102,4.751860,4.260000,30,0.050000,0.600000,5.000000,raw-zero-distortion,590.9628888758,0.0000000000,1007.8592059077,0.0000000000,592.3761043005,547.7101609771,0.0000000000,0.0000000000,1.0000000000,-0.0359937509,0.0291287486,0.0062609452,0.0003552766,-0.0208418310,0.0000000000,0.0000000000,0.0000000000,0.0000000000,0.0000000000,1,0.000000,0.000000,72.931,751.358,1,1.166,73.416,751.729,65.775,791.602,9.201,780.192,79.133,716.484,135.519,723.042,-2.840137,0.618614,1.796167,3.416910,-0.001866,0.000692,1,4.260000,0.000000,1773.503,886.426,1,1.309,1772.597,886.586,1843.704,934.394,1761.119,935.443,1705.631,840.049,1784.325,843.590,1.895063,0.837749,1.464439,2.537256,4.261885,0.000705,0.0109095886,0.0107906287,-8.9140422427,0.0008551424,-0.0107816593,8.0425229036,0.0001312053,0.0039020499,1.0000000000,0.0112838714,0.0113034327,-9.3234733676,0.0008868924,-0.0111619359,8.3247484681,0.0001372684,0.0040787103,1.0000000000
512,63.4970,1785358815.617,2,1.2441,0.7884,1.2706,0.6038,1.2573,0.6961,98.17,-0.1190,0.0079,0.0247,0.1166,1.98,1.0000,0.0022,0.5076,0.1865,0,frozen,2-tag corner homography,2,1920,1200,0.200000,101;102,1,1,,2-tag corner homography,0.011486,0.494962,101,102,4.754962,4.260000,30,0.050000,0.600000,5.000000,raw-zero-distortion,590.9628888758,0.0000000000,1007.8592059077,0.0000000000,592.3761043005,547.7101609771,0.0000000000,0.0000000000,1.0000000000,-0.0359937509,0.0291287486,0.0062609452,0.0003552766,-0.0208418310,0.0000000000,0.0000000000,0.0000000000,0.0000000000,0.0000000000,1,0.000000,0.000000,72.892,751.244,1,1.105,73.269,751.692,65.508,791.477,9.161,780.156,79.265,716.519,135.116,723.015,-2.843519,0.619140,1.798022,3.420792,-0.002292,0.000997,1,4.260000,0.000000,1773.489,886.524,1,1.342,1772.530,886.587,1843.540,934.325,1761.253,935.525,1705.480,840.117,1784.229,843.513,1.894679,0.837657,1.464271,2.536842,4.261731,0.000476,0.0113450806,0.0113305451,-9.3499520903,0.0008893852,-0.0112113662,8.3626449665,0.0001404213,0.0040990897,1.0000000000,0.0112838714,0.0113034327,-9.3234733676,0.0008868924,-0.0111619359,8.3247484681,0.0001372684,0.0040787103,1.0000000000
513,63.5927,1785358815.708,2,1.2367,0.7884,1.2652,0.6043,1.2510,0.6964,98.78,-0.1018,0.0099,0.0253,0.0991,1.48,1.0000,0.0026,0.5076,0.1863,0,frozen,2-tag corner homography,2,1920,1200,0.200000,101;102,1,1,,2-tag corner homography,0.011193,0.510610,101,102,4.770610,4.260000,30,0.050000,0.600000,5.000000,raw-zero-distortion,590.9628888758,0.0000000000,1007.8592059077,0.0000000000,592.3761043005,547.7101609771,0.0000000000,0.0000000000,1.0000000000,-0.0359937509,0.0291287486,0.0062609452,0.0003552766,-0.0208418310,0.0000000000,0.0000000000,0.0000000000,0.0000000000,0.0000000000,1,0.000000,0.000000,72.904,751.042,1,1.238,73.277,751.617,65.665,791.488,8.856,779.479,79.070,716.584,135.432,723.279,-2.860076,0.622521,1.808507,3.440678,-0.002820,0.001552,1,4.260000,0.000000,1773.522,886.636,1,1.336,1772.545,886.616,1843.544,934.455,1761.406,935.531,1705.413,840.122,1784.209,843.509,1.893174,0.837046,1.463079,2.534828,4.261665,0.000227,0.0112729383,0.0110957294,-9.1670674718,0.0008871480,-0.0111793391,8.3382006029,0.0001279160,0.0040835697,1.0000000000,0.0112838714,0.0113034327,-9.3234733676,0.0008868924,-0.0111619359,8.3247484681,0.0001372684,0.0040787103,1.0000000000
514,63.6852,1785358815.806,2,1.2266,0.7882,1.2550,0.6037,1.2408,0.6959,98.76,-0.0898,0.0060,0.0196,0.0878,1.87,1.0000,0.0019,0.5076,0.1868,0,frozen,2-tag corner homography,2,1920,1200,0.200000,101;102,1,1,,2-tag corner homography,0.042030,0.492885,101,102,4.752885,4.260000,30,0.050000,0.600000,5.000000,raw-zero-distortion,590.9628888758,0.0000000000,1007.8592059077,0.0000000000,592.3761043005,547.7101609771,0.0000000000,0.0000000000,1.0000000000,-0.0359937509,0.0291287486,0.0062609452,0.0003552766,-0.0208418310,0.0000000000,0.0000000000,0.0000000000,0.0000000000,0.0000000000,1,0.000000,0.000000,72.860,751.388,1,1.060,73.312,751.703,65.355,791.437,9.058,780.153,79.413,716.421,135.360,723.210,-2.843092,0.619109,1.797835,3.420333,-0.001979,0.000595,1,4.260000,0.000000,1773.437,886.562,1,1.315,1772.489,886.598,1843.546,934.470,1761.106,935.485,1705.402,840.071,1784.289,843.507,1.892978,0.836977,1.463035,2.534634,4.261570,0.000381,0.0166405134,0.0105087723,-9.1193713532,0.0011230644,-0.0143216423,10.6923012056,0.0002749054,0.0061840124,1.0000000000,0.0112838714,0.0113034327,-9.3234733676,0.0008868924,-0.0111619359,8.3247484681,0.0001372684,0.0040787103,1.0000000000
515,63.7831,1785358815.900,2,1.2166,0.7899,1.2485,0.6040,1.2325,0.6969,99.76,-0.0892,0.0038,0.0188,0.0873,3.76,1.0000,0.0025,0.5076,0.1886,0,frozen,2-tag corner homography,2,1920,1200,0.200000,101;102,1,1,,2-tag corner homography,0.011118,0.481621,101,102,4.741621,4.260000,30,0.050000,0.600000,5.000000,raw-zero-distortion,590.9628888758,0.0000000000,1007.8592059077,0.0000000000,592.3761043005,547.7101609771,0.0000000000,0.0000000000,1.0000000000,-0.0359937509,0.0291287486,0.0062609452,0.0003552766,-0.0208418310,0.0000000000,0.0000000000,0.0000000000,0.0000000000,0.0000000000,1,0.000000,0.000000,73.127,750.915,1,1.202,73.394,751.580,65.913,791.572,8.753,780.147,79.234,716.495,135.586,722.553,-2.831078,0.616176,1.790396,3.405906,-0.002553,0.001948,1,4.260000,0.000000,1773.285,886.465,1,1.162,1772.479,886.604,1843.607,934.462,1760.878,935.453,1705.588,840.259,1784.205,843.346,1.894109,0.837502,1.463929,2.536168,4.261356,0.000576,0.0112066106,0.0112213143,-9.2577485575,0.0008787537,-0.0110664896,8.2532159217,0.0001312296,0.0040511289,1.0000000000,0.0112838714,0.0113034327,-9.3234733676,0.0008868924,-0.0111619359,8.3247484681,0.0001372684,0.0040787103,1.0000000000
516,63.8770,1785358816.020,2,1.2112,0.7912,1.2395,0.6057,1.2254,0.6984,98.69,-0.0894,0.0060,0.0194,0.0875,2.00,1.0000,0.0023,0.5076,0.1877,0,frozen,2-tag corner homography,2,1920,1200,0.200000,101;102,1,1,,2-tag corner homography,0.011225,0.471979,101,102,4.731979,4.260000,30,0.050000,0.600000,5.000000,raw-zero-distortion,590.9628888758,0.0000000000,1007.8592059077,0.0000000000,592.3761043005,547.7101609771,0.0000000000,0.0000000000,1.0000000000,-0.0359937509,0.0291287486,0.0062609452,0.0003552766,-0.0208418310,0.0000000000,0.0000000000,0.0000000000,0.0000000000,0.0000000000,1,0.000000,0.000000,72.702,751.367,1,1.354,73.431,751.570,65.350,791.424,8.786,780.356,79.104,716.481,136.314,722.515,-2.822710,0.614349,1.785174,3.395875,-0.002477,0.000618,1,4.260000,0.000000,1773.587,886.491,1,1.346,1772.629,886.566,1843.600,934.417,1761.262,935.490,1705.629,839.971,1784.394,843.524,1.893033,0.836769,1.462809,2.534475,4.261989,0.000572,0.0114271473,0.0115333565,-9.5088782899,0.0008959773,-0.0112878248,8.4182269205,0.0001286873,0.0041669209,1.0000000000,0.0112838714,0.0113034327,-9.3234733676,0.0008868924,-0.0111619359,8.3247484681,0.0001372684,0.0040787103,1.0000000000
517,64.0023,1785358816.123,2,1.2062,0.7904,1.2338,0.6052,1.2200,0.6978,98.48,-0.0732,0.0063,0.0171,0.0715,-0.68,1.0000,0.0035,0.5076,0.1873,0,frozen,2-tag corner homography,2,1920,1200,0.200000,101;102,1,1,,2-tag corner homography,0.011374,0.498937,101,102,4.758937,4.260000,30,0.050000,0.600000,5.000000,raw-zero-distortion,590.9628888758,0.0000000000,1007.8592059077,0.0000000000,592.3761043005,547.7101609771,0.0000000000,0.0000000000,1.0000000000,-0.0359937509,0.0291287486,0.0062609452,0.0003552766,-0.0208418310,0.0000000000,0.0000000000,0.0000000000,0.0000000000,0.0000000000,1,0.000000,0.000000,72.948,750.673,1,1.318,73.224,751.415,65.480,791.430,8.917,779.536,79.210,716.497,135.221,722.603,-2.846379,0.618892,1.799744,3.424030,-0.003722,0.002574,1,4.260000,0.000000,1773.429,886.400,1,1.257,1772.576,886.609,1843.724,934.419,1760.914,935.435,1705.688,840.126,1784.359,843.571,1.895705,0.838114,1.464975,2.538166,4.261754,0.000751,0.0113312390,0.0113662573,-9.3720158074,0.0008915547,-0.0112149686,8.3621608472,0.0001371298,0.0041018402,1.0000000000,0.0112838714,0.0113034327,-9.3234733676,0.0008868924,-0.0111619359,8.3247484681,0.0001372684,0.0040787103,1.0000000000
518,64.1171,1785358816.273,2,1.1963,0.7923,1.2232,0.6054,1.2097,0.6989,98.17,-0.0680,0.0051,0.0147,0.0665,-3.07,1.0000,0.0025,0.5076,0.1888,0,frozen,2-tag corner homography,2,1920,1200,0.200000,101;102,1,1,,2-tag corner homography,0.011608,0.480277,101,102,4.740277,4.260000,30,0.050000,0.600000,5.000000,raw-zero-distortion,590.9628888758,0.0000000000,1007.8592059077,0.0000000000,592.3761043005,547.7101609771,0.0000000000,0.0000000000,1.0000000000,-0.0359937509,0.0291287486,0.0062609452,0.0003552766,-0.0208418310,0.0000000000,0.0000000000,0.0000000000,0.0000000000,0.0000000000,1,0.000000,0.000000,72.692,751.262,1,1.302,73.272,751.614,65.278,791.544,9.126,780.298,79.090,716.507,135.531,722.558,-2.828836,0.615710,1.788744,3.403090,-0.002794,0.000903,1,4.260000,0.000000,1773.690,886.756,1,1.413,1772.641,886.686,1843.424,934.476,1761.452,935.564,1705.566,840.139,1784.488,843.691,1.895105,0.837968,1.464387,2.537330,4.261883,-0.000020,0.0113642472,0.0114084667,-9.4091967016,0.0008910355,-0.0112181516,8.3667206743,0.0001357170,0.0041202381,1.0000000000,0.0112838714,0.0113034327,-9.3234733676,0.0008868924,-0.0111619359,8.3247484681,0.0001372684,0.0040787103,1.0000000000
519,64.2825,1785358816.486,2,1.1894,0.7919,1.2173,0.6060,1.2033,0.6989,98.52,-0.0600,0.0040,0.0129,0.0588,-0.42,1.0000,0.0023,0.5076,0.1880,0,frozen,2-tag corner homography,2,1920,1200,0.200000,101;102,1,1,,2-tag corner homography,0.011588,0.477834,101,102,4.737834,4.260000,30,0.050000,0.600000,5.000000,raw-zero-distortion,590.9628888758,0.0000000000,1007.8592059077,0.0000000000,592.3761043005,547.7101609771,0.0000000000,0.0000000000,1.0000000000,-0.0359937509,0.0291287486,0.0062609452,0.0003552766,-0.0208418310,0.0000000000,0.0000000000,0.0000000000,0.0000000000,0.0000000000,1,0.000000,0.000000,73.007,751.109,1,1.197,73.428,751.575,65.549,791.538,9.258,780.163,79.412,716.386,135.450,722.650,-2.831496,0.616274,1.790724,3.406443,-0.002347,0.001392,1,4.260000,0.000000,1773.467,886.541,1,1.309,1772.530,886.591,1843.482,934.566,1761.223,935.554,1705.539,839.948,1784.232,843.448,1.889725,0.835474,1.460442,2.530211,4.261662,0.000434,0.0113046302,0.0113078491,-9.3304779966,0.0008844680,-0.0111383334,8.3066434107,0.0001377565,0.0040852333,1.0000000000,0.0112838714,0.0113034327,-9.3234733676,0.0008868924,-0.0111619359,8.3247484681,0.0001372684,0.0040787103,1.0000000000
520,64.4939,1785358816.682,2,1.1825,0.7936,1.2070,0.6063,1.1948,0.6999,97.44,,,,,,1.0000,0.0028,0.5076,0.1889,0,frozen,2-tag corner homography,2,1920,1200,0.200000,101;102,1,1,,2-tag corner homography,0.011389,0.488364,101,102,4.748364,4.260000,30,0.050000,0.600000,5.000000,raw-zero-distortion,590.9628888758,0.0000000000,1007.8592059077,0.0000000000,592.3761043005,547.7101609771,0.0000000000,0.0000000000,1.0000000000,-0.0359937509,0.0291287486,0.0062609452,0.0003552766,-0.0208418310,0.0000000000,0.0000000000,0.0000000000,0.0000000000,0.0000000000,1,0.000000,0.000000,72.973,750.928,1,1.180,73.249,751.559,65.560,791.507,8.795,779.988,79.269,716.463,135.296,722.707,-2.837576,0.617429,1.794225,3.413546,-0.002946,0.001881,1,4.260000,0.000000,1773.504,886.515,1,1.325,1772.558,886.580,1843.553,934.349,1761.245,935.518,1705.539,840.103,1784.271,843.478,1.894170,0.837383,1.463823,2.536113,4.261777,0.000501,0.0110620809,0.0110199683,-9.0939864332,0.0008677275,-0.0109285529,8.1503178777,0.0001335778,0.0039749443,1.0000000000,0.0112838714,0.0113034327,-9.3234733676,0.0008868924,-0.0111619359,8.3247484681,0.0001372684,0.0040787103,1.0000000000
521,64.6639,1785358816.829,2,1.1652,0.7944,1.1907,0.6069,1.1780,0.7007,97.77,,,,,,1.0000,0.0024,0.5076,0.1893,0,frozen,2-tag corner homography,2,1920,1200,0.200000,101;102,1,1,,2-tag corner homography,0.011394,0.484958,101,102,4.744958,4.260000,30,0.050000,0.600000,5.000000,raw-zero-distortion,590.9628888758,0.0000000000,1007.8592059077,0.0000000000,592.3761043005,547.7101609771,0.0000000000,0.0000000000,1.0000000000,-0.0359937509,0.0291287486,0.0062609452,0.0003552766,-0.0208418310,0.0000000000,0.0000000000,0.0000000000,0.0000000000,0.0000000000,1,0.000000,0.000000,72.955,751.097,1,1.170,73.314,751.622,65.608,791.547,8.836,780.145,79.245,716.466,135.486,722.768,-2.834574,0.617011,1.792453,3.410044,-0.002525,0.001413,1,4.260000,0.000000,1773.639,886.662,1,1.374,1772.625,886.609,1843.493,934.442,1761.504,935.502,1705.529,840.075,1784.349,843.559,1.893838,0.837234,1.463439,2.535594,4.261889,0.000187,0.0113323836,0.0113219914,-9.3422922657,0.0008890456,-0.0112010059,8.3541127980,0.0001302518,0.0041137201,1.0000000000,0.0112838714,0.0113034327,-9.3234733676,0.0008868924,-0.0111619359,8.3247484681,0.0001372684,0.0040787103,1.0000000000
522,64.8346,1785358816.984,2,1.1590,0.7983,1.1796,0.6083,1.1693,0.7033,96.19,-0.0746,0.0099,0.0179,0.0731,-3.64,1.0000,0.0021,0.5076,0.1910,0,frozen,2-tag corner homography,2,1920,1200,0.200000,101;102,1,1,,2-tag corner homography,0.011099,0.491191,101,102,4.751191,4.260000,30,0.050000,0.600000,5.000000,raw-zero-distortion,590.9628888758,0.0000000000,1007.8592059077,0.0000000000,592.3761043005,547.7101609771,0.0000000000,0.0000000000,1.0000000000,-0.0359937509,0.0291287486,0.0062609452,0.0003552766,-0.0208418310,0.0000000000,0.0000000000,0.0000000000,0.0000000000,0.0000000000,1,0.000000,0.000000,73.178,751.064,1,1.043,73.396,751.656,65.871,791.497,8.756,780.145,79.434,716.447,135.438,722.960,-2.838592,0.618042,1.795150,3.414989,-0.001999,0.001551,1,4.260000,0.000000,1773.493,886.685,1,1.290,1772.554,886.702,1843.582,934.526,1761.081,935.492,1705.499,840.274,1784.442,843.628,1.896002,0.838498,1.465247,2.538671,4.261538,0.000108,0.0112843829,0.0112916146,-9.3171389759,0.0008866293,-0.0111643830,8.3270684257,0.0001321639,0.0040865895,1.0000000000,0.0112838714,0.0113034327,-9.3234733676,0.0008868924,-0.0111619359,8.3247484681,0.0001372684,0.0040787103,1.0000000000
523,64.9718,1785358817.139,2,1.1474,0.7959,1.1709,0.6081,1.1592,0.7020,97.12,-0.0645,0.0062,0.0142,0.0632,-2.74,1.0000,0.0020,0.5076,0.1892,0,frozen,2-tag corner homography,2,1920,1200,0.200000,101;102,1,1,,2-tag corner homography,0.011420,0.489188,101,102,4.749188,4.260000,30,0.050000,0.600000,5.000000,raw-zero-distortion,590.9628888758,0.0000000000,1007.8592059077,0.0000000000,592.3761043005,547.7101609771,0.0000000000,0.0000000000,1.0000000000,-0.0359937509,0.0291287486,0.0062609452,0.0003552766,-0.0208418310,0.0000000000,0.0000000000,0.0000000000,0.0000000000,0.0000000000,1,0.000000,0.000000,72.955,751.257,1,1.081,73.346,751.663,65.385,791.485,9.127,780.151,79.513,716.404,135.309,723.030,-2.839061,0.618132,1.795351,3.415500,-0.002081,0.000974,1,4.260000,0.000000,1773.372,886.470,1,1.229,1772.515,886.599,1843.571,934.482,1760.984,935.462,1705.615,840.129,1784.250,843.444,1.893443,0.837156,1.463344,2.535219,4.261541,0.000580,0.0113530946,0.0113869587,-9.3935041979,0.0008896662,-0.0112112262,8.3621331075,0.0001404437,0.0041044548,1.0000000000,0.0112838714,0.0113034327,-9.3234733676,0.0008868924,-0.0111619359,8.3247484681,0.0001372684,0.0040787103,1.0000000000
524,65.1285,1785358817.248,2,1.1406,0.7944,1.1635,0.6083,1.1521,0.7013,97.03,-0.0597,-0.0037,0.0036,0.0597,1.52,1.0000,0.0035,0.5076,0.1875,0,frozen,2-tag corner homography,2,1920,1200,0.200000,101;102,1,1,,2-tag corner homography,0.011365,0.493825,101,102,4.753825,4.260000,30,0.050000,0.600000,5.000000,raw-zero-distortion,590.9628888758,0.0000000000,1007.8592059077,0.0000000000,592.3761043005,547.7101609771,0.0000000000,0.0000000000,1.0000000000,-0.0359937509,0.0291287486,0.0062609452,0.0003552766,-0.0208418310,0.0000000000,0.0000000000,0.0000000000,0.0000000000,0.0000000000,1,0.000000,0.000000,72.712,750.769,1,1.396,73.131,751.410,65.327,791.483,8.698,779.555,78.932,716.473,135.464,722.551,-2.842371,0.617943,1.797031,3.419100,-0.004109,0.002258,1,4.260000,0.000000,1773.504,886.560,1,1.256,1772.602,886.596,1843.492,934.387,1761.406,935.491,1705.687,840.216,1784.173,843.409,1.894694,0.837606,1.464144,2.536763,4.261721,0.000398,0.0112791462,0.0113242897,-9.3355383719,0.0008881687,-0.0111743598,8.3319308542,0.0001271681,0.0040971965,1.0000000000,0.0112838714,0.0113034327,-9.3234733676,0.0008868924,-0.0111619359,8.3247484681,0.0001372684,0.0040787103,1.0000000000
525,65.2326,1785358817.354,2,1.1358,0.7876,1.1550,0.6026,1.1454,0.6951,95.93,-0.0550,-0.0169,-0.0112,0.0564,-2.08,1.0000,0.0025,0.5076,0.1861,0,frozen,2-tag corner homography,2,1920,1200,0.200000,101;102,1,1,,2-tag corner homography,0.011473,0.500531,101,102,4.760531,4.260000,30,0.050000,0.600000,5.000000,raw-zero-distortion,590.9628888758,0.0000000000,1007.8592059077,0.0000000000,592.3761043005,547.7101609771,0.0000000000,0.0000000000,1.0000000000,-0.0359937509,0.0291287486,0.0062609452,0.0003552766,-0.0208418310,0.0000000000,0.0000000000,0.0000000000,0.0000000000,0.0000000000,1,0.000000,0.000000,72.995,751.023,1,0.934,73.049,751.706,65.572,791.522,8.801,780.146,79.338,716.419,134.490,723.125,-2.845758,0.619526,1.799014,3.423244,-0.002619,0.001624,1,4.260000,0.000000,1773.485,886.512,1,1.276,1772.578,886.601,1843.591,934.374,1761.044,935.330,1705.640,840.194,1784.419,843.607,1.898088,0.839144,1.466813,2.541346,4.261738,0.000504,0.0112414291,0.0112060714,-9.2464636068,0.0008819977,-0.0111191316,8.2941591405,0.0001397437,0.0040501179,1.0000000000,0.0112838714,0.0113034327,-9.3234733676,0.0008868924,-0.0111619359,8.3247484681,0.0001372684,0.0040787103,1.0000000000
526,65.3356,1785358817.470,2,1.1356,0.7824,1.1561,0.5965,1.1458,0.6895,96.28,-0.0395,-0.0421,-0.0375,0.0439,-3.04,1.0000,0.0029,0.5076,0.1871,0,frozen,2-tag corner homography,2,1920,1200,0.200000,101;102,1,1,,2-tag corner homography,0.018644,0.502901,101,102,4.762901,4.260000,30,0.050000,0.600000,5.000000,raw-zero-distortion,590.9628888758,0.0000000000,1007.8592059077,0.0000000000,592.3761043005,547.7101609771,0.0000000000,0.0000000000,1.0000000000,-0.0359937509,0.0291287486,0.0062609452,0.0003552766,-0.0208418310,0.0000000000,0.0000000000,0.0000000000,0.0000000000,0.0000000000,1,0.000000,0.000000,72.911,750.935,1,1.202,73.212,751.553,65.323,791.533,8.770,779.616,79.359,716.433,135.307,723.035,-2.847907,0.619635,1.800687,3.425930,-0.003097,0.001847,1,4.260000,0.000000,1773.574,886.545,1,1.332,1772.628,886.638,1843.514,934.270,1761.187,935.518,1705.729,840.250,1784.436,843.598,1.898199,0.839231,1.466803,2.541452,4.261892,0.000444,0.0116353711,0.0098072948,-8.2237651845,0.0008904167,-0.0112550262,8.3965833750,0.0001357502,0.0041855862,1.0000000000,0.0112838714,0.0113034327,-9.3234733676,0.0008868924,-0.0111619359,8.3247484681,0.0001372684,0.0040787103,1.0000000000
527,65.4433,1785358817.570,2,1.1355,0.7744,1.1556,0.5902,1.1455,0.6823,96.24,-0.0259,-0.0534,-0.0503,0.0316,-2.33,1.0000,0.0025,0.5076,0.1853,0,frozen,2-tag corner homography,2,1920,1200,0.200000,101;102,1,1,,2-tag corner homography,0.011552,0.498592,101,102,4.758592,4.260000,30,0.050000,0.600000,5.000000,raw-zero-distortion,590.9628888758,0.0000000000,1007.8592059077,0.0000000000,592.3761043005,547.7101609771,0.0000000000,0.0000000000,1.0000000000,-0.0359937509,0.0291287486,0.0062609452,0.0003552766,-0.0208418310,0.0000000000,0.0000000000,0.0000000000,0.0000000000,0.0000000000,1,0.000000,0.000000,73.075,750.957,1,0.955,73.084,751.706,65.679,791.559,8.714,780.082,79.362,716.443,134.573,723.127,-2.846288,0.619663,1.799417,3.423922,-0.002582,0.001823,1,4.260000,0.000000,1773.469,886.602,1,1.157,1772.642,886.648,1843.487,934.447,1761.385,935.506,1705.855,840.400,1784.161,843.332,1.895490,0.838042,1.464682,2.537812,4.261590,0.000294,0.0111454754,0.0111040075,-9.1630900969,0.0008747039,-0.0110243488,8.2234494675,0.0001345204,0.0040137283,1.0000000000,0.0112838714,0.0113034327,-9.3234733676,0.0008868924,-0.0111619359,8.3247484681,0.0001372684,0.0040787103,1.0000000000
528,65.5632,1785358817.722,2,1.1404,0.7683,1.1601,0.5831,1.1503,0.6757,96.07,0.0006,-0.0574,-0.0571,0.0054,-0.54,1.0000,0.0027,0.5076,0.1863,0,frozen,2-tag corner homography,2,1920,1200,0.200000,101;102,1,1,,2-tag corner homography,0.011416,0.502525,101,102,4.762525,4.260000,30,0.050000,0.600000,5.000000,raw-zero-distortion,590.9628888758,0.0000000000,1007.8592059077,0.0000000000,592.3761043005,547.7101609771,0.0000000000,0.0000000000,1.0000000000,-0.0359937509,0.0291287486,0.0062609452,0.0003552766,-0.0208418310,0.0000000000,0.0000000000,0.0000000000,0.0000000000,0.0000000000,1,0.000000,0.000000,72.632,751.204,1,1.094,73.019,751.630,65.195,791.411,8.798,780.018,79.063,716.428,134.972,723.064,-2.845845,0.619293,1.799011,3.423273,-0.003125,0.001050,1,4.260000,0.000000,1773.579,886.529,1,1.216,1772.737,886.677,1843.680,934.348,1761.266,935.440,1705.966,840.408,1784.388,843.591,1.900033,0.840019,1.468011,2.543780,4.261923,0.000482,0.0112685217,0.0112933742,-9.3128454063,0.0008867778,-0.0111692407,8.3307156940,0.0001348829,0.0040757948,1.0000000000,0.0112838714,0.0113034327,-9.3234733676,0.0008868924,-0.0111619359,8.3247484681,0.0001372684,0.0040787103,1.0000000000
529,65.7090,1785358817.847,2,1.1566,0.7642,1.1739,0.5856,1.1652,0.6749,95.52,0.0563,-0.0348,-0.0400,-0.0527,-2.19,1.0000,0.0035,0.5076,0.1793,0,frozen,2-tag corner homography,2,1920,1200,0.200000,101;102,1,1,,2-tag corner homography,0.011291,0.501385,101,102,4.761385,4.260000,30,0.050000,0.600000,5.000000,raw-zero-distortion,590.9628888758,0.0000000000,1007.8592059077,0.0000000000,592.3761043005,547.7101609771,0.0000000000,0.0000000000,1.0000000000,-0.0359937509,0.0291287486,0.0062609452,0.0003552766,-0.0208418310,0.0000000000,0.0000000000,0.0000000000,0.0000000000,0.0000000000,1,0.000000,0.000000,72.916,750.677,1,1.403,73.242,751.443,65.765,791.481,8.833,779.408,78.886,716.611,135.403,722.661,-2.852000,0.620212,1.803333,3.430828,-0.003801,0.002557,1,4.260000,0.000000,1773.600,886.527,1,1.341,1772.644,886.595,1843.632,934.487,1761.321,935.523,1705.624,839.976,1784.373,843.542,1.892219,0.836463,1.462151,2.533386,4.261972,0.000490,0.0112364957,0.0112454901,-9.2747040027,0.0008848598,-0.0111345380,8.3025129050,0.0001284512,0.0040723550,1.0000000000,0.0112838714,0.0113034327,-9.3234733676,0.0008868924,-0.0111619359,8.3247484681,0.0001372684,0.0040787103,1.0000000000
530,65.8232,1785358817.939,2,1.1631,0.7677,1.1855,0.5865,1.1743,0.6771,97.04,0.0805,-0.0087,-0.0185,-0.0788,1.49,1.0000,0.0026,0.5076,0.1826,0,frozen,2-tag corner homography,2,1920,1200,0.200000,101;102,1,1,,2-tag corner homography,0.011564,0.485854,101,102,4.745854,4.260000,30,0.050000,0.600000,5.000000,raw-zero-distortion,590.9628888758,0.0000000000,1007.8592059077,0.0000000000,592.3761043005,547.7101609771,0.0000000000,0.0000000000,1.0000000000,-0.0359937509,0.0291287486,0.0062609452,0.0003552766,-0.0208418310,0.0000000000,0.0000000000,0.0000000000,0.0000000000,0.0000000000,1,0.000000,0.000000,73.130,750.923,1,1.097,73.275,751.637,65.707,791.588,8.812,780.133,79.418,716.478,135.110,722.776,-2.836298,0.617404,1.793467,3.412082,-0.002522,0.001927,1,4.260000,0.000000,1773.612,886.708,1,1.336,1772.621,886.643,1843.589,934.516,1761.476,935.548,1705.462,840.149,1784.345,843.509,1.892926,0.836919,1.462741,2.534406,4.261771,0.000076,0.0112716211,0.0110620341,-9.1421675931,0.0008819591,-0.0111132994,8.2891306871,0.0001352593,0.0040670929,1.0000000000,0.0112838714,0.0113034327,-9.3234733676,0.0008868924,-0.0111619359,8.3247484681,0.0001372684,0.0040787103,1.0000000000
531,65.9184,1785358818.096,2,1.1630,0.7706,1.1851,0.5891,1.1741,0.6799,96.95,0.0585,0.0104,0.0033,-0.0593,4.78,1.0000,0.0019,0.5076,0.1828,0,frozen,2-tag corner homography,2,1920,1200,0.200000,101;102,1,1,,2-tag corner homography,0.011120,0.485298,101,102,4.745298,4.260000,30,0.050000,0.600000,5.000000,raw-zero-distortion,590.9628888758,0.0000000000,1007.8592059077,0.0000000000,592.3761043005,547.7101609771,0.0000000000,0.0000000000,1.0000000000,-0.0359937509,0.0291287486,0.0062609452,0.0003552766,-0.0208418310,0.0000000000,0.0000000000,0.0000000000,0.0000000000,0.0000000000,1,0.000000,0.000000,72.984,751.274,1,1.009,73.312,751.703,65.526,791.534,8.697,780.267,79.452,716.360,135.479,723.089,-2.834997,0.617347,1.792716,3.410595,-0.001952,0.000934,1,4.260000,0.000000,1773.399,886.549,1,1.280,1772.477,886.598,1843.505,934.524,1760.936,935.387,1705.471,840.065,1784.373,843.540,1.893764,0.837336,1.463665,2.535703,4.261501,0.000403,0.0113144083,0.0113662127,-9.3750521108,0.0008872718,-0.0111846111,8.3427928353,0.0001326954,0.0041017285,1.0000000000,0.0112838714,0.0113034327,-9.3234733676,0.0008868924,-0.0111619359,8.3247484681,0.0001372684,0.0040787103,1.0000000000
532,66.1206,1785358818.318,2,1.1684,0.7725,1.1869,0.5924,1.1777,0.6824,95.84,0.0192,0.0161,0.0141,-0.0207,-2.90,1.0000,0.0027,0.5076,0.1811,0,frozen,2-tag corner homography,2,1920,1200,0.200000,101;102,1,1,,2-tag corner homography,0.011228,0.485546,101,102,4.745546,4.260000,30,0.050000,0.600000,5.000000,raw-zero-distortion,590.9628888758,0.0000000000,1007.8592059077,0.0000000000,592.3761043005,547.7101609771,0.0000000000,0.0000000000,1.0000000000,-0.0359937509,0.0291287486,0.0062609452,0.0003552766,-0.0208418310,0.0000000000,0.0000000000,0.0000000000,0.0000000000,0.0000000000,1,0.000000,0.000000,73.103,750.877,1,1.040,73.270,751.517,65.506,791.576,8.761,779.980,79.587,716.142,135.171,722.803,-2.832030,0.616109,1.790759,3.406876,-0.002725,0.002048,1,4.260000,0.000000,1773.486,886.575,1,1.238,1772.616,886.695,1843.625,934.493,1760.962,935.466,1705.748,840.297,1784.492,843.611,1.897146,0.838918,1.466012,2.540105,4.261662,0.000360,0.0111766362,0.0111391538,-9.1917576630,0.0008775336,-0.0110402952,8.2330318598,0.0001323560,0.0040332360,1.0000000000,0.0112838714,0.0113034327,-9.3234733676,0.0008868924,-0.0111619359,8.3247484681,0.0001372684,0.0040787103,1.0000000000
533,66.3048,1785358818.453,2,1.1684,0.7793,1.1890,0.5971,1.1787,0.6882,96.45,,,,,,1.0000,0.0037,0.5076,0.1834,0,frozen,2-tag corner homography,2,1920,1200,0.200000,101;102,1,1,,2-tag corner homography,0.011417,0.509346,101,102,4.769346,4.260000,30,0.050000,0.600000,5.000000,raw-zero-distortion,590.9628888758,0.0000000000,1007.8592059077,0.0000000000,592.3761043005,547.7101609771,0.0000000000,0.0000000000,1.0000000000,-0.0359937509,0.0291287486,0.0062609452,0.0003552766,-0.0208418310,0.0000000000,0.0000000000,0.0000000000,0.0000000000,0.0000000000,1,0.000000,0.000000,72.862,750.605,1,1.289,72.970,751.520,65.622,791.479,8.688,779.455,78.870,716.689,134.666,722.821,-2.859030,0.621795,1.807252,3.439018,-0.004149,0.002742,1,4.260000,0.000000,1773.390,886.478,1,1.290,1772.496,886.642,1843.582,934.580,1760.804,935.471,1705.579,840.008,1784.394,843.637,1.893004,0.837087,1.463040,2.534692,4.261571,0.000566,0.0112577580,0.0112445838,-9.2734211190,0.0008856994,-0.0111481529,8.3137707586,0.0001376942,0.0040634903,1.0000000000,0.0112838714,0.0113034327,-9.3234733676,0.0008868924,-0.0111619359,8.3247484681,0.0001372684,0.0040787103,1.0000000000
534,66.4369,1785358818.573,2,1.1602,0.7804,1.1883,0.5956,1.1742,0.6880,98.66,-0.0083,0.0184,0.0194,0.0055,7.96,1.0000,0.0029,0.5076,0.1869,0,frozen,2-tag corner homography,2,1920,1200,0.200000,101;102,1,1,,2-tag corner homography,0.011657,0.495399,101,102,4.755399,4.260000,30,0.050000,0.600000,5.000000,raw-zero-distortion,590.9628888758,0.0000000000,1007.8592059077,0.0000000000,592.3761043005,547.7101609771,0.0000000000,0.0000000000,1.0000000000,-0.0359937509,0.0291287486,0.0062609452,0.0003552766,-0.0208418310,0.0000000000,0.0000000000,0.0000000000,0.0000000000,0.0000000000,1,0.000000,0.000000,72.971,750.884,1,1.042,73.064,751.612,65.616,791.492,8.885,780.039,79.210,716.439,134.554,722.868,-2.844465,0.618969,1.798226,3.421655,-0.003072,0.002000,1,4.260000,0.000000,1773.539,886.514,1,1.316,1772.594,886.557,1843.490,934.324,1761.365,935.501,1705.629,840.099,1784.247,843.424,1.894129,0.837267,1.463723,2.535986,4.261853,0.000509,0.0112149081,0.0111618602,-9.2104403974,0.0008789670,-0.0110771651,8.2617914354,0.0001388382,0.0040387277,1.0000000000,0.0112838714,0.0113034327,-9.3234733676,0.0008868924,-0.0111619359,8.3247484681,0.0001372684,0.0040787103,1.0000000000
535,66.5675,1785358818.742,2,1.1563,0.7910,1.1892,0.5981,1.1727,0.6946,99.69,-0.0184,0.0224,0.0252,0.0144,11.04,1.0000,0.0022,0.5076,0.1956,0,frozen,2-tag corner homography,2,1920,1200,0.200000,101;102,1,1,,2-tag corner homography,0.011450,0.482212,101,102,4.742212,4.260000,30,0.050000,0.600000,5.000000,raw-zero-distortion,590.9628888758,0.0000000000,1007.8592059077,0.0000000000,592.3761043005,547.7101609771,0.0000000000,0.0000000000,1.0000000000,-0.0359937509,0.0291287486,0.0062609452,0.0003552766,-0.0208418310,0.0000000000,0.0000000000,0.0000000000,0.0000000000,0.0000000000,1,0.000000,0.000000,73.048,751.128,1,1.072,73.298,751.703,65.695,791.636,8.762,780.286,79.344,716.445,135.326,722.882,-2.833027,0.616909,1.791445,3.408210,-0.002180,0.001348,1,4.260000,0.000000,1773.321,886.377,1,1.027,1772.643,886.580,1843.661,934.557,1761.264,935.409,1706.024,840.280,1783.939,843.194,1.892656,0.836622,1.462491,2.533962,4.261546,0.000785,0.0111999008,0.0111701352,-9.2191797323,0.0008771679,-0.0110607676,8.2504902995,0.0001285243,0.0040520325,1.0000000000,0.0112838714,0.0113034327,-9.3234733676,0.0008868924,-0.0111619359,8.3247484681,0.0001372684,0.0040787103,1.0000000000
